Courses & Tees,Hole,Date Played,Course Name,Course Layout Link,Golf Trip,Player Name,Monthly Stats,Round Summary,Round Link,Adjusted Gross Score,Par,Hole Score,Par 5 Fairway Hit?,Appr Fairway?,Fairway Hit?,Actual Tee Shot Distance Hit,Tee Shot Direction Miss,Green in Regulation,"Approach Shot Green (sometimes you chip out and can't have GIR, but still want to know if you're hitting irons good, this is asking did you hit the green when you had a realistic chance",Approach Shot Distance (how far you had to the hole),Tee Shot Club Used,Approach Shot Club Used,Approach Shot Direction Miss,Distance Missed by (Brent),Under GIR,Par 3 Drop GIR,Appr Dist,Par 5 Appr Dist,Par 5 Appr,Par 5 Appr Shot Direction Miss,Lost Ball Tee Shot Quantity,Lost Ball Tee Shot Club,Lost Ball Approach Shot Quantity,Lost Ball Approach Shot Club,Lost Ball Type,Fairway Sand Strokes,Greenside Sand Strokes,Chip Club #1 Strokes,"Chip Club # 1 (First chipping club you used, in case you chip on the fringe, then putt, or chip over the green and have to use different club later)",Par 5 Chip,Chip Club # 2,Chip Club #2 Strokes,First Putt Direction Miss,Par 5 Chip Club,Proximity to Hole - How far is your First Putt (FT),Approach Shot Direction Relative to Hole,Putts,Feet of Putt Made (How far was the putt you made),2nd Putt Distance,3rd Putt Distance,4th Putt Distance,Hole Out Distance (Yds),Hole Out Lie,Hole Out Club,Tees,Yards,Handicap,+/-,Player Handicap,Course Rating,Slope,Round Type,Proximity to Hole if GIR,Par 3 Proximity to Hole if GIR,Par 4 Proximity to Hole if GIR,Par 5 Proximity to Hole if GIR,First Putt 10 Feet or Less,Made First Putt 10 Feet or Less,Hole Par,Score to Par,Front 9 Hole Played,Front 9 Score,Front 9 Par,Back 9 Hole Played,Back 9 Score,Back 9 Par,Score Label,Fairway,Round ID (Auto),GIR,Approach GIR Value,Under GIR Count,Final Player Name,Fairway Attempt,Fairway Hit %,GIR % When Fairway Hit,Albatross Flag,Eagle Flag,Birdie Flag,Par Flag,Bogey Flag,Double Bogey Flag,Triple Bogey + Flag,Total Chips Per Hole,Chip Opportunity,Chips Resulting in 10 FT or Less Putts,Converting Chips inside 10 Feet,Chips Resulting in 5 FT or Less Putts,Converting Chips inside 5 Feet,Scramble Opportunity,Scramble,Up & Down,Total Sand Shots,1-Putt,2-Putt,3-Putt,4+ Putt,Hole Out,Pro Par,Pro Birdie,Pro Eagle+,Arnie,Seve,Sandy,Sandy Opportunities,1 Putt Eagle,1 Putt Birdie,1 Putt Par,1 Putt Bogey,1 Putt Double Bogey,1 Putt Triple Bogey +,2 Putt Eagle,2 Putt Birdie,2 Putt Par,2 Putt Bogey,2 Putt Double Bogey,2 Putt Triple Bogey +,3 Putt Eagle,3 Putt Birdie,3 Putt Par,3 Putt Bogey,3 Putt Double Bogey,3 Putt Triple Bogey +,4 Putt + Eagle,4 Putt + Birdie,4 Putt + Par,4 Putt + Bogey,4 Putt + Double Bogey,4 Putt + Triple Bogey +,Putting Breakdown Total,Par 3 Score on GIR,Par 3 Score no GIR,Par 4 Score No FW Yes GIR,Par 4 Score Yes FW No GIR,Par 4 Score No FW No GIR,Par 4 Score Yes FW Yes GIR,Par 5 Score No FW Yes GIR,Par 5 Score Yes FW No GIR,Par 5 Score No FW No GIR,Par 5 Score Yes FW Yes GIR,Par 3 - GIR Yes,Par 3 GIR No,Par 4 FW No GIR Yes,Par 4 FW No GIR No,Par 4 FW Yes GIR No,Par 4 FW Yes GIR Yes,Par 5 FW Yes GIR Yes,Par 5 FW Yes GIR No,Par 5 FW No GIR Yes,Par 5 FW No GIR No,Par 4 & 5 FW No GIR Yes,Par 4 & 5 FW No GIR No,Par 4 & 5 FW Yes GIR No,Par 4 & 5 FW Yes GIR Yes,Par 3 GIR Yes Par 4 & 5 FW & GIR Yes,Par 3 No GIR Par 4 & 5 No FW No GIR,Pro Par Opportunity Par 3 4 5,No Fairway GIR Opportunity for Par 3 4 5,Pro Par Opp Par 4 & 5 Only,No Fairway No GIR Opp Par 4 & 5,Par 3 Eagle,Par 3 Birdie,Par 3 Par,Par 3 Bogey,Par 3 Double Bogey,Par 3 Triple Bogey +,Par 4 Eagle,Par 4 Birdie,Par 4 Par,Par 4 Bogey,Par 4 Double Bogey,Par 4 Triple Bogey +,Par 5 Eagle,Par 5 Birdie,Par 5 Par,Par 5 Bogey,Par 5 Double Bogey,Par 5 Triple Bogey +,Par 5 Albatross,Par 4 Albatross,Any Par without GIR,Clutch 1 Putt,Clutch Finish 18 Holes Back 9,Clutch Finish 18 Hole Front 9,Hot Start Front 9 or 18 Holes,Cold Start Front 9 or 18 Holes,Weak Finish 18 Holes or Back 9,Weak Finish Front 9 or Reverse 18,Hot Start Back 9 or Reverse 18,Cold Start Back 9 or Reverse 18,Middle Surge Front 9 or 18 Holes,Middle Slump Front 9 or 18 Holes,Middle Surge Back 9 or Reverse 18 Holes,Middle Slump Back 9 or Reverse 18,Par 4 GIR Hit,Par 5 GIR Hit,Par 4 FW Hit,Par 5 FW Hit,Birdie Putt from 20 Feet or Less,Birdie Putt from 10 Feet or Less,Par 3 Birdie Putt from 20 Feet or Less,Par 3 Birdie Putt from 10 Feet or Less,Par 4 Birdie Putt from 20 Feet or Less,Par 4 Birdie Putt from 10 Feet or Less,Par 5 Birdie Putt from 20 Feet or Less,Par 5 Birdie Putt from 10 Feet or Less,Round Summary 2,Par 3 Scramble,Par 4 Scramble,Par 5 Scramble,Hole Notes,Par 3 - 1 Putt Birdie,Par 3 - 1 Putt Par,Par 3 - 1 Putt Bogey,Par 3 - 1 Putt Double Bogey,Par 3 - 1 Putt Triple Bogey +,Par 4 - 1 Putt Eagle,Par 4 - 1 Putt Birdie,Par 4 - 1 Putt Par,Par 4 - 1 Putt Bogey,Par 4 - 1 Putt Double Bogey,Par 4 - 1 Putt Triple Bogey +,Par 5 - 1 Putt Albatross,Par 5 - 1 Putt Eagle,Par 5 - 1 Putt Birdie,Par 5 - 1 Putt Par,Par 5 - 1 Putt Bogey,Par 5 - 1 Putt Double Bogey,Par 5 - 1 Putt Triple Bogey +,Par 3 - 2 Putt Par,Par 3 - 2 Putt Bogey,Par 3 - 2 Putt Double Bogey,Par 3 - 2 Putt Triple Bogey +,Par 4 - 2 Putt Biride,Par 4 - 2 Putt Par,Par 4 - 2 Putt Bogey,Par 4 - 2 Putt Double Bogey,Par 4 - 2 Putt Triple Bogey +,Par 5 - 2 Putt Eagle,Par 5 - 2 Putt Birdie,Par 5 - 2 Putt Par,Par 5 - 2 Putt Bogey,Par 5 - 2 Putt Double Bogey,Par 5 - 2 Putt Triple Bogey +,Par 3 - 3 Putt Bogey,Par 3 - 3 Putt Double Bogey,Par 3 - 3 Putt Triple Bogey +,Par 4 - 3 Putt Par,Par 4 - 3 Putt Bogey,Par 4 - 3 Putt Double Bogey,Par 4 - 3 Putt Triple Bogey +,Par 5 - 3 Putt Birdie,Par 5 - 3 Putt Par,Par 5 - 3 Putt Bogey,Par 5 - 3 Putt Double Bogey,Par 5 - 3 Putt Triple Bogey +,Par 3 - 4 + Putt Double Bogey,Par 3 - 4 + Putt Triple Bogey +,Par 4 - 4 + Putt Bogey,Par 4 - 4 + Putt Double Bogey,Par 4 - 4 + Putt Triple Bogey +,Par 5 - 4 + Putt Par,Par 5 - 4 + Putt Bogey,Par 5 - 4 + Putt Double Bogey,Par 5 - 4 + Putt Triple Bogey +,fairway_hit_import,gir_hit_import,appr gir_hit_import,approach_shot_direction_miss_import,approach_shot_direction_relative_import,tee_shot_direction_miss_import,first_putt_direction_miss_import,Notes
TPC Scottsdale - Black,13,2/8/2026,TPC Scottsdale - Stadium ,TPC Scottsdale - Black - 13,,Scottie Scheffler,,Scottie Scheffler - TPC Scottsdale - Round 4 -2/8/26,Scottie Scheffler – TPC Scottsdale - Stadium  – 2/8/26,,5,4,,,,318,⬅️ Left,checked,checked,109,,,,,,,,,,,,,,,,1,,,,,,,,,2.8,Tight (3 feet or less) ,1,2.8,,,,,,,Black,558,5,-1,74.7,74.7,142,18 Holes,2.8,,,2.8,1,1,5,-1,0,,,1,4,5,Birdie,0,Scottie Scheffler – TPC Scottsdale - Stadium  – 2/8/26,1,1,0,Scottie Scheffler,1,0%,0,0,0,1,0,0,0,0,0,0,0,0,0,0,0,0,0,1,1,0,0,0,0,0,0,0,0,1,1,1,0,1,0,0,0,0,0,0,0,0,0,0,0,0,0,0,0,0,0,0,0,0,0,0,1,,,,,,,-1,,,,0,0,0,0,0,0,0,0,1,0,1,0,0,0,0,0,0,0,0,0,0,0,0,0,0,0,0,0,0,0,0,0,0,1,0,0,0,0,0,0,0,0,0,0,0,0,0,0,0,0,0,0,1,0,0,1,0,0,1,1,0,0,0,0,1,1,,0,0,0,,0,0,0,0,0,0,0,0,0,0,0,0,0,1,0,0,0,0,0,0,0,0,0,0,0,0,0,0,0,0,0,0,0,0,0,0,0,0,0,0,0,0,0,0,0,0,0,0,0,0,0,0,0,0,FALSE,TRUE,TRUE,,Tight (3 feet or less),Left,,
TPC Scottsdale - Black,15,2/8/2026,TPC Scottsdale - Stadium ,TPC Scottsdale - Black - 15,,Scottie Scheffler,,Scottie Scheffler - TPC Scottsdale - Round 4 -2/8/26,Scottie Scheffler – TPC Scottsdale - Stadium  – 2/8/26,,5,4,,,checked,347,,checked,checked,18,,,,,,,,208,,,,,,,,,,,,1,,,,60 Degree Wedge,7.9,➡️ Hole High Right,1,7.9,,,,,,,Black,553,9,-1,74.7,74.7,142,18 Holes,7.9,,,7.9,1,1,5,-1,0,,,1,4,5,Birdie,1,Scottie Scheffler – TPC Scottsdale - Stadium  – 2/8/26,1,1,0,Scottie Scheffler,1,100%,1,0,0,1,0,0,0,0,0,0,0,0,0,0,0,0,0,0,1,0,0,0,0,0,1,0,0,0,0,0,0,1,0,0,0,0,0,0,0,0,0,0,0,0,0,0,0,0,0,0,0,0,0,0,1,,,,,,,,,,-1,0,0,0,0,0,0,1,0,0,0,0,0,0,1,1,0,1,0,1,0,0,0,0,0,0,0,0,0,0,0,0,0,0,1,0,0,0,0,0,0,0,0,0,0,0,0,0,0,0,0,0,0,1,0,0,1,0,1,1,1,0,0,0,0,1,1,,0,0,0,,0,0,0,0,0,0,0,0,0,0,0,0,0,1,0,0,0,0,0,0,0,0,0,0,0,0,0,0,0,0,0,0,0,0,0,0,0,0,0,0,0,0,0,0,0,0,0,0,0,0,0,0,0,0,TRUE,TRUE,TRUE,,Hole High Right,,,
TPC Scottsdale - Black,3,2/8/2026,TPC Scottsdale - Stadium ,TPC Scottsdale - Black - 3,,Scottie Scheffler,,Scottie Scheffler - TPC Scottsdale - Round 4 -2/8/26,Scottie Scheffler – TPC Scottsdale - Stadium  – 2/8/26,,5,4,,,,311,➡️ Right,checked,checked,232,,,,,checked,,,,,,,,,,,,,,,,,,,,66.1,↖️ Long Left,2,3.8,3.8,,,,,,Black,558,4,-1,74.7,74.7,142,18 Holes,66.1,,,66.1,0,0,5,-1,1,4,5,0,,,Birdie,0,Scottie Scheffler – TPC Scottsdale - Stadium  – 2/8/26,1,1,1,Scottie Scheffler,1,0%,0,0,0,1,0,0,0,0,0,0,0,0,0,0,0,0,0,0,0,1,0,0,0,0,0,0,0,1,0,0,0,0,0,0,0,0,0,1,0,0,0,0,0,0,0,0,0,0,0,0,0,0,0,0,1,,,,,,,-1,,,,0,0,0,0,0,0,0,0,1,0,1,0,0,0,0,0,0,0,0,0,0,0,0,0,0,0,0,0,0,0,0,0,0,1,0,0,0,0,0,0,0,0,0,0,1,0,0,0,0,0,0,0,0,0,0,1,0,0,0,0,0,0,0,0,0,0,,0,0,0,,0,0,0,0,0,0,0,0,0,0,0,0,0,0,0,0,0,0,0,0,0,0,0,0,0,0,0,0,1,0,0,0,0,0,0,0,0,0,0,0,0,0,0,0,0,0,0,0,0,0,0,0,0,0,FALSE,TRUE,TRUE,,Long Left,Right,,
TPC Scottsdale - Black,1,2/8/2026,TPC Scottsdale - Stadium ,TPC Scottsdale - Black - 1,,Scottie Scheffler,,Scottie Scheffler - TPC Scottsdale - Round 4 -2/8/26,Scottie Scheffler – TPC Scottsdale - Stadium  – 2/8/26,,4,4,,,checked,242,,checked,checked,152,,,,,,,,,,,,,,,,,,,,,,,,,28.2,⬆️ Long,2,1.1,1.1,,,,,,Black,403,14,0,74.7,74.7,142,18 Holes,28.2,,28.2,,0,0,4,0,1,4,4,0,,,Par,1,Scottie Scheffler – TPC Scottsdale - Stadium  – 2/8/26,1,1,0,Scottie Scheffler,1,100%,1,0,0,0,1,0,0,0,0,0,0,0,0,0,0,0,0,0,0,1,0,0,0,1,0,0,0,0,0,0,0,0,0,0,0,0,0,0,1,0,0,0,0,0,0,0,0,0,0,0,0,0,0,0,1,,,,,,0,,,,,0,0,0,0,0,1,0,0,0,0,0,0,0,1,1,0,1,0,1,0,0,0,0,0,0,0,0,0,1,0,0,0,0,0,0,0,0,0,0,0,0,0,0,0,1,0,0,0,0,0,0,0,0,0,1,0,1,0,0,0,0,0,0,0,0,0,,0,0,0,,0,0,0,0,0,0,0,0,0,0,0,0,0,0,0,0,0,0,0,0,0,0,0,1,0,0,0,0,0,0,0,0,0,0,0,0,0,0,0,0,0,0,0,0,0,0,0,0,0,0,0,0,0,0,TRUE,TRUE,TRUE,,Long,,,
TPC Scottsdale - Black,18,2/8/2026,TPC Scottsdale - Stadium ,TPC Scottsdale - Black - 18,,Scottie Scheffler,,Scottie Scheffler - TPC Scottsdale - Round 4 -2/8/26,Scottie Scheffler – TPC Scottsdale - Stadium  – 2/8/26,,4,4,,,checked,352,,checked,checked,86,,,,,,,,,,,,,,,,,,,,,,,,,24.2,⬇️ Short,2,2.1,2.1,,,,,,Black,442,3,0,74.7,74.7,142,18 Holes,24.2,,24.2,,0,0,4,0,0,,,1,4,4,Par,1,Scottie Scheffler – TPC Scottsdale - Stadium  – 2/8/26,1,1,0,Scottie Scheffler,1,100%,1,0,0,0,1,0,0,0,0,0,0,0,0,0,0,0,0,0,0,1,0,0,0,1,0,0,0,0,0,0,0,0,0,0,0,0,0,0,1,0,0,0,0,0,0,0,0,0,0,0,0,0,0,0,1,,,,,,0,,,,,0,0,0,0,0,1,0,0,0,0,0,0,0,1,1,0,1,0,1,0,0,0,0,0,0,0,0,0,1,0,0,0,0,0,0,0,0,0,0,0,0,0,1,0,0,0,0,0,0,0,0,0,0,0,1,0,1,0,0,0,0,0,0,0,0,0,,0,0,0,,0,0,0,0,0,0,0,0,0,0,0,0,0,0,0,0,0,0,0,0,0,0,0,1,0,0,0,0,0,0,0,0,0,0,0,0,0,0,0,0,0,0,0,0,0,0,0,0,0,0,0,0,0,0,TRUE,TRUE,TRUE,,Short,,,
TPC Scottsdale - Black,2,2/8/2026,TPC Scottsdale - Stadium ,TPC Scottsdale - Black - 2,,Scottie Scheffler,,Scottie Scheffler - TPC Scottsdale - Round 4 -2/8/26,Scottie Scheffler – TPC Scottsdale - Stadium  – 2/8/26,,4,4,,,,368,➡️ Right,checked,checked,91,,,,,,,,,,,,,,,,,,,,,,,,,25.9,⬅️ Hole High Left,2,1.5,1.5,,,,,,Black,442,8,0,74.7,74.7,142,18 Holes,25.9,,25.9,,0,0,4,0,1,4,4,0,,,Par,0,Scottie Scheffler – TPC Scottsdale - Stadium  – 2/8/26,1,1,0,Scottie Scheffler,1,0%,0,0,0,0,1,0,0,0,0,0,0,0,0,0,0,0,0,0,0,1,0,0,0,0,0,0,0,0,0,0,0,0,0,0,0,0,0,0,1,0,0,0,0,0,0,0,0,0,0,0,0,0,0,0,1,,,0,,,,,,,,0,0,1,0,0,0,0,0,0,0,1,0,0,0,0,0,0,0,0,0,0,0,0,0,0,0,0,0,1,0,0,0,0,0,0,0,0,0,0,0,0,0,0,0,1,0,0,0,0,0,0,0,0,0,1,0,0,0,0,0,0,0,0,0,0,0,,0,0,0,,0,0,0,0,0,0,0,0,0,0,0,0,0,0,0,0,0,0,0,0,0,0,0,1,0,0,0,0,0,0,0,0,0,0,0,0,0,0,0,0,0,0,0,0,0,0,0,0,0,0,0,0,0,0,FALSE,TRUE,TRUE,,Hole High Left,Right,,
TPC Scottsdale - Black,5,2/8/2026,TPC Scottsdale - Stadium ,TPC Scottsdale - Black - 5,,Scottie Scheffler,,Scottie Scheffler - TPC Scottsdale - Round 4 -2/8/26,Scottie Scheffler – TPC Scottsdale - Stadium  – 2/8/26,,4,3,,,,353,⬅️ Left,checked,checked,138,,,,,,,,,,,,,,,,,,,,,,,,,15.2,⬇️ Short,1,15.2,,,,,,,Black,470,6,-1,74.7,74.7,142,18 Holes,15.2,,15.2,,0,0,4,-1,1,3,4,0,,,Birdie,0,Scottie Scheffler – TPC Scottsdale - Stadium  – 2/8/26,1,1,0,Scottie Scheffler,1,0%,0,0,0,1,0,0,0,0,0,0,0,0,0,0,0,0,0,0,1,0,0,0,0,0,0,0,0,1,0,0,0,1,0,0,0,0,0,0,0,0,0,0,0,0,0,0,0,0,0,0,0,0,0,0,1,,,-1,,,,,,,,0,0,1,0,0,0,0,0,0,0,1,0,0,0,0,0,0,0,0,0,0,0,0,0,0,0,0,1,0,0,0,0,0,0,0,0,0,0,0,0,0,0,0,0,0,0,0,0,0,0,1,0,0,0,1,0,0,0,1,0,0,0,1,0,0,0,,0,0,0,,0,0,0,0,0,0,1,0,0,0,0,0,0,0,0,0,0,0,0,0,0,0,0,0,0,0,0,0,0,0,0,0,0,0,0,0,0,0,0,0,0,0,0,0,0,0,0,0,0,0,0,0,0,0,FALSE,TRUE,TRUE,,Short,Left,,
TPC Scottsdale - Black,6,2/8/2026,TPC Scottsdale - Stadium ,TPC Scottsdale - Black - 6,,Scottie Scheffler,,Scottie Scheffler - TPC Scottsdale - Round 4 -2/8/26,Scottie Scheffler – TPC Scottsdale - Stadium  – 2/8/26,,4,4,,,checked,346,,checked,checked,91,,,,,,,,,,,,,,,,,,,,,,,,,11.2,⬆️ Long,2,2,2,,,,,,Black,432,12,0,74.7,74.7,142,18 Holes,11.2,,11.2,,0,0,4,0,1,4,4,0,,,Par,1,Scottie Scheffler – TPC Scottsdale - Stadium  – 2/8/26,1,1,0,Scottie Scheffler,1,100%,1,0,0,0,1,0,0,0,0,0,0,0,0,0,0,0,0,0,0,1,0,0,0,1,0,0,0,0,0,0,0,0,0,0,0,0,0,0,1,0,0,0,0,0,0,0,0,0,0,0,0,0,0,0,1,,,,,,0,,,,,0,0,0,0,0,1,0,0,0,0,0,0,0,1,1,0,1,0,1,0,0,0,0,0,0,0,0,0,1,0,0,0,0,0,0,0,0,0,0,0,0,0,0,0,0,0,0,0,0,0,1,0,0,0,1,0,1,0,1,0,0,0,1,0,0,0,,0,0,0,,0,0,0,0,0,0,0,0,0,0,0,0,0,0,0,0,0,0,0,0,0,0,0,1,0,0,0,0,0,0,0,0,0,0,0,0,0,0,0,0,0,0,0,0,0,0,0,0,0,0,0,0,0,0,TRUE,TRUE,TRUE,,Long,,,
TPC Scottsdale - Black,8,2/8/2026,TPC Scottsdale - Stadium ,TPC Scottsdale - Black - 8,,Scottie Scheffler,,Scottie Scheffler - TPC Scottsdale - Round 4 -2/8/26,Scottie Scheffler – TPC Scottsdale - Stadium  – 2/8/26,,4,3,,,checked,363,,checked,checked,121,,,,,,,,,,,,,,,,,,,,,,,,,33.7,↖️ Long Left,1,33.7,,,,,,,Black,475,2,-1,74.7,74.7,142,18 Holes,33.7,,33.7,,0,0,4,-1,1,3,4,0,,,Birdie,1,Scottie Scheffler – TPC Scottsdale - Stadium  – 2/8/26,1,1,0,Scottie Scheffler,1,100%,1,0,0,1,0,0,0,0,0,0,0,0,0,0,0,0,0,0,1,0,0,0,0,0,1,0,0,0,0,0,0,1,0,0,0,0,0,0,0,0,0,0,0,0,0,0,0,0,0,0,0,0,0,0,1,,,,,,-1,,,,,0,0,0,0,0,1,0,0,0,0,0,0,0,1,1,0,1,0,1,0,0,0,0,0,0,0,0,1,0,0,0,0,0,0,0,0,0,0,0,0,0,0,0,1,0,0,0,0,0,0,0,0,0,0,1,0,1,0,0,0,0,0,0,0,0,0,,0,0,0,,0,0,0,0,0,0,1,0,0,0,0,0,0,0,0,0,0,0,0,0,0,0,0,0,0,0,0,0,0,0,0,0,0,0,0,0,0,0,0,0,0,0,0,0,0,0,0,0,0,0,0,0,0,0,TRUE,TRUE,TRUE,,Long Left,,,
TPC Scottsdale - Black,10,2/8/2026,TPC Scottsdale - Stadium ,TPC Scottsdale - Black - 10,,Scottie Scheffler,,Scottie Scheffler - TPC Scottsdale - Round 4 -2/8/26,Scottie Scheffler – TPC Scottsdale - Stadium  – 2/8/26,,4,4,,,checked,288,,,,145,,,↘️ Short Right,,,,,,,,,,,,,,,1,60 Degree Wedge,,,,,,3.8,⬅️ Hole High Left,1,3.8,,,,,,,Black,428,11,0,74.7,74.7,142,18 Holes,,,,,1,1,4,0,0,,,1,4,4,Par,1,Scottie Scheffler – TPC Scottsdale - Stadium  – 2/8/26,0,0,0,Scottie Scheffler,1,100%,0,0,0,0,1,0,0,0,1,1,1,1,1,1,1,1,1,0,1,0,0,0,0,0,0,0,0,0,0,0,0,0,1,0,0,0,0,0,0,0,0,0,0,0,0,0,0,0,0,0,0,0,0,0,1,,,,0,,,,,,,0,0,0,0,1,0,0,0,0,0,0,0,1,0,0,0,0,0,0,0,0,0,0,0,0,0,0,0,1,0,0,0,0,0,0,0,0,0,0,0,1,1,0,0,0,0,0,0,1,0,0,0,0,0,0,0,1,0,0,0,0,0,0,0,0,0,,0,1,0,,0,0,0,0,0,0,0,1,0,0,0,0,0,0,0,0,0,0,0,0,0,0,0,0,0,0,0,0,0,0,0,0,0,0,0,0,0,0,0,0,0,0,0,0,0,0,0,0,0,0,0,0,0,0,TRUE,FALSE,FALSE,Short Right,Hole High Left,,,
TPC Scottsdale - Black,14,2/8/2026,TPC Scottsdale - Stadium ,TPC Scottsdale - Black - 14,,Scottie Scheffler,,Scottie Scheffler - TPC Scottsdale - Round 4 -2/8/26,Scottie Scheffler – TPC Scottsdale - Stadium  – 2/8/26,,4,3,,,,314,➡️ Right,,,192,,,⬇️ Short,,,,,,,,,,,,,,,1,Putter,,,,,,,Hole Out,0,0,,,,24,Fringe,Putter,Black,490,7,-1,74.7,74.7,142,18 Holes,,,,,1,0,4,-1,0,,,1,3,4,Birdie,0,Scottie Scheffler – TPC Scottsdale - Stadium  – 2/8/26,0,0,0,Scottie Scheffler,1,0%,0,0,0,1,0,0,0,0,1,1,1,1,1,1,1,1,1,0,0,0,0,0,1,0,0,0,0,1,0,0,0,0,0,0,0,0,0,0,0,0,0,0,0,0,0,0,0,0,0,0,0,0,0,0,0,,,,,-1,,,,,,0,0,0,1,0,0,0,0,0,0,0,1,0,0,0,1,0,1,0,1,0,0,0,0,0,0,0,1,0,0,0,0,0,0,0,0,0,0,0,0,0,0,0,0,0,0,0,0,0,0,0,0,1,0,0,0,0,0,0,0,0,0,0,0,0,0,,0,0,0,,0,0,0,0,0,0,0,0,0,0,0,0,0,0,0,0,0,0,0,0,0,0,0,0,0,0,0,0,0,0,0,0,0,0,0,0,0,0,0,0,0,0,0,0,0,0,0,0,0,0,0,0,0,0,FALSE,FALSE,FALSE,Short,Hole Out,Right,,
TPC Scottsdale - Black,17,2/8/2026,TPC Scottsdale - Stadium ,TPC Scottsdale - Black - 17,,Scottie Scheffler,,Scottie Scheffler - TPC Scottsdale - Round 4 -2/8/26,Scottie Scheffler – TPC Scottsdale - Stadium  – 2/8/26,,4,3,,,checked,323,,checked,checked,,,,,,checked,,,,,,,,,,,,,,,,,,,,72.8,↙️ Short Left,2,9.5,9.5,,,,,,Black,332,13,-1,74.7,74.7,142,18 Holes,72.8,,72.8,,0,0,4,-1,0,,,1,3,4,Birdie,1,Scottie Scheffler – TPC Scottsdale - Stadium  – 2/8/26,1,1,1,Scottie Scheffler,1,100%,1,0,0,1,0,0,0,0,0,0,0,0,0,0,0,0,0,0,0,1,0,0,0,0,1,0,0,0,0,0,0,0,0,0,0,0,0,1,0,0,0,0,0,0,0,0,0,0,0,0,0,0,0,0,1,,,,,,-1,,,,,0,0,0,0,0,1,0,0,0,0,0,0,0,1,1,0,1,0,1,0,0,0,0,0,0,0,0,1,0,0,0,0,0,0,0,0,0,0,0,0,0,0,1,0,0,0,0,0,0,0,0,0,0,0,1,0,1,0,0,0,0,0,0,0,0,0,,0,0,0,,0,0,0,0,0,0,0,0,0,0,0,0,0,0,0,0,0,0,0,0,0,0,1,0,0,0,0,0,0,0,0,0,0,0,0,0,0,0,0,0,0,0,0,0,0,0,0,0,0,0,0,0,0,0,TRUE,TRUE,TRUE,,Short Left,,,
TPC Scottsdale - Black,9,2/8/2026,TPC Scottsdale - Stadium ,TPC Scottsdale - Black - 9,,Scottie Scheffler,,Scottie Scheffler - TPC Scottsdale - Round 4 -2/8/26,Scottie Scheffler – TPC Scottsdale - Stadium  – 2/8/26,,4,4,,,checked,379,,checked,checked,93,,,,,,,,,,,,,,,,,,,,,,,,,38.5,⬅️ Hole High Left,2,5,5,,,,,,Black,453,10,0,74.7,74.7,142,18 Holes,38.5,,38.5,,0,0,4,0,1,4,4,0,,,Par,1,Scottie Scheffler – TPC Scottsdale - Stadium  – 2/8/26,1,1,0,Scottie Scheffler,1,100%,1,0,0,0,1,0,0,0,0,0,0,0,0,0,0,0,0,0,0,1,0,0,0,1,0,0,0,0,0,0,0,0,0,0,0,0,0,0,1,0,0,0,0,0,0,0,0,0,0,0,0,0,0,0,1,,,,,,0,,,,,0,0,0,0,0,1,0,0,0,0,0,0,0,1,1,0,1,0,1,0,0,0,0,0,0,0,0,0,1,0,0,0,0,0,0,0,0,0,0,0,0,0,0,1,0,0,0,0,0,0,0,0,0,0,1,0,1,0,0,0,0,0,0,0,0,0,,0,0,0,,0,0,0,0,0,0,0,0,0,0,0,0,0,0,0,0,0,0,0,0,0,0,0,1,0,0,0,0,0,0,0,0,0,0,0,0,0,0,0,0,0,0,0,0,0,0,0,0,0,0,0,0,0,0,TRUE,TRUE,TRUE,,Hole High Left,,,
TPC Scottsdale - Black,11,2/8/2026,TPC Scottsdale - Stadium ,TPC Scottsdale - Black - 11,,Scottie Scheffler,,Scottie Scheffler - TPC Scottsdale - Round 4 -2/8/26,Scottie Scheffler – TPC Scottsdale - Stadium  – 2/8/26,,4,4,,,,324,➡️ Right,checked,checked,150,,,,,,,,,,,,,,,,,,,,,,,,,47.2,⬇️ Short,2,3.4,3.4,,,,,,Black,472,1,0,74.7,74.7,142,18 Holes,47.2,,47.2,,0,0,4,0,0,,,1,4,4,Par,0,Scottie Scheffler – TPC Scottsdale - Stadium  – 2/8/26,1,1,0,Scottie Scheffler,1,0%,0,0,0,0,1,0,0,0,0,0,0,0,0,0,0,0,0,0,0,1,0,0,0,0,0,0,0,0,0,0,0,0,0,0,0,0,0,0,1,0,0,0,0,0,0,0,0,0,0,0,0,0,0,0,1,,,0,,,,,,,,0,0,1,0,0,0,0,0,0,0,1,0,0,0,0,0,0,0,0,0,0,0,0,0,0,0,0,0,1,0,0,0,0,0,0,0,0,0,0,0,0,0,0,0,0,0,0,0,1,0,0,0,0,0,1,0,0,0,0,0,0,0,0,0,0,0,,0,0,0,,0,0,0,0,0,0,0,0,0,0,0,0,0,0,0,0,0,0,0,0,0,0,0,1,0,0,0,0,0,0,0,0,0,0,0,0,0,0,0,0,0,0,0,0,0,0,0,0,0,0,0,0,0,0,FALSE,TRUE,TRUE,,Short,Right,,
TPC Scottsdale - Black,16,2/8/2026,TPC Scottsdale - Stadium ,TPC Scottsdale - Black - 16,,Scottie Scheffler,,Scottie Scheffler - TPC Scottsdale - Round 4 -2/8/26,Scottie Scheffler – TPC Scottsdale - Stadium  – 2/8/26,,3,3,,,,,,checked,checked,179,,,,,,,,,,,,,,,,,,,,,,,,,18.9,⬆️ Long,1,1.5,,,,,,,Black,163,17,0,74.7,74.7,142,18 Holes,18.9,18.9,,,0,0,3,0,0,,,1,3,3,Par,0,Scottie Scheffler – TPC Scottsdale - Stadium  – 2/8/26,1,1,0,Scottie Scheffler,0,N/A,0,0,0,0,1,0,0,0,0,0,0,0,0,0,0,0,0,0,1,0,0,0,0,1,0,0,0,0,0,0,0,0,1,0,0,0,0,0,0,0,0,0,0,0,0,0,0,0,0,0,0,0,0,0,1,0,,,,,,,,,,1,0,0,0,0,0,0,0,0,0,0,0,0,0,1,0,1,0,0,0,0,0,1,0,0,0,0,0,0,0,0,0,0,0,0,0,0,0,0,0,0,0,1,0,0,0,0,0,0,0,0,0,0,0,0,0,0,0,1,0,1,0,0,0,0,0,,0,0,0,,0,1,0,0,0,0,0,0,0,0,0,0,0,0,0,0,0,0,0,0,0,0,0,0,0,0,0,0,0,0,0,0,0,0,0,0,0,0,0,0,0,0,0,0,0,0,0,0,0,0,0,0,0,0,FALSE,TRUE,TRUE,,Long,,,
TPC Scottsdale - Black,4,2/8/2026,TPC Scottsdale - Stadium ,TPC Scottsdale - Black - 4,,Scottie Scheffler,,Scottie Scheffler - TPC Scottsdale - Round 4 -2/8/26,Scottie Scheffler – TPC Scottsdale - Stadium  – 2/8/26,,3,3,,,,,,checked,checked,174,,,,,,,,,,,,,,,,,,,,,,,,,8.8,⬆️ Long,2,1.5,1.5,,,,,,Black,183,18,0,74.7,74.7,142,18 Holes,8.8,8.8,,,1,0,3,0,1,3,3,0,,,Par,0,Scottie Scheffler – TPC Scottsdale - Stadium  – 2/8/26,1,1,0,Scottie Scheffler,0,N/A,0,0,0,0,1,0,0,0,0,0,0,0,0,0,0,0,0,0,0,1,0,0,0,1,0,0,0,0,0,0,0,0,0,0,0,0,0,0,1,0,0,0,0,0,0,0,0,0,0,0,0,0,0,0,1,0,,,,,,,,,,1,0,0,0,0,0,0,0,0,0,0,0,0,0,1,0,1,0,0,0,0,0,1,0,0,0,0,0,0,0,0,0,0,0,0,0,0,0,0,0,0,0,0,0,0,0,0,0,0,0,1,0,0,0,0,0,0,0,1,1,1,1,0,0,0,0,,0,0,0,,0,0,0,0,0,0,0,0,0,0,0,0,0,0,0,0,0,0,1,0,0,0,0,0,0,0,0,0,0,0,0,0,0,0,0,0,0,0,0,0,0,0,0,0,0,0,0,0,0,0,0,0,0,0,FALSE,TRUE,TRUE,,Long,,,
TPC Scottsdale - Black,7,2/8/2026,TPC Scottsdale - Stadium ,TPC Scottsdale - Black - 7,,Scottie Scheffler,,Scottie Scheffler - TPC Scottsdale - Round 4 -2/8/26,Scottie Scheffler – TPC Scottsdale - Stadium  – 2/8/26,,3,3,,,,,,checked,checked,203,,,,,,,,,,,,,,,,,,,,,,,,,43.3,⬇️ Short,2,2.8,2.8,,,,,,Black,215,16,0,74.7,74.7,142,18 Holes,43.3,43.3,,,0,0,3,0,1,3,3,0,,,Par,0,Scottie Scheffler – TPC Scottsdale - Stadium  – 2/8/26,1,1,0,Scottie Scheffler,0,N/A,0,0,0,0,1,0,0,0,0,0,0,0,0,0,0,0,0,0,0,1,0,0,0,1,0,0,0,0,0,0,0,0,0,0,0,0,0,0,1,0,0,0,0,0,0,0,0,0,0,0,0,0,0,0,1,0,,,,,,,,,,1,0,0,0,0,0,0,0,0,0,0,0,0,0,1,0,1,0,0,0,0,0,1,0,0,0,0,0,0,0,0,0,0,0,0,0,0,0,0,0,0,0,0,1,0,0,0,0,0,0,0,0,0,0,0,0,0,0,0,0,0,0,0,0,0,0,,0,0,0,,0,0,0,0,0,0,0,0,0,0,0,0,0,0,0,0,0,0,1,0,0,0,0,0,0,0,0,0,0,0,0,0,0,0,0,0,0,0,0,0,0,0,0,0,0,0,0,0,0,0,0,0,0,0,FALSE,TRUE,TRUE,,Short,,,
TPC Scottsdale - Black,12,2/8/2026,TPC Scottsdale - Stadium ,TPC Scottsdale - Black - 12,,Scottie Scheffler,,Scottie Scheffler - TPC Scottsdale - Round 4 -2/8/26,Scottie Scheffler – TPC Scottsdale - Stadium  – 2/8/26,,3,3,,,,,,checked,checked,210,,,,,,,,,,,,,,,,,,,,,,,,,24.8,⬇️ Short,2,1,1,,,,,,Black,192,15,0,74.7,74.7,142,18 Holes,24.8,24.8,,,0,0,3,0,0,,,1,3,3,Par,0,Scottie Scheffler – TPC Scottsdale - Stadium  – 2/8/26,1,1,0,Scottie Scheffler,0,N/A,0,0,0,0,1,0,0,0,0,0,0,0,0,0,0,0,0,0,0,1,0,0,0,1,0,0,0,0,0,0,0,0,0,0,0,0,0,0,1,0,0,0,0,0,0,0,0,0,0,0,0,0,0,0,1,0,,,,,,,,,,1,0,0,0,0,0,0,0,0,0,0,0,0,0,1,0,1,0,0,0,0,0,1,0,0,0,0,0,0,0,0,0,0,0,0,0,0,0,0,0,0,0,0,0,0,0,0,0,1,0,0,0,0,0,0,0,0,0,0,0,0,0,0,0,0,0,,0,0,0,,0,0,0,0,0,0,0,0,0,0,0,0,0,0,0,0,0,0,1,0,0,0,0,0,0,0,0,0,0,0,0,0,0,0,0,0,0,0,0,0,0,0,0,0,0,0,0,0,0,0,0,0,0,0,FALSE,TRUE,TRUE,,Short,,,
Pete Dye Stadium Course - Black,16,1/24/2026,Pete Dye Stadium Course,Pete Dye Stadium Course - Black - 16,,Scottie Scheffler,2026 -01 - American Express - Scottie Scheffler,Scottie Scheffler - Pete Dye Stadium - Round 3 -1/24/26,Scottie Scheffler – Pete Dye Stadium Course – 1/24/26,,5,4,,,checked,359,,checked,checked,237,,,,,checked,,,,,,,,,,,,,,,,,,,,18.8,⬅️ Hole High Left,2,2.2,2.2,,,,,,Black,566,16,-1,76.1,76.1,150,18 Holes,18.8,,,18.8,0,0,5,-1,0,,,1,4,5,Birdie,1,Scottie Scheffler – Pete Dye Stadium Course – 1/24/26,1,1,1,Scottie Scheffler,1,100%,1,0,0,1,0,0,0,0,0,0,0,0,0,0,0,0,0,0,0,1,0,0,0,0,1,0,0,0,0,0,0,0,0,0,0,0,0,1,0,0,0,0,0,0,0,0,0,0,0,0,0,0,0,0,1,,,,,,,,,,-1,0,0,0,0,0,0,1,0,0,0,0,0,0,1,1,0,1,0,1,0,0,0,0,0,0,0,0,0,0,0,0,0,0,1,0,0,0,0,0,0,0,0,1,0,0,0,0,0,0,0,0,0,0,0,0,1,0,1,1,0,0,0,0,0,1,0,,0,0,0,,0,0,0,0,0,0,0,0,0,0,0,0,0,0,0,0,0,0,0,0,0,0,0,0,0,0,0,0,1,0,0,0,0,0,0,0,0,0,0,0,0,0,0,0,0,0,0,0,0,0,0,0,0,0,TRUE,TRUE,TRUE,,Hole High Left,,,
Pete Dye Stadium Course - Black,11,1/24/2026,Pete Dye Stadium Course,Pete Dye Stadium Course - Black - 11,,Scottie Scheffler,2026 -01 - American Express - Scottie Scheffler,Scottie Scheffler - Pete Dye Stadium - Round 3 -1/24/26,Scottie Scheffler – Pete Dye Stadium Course – 1/24/26,,5,4,,,checked,295,,checked,checked,46,,,,,,,,,,,,,,,,,,,,,,,,,9.5,⬇️ Short,1,9.5,,,,,,,Black,617,8,-1,76.1,76.1,150,18 Holes,9.5,,,9.5,1,1,5,-1,0,,,1,4,5,Birdie,1,Scottie Scheffler – Pete Dye Stadium Course – 1/24/26,1,1,0,Scottie Scheffler,1,100%,1,0,0,1,0,0,0,0,0,0,0,0,0,0,0,0,0,0,1,0,0,0,0,0,1,0,0,0,0,0,0,1,0,0,0,0,0,0,0,0,0,0,0,0,0,0,0,0,0,0,0,0,0,0,1,,,,,,,,,,-1,0,0,0,0,0,0,1,0,0,0,0,0,0,1,1,0,1,0,1,0,0,0,0,0,0,0,0,0,0,0,0,0,0,1,0,0,0,0,0,0,0,0,0,0,0,0,0,0,1,0,0,0,0,0,0,1,0,1,1,1,0,0,0,0,1,1,,0,0,0,,0,0,0,0,0,0,0,0,0,0,0,0,0,1,0,0,0,0,0,0,0,0,0,0,0,0,0,0,0,0,0,0,0,0,0,0,0,0,0,0,0,0,0,0,0,0,0,0,0,0,0,0,0,0,TRUE,TRUE,TRUE,,Short,,,
Pete Dye Stadium Course - Black,10,1/24/2026,Pete Dye Stadium Course,Pete Dye Stadium Course - Black - 10,,Scottie Scheffler,2026 -01 - American Express - Scottie Scheffler,Scottie Scheffler - Pete Dye Stadium - Round 3 -1/24/26,Scottie Scheffler – Pete Dye Stadium Course – 1/24/26,,4,3,,,checked,269,,checked,checked,142,,,,,,,,,,,,,,,,,,,,,,,,,23.8,➡️ Hole High Right,1,23.8,,,,,,,Black,416,6,-1,76.1,76.1,150,18 Holes,23.8,,23.8,,0,0,4,-1,0,,,1,3,4,Birdie,1,Scottie Scheffler – Pete Dye Stadium Course – 1/24/26,1,1,0,Scottie Scheffler,1,100%,1,0,0,1,0,0,0,0,0,0,0,0,0,0,0,0,0,0,1,0,0,0,0,0,1,0,0,0,0,0,0,1,0,0,0,0,0,0,0,0,0,0,0,0,0,0,0,0,0,0,0,0,0,0,1,,,,,,-1,,,,,0,0,0,0,0,1,0,0,0,0,0,0,0,1,1,0,1,0,1,0,0,0,0,0,0,0,0,1,0,0,0,0,0,0,0,0,0,0,0,0,0,0,0,0,0,0,0,0,1,0,0,0,0,0,1,0,1,0,0,0,0,0,0,0,0,0,,0,0,0,,0,0,0,0,0,0,1,0,0,0,0,0,0,0,0,0,0,0,0,0,0,0,0,0,0,0,0,0,0,0,0,0,0,0,0,0,0,0,0,0,0,0,0,0,0,0,0,0,0,0,0,0,0,0,TRUE,TRUE,TRUE,,Hole High Right,,,
Pete Dye Stadium Course - Black,8,1/24/2026,Pete Dye Stadium Course,Pete Dye Stadium Course - Black - 8,,Scottie Scheffler,2026 -01 - American Express - Scottie Scheffler,Scottie Scheffler - Pete Dye Stadium - Round 3 -1/24/26,Scottie Scheffler – Pete Dye Stadium Course – 1/24/26,,5,4,,,checked,343,,checked,checked,220,,,,,checked,,,,,,,,,,,,,,,,,,,,48.5,⬆️ Long,2,4.5,4.5,,,,,,Black,559,13,-1,76.1,76.1,150,18 Holes,48.5,,,48.5,0,0,5,-1,1,4,5,0,,,Birdie,1,Scottie Scheffler – Pete Dye Stadium Course – 1/24/26,1,1,1,Scottie Scheffler,1,100%,1,0,0,1,0,0,0,0,0,0,0,0,0,0,0,0,0,0,0,1,0,0,0,0,1,0,0,0,0,0,0,0,0,0,0,0,0,1,0,0,0,0,0,0,0,0,0,0,0,0,0,0,0,0,1,,,,,,,,,,-1,0,0,0,0,0,0,1,0,0,0,0,0,0,1,1,0,1,0,1,0,0,0,0,0,0,0,0,0,0,0,0,0,0,1,0,0,0,0,0,0,0,0,0,1,0,0,0,0,0,0,0,0,0,0,0,1,0,1,0,0,0,0,0,0,0,0,,0,0,0,,0,0,0,0,0,0,0,0,0,0,0,0,0,0,0,0,0,0,0,0,0,0,0,0,0,0,0,0,1,0,0,0,0,0,0,0,0,0,0,0,0,0,0,0,0,0,0,0,0,0,0,0,0,0,TRUE,TRUE,TRUE,,Long,,,
Pete Dye Stadium Course - Black,5,1/24/2026,Pete Dye Stadium Course,Pete Dye Stadium Course - Black - 5,,Scottie Scheffler,2026 -01 - American Express - Scottie Scheffler,Scottie Scheffler - Pete Dye Stadium - Round 3 -1/24/26,Scottie Scheffler – Pete Dye Stadium Course – 1/24/26,,5,4,,,checked,371,,checked,checked,144,,,,,checked,,,,,,,,,,,,,,,,,,,,28.8,⬇️ Short,2,2.1,2.1,,,,,,Black,535,7,-1,76.1,76.1,150,18 Holes,28.8,,,28.8,0,0,5,-1,1,4,5,0,,,Birdie,1,Scottie Scheffler – Pete Dye Stadium Course – 1/24/26,1,1,1,Scottie Scheffler,1,100%,1,0,0,1,0,0,0,0,0,0,0,0,0,0,0,0,0,0,0,1,0,0,0,0,1,0,0,0,0,0,0,0,0,0,0,0,0,1,0,0,0,0,0,0,0,0,0,0,0,0,0,0,0,0,1,,,,,,,,,,-1,0,0,0,0,0,0,1,0,0,0,0,0,0,1,1,0,1,0,1,0,0,0,0,0,0,0,0,0,0,0,0,0,0,1,0,0,0,0,0,0,0,0,0,0,0,0,0,0,0,0,1,0,0,0,0,1,0,1,0,0,0,0,0,0,0,0,,0,0,0,,0,0,0,0,0,0,0,0,0,0,0,0,0,0,0,0,0,0,0,0,0,0,0,0,0,0,0,0,1,0,0,0,0,0,0,0,0,0,0,0,0,0,0,0,0,0,0,0,0,0,0,0,0,0,TRUE,TRUE,TRUE,,Short,,,
Pete Dye Stadium Course - Black,7,1/24/2026,Pete Dye Stadium Course,Pete Dye Stadium Course - Black - 7,,Scottie Scheffler,2026 -01 - American Express - Scottie Scheffler,Scottie Scheffler - Pete Dye Stadium - Round 3 -1/24/26,Scottie Scheffler – Pete Dye Stadium Course – 1/24/26,,4,3,,,checked,273,,checked,checked,67,,,,,,,,,,,,,,,,,,,,,,,,,30,⬇️ Short,1,30,,,,,,,Black,346,11,-1,76.1,76.1,150,18 Holes,30,,30,,0,0,4,-1,1,3,4,0,,,Birdie,1,Scottie Scheffler – Pete Dye Stadium Course – 1/24/26,1,1,0,Scottie Scheffler,1,100%,1,0,0,1,0,0,0,0,0,0,0,0,0,0,0,0,0,0,1,0,0,0,0,0,1,0,0,0,0,0,0,1,0,0,0,0,0,0,0,0,0,0,0,0,0,0,0,0,0,0,0,0,0,0,1,,,,,,-1,,,,,0,0,0,0,0,1,0,0,0,0,0,0,0,1,1,0,1,0,1,0,0,0,0,0,0,0,0,1,0,0,0,0,0,0,0,0,0,0,0,0,0,0,0,1,0,0,0,0,0,0,0,0,0,0,1,0,1,0,0,0,0,0,0,0,0,0,,0,0,0,,0,0,0,0,0,0,1,0,0,0,0,0,0,0,0,0,0,0,0,0,0,0,0,0,0,0,0,0,0,0,0,0,0,0,0,0,0,0,0,0,0,0,0,0,0,0,0,0,0,0,0,0,0,0,TRUE,TRUE,TRUE,,Short,,,
Pete Dye Stadium Course - Black,1,1/24/2026,Pete Dye Stadium Course,Pete Dye Stadium Course - Black - 1,,Scottie Scheffler,2026 -01 - American Express - Scottie Scheffler,Scottie Scheffler - Pete Dye Stadium - Round 4 - 1/25/26,Scottie Scheffler – Pete Dye Stadium Course – 1/25/26,,4,3,,,,313,⬅️ Left,checked,checked,133,,,,,,,,,,,,,,,,,,,,,,,,,4.5,⬇️ Short,1,4.5,,,,,,,Black,445,9,-1,76.1,76.1,150,18 Holes,4.5,,4.5,,1,1,4,-1,1,3,4,0,,,Birdie,0,Scottie Scheffler – Pete Dye Stadium Course – 1/24/26,1,1,0,Scottie Scheffler,1,0%,0,0,0,1,0,0,0,0,0,0,0,0,0,0,0,0,0,0,1,0,0,0,0,0,0,0,0,1,0,0,0,1,0,0,0,0,0,0,0,0,0,0,0,0,0,0,0,0,0,0,0,0,0,0,1,,,-1,,,,,,,,0,0,1,0,0,0,0,0,0,0,1,0,0,0,0,0,0,0,0,0,0,0,0,0,0,0,0,1,0,0,0,0,0,0,0,0,0,0,0,0,0,0,0,0,1,0,0,0,0,0,0,0,0,0,1,0,0,0,1,1,0,0,1,1,0,0,,0,0,0,,0,0,0,0,0,0,1,0,0,0,0,0,0,0,0,0,0,0,0,0,0,0,0,0,0,0,0,0,0,0,0,0,0,0,0,0,0,0,0,0,0,0,0,0,0,0,0,0,0,0,0,0,0,0,FALSE,TRUE,TRUE,,Short,Left,,
Pete Dye Stadium Course - Black,14,1/24/2026,Pete Dye Stadium Course,Pete Dye Stadium Course - Black - 14,,Scottie Scheffler,2026 -01 - American Express - Scottie Scheffler,Scottie Scheffler - Pete Dye Stadium - Round 4 - 1/25/26,Scottie Scheffler – Pete Dye Stadium Course – 1/25/26,,4,3,,,checked,306,,checked,checked,79,,,,,,,,,,,,,,,,,,,,,,,,,4.3,⬇️ Short,1,4.3,,,,,,,Black,389,12,-1,76.1,76.1,150,18 Holes,4.3,,4.3,,1,1,4,-1,0,,,1,3,4,Birdie,1,Scottie Scheffler – Pete Dye Stadium Course – 1/24/26,1,1,0,Scottie Scheffler,1,100%,1,0,0,1,0,0,0,0,0,0,0,0,0,0,0,0,0,0,1,0,0,0,0,0,1,0,0,0,0,0,0,1,0,0,0,0,0,0,0,0,0,0,0,0,0,0,0,0,0,0,0,0,0,0,1,,,,,,-1,,,,,0,0,0,0,0,1,0,0,0,0,0,0,0,1,1,0,1,0,1,0,0,0,0,0,0,0,0,1,0,0,0,0,0,0,0,0,0,0,0,0,0,0,0,0,0,0,0,0,0,0,0,0,1,0,1,0,1,0,1,1,0,0,1,1,0,0,,0,0,0,,0,0,0,0,0,0,1,0,0,0,0,0,0,0,0,0,0,0,0,0,0,0,0,0,0,0,0,0,0,0,0,0,0,0,0,0,0,0,0,0,0,0,0,0,0,0,0,0,0,0,0,0,0,0,TRUE,TRUE,TRUE,,Short,,,
Pete Dye Stadium Course - Black,8,1/24/2026,Pete Dye Stadium Course,Pete Dye Stadium Course - Black - 8,,Scottie Scheffler,2026 -01 - American Express - Scottie Scheffler,Scottie Scheffler - Pete Dye Stadium - Round 4 - 1/25/26,Scottie Scheffler – Pete Dye Stadium Course – 1/25/26,,5,4,,,,281,⬅️ Left,checked,checked,91,,,,,,,,,,,,,,,,,,,,,,,,,10.5,➡️ Hole High Right,1,10.5,,,,,,,Black,559,13,-1,76.1,76.1,150,18 Holes,10.5,,,10.5,0,0,5,-1,1,4,5,0,,,Birdie,0,Scottie Scheffler – Pete Dye Stadium Course – 1/24/26,1,1,0,Scottie Scheffler,1,0%,0,0,0,1,0,0,0,0,0,0,0,0,0,0,0,0,0,0,1,0,0,0,0,0,0,0,0,1,0,0,0,1,0,0,0,0,0,0,0,0,0,0,0,0,0,0,0,0,0,0,0,0,0,0,1,,,,,,,-1,,,,0,0,0,0,0,0,0,0,1,0,1,0,0,0,0,0,0,0,0,0,0,0,0,0,0,0,0,0,0,0,0,0,0,1,0,0,0,0,0,0,0,0,0,1,0,0,0,0,0,0,0,0,0,0,0,1,0,0,1,0,0,0,0,0,1,0,,0,0,0,,0,0,0,0,0,0,0,0,0,0,0,0,0,1,0,0,0,0,0,0,0,0,0,0,0,0,0,0,0,0,0,0,0,0,0,0,0,0,0,0,0,0,0,0,0,0,0,0,0,0,0,0,0,0,FALSE,TRUE,TRUE,,Hole High Right,Left,,
Pete Dye Stadium Course - Black,5,1/24/2026,Pete Dye Stadium Course,Pete Dye Stadium Course - Black - 5,,Scottie Scheffler,2026 -01 - American Express - Scottie Scheffler,Scottie Scheffler - Pete Dye Stadium - Round 4 - 1/25/26,Scottie Scheffler – Pete Dye Stadium Course – 1/25/26,,5,4,,,checked,315,,checked,checked,28,,,,,,,,,,,,,,,,,,,,,,,,,0.7,Tight (3 feet or less) ,1,0.7,,,,,,,Black,535,7,-1,76.1,76.1,150,18 Holes,0.7,,,0.7,1,1,5,-1,1,4,5,0,,,Birdie,1,Scottie Scheffler – Pete Dye Stadium Course – 1/24/26,1,1,0,Scottie Scheffler,1,100%,1,0,0,1,0,0,0,0,0,0,0,0,0,0,0,0,0,0,1,0,0,0,0,0,1,0,0,0,0,0,0,1,0,0,0,0,0,0,0,0,0,0,0,0,0,0,0,0,0,0,0,0,0,0,1,,,,,,,,,,-1,0,0,0,0,0,0,1,0,0,0,0,0,0,1,1,0,1,0,1,0,0,0,0,0,0,0,0,0,0,0,0,0,0,1,0,0,0,0,0,0,0,0,0,0,0,0,0,0,0,0,1,0,0,0,0,1,0,1,1,1,0,0,0,0,1,1,,0,0,0,,0,0,0,0,0,0,0,0,0,0,0,0,0,1,0,0,0,0,0,0,0,0,0,0,0,0,0,0,0,0,0,0,0,0,0,0,0,0,0,0,0,0,0,0,0,0,0,0,0,0,0,0,0,0,TRUE,TRUE,TRUE,,Tight (3 feet or less),,,
Pete Dye Stadium Course - Black,4,1/24/2026,Pete Dye Stadium Course,Pete Dye Stadium Course - Black - 4,,Scottie Scheffler,2026 -01 - American Express - Scottie Scheffler,Scottie Scheffler - Pete Dye Stadium - Round 4 - 1/25/26,Scottie Scheffler – Pete Dye Stadium Course – 1/25/26,,3,2,,,,,,checked,checked,170,,,,,,,,,,,,,,,,,,,,,,,,,1.1,Tight (3 feet or less) ,1,1.1,,,,,,,Black,192,17,-1,76.1,76.1,150,18 Holes,1.1,1.1,,,1,1,3,-1,1,2,3,0,,,Birdie,0,Scottie Scheffler – Pete Dye Stadium Course – 1/24/26,1,1,0,Scottie Scheffler,0,N/A,0,0,0,1,0,0,0,0,0,0,0,0,0,0,0,0,0,0,1,0,0,0,0,0,1,0,0,0,0,0,0,1,0,0,0,0,0,0,0,0,0,0,0,0,0,0,0,0,0,0,0,0,0,0,1,-1,,,,,,,,,,1,0,0,0,0,0,0,0,0,0,0,0,0,0,1,0,1,0,0,0,0,1,0,0,0,0,0,0,0,0,0,0,0,0,0,0,0,0,0,0,0,0,0,0,0,0,0,0,0,0,1,0,0,0,0,0,0,0,1,1,1,1,0,0,0,0,,0,0,0,,1,0,0,0,0,0,0,0,0,0,0,0,0,0,0,0,0,0,0,0,0,0,0,0,0,0,0,0,0,0,0,0,0,0,0,0,0,0,0,0,0,0,0,0,0,0,0,0,0,0,0,0,0,0,FALSE,TRUE,TRUE,,Tight (3 feet or less),,,
Pete Dye Stadium Course - Black,12,1/24/2026,Pete Dye Stadium Course,Pete Dye Stadium Course - Black - 12,,Scottie Scheffler,2026 -01 - American Express - Scottie Scheffler,Scottie Scheffler - Pete Dye Stadium - Round 4 - 1/25/26,Scottie Scheffler – Pete Dye Stadium Course – 1/25/26,,4,3,,,checked,231,,checked,checked,111,,,,,,,,,,,,,,,,,,,,,,,,,2.1,Tight (3 feet or less) ,1,2.1,,,,,,,Black,363,18,-1,76.1,76.1,150,18 Holes,2.1,,2.1,,1,1,4,-1,0,,,1,3,4,Birdie,1,Scottie Scheffler – Pete Dye Stadium Course – 1/24/26,1,1,0,Scottie Scheffler,1,100%,1,0,0,1,0,0,0,0,0,0,0,0,0,0,0,0,0,0,1,0,0,0,0,0,1,0,0,0,0,0,0,1,0,0,0,0,0,0,0,0,0,0,0,0,0,0,0,0,0,0,0,0,0,0,1,,,,,,-1,,,,,0,0,0,0,0,1,0,0,0,0,0,0,0,1,1,0,1,0,1,0,0,0,0,0,0,0,0,1,0,0,0,0,0,0,0,0,0,0,0,0,0,0,0,0,0,0,0,0,1,0,0,0,0,0,1,0,1,0,1,1,0,0,1,1,0,0,,0,0,0,,0,0,0,0,0,0,1,0,0,0,0,0,0,0,0,0,0,0,0,0,0,0,0,0,0,0,0,0,0,0,0,0,0,0,0,0,0,0,0,0,0,0,0,0,0,0,0,0,0,0,0,0,0,0,TRUE,TRUE,TRUE,,Tight (3 feet or less),,,
Pete Dye Stadium Course - Black,7,1/24/2026,Pete Dye Stadium Course,Pete Dye Stadium Course - Black - 7,,Scottie Scheffler,2026 -01 - American Express - Scottie Scheffler,Scottie Scheffler - Pete Dye Stadium - Round 4 - 1/25/26,Scottie Scheffler – Pete Dye Stadium Course – 1/25/26,,4,3,,,checked,262,,checked,checked,93,,,,,,,,,,,,,,,,,,,,,,,,,2.2,Tight (3 feet or less) ,1,2.2,,,,,,,Black,346,11,-1,76.1,76.1,150,18 Holes,2.2,,2.2,,1,1,4,-1,1,3,4,0,,,Birdie,1,Scottie Scheffler – Pete Dye Stadium Course – 1/24/26,1,1,0,Scottie Scheffler,1,100%,1,0,0,1,0,0,0,0,0,0,0,0,0,0,0,0,0,0,1,0,0,0,0,0,1,0,0,0,0,0,0,1,0,0,0,0,0,0,0,0,0,0,0,0,0,0,0,0,0,0,0,0,0,0,1,,,,,,-1,,,,,0,0,0,0,0,1,0,0,0,0,0,0,0,1,1,0,1,0,1,0,0,0,0,0,0,0,0,1,0,0,0,0,0,0,0,0,0,0,0,0,0,0,0,1,0,0,0,0,0,0,0,0,0,0,1,0,1,0,1,1,0,0,1,1,0,0,,0,0,0,,0,0,0,0,0,0,1,0,0,0,0,0,0,0,0,0,0,0,0,0,0,0,0,0,0,0,0,0,0,0,0,0,0,0,0,0,0,0,0,0,0,0,0,0,0,0,0,0,0,0,0,0,0,0,TRUE,TRUE,TRUE,,Tight (3 feet or less),,,
Pete Dye Stadium Course - Black,11,1/24/2026,Pete Dye Stadium Course,Pete Dye Stadium Course - Black - 11,,Scottie Scheffler,2026 -01 - American Express - Scottie Scheffler,Scottie Scheffler - Pete Dye Stadium - Round 4 - 1/25/26,Scottie Scheffler – Pete Dye Stadium Course – 1/25/26,,5,4,,,checked,335,,checked,checked,27,,,,,,,,,,,,,,,,,,,,,,,,,2.8,Tight (3 feet or less) ,1,2.8,,,,,,,Black,617,8,-1,76.1,76.1,150,18 Holes,2.8,,,2.8,1,1,5,-1,0,,,1,4,5,Birdie,1,Scottie Scheffler – Pete Dye Stadium Course – 1/24/26,1,1,0,Scottie Scheffler,1,100%,1,0,0,1,0,0,0,0,0,0,0,0,0,0,0,0,0,0,1,0,0,0,0,0,1,0,0,0,0,0,0,1,0,0,0,0,0,0,0,0,0,0,0,0,0,0,0,0,0,0,0,0,0,0,1,,,,,,,,,,-1,0,0,0,0,0,0,1,0,0,0,0,0,0,1,1,0,1,0,1,0,0,0,0,0,0,0,0,0,0,0,0,0,0,1,0,0,0,0,0,0,0,0,0,0,0,0,0,0,1,0,0,0,0,0,0,1,0,1,1,1,0,0,0,0,1,1,,0,0,0,,0,0,0,0,0,0,0,0,0,0,0,0,0,1,0,0,0,0,0,0,0,0,0,0,0,0,0,0,0,0,0,0,0,0,0,0,0,0,0,0,0,0,0,0,0,0,0,0,0,0,0,0,0,0,TRUE,TRUE,TRUE,,Tight (3 feet or less),,,
Pete Dye Stadium Course - Black,16,1/24/2026,Pete Dye Stadium Course,Pete Dye Stadium Course - Black - 16,,Scottie Scheffler,2026 -01 - American Express - Scottie Scheffler,Scottie Scheffler - Pete Dye Stadium - Round 4 - 1/25/26,Scottie Scheffler – Pete Dye Stadium Course – 1/25/26,,5,4,,,checked,338,,checked,checked,14,,,,,,,,,,,,,,,,,,,,,,,,,4,⬅️ Hole High Left,1,4,,,,,,,Black,566,16,-1,76.1,76.1,150,18 Holes,4,,,4,1,1,5,-1,0,,,1,4,5,Birdie,1,Scottie Scheffler – Pete Dye Stadium Course – 1/24/26,1,1,0,Scottie Scheffler,1,100%,1,0,0,1,0,0,0,0,0,0,0,0,0,0,0,0,0,0,1,0,0,0,0,0,1,0,0,0,0,0,0,1,0,0,0,0,0,0,0,0,0,0,0,0,0,0,0,0,0,0,0,0,0,0,1,,,,,,,,,,-1,0,0,0,0,0,0,1,0,0,0,0,0,0,1,1,0,1,0,1,0,0,0,0,0,0,0,0,0,0,0,0,0,0,1,0,0,0,0,0,0,0,0,1,0,0,0,0,0,0,0,0,0,0,0,0,1,0,1,1,1,0,0,0,0,1,1,,0,0,0,,0,0,0,0,0,0,0,0,0,0,0,0,0,1,0,0,0,0,0,0,0,0,0,0,0,0,0,0,0,0,0,0,0,0,0,0,0,0,0,0,0,0,0,0,0,0,0,0,0,0,0,0,0,0,TRUE,TRUE,TRUE,,Hole High Left,,,
Pete Dye Stadium Course - Black,1,1/22/2026,Pete Dye Stadium Course,Pete Dye Stadium Course - Black - 1,,Jason Day,2026 -01 - American Express - Jason Day,Jason Day - Pete Dye Stadium - Round 1 -1/22/26,Jason Day – Pete Dye Stadium Course – 1/22/26,,4,3,,,checked,275,,checked,checked,176,,,,,,,,,,,,,,,,,,,,,,,,,10.8,⬇️ Short,1,10.8,,,,,,,Black,445,9,-1,76.1,76.1,150,18 Holes,10.8,,10.8,,0,0,4,-1,1,3,4,0,,,Birdie,1,Jason Day – Pete Dye Stadium Course – 1/22/26,1,1,0,Jason Day,1,100%,1,0,0,1,0,0,0,0,0,0,0,0,0,0,0,0,0,0,1,0,0,0,0,0,1,0,0,0,0,0,0,1,0,0,0,0,0,0,0,0,0,0,0,0,0,0,0,0,0,0,0,0,0,0,1,,,,,,-1,,,,,0,0,0,0,0,1,0,0,0,0,0,0,0,1,1,0,1,0,1,0,0,0,0,0,0,0,0,1,0,0,0,0,0,0,0,0,0,0,0,0,0,0,0,0,1,0,0,0,0,0,0,0,0,0,1,0,1,0,1,0,0,0,1,0,0,0,,0,0,0,,0,0,0,0,0,0,1,0,0,0,0,0,0,0,0,0,0,0,0,0,0,0,0,0,0,0,0,0,0,0,0,0,0,0,0,0,0,0,0,0,0,0,0,0,0,0,0,0,0,0,0,0,0,0,TRUE,TRUE,TRUE,,Short,,,
Pete Dye Stadium Course - Black,9,1/22/2026,Pete Dye Stadium Course,Pete Dye Stadium Course - Black - 9,,Jason Day,2026 -01 - American Express - Jason Day,Jason Day - Pete Dye Stadium - Round 1 -1/22/26,Jason Day – Pete Dye Stadium Course – 1/22/26,,4,3,,,checked,302,,checked,checked,163,,,,,,,,,,,,,,,,,,,,,,,,,5,⬅️ Hole High Left,1,5,,,,,,,Black,452,1,-1,76.1,76.1,150,18 Holes,5,,5,,1,1,4,-1,1,3,4,0,,,Birdie,1,Jason Day – Pete Dye Stadium Course – 1/22/26,1,1,0,Jason Day,1,100%,1,0,0,1,0,0,0,0,0,0,0,0,0,0,0,0,0,0,1,0,0,0,0,0,1,0,0,0,0,0,0,1,0,0,0,0,0,0,0,0,0,0,0,0,0,0,0,0,0,0,0,0,0,0,1,,,,,,-1,,,,,0,0,0,0,0,1,0,0,0,0,0,0,0,1,1,0,1,0,1,0,0,0,0,0,0,0,0,1,0,0,0,0,0,0,0,0,0,0,0,0,0,0,0,1,0,0,0,0,0,0,0,0,0,0,1,0,1,0,1,1,0,0,1,1,0,0,,0,0,0,,0,0,0,0,0,0,1,0,0,0,0,0,0,0,0,0,0,0,0,0,0,0,0,0,0,0,0,0,0,0,0,0,0,0,0,0,0,0,0,0,0,0,0,0,0,0,0,0,0,0,0,0,0,0,TRUE,TRUE,TRUE,,Hole High Left,,,
Pete Dye Stadium Course - Black,5,1/22/2026,Pete Dye Stadium Course,Pete Dye Stadium Course - Black - 5,,Jason Day,2026 -01 - American Express - Jason Day,Jason Day - Pete Dye Stadium - Round 1 -1/22/26,Jason Day – Pete Dye Stadium Course – 1/22/26,,5,4,,,,278,➡️ Right,checked,checked,16,,,,,,,,,,,,,,,,,,,,,,,,,5,⬇️ Short,1,5,,,,,,,Black,535,7,-1,76.1,76.1,150,18 Holes,5,,,5,1,1,5,-1,1,4,5,0,,,Birdie,0,Jason Day – Pete Dye Stadium Course – 1/22/26,1,1,0,Jason Day,1,0%,0,0,0,1,0,0,0,0,0,0,0,0,0,0,0,0,0,0,1,0,0,0,0,0,0,0,0,1,0,0,0,1,0,0,0,0,0,0,0,0,0,0,0,0,0,0,0,0,0,0,0,0,0,0,1,,,,,,,-1,,,,0,0,0,0,0,0,0,0,1,0,1,0,0,0,0,0,0,0,0,0,0,0,0,0,0,0,0,0,0,0,0,0,0,1,0,0,0,0,0,0,0,0,0,0,0,0,0,0,0,0,1,0,0,0,0,1,0,0,1,1,0,0,0,0,1,1,,0,0,0,,0,0,0,0,0,0,0,0,0,0,0,0,0,1,0,0,0,0,0,0,0,0,0,0,0,0,0,0,0,0,0,0,0,0,0,0,0,0,0,0,0,0,0,0,0,0,0,0,0,0,0,0,0,0,FALSE,TRUE,TRUE,,Short,Right,,
Pete Dye Stadium Course - Black,18,1/22/2026,Pete Dye Stadium Course,Pete Dye Stadium Course - Black - 18,,Jason Day,2026 -01 - American Express - Jason Day,Jason Day - Pete Dye Stadium - Round 1 -1/22/26,Jason Day – Pete Dye Stadium Course – 1/22/26,,4,3,,,checked,280,,checked,checked,153,,,,,,,,,,,,,,,,,,,,,,,,,11.2,⬅️ Hole High Left,1,11.2,,,,,,,Black,439,2,-1,76.1,76.1,150,18 Holes,11.2,,11.2,,0,0,4,-1,0,,,1,3,4,Birdie,1,Jason Day – Pete Dye Stadium Course – 1/22/26,1,1,0,Jason Day,1,100%,1,0,0,1,0,0,0,0,0,0,0,0,0,0,0,0,0,0,1,0,0,0,0,0,1,0,0,0,0,0,0,1,0,0,0,0,0,0,0,0,0,0,0,0,0,0,0,0,0,0,0,0,0,0,1,,,,,,-1,,,,,0,0,0,0,0,1,0,0,0,0,0,0,0,1,1,0,1,0,1,0,0,0,0,0,0,0,0,1,0,0,0,0,0,0,0,0,0,0,0,0,0,0,1,0,0,0,0,0,0,0,0,0,0,0,1,0,1,0,1,0,0,0,1,0,0,0,,0,0,0,,0,0,0,0,0,0,1,0,0,0,0,0,0,0,0,0,0,0,0,0,0,0,0,0,0,0,0,0,0,0,0,0,0,0,0,0,0,0,0,0,0,0,0,0,0,0,0,0,0,0,0,0,0,0,TRUE,TRUE,TRUE,,Hole High Left,,,
Pete Dye Stadium Course - Black,14,1/22/2026,Pete Dye Stadium Course,Pete Dye Stadium Course - Black - 14,,Jason Day,2026 -01 - American Express - Jason Day,Jason Day - Pete Dye Stadium - Round 1 -1/22/26,Jason Day – Pete Dye Stadium Course – 1/22/26,,4,3,,,,288,⬅️ Left,,,110,,,↗️ Long Right,,,,,,,,,,,,,,,1,,,,,,,0,Hole Out,0,0,,,,22,Fairway,60,Black,389,12,-1,76.1,76.1,150,18 Holes,,,,,1,0,4,-1,0,,,1,3,4,Birdie,0,Jason Day – Pete Dye Stadium Course – 1/22/26,0,0,0,Jason Day,1,0%,0,0,0,1,0,0,0,0,1,1,1,1,1,1,1,1,1,0,0,0,0,0,1,0,0,0,0,1,0,0,0,0,0,0,0,0,0,0,0,0,0,0,0,0,0,0,0,0,0,0,0,0,0,0,0,,,,,-1,,,,,,0,0,0,1,0,0,0,0,0,0,0,1,0,0,0,1,0,1,0,1,0,0,0,0,0,0,0,1,0,0,0,0,0,0,0,0,0,0,0,0,0,0,0,0,0,0,0,0,0,0,0,0,1,0,0,0,0,0,0,0,0,0,0,0,0,0,,0,0,0,,0,0,0,0,0,0,0,0,0,0,0,0,0,0,0,0,0,0,0,0,0,0,0,0,0,0,0,0,0,0,0,0,0,0,0,0,0,0,0,0,0,0,0,0,0,0,0,0,0,0,0,0,0,0,FALSE,FALSE,FALSE,Long Right,Hole Out,Left,,
Pete Dye Stadium Course - Black,17,1/22/2026,Pete Dye Stadium Course,Pete Dye Stadium Course - Black - 17,,Jason Day,2026 -01 - American Express - Jason Day,Jason Day - Pete Dye Stadium - Round 1 -1/22/26,Jason Day – Pete Dye Stadium Course – 1/22/26,,3,2,,,,,,checked,checked,164,,,,,,,,,,,,,,,,,,,,,,,,,37.8,➡️ Hole High Right,1,37.8,,,,,,,Black,168,14,-1,76.1,76.1,150,18 Holes,37.8,37.8,,,0,0,3,-1,0,,,1,2,3,Birdie,0,Jason Day – Pete Dye Stadium Course – 1/22/26,1,1,0,Jason Day,0,N/A,0,0,0,1,0,0,0,0,0,0,0,0,0,0,0,0,0,0,1,0,0,0,0,0,1,0,0,0,0,0,0,1,0,0,0,0,0,0,0,0,0,0,0,0,0,0,0,0,0,0,0,0,0,0,1,-1,,,,,,,,,,1,0,0,0,0,0,0,0,0,0,0,0,0,0,1,0,1,0,0,0,0,1,0,0,0,0,0,0,0,0,0,0,0,0,0,0,0,0,0,0,0,0,1,0,0,0,0,0,0,0,0,0,0,0,0,0,0,0,0,0,0,0,0,0,0,0,,0,0,0,,1,0,0,0,0,0,0,0,0,0,0,0,0,0,0,0,0,0,0,0,0,0,0,0,0,0,0,0,0,0,0,0,0,0,0,0,0,0,0,0,0,0,0,0,0,0,0,0,0,0,0,0,0,0,FALSE,TRUE,TRUE,,Hole High Right,,,
Pete Dye Stadium Course - Black,10,1/22/2026,Pete Dye Stadium Course,Pete Dye Stadium Course - Black - 10,,Jason Day,2026 -01 - American Express - Jason Day,Jason Day - Pete Dye Stadium - Round 1 -1/22/26,Jason Day – Pete Dye Stadium Course – 1/22/26,,4,3,,,checked,269,,checked,checked,136,,,,,,,,,,,,,,,,,,,,,,,,,32.1,➡️ Hole High Right,1,32.1,,,,,,,Black,416,6,-1,76.1,76.1,150,18 Holes,32.1,,32.1,,0,0,4,-1,0,,,1,3,4,Birdie,1,Jason Day – Pete Dye Stadium Course – 1/22/26,1,1,0,Jason Day,1,100%,1,0,0,1,0,0,0,0,0,0,0,0,0,0,0,0,0,0,1,0,0,0,0,0,1,0,0,0,0,0,0,1,0,0,0,0,0,0,0,0,0,0,0,0,0,0,0,0,0,0,0,0,0,0,1,,,,,,-1,,,,,0,0,0,0,0,1,0,0,0,0,0,0,0,1,1,0,1,0,1,0,0,0,0,0,0,0,0,1,0,0,0,0,0,0,0,0,0,0,0,0,0,0,0,0,0,0,0,0,1,0,0,0,0,0,1,0,1,0,0,0,0,0,0,0,0,0,,0,0,0,,0,0,0,0,0,0,1,0,0,0,0,0,0,0,0,0,0,0,0,0,0,0,0,0,0,0,0,0,0,0,0,0,0,0,0,0,0,0,0,0,0,0,0,0,0,0,0,0,0,0,0,0,0,0,TRUE,TRUE,TRUE,,Hole High Right,,,
Pete Dye Stadium Course - Black,2,1/22/2026,Pete Dye Stadium Course,Pete Dye Stadium Course - Black - 2,,Jason Day,2026 -01 - American Express - Jason Day,Jason Day - Pete Dye Stadium - Round 1 -1/22/26,Jason Day – Pete Dye Stadium Course – 1/22/26,,4,3,,,checked,241,,checked,checked,122,,,,,,,,,,,,,,,,,,,,,,,,,6.5,⬅️ Hole High Left,1,6.5,,,,,,,Black,371,15,-1,76.1,76.1,150,18 Holes,6.5,,6.5,,1,1,4,-1,1,3,4,0,,,Birdie,1,Jason Day – Pete Dye Stadium Course – 1/22/26,1,1,0,Jason Day,1,100%,1,0,0,1,0,0,0,0,0,0,0,0,0,0,0,0,0,0,1,0,0,0,0,0,1,0,0,0,0,0,0,1,0,0,0,0,0,0,0,0,0,0,0,0,0,0,0,0,0,0,0,0,0,0,1,,,,,,-1,,,,,0,0,0,0,0,1,0,0,0,0,0,0,0,1,1,0,1,0,1,0,0,0,0,0,0,0,0,1,0,0,0,0,0,0,0,0,0,0,0,0,0,0,0,0,1,0,0,0,0,0,0,0,0,0,1,0,1,0,1,1,0,0,1,1,0,0,,0,0,0,,0,0,0,0,0,0,1,0,0,0,0,0,0,0,0,0,0,0,0,0,0,0,0,0,0,0,0,0,0,0,0,0,0,0,0,0,0,0,0,0,0,0,0,0,0,0,0,0,0,0,0,0,0,0,TRUE,TRUE,TRUE,,Hole High Left,,,
Pete Dye Stadium Course - Black,8,1/22/2026,Pete Dye Stadium Course,Pete Dye Stadium Course - Black - 8,,Jason Day,2026 -01 - American Express - Jason Day,Jason Day - Pete Dye Stadium - Round 1 -1/22/26,Jason Day – Pete Dye Stadium Course – 1/22/26,,5,4,,,,284,➡️ Right,checked,checked,21,,,,,,,,,,,,,,,,,,,,,,,,,1.8,Tight (3 feet or less) ,1,1.8,,,,,,,Black,559,13,-1,76.1,76.1,150,18 Holes,1.8,,,1.8,1,1,5,-1,1,4,5,0,,,Birdie,0,Jason Day – Pete Dye Stadium Course – 1/22/26,1,1,0,Jason Day,1,0%,0,0,0,1,0,0,0,0,0,0,0,0,0,0,0,0,0,0,1,0,0,0,0,0,0,0,0,1,0,0,0,1,0,0,0,0,0,0,0,0,0,0,0,0,0,0,0,0,0,0,0,0,0,0,1,,,,,,,-1,,,,0,0,0,0,0,0,0,0,1,0,1,0,0,0,0,0,0,0,0,0,0,0,0,0,0,0,0,0,0,0,0,0,0,1,0,0,0,0,0,0,0,0,0,1,0,0,0,0,0,0,0,0,0,0,0,1,0,0,1,1,0,0,0,0,1,1,,0,0,0,,0,0,0,0,0,0,0,0,0,0,0,0,0,1,0,0,0,0,0,0,0,0,0,0,0,0,0,0,0,0,0,0,0,0,0,0,0,0,0,0,0,0,0,0,0,0,0,0,0,0,0,0,0,0,FALSE,TRUE,TRUE,,Tight (3 feet or less),Right,,
Pete Dye Stadium Course - Black,7,1/22/2026,Pete Dye Stadium Course,Pete Dye Stadium Course - Black - 7,,Jason Day,2026 -01 - American Express - Jason Day,Jason Day - Pete Dye Stadium - Round 1 -1/22/26,Jason Day – Pete Dye Stadium Course – 1/22/26,,4,3,,,checked,220,,checked,checked,121,,,,,,,,,,,,,,,,,,,,,,,,,3.8,⬅️ Hole High Left,1,3.8,,,,,,,Black,346,11,-1,76.1,76.1,150,18 Holes,3.8,,3.8,,1,1,4,-1,1,3,4,0,,,Birdie,1,Jason Day – Pete Dye Stadium Course – 1/22/26,1,1,0,Jason Day,1,100%,1,0,0,1,0,0,0,0,0,0,0,0,0,0,0,0,0,0,1,0,0,0,0,0,1,0,0,0,0,0,0,1,0,0,0,0,0,0,0,0,0,0,0,0,0,0,0,0,0,0,0,0,0,0,1,,,,,,-1,,,,,0,0,0,0,0,1,0,0,0,0,0,0,0,1,1,0,1,0,1,0,0,0,0,0,0,0,0,1,0,0,0,0,0,0,0,0,0,0,0,0,0,0,0,1,0,0,0,0,0,0,0,0,0,0,1,0,1,0,1,1,0,0,1,1,0,0,,0,0,0,,0,0,0,0,0,0,1,0,0,0,0,0,0,0,0,0,0,0,0,0,0,0,0,0,0,0,0,0,0,0,0,0,0,0,0,0,0,0,0,0,0,0,0,0,0,0,0,0,0,0,0,0,0,0,TRUE,TRUE,TRUE,,Hole High Left,,,
Pete Dye Stadium Course - Black,8,1/24/2026,Pete Dye Stadium Course,Pete Dye Stadium Course - Black - 8,,Jason Day,2026 -01 - American Express - Jason Day,Jason Day - Pete Dye Stadium - Round 4 - 1/25/26,Jason Day – Pete Dye Stadium Course – 1/25/26,,5,4,,,,282,⬅️ Left,checked,checked,45,,,,,,,,,,,,,,,,,,,,,,,,,5.8,⬆️ Long,1,5.8,,,,,,,Black,559,13,-1,76.1,76.1,150,18 Holes,5.8,,,5.8,1,1,5,-1,1,4,5,0,,,Birdie,0,Jason Day – Pete Dye Stadium Course – 1/24/26,1,1,0,Jason Day,1,0%,0,0,0,1,0,0,0,0,0,0,0,0,0,0,0,0,0,0,1,0,0,0,0,0,0,0,0,1,0,0,0,1,0,0,0,0,0,0,0,0,0,0,0,0,0,0,0,0,0,0,0,0,0,0,1,,,,,,,-1,,,,0,0,0,0,0,0,0,0,1,0,1,0,0,0,0,0,0,0,0,0,0,0,0,0,0,0,0,0,0,0,0,0,0,1,0,0,0,0,0,0,0,0,0,1,0,0,0,0,0,0,0,0,0,0,0,1,0,0,1,1,0,0,0,0,1,1,,0,0,0,,0,0,0,0,0,0,0,0,0,0,0,0,0,1,0,0,0,0,0,0,0,0,0,0,0,0,0,0,0,0,0,0,0,0,0,0,0,0,0,0,0,0,0,0,0,0,0,0,0,0,0,0,0,0,FALSE,TRUE,TRUE,,Long,Left,,
Pete Dye Stadium Course - Black,16,1/24/2026,Pete Dye Stadium Course,Pete Dye Stadium Course - Black - 16,,Jason Day,2026 -01 - American Express - Jason Day,Jason Day - Pete Dye Stadium - Round 4 - 1/25/26,Jason Day – Pete Dye Stadium Course – 1/25/26,,5,4,,,checked,310,,checked,checked,36,,,,,,,,,,,,,,,,,,,,,,,,,2.1,Tight (3 feet or less) ,1,2.1,,,,,,,Black,566,16,-1,76.1,76.1,150,18 Holes,2.1,,,2.1,1,1,5,-1,0,,,1,4,5,Birdie,1,Jason Day – Pete Dye Stadium Course – 1/24/26,1,1,0,Jason Day,1,100%,1,0,0,1,0,0,0,0,0,0,0,0,0,0,0,0,0,0,1,0,0,0,0,0,1,0,0,0,0,0,0,1,0,0,0,0,0,0,0,0,0,0,0,0,0,0,0,0,0,0,0,0,0,0,1,,,,,,,,,,-1,0,0,0,0,0,0,1,0,0,0,0,0,0,1,1,0,1,0,1,0,0,0,0,0,0,0,0,0,0,0,0,0,0,1,0,0,0,0,0,0,0,0,1,0,0,0,0,0,0,0,0,0,0,0,0,1,0,1,1,1,0,0,0,0,1,1,,0,0,0,,0,0,0,0,0,0,0,0,0,0,0,0,0,1,0,0,0,0,0,0,0,0,0,0,0,0,0,0,0,0,0,0,0,0,0,0,0,0,0,0,0,0,0,0,0,0,0,0,0,0,0,0,0,0,TRUE,TRUE,TRUE,,Tight (3 feet or less),,,
Pete Dye Stadium Course - Black,10,1/24/2026,Pete Dye Stadium Course,Pete Dye Stadium Course - Black - 10,,Jason Day,2026 -01 - American Express - Jason Day,Jason Day - Pete Dye Stadium - Round 4 - 1/25/26,Jason Day – Pete Dye Stadium Course – 1/25/26,,4,3,,,checked,281,,checked,checked,140,,,,,,,,,,,,,,,,,,,,,,,,,8.3,➡️ Hole High Right,1,8.3,,,,,,,Black,416,6,-1,76.1,76.1,150,18 Holes,8.3,,8.3,,1,1,4,-1,0,,,1,3,4,Birdie,1,Jason Day – Pete Dye Stadium Course – 1/24/26,1,1,0,Jason Day,1,100%,1,0,0,1,0,0,0,0,0,0,0,0,0,0,0,0,0,0,1,0,0,0,0,0,1,0,0,0,0,0,0,1,0,0,0,0,0,0,0,0,0,0,0,0,0,0,0,0,0,0,0,0,0,0,1,,,,,,-1,,,,,0,0,0,0,0,1,0,0,0,0,0,0,0,1,1,0,1,0,1,0,0,0,0,0,0,0,0,1,0,0,0,0,0,0,0,0,0,0,0,0,0,0,0,0,0,0,0,0,1,0,0,0,0,0,1,0,1,0,1,1,0,0,1,1,0,0,,0,0,0,,0,0,0,0,0,0,1,0,0,0,0,0,0,0,0,0,0,0,0,0,0,0,0,0,0,0,0,0,0,0,0,0,0,0,0,0,0,0,0,0,0,0,0,0,0,0,0,0,0,0,0,0,0,0,TRUE,TRUE,TRUE,,Hole High Right,,,
Pete Dye Stadium Course - Black,5,1/24/2026,Pete Dye Stadium Course,Pete Dye Stadium Course - Black - 5,,Jason Day,2026 -01 - American Express - Jason Day,Jason Day - Pete Dye Stadium - Round 4 - 1/25/26,Jason Day – Pete Dye Stadium Course – 1/25/26,,5,4,,,checked,313,,checked,checked,22,,,,,,,,,,,,,,,,,,,,,,,,,1,Tight (3 feet or less) ,1,1,,,,,,,Black,535,7,-1,76.1,76.1,150,18 Holes,1,,,1,1,1,5,-1,1,4,5,0,,,Birdie,1,Jason Day – Pete Dye Stadium Course – 1/24/26,1,1,0,Jason Day,1,100%,1,0,0,1,0,0,0,0,0,0,0,0,0,0,0,0,0,0,1,0,0,0,0,0,1,0,0,0,0,0,0,1,0,0,0,0,0,0,0,0,0,0,0,0,0,0,0,0,0,0,0,0,0,0,1,,,,,,,,,,-1,0,0,0,0,0,0,1,0,0,0,0,0,0,1,1,0,1,0,1,0,0,0,0,0,0,0,0,0,0,0,0,0,0,1,0,0,0,0,0,0,0,0,0,0,0,0,0,0,0,0,1,0,0,0,0,1,0,1,1,1,0,0,0,0,1,1,,0,0,0,,0,0,0,0,0,0,0,0,0,0,0,0,0,1,0,0,0,0,0,0,0,0,0,0,0,0,0,0,0,0,0,0,0,0,0,0,0,0,0,0,0,0,0,0,0,0,0,0,0,0,0,0,0,0,TRUE,TRUE,TRUE,,Tight (3 feet or less),,,
Pete Dye Stadium Course - Black,15,1/24/2026,Pete Dye Stadium Course,Pete Dye Stadium Course - Black - 15,,Jason Day,2026 -01 - American Express - Jason Day,Jason Day - Pete Dye Stadium - Round 4 - 1/25/26,Jason Day – Pete Dye Stadium Course – 1/25/26,,4,3,,,checked,310,,checked,checked,171,,,,,,,,,,,,,,,,,,,,,,,,,39,➡️ Hole High Right,1,39,,,,,,,Black,468,4,-1,76.1,76.1,150,18 Holes,39,,39,,0,0,4,-1,0,,,1,3,4,Birdie,1,Jason Day – Pete Dye Stadium Course – 1/24/26,1,1,0,Jason Day,1,100%,1,0,0,1,0,0,0,0,0,0,0,0,0,0,0,0,0,0,1,0,0,0,0,0,1,0,0,0,0,0,0,1,0,0,0,0,0,0,0,0,0,0,0,0,0,0,0,0,0,0,0,0,0,0,1,,,,,,-1,,,,,0,0,0,0,0,1,0,0,0,0,0,0,0,1,1,0,1,0,1,0,0,0,0,0,0,0,0,1,0,0,0,0,0,0,0,0,0,0,0,0,0,0,0,0,0,0,0,0,0,0,0,0,1,0,1,0,1,0,0,0,0,0,0,0,0,0,,0,0,0,,0,0,0,0,0,0,1,0,0,0,0,0,0,0,0,0,0,0,0,0,0,0,0,0,0,0,0,0,0,0,0,0,0,0,0,0,0,0,0,0,0,0,0,0,0,0,0,0,0,0,0,0,0,0,TRUE,TRUE,TRUE,,Hole High Right,,,
Pete Dye Stadium Course - Black,2,1/24/2026,Pete Dye Stadium Course,Pete Dye Stadium Course - Black - 2,,Jason Day,2026 -01 - American Express - Jason Day,Jason Day - Pete Dye Stadium - Round 4 - 1/25/26,Jason Day – Pete Dye Stadium Course – 1/25/26,,4,3,,,checked,237,,checked,checked,149,,,,,,,,,,,,,,,,,,,,,,,,,6.2,➡️ Hole High Right,1,6.2,,,,,,,Black,371,15,-1,76.1,76.1,150,18 Holes,6.2,,6.2,,1,1,4,-1,1,3,4,0,,,Birdie,1,Jason Day – Pete Dye Stadium Course – 1/24/26,1,1,0,Jason Day,1,100%,1,0,0,1,0,0,0,0,0,0,0,0,0,0,0,0,0,0,1,0,0,0,0,0,1,0,0,0,0,0,0,1,0,0,0,0,0,0,0,0,0,0,0,0,0,0,0,0,0,0,0,0,0,0,1,,,,,,-1,,,,,0,0,0,0,0,1,0,0,0,0,0,0,0,1,1,0,1,0,1,0,0,0,0,0,0,0,0,1,0,0,0,0,0,0,0,0,0,0,0,0,0,0,0,0,1,0,0,0,0,0,0,0,0,0,1,0,1,0,1,1,0,0,1,1,0,0,,0,0,0,,0,0,0,0,0,0,1,0,0,0,0,0,0,0,0,0,0,0,0,0,0,0,0,0,0,0,0,0,0,0,0,0,0,0,0,0,0,0,0,0,0,0,0,0,0,0,0,0,0,0,0,0,0,0,TRUE,TRUE,TRUE,,Hole High Right,,,
Pete Dye Stadium Course - Black,7,1/24/2026,Pete Dye Stadium Course,Pete Dye Stadium Course - Black - 7,,Jason Day,2026 -01 - American Express - Jason Day,Jason Day - Pete Dye Stadium - Round 4 - 1/25/26,Jason Day – Pete Dye Stadium Course – 1/25/26,,4,3,,,checked,244,,checked,checked,116,,,,,,,,,,,,,,,,,,,,,,,,,8.1,➡️ Hole High Right,1,8.1,,,,,,,Black,346,11,-1,76.1,76.1,150,18 Holes,8.1,,8.1,,1,1,4,-1,1,3,4,0,,,Birdie,1,Jason Day – Pete Dye Stadium Course – 1/24/26,1,1,0,Jason Day,1,100%,1,0,0,1,0,0,0,0,0,0,0,0,0,0,0,0,0,0,1,0,0,0,0,0,1,0,0,0,0,0,0,1,0,0,0,0,0,0,0,0,0,0,0,0,0,0,0,0,0,0,0,0,0,0,1,,,,,,-1,,,,,0,0,0,0,0,1,0,0,0,0,0,0,0,1,1,0,1,0,1,0,0,0,0,0,0,0,0,1,0,0,0,0,0,0,0,0,0,0,0,0,0,0,0,1,0,0,0,0,0,0,0,0,0,0,1,0,1,0,1,1,0,0,1,1,0,0,,0,0,0,,0,0,0,0,0,0,1,0,0,0,0,0,0,0,0,0,0,0,0,0,0,0,0,0,0,0,0,0,0,0,0,0,0,0,0,0,0,0,0,0,0,0,0,0,0,0,0,0,0,0,0,0,0,0,TRUE,TRUE,TRUE,,Hole High Right,,,
Pete Dye Stadium Course - Black,6,1/24/2026,Pete Dye Stadium Course,Pete Dye Stadium Course - Black - 6,,Jason Day,2026 -01 - American Express - Jason Day,Jason Day - Pete Dye Stadium - Round 4 - 1/25/26,Jason Day – Pete Dye Stadium Course – 1/25/26,,3,2,,,,,,,,218,,,↗️ Long Right,,,,,,,,,,,,,,,,,,,,,,0,Hole Out,0,0,,,,33,Fairway,60,Black,255,5,-1,76.1,76.1,150,18 Holes,,,,,1,0,3,-1,1,2,3,0,,,Birdie,0,Jason Day – Pete Dye Stadium Course – 1/24/26,0,0,0,Jason Day,0,N/A,0,0,0,1,0,0,0,0,0,0,0,0,0,0,1,1,1,0,0,0,0,0,1,0,0,0,0,1,0,0,0,0,0,0,0,0,0,0,0,0,0,0,0,0,0,0,0,0,0,0,0,0,0,0,0,,-1,,,,,,,,,0,1,0,0,0,0,0,0,0,0,0,0,0,0,0,1,0,1,0,0,0,1,0,0,0,0,0,0,0,0,0,0,0,0,0,0,0,0,0,0,0,0,0,0,0,0,0,0,0,0,1,0,0,0,0,0,0,0,0,0,0,0,0,0,0,0,,0,0,0,,0,0,0,0,0,0,0,0,0,0,0,0,0,0,0,0,0,0,0,0,0,0,0,0,0,0,0,0,0,0,0,0,0,0,0,0,0,0,0,0,0,0,0,0,0,0,0,0,0,0,0,0,0,0,FALSE,FALSE,FALSE,Long Right,Hole Out,,,
Torrey Pines - North - Black,5,1/29/2026,Torrey Pines - North Course,Torrey Pines - North - Black - 5,,Jason Day,,Jason Day - Torrey Pines North - Round 1 -1/29/26,Jason Day – Torrey Pines - North Course – 1/29/26,,5,4,,,,,,checked,checked,,,,,,checked,,,,,,,,,,,,,,,,,,,,,,2,,,,,,,,Black,525,11,-1,75.8,75.8,134,18 Holes,,,,,1,0,5,-1,1,4,5,0,,,Birdie,0,Jason Day – Torrey Pines - North Course – 1/29/26,1,1,1,Jason Day,1,0%,0,0,0,1,0,0,0,0,0,0,0,0,0,0,0,0,0,0,0,1,0,0,0,0,0,0,0,1,0,0,0,0,0,0,0,0,0,1,0,0,0,0,0,0,0,0,0,0,0,0,0,0,0,0,1,,,,,,,-1,,,,0,0,0,0,0,0,0,0,1,0,1,0,0,0,0,0,0,0,0,0,0,0,0,0,0,0,0,0,0,0,0,0,0,1,0,0,0,0,0,0,0,0,0,0,0,0,0,0,0,0,1,0,0,0,0,1,0,0,1,1,0,0,0,0,1,1,,0,0,0,,0,0,0,0,0,0,0,0,0,0,0,0,0,0,0,0,0,0,0,0,0,0,0,0,0,0,0,0,1,0,0,0,0,0,0,0,0,0,0,0,0,0,0,0,0,0,0,0,0,0,0,0,0,0,FALSE,TRUE,TRUE,,,,,
Torrey Pines - North - Black,16,1/29/2026,Torrey Pines - North Course,Torrey Pines - North - Black - 16,,Jason Day,,Jason Day - Torrey Pines North - Round 1 -1/29/26,Jason Day – Torrey Pines - North Course – 1/29/26,,4,3,,,checked,,,checked,checked,,,,,,,,,,,,,,,,,,,,,,,,,,,,1,,,,,,,,Black,393,8,-1,75.8,75.8,134,18 Holes,,,,,1,1,4,-1,0,,,1,3,4,Birdie,1,Jason Day – Torrey Pines - North Course – 1/29/26,1,1,0,Jason Day,1,100%,1,0,0,1,0,0,0,0,0,0,0,0,0,0,0,0,0,0,1,0,0,0,0,0,1,0,0,0,0,0,0,1,0,0,0,0,0,0,0,0,0,0,0,0,0,0,0,0,0,0,0,0,0,0,1,,,,,,-1,,,,,0,0,0,0,0,1,0,0,0,0,0,0,0,1,1,0,1,0,1,0,0,0,0,0,0,0,0,1,0,0,0,0,0,0,0,0,0,0,0,0,0,0,1,0,0,0,0,0,0,0,0,0,0,0,1,0,1,0,1,1,0,0,1,1,0,0,,0,0,0,,0,0,0,0,0,0,1,0,0,0,0,0,0,0,0,0,0,0,0,0,0,0,0,0,0,0,0,0,0,0,0,0,0,0,0,0,0,0,0,0,0,0,0,0,0,0,0,0,0,0,0,0,0,0,TRUE,TRUE,TRUE,,,,,
Torrey Pines - North - Black,15,1/29/2026,Torrey Pines - North Course,Torrey Pines - North - Black - 15,,Jason Day,,Jason Day - Torrey Pines North - Round 1 -1/29/26,Jason Day – Torrey Pines - North Course – 1/29/26,,3,2,,,,,,,,,,,,,,,,,,,,,,,,,,1,Putter,,,,,,0,Hole Out,0,0,,,,10,Fringe,Putter,Black,202,16,-1,75.8,75.8,134,18 Holes,,,,,1,0,3,-1,0,,,1,2,3,Birdie,0,Jason Day – Torrey Pines - North Course – 1/29/26,0,0,0,Jason Day,0,N/A,0,0,0,1,0,0,0,0,1,1,1,1,1,1,1,1,1,0,0,0,0,0,1,0,0,0,0,1,0,0,0,0,0,0,0,0,0,0,0,0,0,0,0,0,0,0,0,0,0,0,0,0,0,0,0,,-1,,,,,,,,,0,1,0,0,0,0,0,0,0,0,0,0,0,0,0,1,0,1,0,0,0,1,0,0,0,0,0,0,0,0,0,0,0,0,0,0,0,0,0,0,0,0,0,0,0,0,0,0,0,0,0,0,1,0,0,0,0,0,0,0,0,0,0,0,0,0,,0,0,0,,0,0,0,0,0,0,0,0,0,0,0,0,0,0,0,0,0,0,0,0,0,0,0,0,0,0,0,0,0,0,0,0,0,0,0,0,0,0,0,0,0,0,0,0,0,0,0,0,0,0,0,0,0,0,FALSE,FALSE,FALSE,,Hole Out,,,
Torrey Pines - North - Black,17,1/29/2026,Torrey Pines - North Course,Torrey Pines - North - Black - 17,,Jason Day,,Jason Day - Torrey Pines North - Round 1 -1/29/26,Jason Day – Torrey Pines - North Course – 1/29/26,,5,4,,,,,,checked,checked,,,,,,checked,,,,,,,,,,,,,,,,,,,,,,2,,,,,,,,Black,520,10,-1,75.8,75.8,134,18 Holes,,,,,1,0,5,-1,0,,,1,4,5,Birdie,0,Jason Day – Torrey Pines - North Course – 1/29/26,1,1,1,Jason Day,1,0%,0,0,0,1,0,0,0,0,0,0,0,0,0,0,0,0,0,0,0,1,0,0,0,0,0,0,0,1,0,0,0,0,0,0,0,0,0,1,0,0,0,0,0,0,0,0,0,0,0,0,0,0,0,0,1,,,,,,,-1,,,,0,0,0,0,0,0,0,0,1,0,1,0,0,0,0,0,0,0,0,0,0,0,0,0,0,0,0,0,0,0,0,0,0,1,0,0,0,0,0,0,0,0,1,0,0,0,0,0,0,0,0,0,0,0,0,1,0,0,1,1,0,0,0,0,1,1,,0,0,0,,0,0,0,0,0,0,0,0,0,0,0,0,0,0,0,0,0,0,0,0,0,0,0,0,0,0,0,0,1,0,0,0,0,0,0,0,0,0,0,0,0,0,0,0,0,0,0,0,0,0,0,0,0,0,FALSE,TRUE,TRUE,,,,,
Torrey Pines - North - Black,10,1/29/2026,Torrey Pines - North Course,Torrey Pines - North - Black - 10,,Jason Day,,Jason Day - Torrey Pines North - Round 1 -1/29/26,Jason Day – Torrey Pines - North Course – 1/29/26,,5,4,,,checked,,,checked,checked,,,,,,,,,,,,,,,,,,,,,,,,,,1,Tight (3 feet or less) ,1,1,,,,,,,Black,536,12,-1,75.8,75.8,134,18 Holes,1,,,1,1,1,5,-1,0,,,1,4,5,Birdie,1,Jason Day – Torrey Pines - North Course – 1/29/26,1,1,0,Jason Day,1,100%,1,0,0,1,0,0,0,0,0,0,0,0,0,0,0,0,0,0,1,0,0,0,0,0,1,0,0,0,0,0,0,1,0,0,0,0,0,0,0,0,0,0,0,0,0,0,0,0,0,0,0,0,0,0,1,,,,,,,,,,-1,0,0,0,0,0,0,1,0,0,0,0,0,0,1,1,0,1,0,1,0,0,0,0,0,0,0,0,0,0,0,0,0,0,1,0,0,0,0,0,0,0,0,0,0,0,0,0,0,1,0,0,0,0,0,0,1,0,1,1,1,0,0,0,0,1,1,,0,0,0,,0,0,0,0,0,0,0,0,0,0,0,0,0,1,0,0,0,0,0,0,0,0,0,0,0,0,0,0,0,0,0,0,0,0,0,0,0,0,0,0,0,0,0,0,0,0,0,0,0,0,0,0,0,0,TRUE,TRUE,TRUE,,Tight (3 feet or less),,,
Torrey Pines - North - Black,11,1/29/2026,Torrey Pines - North Course,Torrey Pines - North - Black - 11,,Jason Day,,Jason Day - Torrey Pines North - Round 1 -1/29/26,Jason Day – Torrey Pines - North Course – 1/29/26,,4,3,,,checked,,,checked,checked,,,,,,,,,,,,,,,,,,,,,,,,,,7,⬆️ Long,1,7,,,,,,,Black,329,18,-1,75.8,75.8,134,18 Holes,7,,7,,1,1,4,-1,0,,,1,3,4,Birdie,1,Jason Day – Torrey Pines - North Course – 1/29/26,1,1,0,Jason Day,1,100%,1,0,0,1,0,0,0,0,0,0,0,0,0,0,0,0,0,0,1,0,0,0,0,0,1,0,0,0,0,0,0,1,0,0,0,0,0,0,0,0,0,0,0,0,0,0,0,0,0,0,0,0,0,0,1,,,,,,-1,,,,,0,0,0,0,0,1,0,0,0,0,0,0,0,1,1,0,1,0,1,0,0,0,0,0,0,0,0,1,0,0,0,0,0,0,0,0,0,0,0,0,0,0,0,0,0,0,0,0,1,0,0,0,0,0,1,0,1,0,1,1,0,0,1,1,0,0,,0,0,0,,0,0,0,0,0,0,1,0,0,0,0,0,0,0,0,0,0,0,0,0,0,0,0,0,0,0,0,0,0,0,0,0,0,0,0,0,0,0,0,0,0,0,0,0,0,0,0,0,0,0,0,0,0,0,TRUE,TRUE,TRUE,,Long,,,
Torrey Pines - South - Black,17,1/30/2026,Torrey Pines - South Course,Torrey Pines - South - Black - 17,,Jason Day,,Jason Day - Torrey Pines South - Round 2- 1/30/26,Jason Day – Torrey Pines - South Course – 1/30/26,,4,3,,,checked,294,,checked,checked,150,,,,,,,,,,,,,,,,,,,,,,,,,24.1,↙️ Short Left,1,24.1,,,,,,,Black,443,4,-1,78.8,78.8,148,18 Holes,24.1,,24.1,,0,0,4,-1,0,,,1,3,4,Birdie,1,Jason Day – Torrey Pines - South Course – 1/30/26,1,1,0,Jason Day,1,100%,1,0,0,1,0,0,0,0,0,0,0,0,0,0,0,0,0,0,1,0,0,0,0,0,1,0,0,0,0,0,0,1,0,0,0,0,0,0,0,0,0,0,0,0,0,0,0,0,0,0,0,0,0,0,1,,,,,,-1,,,,,0,0,0,0,0,1,0,0,0,0,0,0,0,1,1,0,1,0,1,0,0,0,0,0,0,0,0,1,0,0,0,0,0,0,0,0,0,0,0,0,0,0,1,0,0,0,0,0,0,0,0,0,0,0,1,0,1,0,0,0,0,0,0,0,0,0,,0,0,0,,0,0,0,0,0,0,1,0,0,0,0,0,0,0,0,0,0,0,0,0,0,0,0,0,0,0,0,0,0,0,0,0,0,0,0,0,0,0,0,0,0,0,0,0,0,0,0,0,0,0,0,0,0,0,TRUE,TRUE,TRUE,,Short Left,,,
Torrey Pines - South - Black,1,1/31/2026,Torrey Pines - South Course,Torrey Pines - South - Black - 1,,Jason Day,,Jason Day - Torrey Pines South - Round 3- 1/31/26,Jason Day – Torrey Pines - South Course – 1/31/26,,4,3,,,,290,➡️ Right,checked,checked,158,,,,,,,,,,,,,,,,1,,,,,,,,,4.5,➡️ Hole High Right,1,4.5,,,,,,,Black,451,5,-1,78.8,78.8,148,18 Holes,4.5,,4.5,,1,1,4,-1,1,3,4,0,,,Birdie,0,Jason Day – Torrey Pines - South Course – 1/31/26,1,1,0,Jason Day,1,0%,0,0,0,1,0,0,0,0,0,0,0,0,0,0,0,0,0,1,1,0,0,0,0,0,0,0,0,1,1,1,0,1,0,0,0,0,0,0,0,0,0,0,0,0,0,0,0,0,0,0,0,0,0,0,1,,,-1,,,,,,,,0,0,1,0,0,0,0,0,0,0,1,0,0,0,0,0,0,0,0,0,0,0,0,0,0,0,0,1,0,0,0,0,0,0,0,0,0,0,0,0,0,0,0,0,1,0,0,0,0,0,0,0,0,0,1,0,0,0,1,1,0,0,1,1,0,0,,0,0,0,,0,0,0,0,0,0,1,0,0,0,0,0,0,0,0,0,0,0,0,0,0,0,0,0,0,0,0,0,0,0,0,0,0,0,0,0,0,0,0,0,0,0,0,0,0,0,0,0,0,0,0,0,0,0,FALSE,TRUE,TRUE,,Hole High Right,Right,,
Torrey Pines - South - Black,2,1/31/2026,Torrey Pines - South Course,Torrey Pines - South - Black - 2,,Jason Day,,Jason Day - Torrey Pines South - Round 3- 1/31/26,Jason Day – Torrey Pines - South Course – 1/31/26,,4,3,,,checked,249,,checked,checked,129,,,,,,,,,,,,,,,,,,,,,,,,,12.3,⬅️ Hole High Left,1,12.3,,,,,,,Black,389,15,-1,78.8,78.8,148,18 Holes,12.3,,12.3,,0,0,4,-1,1,3,4,0,,,Birdie,1,Jason Day – Torrey Pines - South Course – 1/31/26,1,1,0,Jason Day,1,100%,1,0,0,1,0,0,0,0,0,0,0,0,0,0,0,0,0,0,1,0,0,0,0,0,1,0,0,0,0,0,0,1,0,0,0,0,0,0,0,0,0,0,0,0,0,0,0,0,0,0,0,0,0,0,1,,,,,,-1,,,,,0,0,0,0,0,1,0,0,0,0,0,0,0,1,1,0,1,0,1,0,0,0,0,0,0,0,0,1,0,0,0,0,0,0,0,0,0,0,0,0,0,0,0,0,1,0,0,0,0,0,0,0,0,0,1,0,1,0,1,0,0,0,1,0,0,0,,0,0,0,,0,0,0,0,0,0,1,0,0,0,0,0,0,0,0,0,0,0,0,0,0,0,0,0,0,0,0,0,0,0,0,0,0,0,0,0,0,0,0,0,0,0,0,0,0,0,0,0,0,0,0,0,0,0,TRUE,TRUE,TRUE,,Hole High Left,,,
Torrey Pines - South - Black,18,1/31/2026,Torrey Pines - South Course,Torrey Pines - South - Black - 18,,Jason Day,,Jason Day - Torrey Pines South - Round 3- 1/31/26,Jason Day – Torrey Pines - South Course – 1/31/26,,5,4,,,checked,303,,checked,checked,7,,,,,,,,,,,,,,,,,,,,,,,,,4.9,⬇️ Short,1,4.9,,,,,,,Black,570,10,-1,78.8,78.8,148,18 Holes,4.9,,,4.9,1,1,5,-1,0,,,1,4,5,Birdie,1,Jason Day – Torrey Pines - South Course – 1/31/26,1,1,0,Jason Day,1,100%,1,0,0,1,0,0,0,0,0,0,0,0,0,0,0,0,0,0,1,0,0,0,0,0,1,0,0,0,0,0,0,1,0,0,0,0,0,0,0,0,0,0,0,0,0,0,0,0,0,0,0,0,0,0,1,,,,,,,,,,-1,0,0,0,0,0,0,1,0,0,0,0,0,0,1,1,0,1,0,1,0,0,0,0,0,0,0,0,0,0,0,0,0,0,1,0,0,0,0,0,0,0,0,1,0,0,0,0,0,0,0,0,0,0,0,0,1,0,1,1,1,0,0,0,0,1,1,,0,0,0,,0,0,0,0,0,0,0,0,0,0,0,0,0,1,0,0,0,0,0,0,0,0,0,0,0,0,0,0,0,0,0,0,0,0,0,0,0,0,0,0,0,0,0,0,0,0,0,0,0,0,0,0,0,0,TRUE,TRUE,TRUE,,Short,,,
Torrey Pines - South - Black,16,1/31/2026,Torrey Pines - South Course,Torrey Pines - South - Black - 16,,Jason Day,,Jason Day - Torrey Pines South - Round 3- 1/31/26,Jason Day – Torrey Pines - South Course – 1/31/26,,3,2,,,,,,checked,checked,101,,,,,,,,,,,,,,,,,,,,,,,,,18.5,➡️ Hole High Right,1,18.5,,,,,,,Black,227,18,-1,78.8,78.8,148,18 Holes,18.5,18.5,,,0,0,3,-1,0,,,1,2,3,Birdie,0,Jason Day – Torrey Pines - South Course – 1/31/26,1,1,0,Jason Day,0,N/A,0,0,0,1,0,0,0,0,0,0,0,0,0,0,0,0,0,0,1,0,0,0,0,0,1,0,0,0,0,0,0,1,0,0,0,0,0,0,0,0,0,0,0,0,0,0,0,0,0,0,0,0,0,0,1,-1,,,,,,,,,,1,0,0,0,0,0,0,0,0,0,0,0,0,0,1,0,1,0,0,0,0,1,0,0,0,0,0,0,0,0,0,0,0,0,0,0,0,0,0,0,0,0,1,0,0,0,0,0,0,0,0,0,0,0,0,0,0,0,1,0,1,0,0,0,0,0,,0,0,0,,1,0,0,0,0,0,0,0,0,0,0,0,0,0,0,0,0,0,0,0,0,0,0,0,0,0,0,0,0,0,0,0,0,0,0,0,0,0,0,0,0,0,0,0,0,0,0,0,0,0,0,0,0,0,FALSE,TRUE,TRUE,,Hole High Right,,,
Torrey Pines - South - Black,9,1/31/2026,Torrey Pines - South Course,Torrey Pines - South - Black - 9,,Jason Day,,Jason Day - Torrey Pines South - Round 3- 1/31/26,Jason Day – Torrey Pines - South Course – 1/31/26,,5,4,,,,310,⬅️ Left,checked,checked,96,,,,,,,,,,,,,,,,1,,,,,,,,,10.9,↙️ Short Left,1,10.5,,,,,,,Black,615,7,-1,78.8,78.8,148,18 Holes,10.9,,,10.9,0,0,5,-1,1,4,5,0,,,Birdie,0,Jason Day – Torrey Pines - South Course – 1/31/26,1,1,0,Jason Day,1,0%,0,0,0,1,0,0,0,0,0,0,0,0,0,0,0,0,0,1,1,0,0,0,0,0,0,0,0,1,1,1,0,1,0,0,0,0,0,0,0,0,0,0,0,0,0,0,0,0,0,0,0,0,0,0,1,,,,,,,-1,,,,0,0,0,0,0,0,0,0,1,0,1,0,0,0,0,0,0,0,0,0,0,0,0,0,0,0,0,0,0,0,0,0,0,1,0,0,0,0,0,0,0,0,0,1,0,0,0,0,0,0,0,0,0,0,0,1,0,0,1,0,0,0,0,0,1,0,,0,0,0,,0,0,0,0,0,0,0,0,0,0,0,0,0,1,0,0,0,0,0,0,0,0,0,0,0,0,0,0,0,0,0,0,0,0,0,0,0,0,0,0,0,0,0,0,0,0,0,0,0,0,0,0,0,0,FALSE,TRUE,TRUE,,Short Left,Left,,
Torrey Pines - South - Black,7,2/1/2026,Torrey Pines - South Course,Torrey Pines - South - Black - 7,,Jason Day,,Jason Day - Torrey Pines South - Round 4- 2/1/26,Jason Day – Torrey Pines - South Course – 2/1/26,,4,3,,,,296,➡️ Right,checked,checked,146,,,,,,,,,,,,,,,,,,,,,,,,,6,⬆️ Long,1,6,,,,,,,Black,462,1,-1,78.8,78.8,148,18 Holes,6,,6,,1,1,4,-1,1,3,4,0,,,Birdie,0,Jason Day – Torrey Pines - South Course – 2/1/26,1,1,0,Jason Day,1,0%,0,0,0,1,0,0,0,0,0,0,0,0,0,0,0,0,0,0,1,0,0,0,0,0,0,0,0,1,0,0,0,1,0,0,0,0,0,0,0,0,0,0,0,0,0,0,0,0,0,0,0,0,0,0,1,,,-1,,,,,,,,0,0,1,0,0,0,0,0,0,0,1,0,0,0,0,0,0,0,0,0,0,0,0,0,0,0,0,1,0,0,0,0,0,0,0,0,0,0,0,0,0,0,0,1,0,0,0,0,0,0,0,0,0,0,1,0,0,0,1,1,0,0,1,1,0,0,,0,0,0,,0,0,0,0,0,0,1,0,0,0,0,0,0,0,0,0,0,0,0,0,0,0,0,0,0,0,0,0,0,0,0,0,0,0,0,0,0,0,0,0,0,0,0,0,0,0,0,0,0,0,0,0,0,0,FALSE,TRUE,TRUE,,Long,Right,,
Torrey Pines - South - Black,18,2/1/2026,Torrey Pines - South Course,Torrey Pines - South - Black - 18,,Jason Day,,Jason Day - Torrey Pines South - Round 4- 2/1/26,Jason Day – Torrey Pines - South Course – 2/1/26,,5,4,,,,304,⬅️ Left,checked,checked,84,,,,,,,,,,,,,,,,,,,,,,,,,3.8,⬆️ Long,1,3.8,,,,,,,Black,570,10,-1,78.8,78.8,148,18 Holes,3.8,,,3.8,1,1,5,-1,0,,,1,4,5,Birdie,0,Jason Day – Torrey Pines - South Course – 2/1/26,1,1,0,Jason Day,1,0%,0,0,0,1,0,0,0,0,0,0,0,0,0,0,0,0,0,0,1,0,0,0,0,0,0,0,0,1,0,0,0,1,0,0,0,0,0,0,0,0,0,0,0,0,0,0,0,0,0,0,0,0,0,0,1,,,,,,,-1,,,,0,0,0,0,0,0,0,0,1,0,1,0,0,0,0,0,0,0,0,0,0,0,0,0,0,0,0,0,0,0,0,0,0,1,0,0,0,0,0,0,0,0,1,0,0,0,0,0,0,0,0,0,0,0,0,1,0,0,1,1,0,0,0,0,1,1,,0,0,0,,0,0,0,0,0,0,0,0,0,0,0,0,0,1,0,0,0,0,0,0,0,0,0,0,0,0,0,0,0,0,0,0,0,0,0,0,0,0,0,0,0,0,0,0,0,0,0,0,0,0,0,0,0,0,FALSE,TRUE,TRUE,,Long,Left,,
Torrey Pines - South - Black,6,2/1/2026,Torrey Pines - South Course,Torrey Pines - South - Black - 6,,Jason Day,,Jason Day - Torrey Pines South - Round 4- 2/1/26,Jason Day – Torrey Pines - South Course – 2/1/26,,5,4,,,checked,290,,checked,checked,272,,3W,,,checked,,,,,,,,,,,,,,,,,,,,35.7,⬅️ Hole High Left,2,2,2,,,,,,Black,564,9,-1,78.8,78.8,148,18 Holes,35.7,,,35.7,0,0,5,-1,1,4,5,0,,,Birdie,1,Jason Day – Torrey Pines - South Course – 2/1/26,1,1,1,Jason Day,1,100%,1,0,0,1,0,0,0,0,0,0,0,0,0,0,0,0,0,0,0,1,0,0,0,0,1,0,0,0,0,0,0,0,0,0,0,0,0,1,0,0,0,0,0,0,0,0,0,0,0,0,0,0,0,0,1,,,,,,,,,,-1,0,0,0,0,0,0,1,0,0,0,0,0,0,1,1,0,1,0,1,0,0,0,0,0,0,0,0,0,0,0,0,0,0,1,0,0,0,0,0,0,0,0,0,0,0,0,0,0,0,0,1,0,0,0,0,1,0,1,0,0,0,0,0,0,0,0,,0,0,0,,0,0,0,0,0,0,0,0,0,0,0,0,0,0,0,0,0,0,0,0,0,0,0,0,0,0,0,0,1,0,0,0,0,0,0,0,0,0,0,0,0,0,0,0,0,0,0,0,0,0,0,0,0,0,TRUE,TRUE,TRUE,,Hole High Left,,,
TPC Scottsdale - Black,10,2/5/2026,TPC Scottsdale - Stadium ,TPC Scottsdale - Black - 10,,Scottie Scheffler,,Scottie Scheffler - TPC Scottsdale - Round 1 -2/5/26,Scottie Scheffler – TPC Scottsdale - Stadium  – 2/5/26,,4,3,,,checked,335,,checked,checked,100,,,,,,,,,,,,,,,,,,,,,,,,,2.7,Tight (3 feet or less) ,1,2.7,,,,,,,Black,428,11,-1,74.7,74.7,142,18 Holes,2.7,,2.7,,1,1,4,-1,0,,,1,3,4,Birdie,1,Scottie Scheffler – TPC Scottsdale - Stadium  – 2/5/26,1,1,0,Scottie Scheffler,1,100%,1,0,0,1,0,0,0,0,0,0,0,0,0,0,0,0,0,0,1,0,0,0,0,0,1,0,0,0,0,0,0,1,0,0,0,0,0,0,0,0,0,0,0,0,0,0,0,0,0,0,0,0,0,0,1,,,,,,-1,,,,,0,0,0,0,0,1,0,0,0,0,0,0,0,1,1,0,1,0,1,0,0,0,0,0,0,0,0,1,0,0,0,0,0,0,0,0,0,0,0,0,0,0,0,0,0,0,0,0,1,0,0,0,0,0,1,0,1,0,1,1,0,0,1,1,0,0,,0,0,0,,0,0,0,0,0,0,1,0,0,0,0,0,0,0,0,0,0,0,0,0,0,0,0,0,0,0,0,0,0,0,0,0,0,0,0,0,0,0,0,0,0,0,0,0,0,0,0,0,0,0,0,0,0,0,TRUE,TRUE,TRUE,,Tight (3 feet or less),,,
TPC Scottsdale - Black,15,2/5/2026,TPC Scottsdale - Stadium ,TPC Scottsdale - Black - 15,,Scottie Scheffler,,Scottie Scheffler - TPC Scottsdale - Round 1 -2/5/26,Scottie Scheffler – TPC Scottsdale - Stadium  – 2/5/26,,5,4,,,checked,332,,checked,checked,30,,,,,,,,223,,,,,,,,,1,,,1,,,,60 Degree Wedge,4.5,⬅️ Hole High Left,1,4.5,,,,,,,Black,553,9,-1,74.7,74.7,142,18 Holes,4.5,,,4.5,1,1,5,-1,0,,,1,4,5,Birdie,1,Scottie Scheffler – TPC Scottsdale - Stadium  – 2/5/26,1,1,0,Scottie Scheffler,1,100%,1,0,0,1,0,0,0,0,0,0,0,0,0,0,0,0,0,1,1,0,0,0,0,0,1,0,0,0,1,1,0,1,0,0,0,0,0,0,0,0,0,0,0,0,0,0,0,0,0,0,0,0,0,0,1,,,,,,,,,,-1,0,0,0,0,0,0,1,0,0,0,0,0,0,1,1,0,1,0,1,0,0,0,0,0,0,0,0,0,0,0,0,0,0,1,0,0,0,0,0,0,0,0,0,0,0,0,0,0,0,0,0,0,1,0,0,1,0,1,1,1,0,0,0,0,1,1,,0,0,0,,0,0,0,0,0,0,0,0,0,0,0,0,0,1,0,0,0,0,0,0,0,0,0,0,0,0,0,0,0,0,0,0,0,0,0,0,0,0,0,0,0,0,0,0,0,0,0,0,0,0,0,0,0,0,TRUE,TRUE,TRUE,,Hole High Left,,,
TPC Scottsdale - Black,17,2/5/2026,TPC Scottsdale - Stadium ,TPC Scottsdale - Black - 17,,Scottie Scheffler,,Scottie Scheffler - TPC Scottsdale - Round 1 -2/5/26,Scottie Scheffler – TPC Scottsdale - Stadium  – 2/5/26,,4,3,,,checked,301,,checked,checked,38,,,,,,,,,,,,,,,,,,,,,,,,,12.5,⬆️ Long,1,12.5,,,,,,,Black,332,13,-1,74.7,74.7,142,18 Holes,12.5,,12.5,,0,0,4,-1,0,,,1,3,4,Birdie,1,Scottie Scheffler – TPC Scottsdale - Stadium  – 2/5/26,1,1,0,Scottie Scheffler,1,100%,1,0,0,1,0,0,0,0,0,0,0,0,0,0,0,0,0,0,1,0,0,0,0,0,1,0,0,0,0,0,0,1,0,0,0,0,0,0,0,0,0,0,0,0,0,0,0,0,0,0,0,0,0,0,1,,,,,,-1,,,,,0,0,0,0,0,1,0,0,0,0,0,0,0,1,1,0,1,0,1,0,0,0,0,0,0,0,0,1,0,0,0,0,0,0,0,0,0,0,0,0,0,0,1,0,0,0,0,0,0,0,0,0,0,0,1,0,1,0,1,0,0,0,1,0,0,0,,0,0,0,,0,0,0,0,0,0,1,0,0,0,0,0,0,0,0,0,0,0,0,0,0,0,0,0,0,0,0,0,0,0,0,0,0,0,0,0,0,0,0,0,0,0,0,0,0,0,0,0,0,0,0,0,0,0,TRUE,TRUE,TRUE,,Long,,,
TPC Scottsdale - Black,3,2/5/2026,TPC Scottsdale - Stadium ,TPC Scottsdale - Black - 3,,Scottie Scheffler,,Scottie Scheffler - TPC Scottsdale - Round 1 -2/5/26,Scottie Scheffler – TPC Scottsdale - Stadium  – 2/5/26,,5,4,,,checked,372,,checked,checked,5,,,,,,,,195,,,,,,,,,,,,1,,,,60 Degree Wedge,2.8,Tight (3 feet or less) ,1,2.8,,,,,,,Black,558,4,-1,74.7,74.7,142,18 Holes,2.8,,,2.8,1,1,5,-1,1,4,5,0,,,Birdie,1,Scottie Scheffler – TPC Scottsdale - Stadium  – 2/5/26,1,1,0,Scottie Scheffler,1,100%,1,0,0,1,0,0,0,0,0,0,0,0,0,0,0,0,0,0,1,0,0,0,0,0,1,0,0,0,0,0,0,1,0,0,0,0,0,0,0,0,0,0,0,0,0,0,0,0,0,0,0,0,0,0,1,,,,,,,,,,-1,0,0,0,0,0,0,1,0,0,0,0,0,0,1,1,0,1,0,1,0,0,0,0,0,0,0,0,0,0,0,0,0,0,1,0,0,0,0,0,0,0,0,0,0,1,0,0,0,0,0,0,0,0,0,0,1,0,1,1,1,0,0,0,0,1,1,,0,0,0,,0,0,0,0,0,0,0,0,0,0,0,0,0,1,0,0,0,0,0,0,0,0,0,0,0,0,0,0,0,0,0,0,0,0,0,0,0,0,0,0,0,0,0,0,0,0,0,0,0,0,0,0,0,0,TRUE,TRUE,TRUE,,Tight (3 feet or less),,,
TPC Scottsdale - Black,13,2/5/2026,TPC Scottsdale - Stadium ,TPC Scottsdale - Black - 13,,Scottie Scheffler,,Scottie Scheffler - TPC Scottsdale - Round 1 -2/5/26,Scottie Scheffler – TPC Scottsdale - Stadium  – 2/5/26,,5,4,,,checked,323,,checked,checked,45,,,,,,,,246,,,,,,,,,,,,1,,,,60 Degree Wedge,12.9,⬇️ Short,1,12.9,,,,,,,Black,558,5,-1,74.7,74.7,142,18 Holes,12.9,,,12.9,0,0,5,-1,0,,,1,4,5,Birdie,1,Scottie Scheffler – TPC Scottsdale - Stadium  – 2/5/26,1,1,0,Scottie Scheffler,1,100%,1,0,0,1,0,0,0,0,0,0,0,0,0,0,0,0,0,0,1,0,0,0,0,0,1,0,0,0,0,0,0,1,0,0,0,0,0,0,0,0,0,0,0,0,0,0,0,0,0,0,0,0,0,0,1,,,,,,,,,,-1,0,0,0,0,0,0,1,0,0,0,0,0,0,1,1,0,1,0,1,0,0,0,0,0,0,0,0,0,0,0,0,0,0,1,0,0,0,0,0,0,0,0,0,0,0,0,0,0,0,0,0,0,1,0,0,1,0,1,1,0,0,0,0,0,1,0,,0,0,0,,0,0,0,0,0,0,0,0,0,0,0,0,0,1,0,0,0,0,0,0,0,0,0,0,0,0,0,0,0,0,0,0,0,0,0,0,0,0,0,0,0,0,0,0,0,0,0,0,0,0,0,0,0,0,TRUE,TRUE,TRUE,,Short,,,
TPC Scottsdale - Black,5,2/6/2026,TPC Scottsdale - Stadium ,TPC Scottsdale - Black - 5,,Scottie Scheffler,,Scottie Scheffler - TPC Scottsdale - Round 2 -2/6/26,Scottie Scheffler – TPC Scottsdale - Stadium  – 2/6/26,,4,3,,,checked,347,,checked,checked,128,,,,,,,,,,,,,,,,,,,,,,,,,3.8,⬅️ Hole High Left,1,3.8,,,,,,,Black,470,6,-1,74.7,74.7,142,18 Holes,3.8,,3.8,,1,1,4,-1,1,3,4,0,,,Birdie,1,Scottie Scheffler – TPC Scottsdale - Stadium  – 2/6/26,1,1,0,Scottie Scheffler,1,100%,1,0,0,1,0,0,0,0,0,0,0,0,0,0,0,0,0,0,1,0,0,0,0,0,1,0,0,0,0,0,0,1,0,0,0,0,0,0,0,0,0,0,0,0,0,0,0,0,0,0,0,0,0,0,1,,,,,,-1,,,,,0,0,0,0,0,1,0,0,0,0,0,0,0,1,1,0,1,0,1,0,0,0,0,0,0,0,0,1,0,0,0,0,0,0,0,0,0,0,0,0,0,0,0,0,0,0,0,0,0,0,1,0,0,0,1,0,1,0,1,1,0,0,1,1,0,0,,0,0,0,,0,0,0,0,0,0,1,0,0,0,0,0,0,0,0,0,0,0,0,0,0,0,0,0,0,0,0,0,0,0,0,0,0,0,0,0,0,0,0,0,0,0,0,0,0,0,0,0,0,0,0,0,0,0,TRUE,TRUE,TRUE,,Hole High Left,,,
TPC Scottsdale - Black,9,2/6/2026,TPC Scottsdale - Stadium ,TPC Scottsdale - Black - 9,,Scottie Scheffler,,Scottie Scheffler - TPC Scottsdale - Round 2 -2/6/26,Scottie Scheffler – TPC Scottsdale - Stadium  – 2/6/26,,4,3,,,checked,365,,checked,checked,92,,,,,,,,,,,,,,,,,,,,,,,,,17.9,➡️ Hole High Right,1,17.9,,,,,,,Black,453,10,-1,74.7,74.7,142,18 Holes,17.9,,17.9,,0,0,4,-1,1,3,4,0,,,Birdie,1,Scottie Scheffler – TPC Scottsdale - Stadium  – 2/6/26,1,1,0,Scottie Scheffler,1,100%,1,0,0,1,0,0,0,0,0,0,0,0,0,0,0,0,0,0,1,0,0,0,0,0,1,0,0,0,0,0,0,1,0,0,0,0,0,0,0,0,0,0,0,0,0,0,0,0,0,0,0,0,0,0,1,,,,,,-1,,,,,0,0,0,0,0,1,0,0,0,0,0,0,0,1,1,0,1,0,1,0,0,0,0,0,0,0,0,1,0,0,0,0,0,0,0,0,0,0,0,0,0,0,0,1,0,0,0,0,0,0,0,0,0,0,1,0,1,0,1,0,0,0,1,0,0,0,,0,0,0,,0,0,0,0,0,0,1,0,0,0,0,0,0,0,0,0,0,0,0,0,0,0,0,0,0,0,0,0,0,0,0,0,0,0,0,0,0,0,0,0,0,0,0,0,0,0,0,0,0,0,0,0,0,0,TRUE,TRUE,TRUE,,Hole High Right,,,
TPC Scottsdale - Black,18,2/6/2026,TPC Scottsdale - Stadium ,TPC Scottsdale - Black - 18,,Scottie Scheffler,,Scottie Scheffler - TPC Scottsdale - Round 2 -2/6/26,Scottie Scheffler – TPC Scottsdale - Stadium  – 2/6/26,,4,3,,,checked,335,,checked,checked,91,,,,,,,,,,,,,,,,,,,,,,,,,3.5,⬅️ Hole High Left,1,3.5,,,,,,,Black,442,3,-1,74.7,74.7,142,18 Holes,3.5,,3.5,,1,1,4,-1,0,,,1,3,4,Birdie,1,Scottie Scheffler – TPC Scottsdale - Stadium  – 2/6/26,1,1,0,Scottie Scheffler,1,100%,1,0,0,1,0,0,0,0,0,0,0,0,0,0,0,0,0,0,1,0,0,0,0,0,1,0,0,0,0,0,0,1,0,0,0,0,0,0,0,0,0,0,0,0,0,0,0,0,0,0,0,0,0,0,1,,,,,,-1,,,,,0,0,0,0,0,1,0,0,0,0,0,0,0,1,1,0,1,0,1,0,0,0,0,0,0,0,0,1,0,0,0,0,0,0,0,0,0,0,0,0,0,0,1,0,0,0,0,0,0,0,0,0,0,0,1,0,1,0,1,1,0,0,1,1,0,0,,0,0,0,,0,0,0,0,0,0,1,0,0,0,0,0,0,0,0,0,0,0,0,0,0,0,0,0,0,0,0,0,0,0,0,0,0,0,0,0,0,0,0,0,0,0,0,0,0,0,0,0,0,0,0,0,0,0,TRUE,TRUE,TRUE,,Hole High Left,,,
TPC Scottsdale - Black,10,2/6/2026,TPC Scottsdale - Stadium ,TPC Scottsdale - Black - 10,,Scottie Scheffler,,Scottie Scheffler - TPC Scottsdale - Round 2 -2/6/26,Scottie Scheffler – TPC Scottsdale - Stadium  – 2/6/26,,4,3,,,checked,297,,checked,checked,112,,,,,,,,,,,,,,,,,,,,,,,,,17.2,➡️ Hole High Right,1,17.2,,,,,,,Black,428,11,-1,74.7,74.7,142,18 Holes,17.2,,17.2,,0,0,4,-1,0,,,1,3,4,Birdie,1,Scottie Scheffler – TPC Scottsdale - Stadium  – 2/6/26,1,1,0,Scottie Scheffler,1,100%,1,0,0,1,0,0,0,0,0,0,0,0,0,0,0,0,0,0,1,0,0,0,0,0,1,0,0,0,0,0,0,1,0,0,0,0,0,0,0,0,0,0,0,0,0,0,0,0,0,0,0,0,0,0,1,,,,,,-1,,,,,0,0,0,0,0,1,0,0,0,0,0,0,0,1,1,0,1,0,1,0,0,0,0,0,0,0,0,1,0,0,0,0,0,0,0,0,0,0,0,0,0,0,0,0,0,0,0,0,1,0,0,0,0,0,1,0,1,0,1,0,0,0,1,0,0,0,,0,0,0,,0,0,0,0,0,0,1,0,0,0,0,0,0,0,0,0,0,0,0,0,0,0,0,0,0,0,0,0,0,0,0,0,0,0,0,0,0,0,0,0,0,0,0,0,0,0,0,0,0,0,0,0,0,0,TRUE,TRUE,TRUE,,Hole High Right,,,
TPC Scottsdale - Black,13,2/6/2026,TPC Scottsdale - Stadium ,TPC Scottsdale - Black - 13,,Scottie Scheffler,,Scottie Scheffler - TPC Scottsdale - Round 2 -2/6/26,Scottie Scheffler – TPC Scottsdale - Stadium  – 2/6/26,,5,4,,,checked,341,,checked,checked,212,,,,,checked,,,,,,,,,,,,,,,,,,,,31,⬅️ Hole High Left,2,1.3,1.3,,,,,,Black,558,5,-1,74.7,74.7,142,18 Holes,31,,,31,0,0,5,-1,0,,,1,4,5,Birdie,1,Scottie Scheffler – TPC Scottsdale - Stadium  – 2/6/26,1,1,1,Scottie Scheffler,1,100%,1,0,0,1,0,0,0,0,0,0,0,0,0,0,0,0,0,0,0,1,0,0,0,0,1,0,0,0,0,0,0,0,0,0,0,0,0,1,0,0,0,0,0,0,0,0,0,0,0,0,0,0,0,0,1,,,,,,,,,,-1,0,0,0,0,0,0,1,0,0,0,0,0,0,1,1,0,1,0,1,0,0,0,0,0,0,0,0,0,0,0,0,0,0,1,0,0,0,0,0,0,0,0,0,0,0,0,0,0,0,0,0,0,1,0,0,1,0,1,0,0,0,0,0,0,0,0,,0,0,0,,0,0,0,0,0,0,0,0,0,0,0,0,0,0,0,0,0,0,0,0,0,0,0,0,0,0,0,0,1,0,0,0,0,0,0,0,0,0,0,0,0,0,0,0,0,0,0,0,0,0,0,0,0,0,TRUE,TRUE,TRUE,,Hole High Left,,,
TPC Scottsdale - Black,15,2/6/2026,TPC Scottsdale - Stadium ,TPC Scottsdale - Black - 15,,Scottie Scheffler,,Scottie Scheffler - TPC Scottsdale - Round 2 -2/6/26,Scottie Scheffler – TPC Scottsdale - Stadium  – 2/6/26,,5,4,,,checked,325,,checked,checked,24,,,,,,,,238,,,,,,,,,1,,,,,,,60 Degree Wedge,1.9,Tight (3 feet or less) ,1,1.9,,,,,,,Black,553,9,-1,74.7,74.7,142,18 Holes,1.9,,,1.9,1,1,5,-1,0,,,1,4,5,Birdie,1,Scottie Scheffler – TPC Scottsdale - Stadium  – 2/6/26,1,1,0,Scottie Scheffler,1,100%,1,0,0,1,0,0,0,0,0,0,0,0,0,0,0,0,0,1,1,0,0,0,0,0,1,0,0,0,1,1,0,1,0,0,0,0,0,0,0,0,0,0,0,0,0,0,0,0,0,0,0,0,0,0,1,,,,,,,,,,-1,0,0,0,0,0,0,1,0,0,0,0,0,0,1,1,0,1,0,1,0,0,0,0,0,0,0,0,0,0,0,0,0,0,1,0,0,0,0,0,0,0,0,0,0,0,0,0,0,0,0,0,0,1,0,0,1,0,1,1,1,0,0,0,0,1,1,,0,0,0,,0,0,0,0,0,0,0,0,0,0,0,0,0,1,0,0,0,0,0,0,0,0,0,0,0,0,0,0,0,0,0,0,0,0,0,0,0,0,0,0,0,0,0,0,0,0,0,0,0,0,0,0,0,0,TRUE,TRUE,TRUE,,Tight (3 feet or less),,,
TPC Scottsdale - Black,10,2/7/2026,TPC Scottsdale - Stadium ,TPC Scottsdale - Black - 10,,Scottie Scheffler,,Scottie Scheffler - TPC Scottsdale - Round 3 -2/7/26,Scottie Scheffler – TPC Scottsdale - Stadium  – 2/7/26,,4,3,,,checked,284,,,,155,,,↙️ Short Left,,,,,,,,,,,,,,1,1,60 Degree Wedge,,,,,,0,Hole Out,0,0,,,,16,Greenside Bunker,60,Black,428,11,-1,74.7,74.7,142,18 Holes,,,,,1,0,4,-1,0,,,1,3,4,Birdie,1,Scottie Scheffler – TPC Scottsdale - Stadium  – 2/7/26,0,0,0,Scottie Scheffler,1,100%,0,0,0,1,0,0,0,0,1,1,1,1,1,1,1,1,1,1,0,0,0,0,1,0,0,0,0,0,1,1,0,0,0,0,0,0,0,0,0,0,0,0,0,0,0,0,0,0,0,0,0,0,0,0,0,,,,-1,,,,,,,0,0,0,0,1,0,0,0,0,0,0,0,1,0,0,0,0,0,0,0,0,0,0,0,0,0,0,1,0,0,0,0,0,0,0,0,0,0,0,0,0,0,0,0,0,0,0,0,1,0,0,0,0,0,0,0,1,0,0,0,0,0,0,0,0,0,,0,0,0,,0,0,0,0,0,0,0,0,0,0,0,0,0,0,0,0,0,0,0,0,0,0,0,0,0,0,0,0,0,0,0,0,0,0,0,0,0,0,0,0,0,0,0,0,0,0,0,0,0,0,0,0,0,0,TRUE,FALSE,FALSE,Short Left,Hole Out,,,
TPC Scottsdale - Black,11,2/7/2026,TPC Scottsdale - Stadium ,TPC Scottsdale - Black - 11,,Scottie Scheffler,,Scottie Scheffler - TPC Scottsdale - Round 3 -2/7/26,Scottie Scheffler – TPC Scottsdale - Stadium  – 2/7/26,,4,3,,,checked,306,,checked,checked,163,,,,,,,,,,,,,,,,,,,,,,,,,16,⬆️ Long,1,16,,,,,,,Black,472,1,-1,74.7,74.7,142,18 Holes,16,,16,,0,0,4,-1,0,,,1,3,4,Birdie,1,Scottie Scheffler – TPC Scottsdale - Stadium  – 2/7/26,1,1,0,Scottie Scheffler,1,100%,1,0,0,1,0,0,0,0,0,0,0,0,0,0,0,0,0,0,1,0,0,0,0,0,1,0,0,0,0,0,0,1,0,0,0,0,0,0,0,0,0,0,0,0,0,0,0,0,0,0,0,0,0,0,1,,,,,,-1,,,,,0,0,0,0,0,1,0,0,0,0,0,0,0,1,1,0,1,0,1,0,0,0,0,0,0,0,0,1,0,0,0,0,0,0,0,0,0,0,0,0,0,0,0,0,0,0,0,0,1,0,0,0,0,0,1,0,1,0,1,0,0,0,1,0,0,0,,0,0,0,,0,0,0,0,0,0,1,0,0,0,0,0,0,0,0,0,0,0,0,0,0,0,0,0,0,0,0,0,0,0,0,0,0,0,0,0,0,0,0,0,0,0,0,0,0,0,0,0,0,0,0,0,0,0,TRUE,TRUE,TRUE,,Long,,,
TPC Scottsdale - Black,15,2/7/2026,TPC Scottsdale - Stadium ,TPC Scottsdale - Black - 15,,Scottie Scheffler,,Scottie Scheffler - TPC Scottsdale - Round 3 -2/7/26,Scottie Scheffler – TPC Scottsdale - Stadium  – 2/7/26,,5,4,,,checked,331,,checked,checked,26,,,,,,,,241,,,,,,,,,,,,1,,,,Putter,6,⬇️ Short,1,6,,,,,,,Black,553,9,-1,74.7,74.7,142,18 Holes,6,,,6,1,1,5,-1,0,,,1,4,5,Birdie,1,Scottie Scheffler – TPC Scottsdale - Stadium  – 2/7/26,1,1,0,Scottie Scheffler,1,100%,1,0,0,1,0,0,0,0,0,0,0,0,0,0,0,0,0,0,1,0,0,0,0,0,1,0,0,0,0,0,0,1,0,0,0,0,0,0,0,0,0,0,0,0,0,0,0,0,0,0,0,0,0,0,1,,,,,,,,,,-1,0,0,0,0,0,0,1,0,0,0,0,0,0,1,1,0,1,0,1,0,0,0,0,0,0,0,0,0,0,0,0,0,0,1,0,0,0,0,0,0,0,0,0,0,0,0,0,0,0,0,0,0,1,0,0,1,0,1,1,1,0,0,0,0,1,1,,0,0,0,,0,0,0,0,0,0,0,0,0,0,0,0,0,1,0,0,0,0,0,0,0,0,0,0,0,0,0,0,0,0,0,0,0,0,0,0,0,0,0,0,0,0,0,0,0,0,0,0,0,0,0,0,0,0,TRUE,TRUE,TRUE,,Short,,,
TPC Scottsdale - Black,8,2/7/2026,TPC Scottsdale - Stadium ,TPC Scottsdale - Black - 8,,Scottie Scheffler,,Scottie Scheffler - TPC Scottsdale - Round 3 -2/7/26,Scottie Scheffler – TPC Scottsdale - Stadium  – 2/7/26,,4,3,,,,312,➡️ Right,checked,checked,172,,,,,,,,,,,,,,,,,,,,,,,,,8.9,⬅️ Hole High Left,1,8.9,,,,,,,Black,475,2,-1,74.7,74.7,142,18 Holes,8.9,,8.9,,1,1,4,-1,1,3,4,0,,,Birdie,0,Scottie Scheffler – TPC Scottsdale - Stadium  – 2/7/26,1,1,0,Scottie Scheffler,1,0%,0,0,0,1,0,0,0,0,0,0,0,0,0,0,0,0,0,0,1,0,0,0,0,0,0,0,0,1,0,0,0,1,0,0,0,0,0,0,0,0,0,0,0,0,0,0,0,0,0,0,0,0,0,0,1,,,-1,,,,,,,,0,0,1,0,0,0,0,0,0,0,1,0,0,0,0,0,0,0,0,0,0,0,0,0,0,0,0,1,0,0,0,0,0,0,0,0,0,0,0,0,0,0,0,1,0,0,0,0,0,0,0,0,0,0,1,0,0,0,1,1,0,0,1,1,0,0,,0,0,0,,0,0,0,0,0,0,1,0,0,0,0,0,0,0,0,0,0,0,0,0,0,0,0,0,0,0,0,0,0,0,0,0,0,0,0,0,0,0,0,0,0,0,0,0,0,0,0,0,0,0,0,0,0,0,FALSE,TRUE,TRUE,,Hole High Left,Right,,
TPC Scottsdale - Black,13,2/7/2026,TPC Scottsdale - Stadium ,TPC Scottsdale - Black - 13,,Scottie Scheffler,,Scottie Scheffler - TPC Scottsdale - Round 3 -2/7/26,Scottie Scheffler – TPC Scottsdale - Stadium  – 2/7/26,,5,4,,,,352,➡️ Right,checked,checked,191,,,,,checked,,,,,,,,,,,,,,,,,,,,39.6,➡️ Hole High Right,2,2,2,,,,,,Black,558,5,-1,74.7,74.7,142,18 Holes,39.6,,,39.6,0,0,5,-1,0,,,1,4,5,Birdie,0,Scottie Scheffler – TPC Scottsdale - Stadium  – 2/7/26,1,1,1,Scottie Scheffler,1,0%,0,0,0,1,0,0,0,0,0,0,0,0,0,0,0,0,0,0,0,1,0,0,0,0,0,0,0,1,0,0,0,0,0,0,0,0,0,1,0,0,0,0,0,0,0,0,0,0,0,0,0,0,0,0,1,,,,,,,-1,,,,0,0,0,0,0,0,0,0,1,0,1,0,0,0,0,0,0,0,0,0,0,0,0,0,0,0,0,0,0,0,0,0,0,1,0,0,0,0,0,0,0,0,0,0,0,0,0,0,0,0,0,0,1,0,0,1,0,0,0,0,0,0,0,0,0,0,,0,0,0,,0,0,0,0,0,0,0,0,0,0,0,0,0,0,0,0,0,0,0,0,0,0,0,0,0,0,0,0,1,0,0,0,0,0,0,0,0,0,0,0,0,0,0,0,0,0,0,0,0,0,0,0,0,0,FALSE,TRUE,TRUE,,Hole High Right,Right,,
Pete Dye Stadium Course - Black,1,1/24/2026,Pete Dye Stadium Course,Pete Dye Stadium Course - Black - 1,,Scottie Scheffler,2026 -01 - American Express - Scottie Scheffler,Scottie Scheffler - Pete Dye Stadium - Round 3 -1/24/26,Scottie Scheffler – Pete Dye Stadium Course – 1/24/26,,4,4,,,,308,⬅️ Left,checked,checked,135,,,,,,,,,,,,,,,,,,,,,,,,,14.1,↘️ Short Right,2,1.8,1.8,,,,,,Black,445,9,0,76.1,76.1,150,18 Holes,14.1,,14.1,,0,0,4,0,1,4,4,0,,,Par,0,Scottie Scheffler – Pete Dye Stadium Course – 1/24/26,1,1,0,Scottie Scheffler,1,0%,0,0,0,0,1,0,0,0,0,0,0,0,0,0,0,0,0,0,0,1,0,0,0,0,0,0,0,0,0,0,0,0,0,0,0,0,0,0,1,0,0,0,0,0,0,0,0,0,0,0,0,0,0,0,1,,,0,,,,,,,,0,0,1,0,0,0,0,0,0,0,1,0,0,0,0,0,0,0,0,0,0,0,0,0,0,0,0,0,1,0,0,0,0,0,0,0,0,0,0,0,0,0,0,0,1,0,0,0,0,0,0,0,0,0,1,0,0,0,1,0,0,0,1,0,0,0,,0,0,0,,0,0,0,0,0,0,0,0,0,0,0,0,0,0,0,0,0,0,0,0,0,0,0,1,0,0,0,0,0,0,0,0,0,0,0,0,0,0,0,0,0,0,0,0,0,0,0,0,0,0,0,0,0,0,FALSE,TRUE,TRUE,,Short Right,Left,,
Pete Dye Stadium Course - Black,9,1/24/2026,Pete Dye Stadium Course,Pete Dye Stadium Course - Black - 9,,Scottie Scheffler,2026 -01 - American Express - Scottie Scheffler,Scottie Scheffler - Pete Dye Stadium - Round 3 -1/24/26,Scottie Scheffler – Pete Dye Stadium Course – 1/24/26,,4,4,,,,306,⬅️ Left,checked,checked,156,,,,,,,,,,,,,,,,,,,,,,,,,29.5,➡️ Hole High Right,2,1.5,1.5,,,,,,Black,452,1,0,76.1,76.1,150,18 Holes,29.5,,29.5,,0,0,4,0,1,4,4,0,,,Par,0,Scottie Scheffler – Pete Dye Stadium Course – 1/24/26,1,1,0,Scottie Scheffler,1,0%,0,0,0,0,1,0,0,0,0,0,0,0,0,0,0,0,0,0,0,1,0,0,0,0,0,0,0,0,0,0,0,0,0,0,0,0,0,0,1,0,0,0,0,0,0,0,0,0,0,0,0,0,0,0,1,,,0,,,,,,,,0,0,1,0,0,0,0,0,0,0,1,0,0,0,0,0,0,0,0,0,0,0,0,0,0,0,0,0,1,0,0,0,0,0,0,0,0,0,0,0,0,0,0,1,0,0,0,0,0,0,0,0,0,0,1,0,0,0,0,0,0,0,0,0,0,0,,0,0,0,,0,0,0,0,0,0,0,0,0,0,0,0,0,0,0,0,0,0,0,0,0,0,0,1,0,0,0,0,0,0,0,0,0,0,0,0,0,0,0,0,0,0,0,0,0,0,0,0,0,0,0,0,0,0,FALSE,TRUE,TRUE,,Hole High Right,Left,,
Pete Dye Stadium Course - Black,2,1/24/2026,Pete Dye Stadium Course,Pete Dye Stadium Course - Black - 2,,Scottie Scheffler,2026 -01 - American Express - Scottie Scheffler,Scottie Scheffler - Pete Dye Stadium - Round 3 -1/24/26,Scottie Scheffler – Pete Dye Stadium Course – 1/24/26,,4,4,,,checked,287,,checked,checked,86,,,,,,,,,,,,,,,,,,,,,,,,,36,⬆️ Long,2,1.8,1.8,,,,,,Black,371,15,0,76.1,76.1,150,18 Holes,36,,36,,0,0,4,0,1,4,4,0,,,Par,1,Scottie Scheffler – Pete Dye Stadium Course – 1/24/26,1,1,0,Scottie Scheffler,1,100%,1,0,0,0,1,0,0,0,0,0,0,0,0,0,0,0,0,0,0,1,0,0,0,1,0,0,0,0,0,0,0,0,0,0,0,0,0,0,1,0,0,0,0,0,0,0,0,0,0,0,0,0,0,0,1,,,,,,0,,,,,0,0,0,0,0,1,0,0,0,0,0,0,0,1,1,0,1,0,1,0,0,0,0,0,0,0,0,0,1,0,0,0,0,0,0,0,0,0,0,0,0,0,0,0,1,0,0,0,0,0,0,0,0,0,1,0,1,0,0,0,0,0,0,0,0,0,,0,0,0,,0,0,0,0,0,0,0,0,0,0,0,0,0,0,0,0,0,0,0,0,0,0,0,1,0,0,0,0,0,0,0,0,0,0,0,0,0,0,0,0,0,0,0,0,0,0,0,0,0,0,0,0,0,0,TRUE,TRUE,TRUE,,Long,,,
Pete Dye Stadium Course - Black,17,1/24/2026,Pete Dye Stadium Course,Pete Dye Stadium Course - Black - 17,,Scottie Scheffler,2026 -01 - American Express - Scottie Scheffler,Scottie Scheffler - Pete Dye Stadium - Round 3 -1/24/26,Scottie Scheffler – Pete Dye Stadium Course – 1/24/26,,3,3,,,,,,checked,checked,168,,,,,,,,,,,,,,,,,,,,,,,,,22,⬇️ Short,2,0.7,0.7,,,,,,Black,168,14,0,76.1,76.1,150,18 Holes,22,22,,,0,0,3,0,0,,,1,3,3,Par,0,Scottie Scheffler – Pete Dye Stadium Course – 1/24/26,1,1,0,Scottie Scheffler,0,N/A,0,0,0,0,1,0,0,0,0,0,0,0,0,0,0,0,0,0,0,1,0,0,0,1,0,0,0,0,0,0,0,0,0,0,0,0,0,0,1,0,0,0,0,0,0,0,0,0,0,0,0,0,0,0,1,0,,,,,,,,,,1,0,0,0,0,0,0,0,0,0,0,0,0,0,1,0,1,0,0,0,0,0,1,0,0,0,0,0,0,0,0,0,0,0,0,0,0,0,0,0,0,0,1,0,0,0,0,0,0,0,0,0,0,0,0,0,0,0,0,0,0,0,0,0,0,0,,0,0,0,,0,0,0,0,0,0,0,0,0,0,0,0,0,0,0,0,0,0,1,0,0,0,0,0,0,0,0,0,0,0,0,0,0,0,0,0,0,0,0,0,0,0,0,0,0,0,0,0,0,0,0,0,0,0,FALSE,TRUE,TRUE,,Short,,,
Pete Dye Stadium Course - Black,12,1/24/2026,Pete Dye Stadium Course,Pete Dye Stadium Course - Black - 12,,Scottie Scheffler,2026 -01 - American Express - Scottie Scheffler,Scottie Scheffler - Pete Dye Stadium - Round 3 -1/24/26,Scottie Scheffler – Pete Dye Stadium Course – 1/24/26,,4,4,,,checked,307,,checked,checked,63,,,,,,,,,,,,,,,,,,,,,,,,,30.5,➡️ Hole High Right,2,1.5,1.5,,,,,,Black,363,18,0,76.1,76.1,150,18 Holes,30.5,,30.5,,0,0,4,0,0,,,1,4,4,Par,1,Scottie Scheffler – Pete Dye Stadium Course – 1/24/26,1,1,0,Scottie Scheffler,1,100%,1,0,0,0,1,0,0,0,0,0,0,0,0,0,0,0,0,0,0,1,0,0,0,1,0,0,0,0,0,0,0,0,0,0,0,0,0,0,1,0,0,0,0,0,0,0,0,0,0,0,0,0,0,0,1,,,,,,0,,,,,0,0,0,0,0,1,0,0,0,0,0,0,0,1,1,0,1,0,1,0,0,0,0,0,0,0,0,0,1,0,0,0,0,0,0,0,0,0,0,0,0,0,0,0,0,0,0,0,1,0,0,0,0,0,1,0,1,0,0,0,0,0,0,0,0,0,,0,0,0,,0,0,0,0,0,0,0,0,0,0,0,0,0,0,0,0,0,0,0,0,0,0,0,1,0,0,0,0,0,0,0,0,0,0,0,0,0,0,0,0,0,0,0,0,0,0,0,0,0,0,0,0,0,0,TRUE,TRUE,TRUE,,Hole High Right,,,
Pete Dye Stadium Course - Black,6,1/24/2026,Pete Dye Stadium Course,Pete Dye Stadium Course - Black - 6,,Scottie Scheffler,2026 -01 - American Express - Scottie Scheffler,Scottie Scheffler - Pete Dye Stadium - Round 3 -1/24/26,Scottie Scheffler – Pete Dye Stadium Course – 1/24/26,,3,3,,,,,,,,198,,,↙️ Short Left,,,,,,,,,,,,,,,1,,,,,,,4.5,,1,4.5,,,,,,,Black,255,5,0,76.1,76.1,150,18 Holes,,,,,1,1,3,0,1,3,3,0,,,Par,0,Scottie Scheffler – Pete Dye Stadium Course – 1/24/26,0,0,0,Scottie Scheffler,0,N/A,0,0,0,0,1,0,0,0,1,1,1,1,1,1,1,1,1,0,1,0,0,0,0,0,0,0,1,0,0,0,0,0,1,0,0,0,0,0,0,0,0,0,0,0,0,0,0,0,0,0,0,0,0,0,1,,0,,,,,,,,,0,1,0,0,0,0,0,0,0,0,0,0,0,0,0,1,0,1,0,0,0,0,1,0,0,0,0,0,0,0,0,0,0,0,0,0,0,0,0,0,1,1,0,0,0,0,0,0,0,0,1,0,0,0,0,0,0,0,0,0,0,0,0,0,0,0,,1,0,0,,0,1,0,0,0,0,0,0,0,0,0,0,0,0,0,0,0,0,0,0,0,0,0,0,0,0,0,0,0,0,0,0,0,0,0,0,0,0,0,0,0,0,0,0,0,0,0,0,0,0,0,0,0,0,FALSE,FALSE,FALSE,Short Left,,,,
Pete Dye Stadium Course - Black,15,1/24/2026,Pete Dye Stadium Course,Pete Dye Stadium Course - Black - 15,,Scottie Scheffler,2026 -01 - American Express - Scottie Scheffler,Scottie Scheffler - Pete Dye Stadium - Round 3 -1/24/26,Scottie Scheffler – Pete Dye Stadium Course – 1/24/26,,4,4,,,checked,314,,checked,checked,145,,,,,,,,,,,,,,,,,,,,,,,,,10.5,➡️ Hole High Right,2,2.1,2.1,,,,,,Black,468,4,0,76.1,76.1,150,18 Holes,10.5,,10.5,,0,0,4,0,0,,,1,4,4,Par,1,Scottie Scheffler – Pete Dye Stadium Course – 1/24/26,1,1,0,Scottie Scheffler,1,100%,1,0,0,0,1,0,0,0,0,0,0,0,0,0,0,0,0,0,0,1,0,0,0,1,0,0,0,0,0,0,0,0,0,0,0,0,0,0,1,0,0,0,0,0,0,0,0,0,0,0,0,0,0,0,1,,,,,,0,,,,,0,0,0,0,0,1,0,0,0,0,0,0,0,1,1,0,1,0,1,0,0,0,0,0,0,0,0,0,1,0,0,0,0,0,0,0,0,0,0,0,0,0,0,0,0,0,0,0,0,0,0,0,1,0,1,0,1,0,1,0,0,0,1,0,0,0,,0,0,0,,0,0,0,0,0,0,0,0,0,0,0,0,0,0,0,0,0,0,0,0,0,0,0,1,0,0,0,0,0,0,0,0,0,0,0,0,0,0,0,0,0,0,0,0,0,0,0,0,0,0,0,0,0,0,TRUE,TRUE,TRUE,,Hole High Right,,,
Pete Dye Stadium Course - Black,4,1/24/2026,Pete Dye Stadium Course,Pete Dye Stadium Course - Black - 4,,Scottie Scheffler,2026 -01 - American Express - Scottie Scheffler,Scottie Scheffler - Pete Dye Stadium - Round 3 -1/24/26,Scottie Scheffler – Pete Dye Stadium Course – 1/24/26,,3,3,,,,,,checked,checked,169,,,,,,,,,,,,,,,,,,,,,,,,,22.9,⬇️ Short,2,0.5,0.5,,,,,,Black,192,17,0,76.1,76.1,150,18 Holes,22.9,22.9,,,0,0,3,0,1,3,3,0,,,Par,0,Scottie Scheffler – Pete Dye Stadium Course – 1/24/26,1,1,0,Scottie Scheffler,0,N/A,0,0,0,0,1,0,0,0,0,0,0,0,0,0,0,0,0,0,0,1,0,0,0,1,0,0,0,0,0,0,0,0,0,0,0,0,0,0,1,0,0,0,0,0,0,0,0,0,0,0,0,0,0,0,1,0,,,,,,,,,,1,0,0,0,0,0,0,0,0,0,0,0,0,0,1,0,1,0,0,0,0,0,1,0,0,0,0,0,0,0,0,0,0,0,0,0,0,0,0,0,0,0,0,0,0,0,0,0,0,0,1,0,0,0,0,0,0,0,0,0,0,0,0,0,0,0,,0,0,0,,0,0,0,0,0,0,0,0,0,0,0,0,0,0,0,0,0,0,1,0,0,0,0,0,0,0,0,0,0,0,0,0,0,0,0,0,0,0,0,0,0,0,0,0,0,0,0,0,0,0,0,0,0,0,FALSE,TRUE,TRUE,,Short,,,
Pete Dye Stadium Course - Black,18,1/24/2026,Pete Dye Stadium Course,Pete Dye Stadium Course - Black - 18,,Scottie Scheffler,2026 -01 - American Express - Scottie Scheffler,Scottie Scheffler - Pete Dye Stadium - Round 3 -1/24/26,Scottie Scheffler – Pete Dye Stadium Course – 1/24/26,,4,4,,,checked,271,,,,179,,,,,,,,,,,,,,,,,,1,,,,,,,25.5,⬅️ Hole High Left,1,25.5,,,,,,,Black,439,2,0,76.1,76.1,150,18 Holes,,,,,0,0,4,0,0,,,1,4,4,Par,1,Scottie Scheffler – Pete Dye Stadium Course – 1/24/26,0,0,0,Scottie Scheffler,1,100%,0,0,0,0,1,0,0,0,1,1,0,0,0,0,1,1,1,0,1,0,0,0,0,0,0,0,0,0,0,0,0,0,1,0,0,0,0,0,0,0,0,0,0,0,0,0,0,0,0,0,0,0,0,0,1,,,,0,,,,,,,0,0,0,0,1,0,0,0,0,0,0,0,1,0,0,0,0,0,0,0,0,0,0,0,0,0,0,0,1,0,0,0,0,0,0,0,0,0,0,0,1,1,1,0,0,0,0,0,0,0,0,0,0,0,0,0,1,0,0,0,0,0,0,0,0,0,,0,1,0,,0,0,0,0,0,0,0,1,0,0,0,0,0,0,0,0,0,0,0,0,0,0,0,0,0,0,0,0,0,0,0,0,0,0,0,0,0,0,0,0,0,0,0,0,0,0,0,0,0,0,0,0,0,0,TRUE,FALSE,FALSE,,Hole High Left,,,
Pete Dye Stadium Course - Black,14,1/24/2026,Pete Dye Stadium Course,Pete Dye Stadium Course - Black - 14,,Scottie Scheffler,2026 -01 - American Express - Scottie Scheffler,Scottie Scheffler - Pete Dye Stadium - Round 3 -1/24/26,Scottie Scheffler – Pete Dye Stadium Course – 1/24/26,,4,4,,,checked,286,,checked,checked,92,,,,,,,,,,,,,,,,,,,,,,,,,30.5,➡️ Hole High Right,2,2.5,2.5,,,,,,Black,389,12,0,76.1,76.1,150,18 Holes,30.5,,30.5,,0,0,4,0,0,,,1,4,4,Par,1,Scottie Scheffler – Pete Dye Stadium Course – 1/24/26,1,1,0,Scottie Scheffler,1,100%,1,0,0,0,1,0,0,0,0,0,0,0,0,0,0,0,0,0,0,1,0,0,0,1,0,0,0,0,0,0,0,0,0,0,0,0,0,0,1,0,0,0,0,0,0,0,0,0,0,0,0,0,0,0,1,,,,,,0,,,,,0,0,0,0,0,1,0,0,0,0,0,0,0,1,1,0,1,0,1,0,0,0,0,0,0,0,0,0,1,0,0,0,0,0,0,0,0,0,0,0,0,0,0,0,0,0,0,0,0,0,0,0,1,0,1,0,1,0,0,0,0,0,0,0,0,0,,0,0,0,,0,0,0,0,0,0,0,0,0,0,0,0,0,0,0,0,0,0,0,0,0,0,0,1,0,0,0,0,0,0,0,0,0,0,0,0,0,0,0,0,0,0,0,0,0,0,0,0,0,0,0,0,0,0,TRUE,TRUE,TRUE,,Hole High Right,,,
Pete Dye Stadium Course - Black,10,1/24/2026,Pete Dye Stadium Course,Pete Dye Stadium Course - Black - 10,,Scottie Scheffler,2026 -01 - American Express - Scottie Scheffler,Scottie Scheffler - Pete Dye Stadium - Round 4 - 1/25/26,Scottie Scheffler – Pete Dye Stadium Course – 1/25/26,,4,4,,,checked,308,,,,115,,,⬅️ Left,,,,,,,,,,,,,,,1,,,,,,,2.9,Tight (3 feet or less) ,1,2,,,,,,,Black,416,6,0,76.1,76.1,150,18 Holes,,,,,1,1,4,0,0,,,1,4,4,Par,1,Scottie Scheffler – Pete Dye Stadium Course – 1/24/26,0,0,0,Scottie Scheffler,1,100%,0,0,0,0,1,0,0,0,1,1,1,1,1,1,1,1,1,0,1,0,0,0,0,0,0,0,0,0,0,0,0,0,1,0,0,0,0,0,0,0,0,0,0,0,0,0,0,0,0,0,0,0,0,0,1,,,,0,,,,,,,0,0,0,0,1,0,0,0,0,0,0,0,1,0,0,0,0,0,0,0,0,0,0,0,0,0,0,0,1,0,0,0,0,0,0,0,0,0,0,0,1,1,0,0,0,0,0,0,1,0,0,0,0,0,0,0,1,0,0,0,0,0,0,0,0,0,,0,1,0,,0,0,0,0,0,0,0,1,0,0,0,0,0,0,0,0,0,0,0,0,0,0,0,0,0,0,0,0,0,0,0,0,0,0,0,0,0,0,0,0,0,0,0,0,0,0,0,0,0,0,0,0,0,0,TRUE,FALSE,FALSE,Left,Tight (3 feet or less),,,
Pete Dye Stadium Course - Black,18,1/24/2026,Pete Dye Stadium Course,Pete Dye Stadium Course - Black - 18,,Scottie Scheffler,2026 -01 - American Express - Scottie Scheffler,Scottie Scheffler - Pete Dye Stadium - Round 4 - 1/25/26,Scottie Scheffler – Pete Dye Stadium Course – 1/25/26,,4,4,,,,271,,,,184,,,↘️ Short Right,,,,,,,,,,,,,,,1,,,,,,,2.8,Tight (3 feet or less) ,1,2.8,,,,,,,Black,439,2,0,76.1,76.1,150,18 Holes,,,,,1,1,4,0,0,,,1,4,4,Par,0,Scottie Scheffler – Pete Dye Stadium Course – 1/24/26,0,0,0,Scottie Scheffler,1,0%,0,0,0,0,1,0,0,0,1,1,1,1,1,1,1,1,1,0,1,0,0,0,0,0,0,0,1,0,0,0,0,0,1,0,0,0,0,0,0,0,0,0,0,0,0,0,0,0,0,0,0,0,0,0,1,,,,,0,,,,,,0,0,0,1,0,0,0,0,0,0,0,1,0,0,0,1,0,1,0,1,0,0,0,0,0,0,0,0,1,0,0,0,0,0,0,0,0,0,0,0,1,1,1,0,0,0,0,0,0,0,0,0,0,0,0,0,0,0,0,0,0,0,0,0,0,0,,0,1,0,,0,0,0,0,0,0,0,1,0,0,0,0,0,0,0,0,0,0,0,0,0,0,0,0,0,0,0,0,0,0,0,0,0,0,0,0,0,0,0,0,0,0,0,0,0,0,0,0,0,0,0,0,0,0,FALSE,FALSE,FALSE,Short Right,Tight (3 feet or less),,,
Pete Dye Stadium Course - Black,13,1/24/2026,Pete Dye Stadium Course,Pete Dye Stadium Course - Black - 13,,Scottie Scheffler,2026 -01 - American Express - Scottie Scheffler,Scottie Scheffler - Pete Dye Stadium - Round 4 - 1/25/26,Scottie Scheffler – Pete Dye Stadium Course – 1/25/26,,3,3,,,,,,,,188,,,⬅️ Left,,,,,,,,,,,,,,,1,,,,,,,0.5,Tight (3 feet or less) ,1,0.5,,,,,,,Black,214,10,0,76.1,76.1,150,18 Holes,,,,,1,1,3,0,0,,,1,3,3,Par,0,Scottie Scheffler – Pete Dye Stadium Course – 1/24/26,0,0,0,Scottie Scheffler,0,N/A,0,0,0,0,1,0,0,0,1,1,1,1,1,1,1,1,1,0,1,0,0,0,0,0,0,0,1,0,0,0,0,0,1,0,0,0,0,0,0,0,0,0,0,0,0,0,0,0,0,0,0,0,0,0,1,,0,,,,,,,,,0,1,0,0,0,0,0,0,0,0,0,0,0,0,0,1,0,1,0,0,0,0,1,0,0,0,0,0,0,0,0,0,0,0,0,0,0,0,0,0,1,1,0,0,0,0,0,0,0,0,0,0,1,0,0,0,0,0,0,0,0,0,0,0,0,0,,1,0,0,,0,1,0,0,0,0,0,0,0,0,0,0,0,0,0,0,0,0,0,0,0,0,0,0,0,0,0,0,0,0,0,0,0,0,0,0,0,0,0,0,0,0,0,0,0,0,0,0,0,0,0,0,0,0,FALSE,FALSE,FALSE,Left,Tight (3 feet or less),,,
Pete Dye Stadium Course - Black,9,1/24/2026,Pete Dye Stadium Course,Pete Dye Stadium Course - Black - 9,,Scottie Scheffler,2026 -01 - American Express - Scottie Scheffler,Scottie Scheffler - Pete Dye Stadium - Round 4 - 1/25/26,Scottie Scheffler – Pete Dye Stadium Course – 1/25/26,,4,4,,,,302,⬅️ Left,checked,checked,184,,,,,,,,,,,,,,,,,,,,,,,,,21.5,⬇️ Short,2,3.5,3.5,,,,,,Black,452,1,0,76.1,76.1,150,18 Holes,21.5,,21.5,,0,0,4,0,1,4,4,0,,,Par,0,Scottie Scheffler – Pete Dye Stadium Course – 1/24/26,1,1,0,Scottie Scheffler,1,0%,0,0,0,0,1,0,0,0,0,0,0,0,0,0,0,0,0,0,0,1,0,0,0,0,0,0,0,0,0,0,0,0,0,0,0,0,0,0,1,0,0,0,0,0,0,0,0,0,0,0,0,0,0,0,1,,,0,,,,,,,,0,0,1,0,0,0,0,0,0,0,1,0,0,0,0,0,0,0,0,0,0,0,0,0,0,0,0,0,1,0,0,0,0,0,0,0,0,0,0,0,0,0,0,1,0,0,0,0,0,0,0,0,0,0,1,0,0,0,0,0,0,0,0,0,0,0,,0,0,0,,0,0,0,0,0,0,0,0,0,0,0,0,0,0,0,0,0,0,0,0,0,0,0,1,0,0,0,0,0,0,0,0,0,0,0,0,0,0,0,0,0,0,0,0,0,0,0,0,0,0,0,0,0,0,FALSE,TRUE,TRUE,,Short,Left,,
Pete Dye Stadium Course - Black,15,1/24/2026,Pete Dye Stadium Course,Pete Dye Stadium Course - Black - 15,,Scottie Scheffler,2026 -01 - American Express - Scottie Scheffler,Scottie Scheffler - Pete Dye Stadium - Round 4 - 1/25/26,Scottie Scheffler – Pete Dye Stadium Course – 1/25/26,,4,4,,,checked,350,,checked,checked,130,,,,,,,,,,,,,,,,,,,,,,,,,20,➡️ Hole High Right,2,0.5,0.5,,,,,,Black,468,4,0,76.1,76.1,150,18 Holes,20,,20,,0,0,4,0,0,,,1,4,4,Par,1,Scottie Scheffler – Pete Dye Stadium Course – 1/24/26,1,1,0,Scottie Scheffler,1,100%,1,0,0,0,1,0,0,0,0,0,0,0,0,0,0,0,0,0,0,1,0,0,0,1,0,0,0,0,0,0,0,0,0,0,0,0,0,0,1,0,0,0,0,0,0,0,0,0,0,0,0,0,0,0,1,,,,,,0,,,,,0,0,0,0,0,1,0,0,0,0,0,0,0,1,1,0,1,0,1,0,0,0,0,0,0,0,0,0,1,0,0,0,0,0,0,0,0,0,0,0,0,0,0,0,0,0,0,0,0,0,0,0,1,0,1,0,1,0,1,0,0,0,1,0,0,0,,0,0,0,,0,0,0,0,0,0,0,0,0,0,0,0,0,0,0,0,0,0,0,0,0,0,0,1,0,0,0,0,0,0,0,0,0,0,0,0,0,0,0,0,0,0,0,0,0,0,0,0,0,0,0,0,0,0,TRUE,TRUE,TRUE,,Hole High Right,,,
Pete Dye Stadium Course - Black,3,1/24/2026,Pete Dye Stadium Course,Pete Dye Stadium Course - Black - 3,,Scottie Scheffler,2026 -01 - American Express - Scottie Scheffler,Scottie Scheffler - Pete Dye Stadium - Round 4 - 1/25/26,Scottie Scheffler – Pete Dye Stadium Course – 1/25/26,,4,4,,,,321,➡️ Right,,,137,,,➡️ Right,,,,,,,,,,,,,,,1,,,,,,,1.8,⬅️ Hole High Left,1,1.8,,,,,,,Black,471,3,0,76.1,76.1,150,18 Holes,,,,,1,1,4,0,1,4,4,0,,,Par,0,Scottie Scheffler – Pete Dye Stadium Course – 1/24/26,0,0,0,Scottie Scheffler,1,0%,0,0,0,0,1,0,0,0,1,1,1,1,1,1,1,1,1,0,1,0,0,0,0,0,0,0,1,0,0,0,0,0,1,0,0,0,0,0,0,0,0,0,0,0,0,0,0,0,0,0,0,0,0,0,1,,,,,0,,,,,,0,0,0,1,0,0,0,0,0,0,0,1,0,0,0,1,0,1,0,1,0,0,0,0,0,0,0,0,1,0,0,0,0,0,0,0,0,0,0,0,1,1,0,0,1,0,0,0,0,0,0,0,0,0,0,0,0,0,0,0,0,0,0,0,0,0,,0,1,0,,0,0,0,0,0,0,0,1,0,0,0,0,0,0,0,0,0,0,0,0,0,0,0,0,0,0,0,0,0,0,0,0,0,0,0,0,0,0,0,0,0,0,0,0,0,0,0,0,0,0,0,0,0,0,FALSE,FALSE,FALSE,Right,Hole High Left,Right,,
Pete Dye Stadium Course - Black,6,1/24/2026,Pete Dye Stadium Course,Pete Dye Stadium Course - Black - 6,,Scottie Scheffler,2026 -01 - American Express - Scottie Scheffler,Scottie Scheffler - Pete Dye Stadium - Round 4 - 1/25/26,Scottie Scheffler – Pete Dye Stadium Course – 1/25/26,,3,3,,,,,,,,229,,,⬅️ Left,,,,,,,,,,,,,,,1,,,,,,,6.5,⬅️ Hole High Left,1,6.5,,,,,,,Black,255,5,0,76.1,76.1,150,18 Holes,,,,,1,1,3,0,1,3,3,0,,,Par,0,Scottie Scheffler – Pete Dye Stadium Course – 1/24/26,0,0,0,Scottie Scheffler,0,N/A,0,0,0,0,1,0,0,0,1,1,1,1,0,0,1,1,1,0,1,0,0,0,0,0,0,0,1,0,0,0,0,0,1,0,0,0,0,0,0,0,0,0,0,0,0,0,0,0,0,0,0,0,0,0,1,,0,,,,,,,,,0,1,0,0,0,0,0,0,0,0,0,0,0,0,0,1,0,1,0,0,0,0,1,0,0,0,0,0,0,0,0,0,0,0,0,0,0,0,0,0,1,1,0,0,0,0,0,0,0,0,1,0,0,0,0,0,0,0,0,0,0,0,0,0,0,0,,1,0,0,,0,1,0,0,0,0,0,0,0,0,0,0,0,0,0,0,0,0,0,0,0,0,0,0,0,0,0,0,0,0,0,0,0,0,0,0,0,0,0,0,0,0,0,0,0,0,0,0,0,0,0,0,0,0,FALSE,FALSE,FALSE,Left,Hole High Left,,,
Pete Dye Stadium Course - Black,4,1/22/2026,Pete Dye Stadium Course,Pete Dye Stadium Course - Black - 4,,Jason Day,2026 -01 - American Express - Jason Day,Jason Day - Pete Dye Stadium - Round 1 -1/22/26,Jason Day – Pete Dye Stadium Course – 1/22/26,,3,3,,,,,,checked,checked,180,,,,,,,,,,,,,,,,,,,,,,,,,25,⬅️ Hole High Left,2,2,2,,,,,,Black,192,17,0,76.1,76.1,150,18 Holes,25,25,,,0,0,3,0,1,3,3,0,,,Par,0,Jason Day – Pete Dye Stadium Course – 1/22/26,1,1,0,Jason Day,0,N/A,0,0,0,0,1,0,0,0,0,0,0,0,0,0,0,0,0,0,0,1,0,0,0,1,0,0,0,0,0,0,0,0,0,0,0,0,0,0,1,0,0,0,0,0,0,0,0,0,0,0,0,0,0,0,1,0,,,,,,,,,,1,0,0,0,0,0,0,0,0,0,0,0,0,0,1,0,1,0,0,0,0,0,1,0,0,0,0,0,0,0,0,0,0,0,0,0,0,0,0,0,0,0,0,0,0,0,0,0,0,0,1,0,0,0,0,0,0,0,0,0,0,0,0,0,0,0,,0,0,0,,0,0,0,0,0,0,0,0,0,0,0,0,0,0,0,0,0,0,1,0,0,0,0,0,0,0,0,0,0,0,0,0,0,0,0,0,0,0,0,0,0,0,0,0,0,0,0,0,0,0,0,0,0,0,FALSE,TRUE,TRUE,,Hole High Left,,,
Pete Dye Stadium Course - Black,6,1/22/2026,Pete Dye Stadium Course,Pete Dye Stadium Course - Black - 6,,Jason Day,2026 -01 - American Express - Jason Day,Jason Day - Pete Dye Stadium - Round 1 -1/22/26,Jason Day – Pete Dye Stadium Course – 1/22/26,,3,3,,,,,,checked,checked,198,,,,,,,,,,,,,,,,,,,,,,,,,56,↙️ Short Left,2,4.5,4.5,,,,,,Black,255,5,0,76.1,76.1,150,18 Holes,56,56,,,0,0,3,0,1,3,3,0,,,Par,0,Jason Day – Pete Dye Stadium Course – 1/22/26,1,1,0,Jason Day,0,N/A,0,0,0,0,1,0,0,0,0,0,0,0,0,0,0,0,0,0,0,1,0,0,0,1,0,0,0,0,0,0,0,0,0,0,0,0,0,0,1,0,0,0,0,0,0,0,0,0,0,0,0,0,0,0,1,0,,,,,,,,,,1,0,0,0,0,0,0,0,0,0,0,0,0,0,1,0,1,0,0,0,0,0,1,0,0,0,0,0,0,0,0,0,0,0,0,0,0,0,0,0,0,0,0,0,0,0,0,0,0,0,1,0,0,0,0,0,0,0,0,0,0,0,0,0,0,0,,0,0,0,,0,0,0,0,0,0,0,0,0,0,0,0,0,0,0,0,0,0,1,0,0,0,0,0,0,0,0,0,0,0,0,0,0,0,0,0,0,0,0,0,0,0,0,0,0,0,0,0,0,0,0,0,0,0,FALSE,TRUE,TRUE,,Short Left,,,
Pete Dye Stadium Course - Black,16,1/22/2026,Pete Dye Stadium Course,Pete Dye Stadium Course - Black - 16,,Jason Day,2026 -01 - American Express - Jason Day,Jason Day - Pete Dye Stadium - Round 1 -1/22/26,Jason Day – Pete Dye Stadium Course – 1/22/26,,5,5,,,,290,⬅️ Left,checked,checked,47,,,,,,,,,,,,,,,,,,,,,,,,,16,⬅️ Hole High Left,2,0.5,0.5,,,,,,Black,566,16,0,76.1,76.1,150,18 Holes,16,,,16,0,0,5,0,0,,,1,5,5,Par,0,Jason Day – Pete Dye Stadium Course – 1/22/26,1,1,0,Jason Day,1,0%,0,0,0,0,1,0,0,0,0,0,0,0,0,0,0,0,0,0,0,1,0,0,0,0,0,0,0,0,0,0,0,0,0,0,0,0,0,0,1,0,0,0,0,0,0,0,0,0,0,0,0,0,0,0,1,,,,,,,0,,,,0,0,0,0,0,0,0,0,1,0,1,0,0,0,0,0,0,0,0,0,0,0,0,0,0,0,0,0,0,0,0,0,0,0,1,0,0,0,0,0,0,0,1,0,0,0,0,0,0,0,0,0,0,0,0,1,0,0,1,0,0,0,0,0,1,0,,0,0,0,,0,0,0,0,0,0,0,0,0,0,0,0,0,0,0,0,0,0,0,0,0,0,0,0,0,0,0,0,0,1,0,0,0,0,0,0,0,0,0,0,0,0,0,0,0,0,0,0,0,0,0,0,0,0,FALSE,TRUE,TRUE,,Hole High Left,Left,,
Pete Dye Stadium Course - Black,11,1/22/2026,Pete Dye Stadium Course,Pete Dye Stadium Course - Black - 11,,Jason Day,2026 -01 - American Express - Jason Day,Jason Day - Pete Dye Stadium - Round 1 -1/22/26,Jason Day – Pete Dye Stadium Course – 1/22/26,,5,5,,,checked,308,,checked,checked,47,,,,,,,,,,,,,,,,,,,,,,,,,20.7,↘️ Short Right,2,1.8,1.8,,,,,,Black,617,8,0,76.1,76.1,150,18 Holes,20.7,,,20.7,0,0,5,0,0,,,1,5,5,Par,1,Jason Day – Pete Dye Stadium Course – 1/22/26,1,1,0,Jason Day,1,100%,1,0,0,0,1,0,0,0,0,0,0,0,0,0,0,0,0,0,0,1,0,0,0,1,0,0,0,0,0,0,0,0,0,0,0,0,0,0,1,0,0,0,0,0,0,0,0,0,0,0,0,0,0,0,1,,,,,,,,,,0,0,0,0,0,0,0,1,0,0,0,0,0,0,1,1,0,1,0,1,0,0,0,0,0,0,0,0,0,0,0,0,0,0,0,1,0,0,0,0,0,0,0,0,0,0,0,0,0,1,0,0,0,0,0,0,1,0,1,0,0,0,0,0,0,0,0,,0,0,0,,0,0,0,0,0,0,0,0,0,0,0,0,0,0,0,0,0,0,0,0,0,0,0,0,0,0,0,0,0,1,0,0,0,0,0,0,0,0,0,0,0,0,0,0,0,0,0,0,0,0,0,0,0,0,TRUE,TRUE,TRUE,,Short Right,,,
Pete Dye Stadium Course - Black,12,1/22/2026,Pete Dye Stadium Course,Pete Dye Stadium Course - Black - 12,,Jason Day,2026 -01 - American Express - Jason Day,Jason Day - Pete Dye Stadium - Round 1 -1/22/26,Jason Day – Pete Dye Stadium Course – 1/22/26,,4,4,,,checked,232,,checked,checked,132,,,,,,,,,,,,,,,,,,,,,,,,,22.5,↘️ Short Right,2,1.6,1.6,,,,,,Black,363,18,0,76.1,76.1,150,18 Holes,22.5,,22.5,,0,0,4,0,0,,,1,4,4,Par,1,Jason Day – Pete Dye Stadium Course – 1/22/26,1,1,0,Jason Day,1,100%,1,0,0,0,1,0,0,0,0,0,0,0,0,0,0,0,0,0,0,1,0,0,0,1,0,0,0,0,0,0,0,0,0,0,0,0,0,0,1,0,0,0,0,0,0,0,0,0,0,0,0,0,0,0,1,,,,,,0,,,,,0,0,0,0,0,1,0,0,0,0,0,0,0,1,1,0,1,0,1,0,0,0,0,0,0,0,0,0,1,0,0,0,0,0,0,0,0,0,0,0,0,0,0,0,0,0,0,0,1,0,0,0,0,0,1,0,1,0,0,0,0,0,0,0,0,0,,0,0,0,,0,0,0,0,0,0,0,0,0,0,0,0,0,0,0,0,0,0,0,0,0,0,0,1,0,0,0,0,0,0,0,0,0,0,0,0,0,0,0,0,0,0,0,0,0,0,0,0,0,0,0,0,0,0,TRUE,TRUE,TRUE,,Short Right,,,
Pete Dye Stadium Course - Black,13,1/22/2026,Pete Dye Stadium Course,Pete Dye Stadium Course - Black - 13,,Jason Day,2026 -01 - American Express - Jason Day,Jason Day - Pete Dye Stadium - Round 1 -1/22/26,Jason Day – Pete Dye Stadium Course – 1/22/26,,3,3,,,,,,checked,checked,219,,,,,,,,,,,,,,,,,,,,,,,,,30.1,⬆️ Long,2,1.5,1.5,,,,,,Black,214,10,0,76.1,76.1,150,18 Holes,30.1,30.1,,,0,0,3,0,0,,,1,3,3,Par,0,Jason Day – Pete Dye Stadium Course – 1/22/26,1,1,0,Jason Day,0,N/A,0,0,0,0,1,0,0,0,0,0,0,0,0,0,0,0,0,0,0,1,0,0,0,1,0,0,0,0,0,0,0,0,0,0,0,0,0,0,1,0,0,0,0,0,0,0,0,0,0,0,0,0,0,0,1,0,,,,,,,,,,1,0,0,0,0,0,0,0,0,0,0,0,0,0,1,0,1,0,0,0,0,0,1,0,0,0,0,0,0,0,0,0,0,0,0,0,0,0,0,0,0,0,0,0,0,0,0,0,0,0,0,0,1,0,0,0,0,0,0,0,0,0,0,0,0,0,,0,0,0,,0,0,0,0,0,0,0,0,0,0,0,0,0,0,0,0,0,0,1,0,0,0,0,0,0,0,0,0,0,0,0,0,0,0,0,0,0,0,0,0,0,0,0,0,0,0,0,0,0,0,0,0,0,0,FALSE,TRUE,TRUE,,Long,,,
Pete Dye Stadium Course - Black,15,1/22/2026,Pete Dye Stadium Course,Pete Dye Stadium Course - Black - 15,,Jason Day,2026 -01 - American Express - Jason Day,Jason Day - Pete Dye Stadium - Round 1 -1/22/26,Jason Day – Pete Dye Stadium Course – 1/22/26,,4,4,,,,295,⬅️ Left,,,172,,,↙️ Short Left,,,,,,,,,,,,,,1,1,,,,,,,4.5,➡️ Hole High Right,1,4.5,,,,,,,Black,468,4,0,76.1,76.1,150,18 Holes,,,,,1,1,4,0,0,,,1,4,4,Par,0,Jason Day – Pete Dye Stadium Course – 1/22/26,0,0,0,Jason Day,1,0%,0,0,0,0,1,0,0,0,1,1,1,1,1,1,1,1,1,1,1,0,0,0,0,0,0,0,1,0,1,1,0,0,1,0,0,0,0,0,0,0,0,0,0,0,0,0,0,0,0,0,0,0,0,0,1,,,,,0,,,,,,0,0,0,1,0,0,0,0,0,0,0,1,0,0,0,1,0,1,0,1,0,0,0,0,0,0,0,0,1,0,0,0,0,0,0,0,0,0,0,0,1,1,0,0,0,0,0,0,0,0,0,0,1,0,0,0,0,0,0,0,0,0,0,0,0,0,,0,1,0,,0,0,0,0,0,0,0,1,0,0,0,0,0,0,0,0,0,0,0,0,0,0,0,0,0,0,0,0,0,0,0,0,0,0,0,0,0,0,0,0,0,0,0,0,0,0,0,0,0,0,0,0,0,0,FALSE,FALSE,FALSE,Short Left,Hole High Right,Left,,
Pete Dye Stadium Course - Black,1,1/24/2026,Pete Dye Stadium Course,Pete Dye Stadium Course - Black - 1,,Jason Day,2026 -01 - American Express - Jason Day,Jason Day - Pete Dye Stadium - Round 4 - 1/25/26,Jason Day – Pete Dye Stadium Course – 1/25/26,,4,4,,,,280,⬅️ Left,checked,checked,163,,,,,,,,,,,,,,,,,,,,,,,,,40.3,➡️ Hole High Right,2,3.1,3.1,,,,,,Black,445,9,0,76.1,76.1,150,18 Holes,40.3,,40.3,,0,0,4,0,1,4,4,0,,,Par,0,Jason Day – Pete Dye Stadium Course – 1/24/26,1,1,0,Jason Day,1,0%,0,0,0,0,1,0,0,0,0,0,0,0,0,0,0,0,0,0,0,1,0,0,0,0,0,0,0,0,0,0,0,0,0,0,0,0,0,0,1,0,0,0,0,0,0,0,0,0,0,0,0,0,0,0,1,,,0,,,,,,,,0,0,1,0,0,0,0,0,0,0,1,0,0,0,0,0,0,0,0,0,0,0,0,0,0,0,0,0,1,0,0,0,0,0,0,0,0,0,0,0,0,0,0,0,1,0,0,0,0,0,0,0,0,0,1,0,0,0,0,0,0,0,0,0,0,0,,0,0,0,,0,0,0,0,0,0,0,0,0,0,0,0,0,0,0,0,0,0,0,0,0,0,0,1,0,0,0,0,0,0,0,0,0,0,0,0,0,0,0,0,0,0,0,0,0,0,0,0,0,0,0,0,0,0,FALSE,TRUE,TRUE,,Hole High Right,Left,,
Pete Dye Stadium Course - Black,9,1/24/2026,Pete Dye Stadium Course,Pete Dye Stadium Course - Black - 9,,Jason Day,2026 -01 - American Express - Jason Day,Jason Day - Pete Dye Stadium - Round 4 - 1/25/26,Jason Day – Pete Dye Stadium Course – 1/25/26,,4,4,,,checked,294,,checked,checked,168,,,,,,,,,,,,,,,,,,,,,,,,,30,⬅️ Hole High Left,2,1.5,1.5,,,,,,Black,452,1,0,76.1,76.1,150,18 Holes,30,,30,,0,0,4,0,1,4,4,0,,,Par,1,Jason Day – Pete Dye Stadium Course – 1/24/26,1,1,0,Jason Day,1,100%,1,0,0,0,1,0,0,0,0,0,0,0,0,0,0,0,0,0,0,1,0,0,0,1,0,0,0,0,0,0,0,0,0,0,0,0,0,0,1,0,0,0,0,0,0,0,0,0,0,0,0,0,0,0,1,,,,,,0,,,,,0,0,0,0,0,1,0,0,0,0,0,0,0,1,1,0,1,0,1,0,0,0,0,0,0,0,0,0,1,0,0,0,0,0,0,0,0,0,0,0,0,0,0,1,0,0,0,0,0,0,0,0,0,0,1,0,1,0,0,0,0,0,0,0,0,0,,0,0,0,,0,0,0,0,0,0,0,0,0,0,0,0,0,0,0,0,0,0,0,0,0,0,0,1,0,0,0,0,0,0,0,0,0,0,0,0,0,0,0,0,0,0,0,0,0,0,0,0,0,0,0,0,0,0,TRUE,TRUE,TRUE,,Hole High Left,,,
Pete Dye Stadium Course - Black,4,1/24/2026,Pete Dye Stadium Course,Pete Dye Stadium Course - Black - 4,,Jason Day,2026 -01 - American Express - Jason Day,Jason Day - Pete Dye Stadium - Round 4 - 1/25/26,Jason Day – Pete Dye Stadium Course – 1/25/26,,3,3,,,,,,,,164,,,⬅️ Left,,,,,,,,,,,,,,,,,,,,,,4,⬅️ Hole High Left,1,4,,,,,,,Black,192,17,0,76.1,76.1,150,18 Holes,,,,,1,1,3,0,1,3,3,0,,,Par,0,Jason Day – Pete Dye Stadium Course – 1/24/26,0,0,0,Jason Day,0,N/A,0,0,0,0,1,0,0,0,0,0,0,0,0,0,1,1,1,0,1,0,0,0,0,0,0,0,1,0,0,0,0,0,1,0,0,0,0,0,0,0,0,0,0,0,0,0,0,0,0,0,0,0,0,0,1,,0,,,,,,,,,0,1,0,0,0,0,0,0,0,0,0,0,0,0,0,1,0,1,0,0,0,0,1,0,0,0,0,0,0,0,0,0,0,0,0,0,0,0,0,0,1,1,0,0,0,0,0,0,0,0,1,0,0,0,0,0,0,0,0,0,0,0,0,0,0,0,,1,0,0,,0,1,0,0,0,0,0,0,0,0,0,0,0,0,0,0,0,0,0,0,0,0,0,0,0,0,0,0,0,0,0,0,0,0,0,0,0,0,0,0,0,0,0,0,0,0,0,0,0,0,0,0,0,0,FALSE,FALSE,FALSE,Left,Hole High Left,,,
Pete Dye Stadium Course - Black,17,1/24/2026,Pete Dye Stadium Course,Pete Dye Stadium Course - Black - 17,,Jason Day,2026 -01 - American Express - Jason Day,Jason Day - Pete Dye Stadium - Round 4 - 1/25/26,Jason Day – Pete Dye Stadium Course – 1/25/26,,3,3,,,,,,checked,checked,160,,,,,,,,,,,,,,,,,,,,,,,,,38.4,⬇️ Short,2,2,2,,,,,,Black,168,14,0,76.1,76.1,150,18 Holes,38.4,38.4,,,0,0,3,0,0,,,1,3,3,Par,0,Jason Day – Pete Dye Stadium Course – 1/24/26,1,1,0,Jason Day,0,N/A,0,0,0,0,1,0,0,0,0,0,0,0,0,0,0,0,0,0,0,1,0,0,0,1,0,0,0,0,0,0,0,0,0,0,0,0,0,0,1,0,0,0,0,0,0,0,0,0,0,0,0,0,0,0,1,0,,,,,,,,,,1,0,0,0,0,0,0,0,0,0,0,0,0,0,1,0,1,0,0,0,0,0,1,0,0,0,0,0,0,0,0,0,0,0,0,0,0,0,0,0,0,0,1,0,0,0,0,0,0,0,0,0,0,0,0,0,0,0,0,0,0,0,0,0,0,0,,0,0,0,,0,0,0,0,0,0,0,0,0,0,0,0,0,0,0,0,0,0,1,0,0,0,0,0,0,0,0,0,0,0,0,0,0,0,0,0,0,0,0,0,0,0,0,0,0,0,0,0,0,0,0,0,0,0,FALSE,TRUE,TRUE,,Short,,,
Pete Dye Stadium Course - Black,13,1/24/2026,Pete Dye Stadium Course,Pete Dye Stadium Course - Black - 13,,Jason Day,2026 -01 - American Express - Jason Day,Jason Day - Pete Dye Stadium - Round 4 - 1/25/26,Jason Day – Pete Dye Stadium Course – 1/25/26,,3,3,,,,,,checked,checked,194,,,,,,,,,,,,,,,,,,,,,,,,,47.8,⬇️ Short,2,5.5,5.5,,,,,,Black,214,10,0,76.1,76.1,150,18 Holes,47.8,47.8,,,0,0,3,0,0,,,1,3,3,Par,0,Jason Day – Pete Dye Stadium Course – 1/24/26,1,1,0,Jason Day,0,N/A,0,0,0,0,1,0,0,0,0,0,0,0,0,0,0,0,0,0,0,1,0,0,0,1,0,0,0,0,0,0,0,0,0,0,0,0,0,0,1,0,0,0,0,0,0,0,0,0,0,0,0,0,0,0,1,0,,,,,,,,,,1,0,0,0,0,0,0,0,0,0,0,0,0,0,1,0,1,0,0,0,0,0,1,0,0,0,0,0,0,0,0,0,0,0,0,0,0,0,0,0,0,0,0,0,0,0,0,0,0,0,0,0,1,0,0,0,0,0,0,0,0,0,0,0,0,0,,0,0,0,,0,0,0,0,0,0,0,0,0,0,0,0,0,0,0,0,0,0,1,0,0,0,0,0,0,0,0,0,0,0,0,0,0,0,0,0,0,0,0,0,0,0,0,0,0,0,0,0,0,0,0,0,0,0,FALSE,TRUE,TRUE,,Short,,,
Pete Dye Stadium Course - Black,14,1/24/2026,Pete Dye Stadium Course,Pete Dye Stadium Course - Black - 14,,Jason Day,2026 -01 - American Express - Jason Day,Jason Day - Pete Dye Stadium - Round 4 - 1/25/26,Jason Day – Pete Dye Stadium Course – 1/25/26,,4,4,,,checked,311,,checked,checked,83,,,,,,,,,,,,,,,,,,,,,,,,,15.1,⬅️ Hole High Left,2,3.5,3.5,,,,,,Black,389,12,0,76.1,76.1,150,18 Holes,15.1,,15.1,,0,0,4,0,0,,,1,4,4,Par,1,Jason Day – Pete Dye Stadium Course – 1/24/26,1,1,0,Jason Day,1,100%,1,0,0,0,1,0,0,0,0,0,0,0,0,0,0,0,0,0,0,1,0,0,0,1,0,0,0,0,0,0,0,0,0,0,0,0,0,0,1,0,0,0,0,0,0,0,0,0,0,0,0,0,0,0,1,,,,,,0,,,,,0,0,0,0,0,1,0,0,0,0,0,0,0,1,1,0,1,0,1,0,0,0,0,0,0,0,0,0,1,0,0,0,0,0,0,0,0,0,0,0,0,0,0,0,0,0,0,0,0,0,0,0,1,0,1,0,1,0,1,0,0,0,1,0,0,0,,0,0,0,,0,0,0,0,0,0,0,0,0,0,0,0,0,0,0,0,0,0,0,0,0,0,0,1,0,0,0,0,0,0,0,0,0,0,0,0,0,0,0,0,0,0,0,0,0,0,0,0,0,0,0,0,0,0,TRUE,TRUE,TRUE,,Hole High Left,,,
Pete Dye Stadium Course - Black,12,1/24/2026,Pete Dye Stadium Course,Pete Dye Stadium Course - Black - 12,,Jason Day,2026 -01 - American Express - Jason Day,Jason Day - Pete Dye Stadium - Round 4 - 1/25/26,Jason Day – Pete Dye Stadium Course – 1/25/26,,4,4,,,checked,215,,checked,checked,125,,,,,,,,,,,,,,,,,,,,,,,,,12.5,⬅️ Hole High Left,2,2,2,,,,,,Black,363,18,0,76.1,76.1,150,18 Holes,12.5,,12.5,,0,0,4,0,0,,,1,4,4,Par,1,Jason Day – Pete Dye Stadium Course – 1/24/26,1,1,0,Jason Day,1,100%,1,0,0,0,1,0,0,0,0,0,0,0,0,0,0,0,0,0,0,1,0,0,0,1,0,0,0,0,0,0,0,0,0,0,0,0,0,0,1,0,0,0,0,0,0,0,0,0,0,0,0,0,0,0,1,,,,,,0,,,,,0,0,0,0,0,1,0,0,0,0,0,0,0,1,1,0,1,0,1,0,0,0,0,0,0,0,0,0,1,0,0,0,0,0,0,0,0,0,0,0,0,0,0,0,0,0,0,0,1,0,0,0,0,0,1,0,1,0,1,0,0,0,1,0,0,0,,0,0,0,,0,0,0,0,0,0,0,0,0,0,0,0,0,0,0,0,0,0,0,0,0,0,0,1,0,0,0,0,0,0,0,0,0,0,0,0,0,0,0,0,0,0,0,0,0,0,0,0,0,0,0,0,0,0,TRUE,TRUE,TRUE,,Hole High Left,,,
Pete Dye Stadium Course - Black,3,1/24/2026,Pete Dye Stadium Course,Pete Dye Stadium Course - Black - 3,,Jason Day,2026 -01 - American Express - Jason Day,Jason Day - Pete Dye Stadium - Round 4 - 1/25/26,Jason Day – Pete Dye Stadium Course – 1/25/26,,4,4,,,,315,➡️ Right,checked,checked,144,,,,,,,,,,,,,,,,,,,,,,,,,21,➡️ Hole High Right,2,1.8,1.8,,,,,,Black,471,3,0,76.1,76.1,150,18 Holes,21,,21,,0,0,4,0,1,4,4,0,,,Par,0,Jason Day – Pete Dye Stadium Course – 1/24/26,1,1,0,Jason Day,1,0%,0,0,0,0,1,0,0,0,0,0,0,0,0,0,0,0,0,0,0,1,0,0,0,0,0,0,0,0,0,0,0,0,0,0,0,0,0,0,1,0,0,0,0,0,0,0,0,0,0,0,0,0,0,0,1,,,0,,,,,,,,0,0,1,0,0,0,0,0,0,0,1,0,0,0,0,0,0,0,0,0,0,0,0,0,0,0,0,0,1,0,0,0,0,0,0,0,0,0,0,0,0,0,0,0,1,0,0,0,0,0,0,0,0,0,1,0,0,0,0,0,0,0,0,0,0,0,,0,0,0,,0,0,0,0,0,0,0,0,0,0,0,0,0,0,0,0,0,0,0,0,0,0,0,1,0,0,0,0,0,0,0,0,0,0,0,0,0,0,0,0,0,0,0,0,0,0,0,0,0,0,0,0,0,0,FALSE,TRUE,TRUE,,Hole High Right,Right,,
Pete Dye Stadium Course - Black,18,1/24/2026,Pete Dye Stadium Course,Pete Dye Stadium Course - Black - 18,,Jason Day,2026 -01 - American Express - Jason Day,Jason Day - Pete Dye Stadium - Round 4 - 1/25/26,Jason Day – Pete Dye Stadium Course – 1/25/26,,4,4,,,,270,➡️ Right,checked,checked,185,,,,,,,,,,,,,,,,,,,,,,,,,80.5,⬇️ Short,2,1.8,1.8,,,,,,Black,439,2,0,76.1,76.1,150,18 Holes,80.5,,80.5,,0,0,4,0,0,,,1,4,4,Par,0,Jason Day – Pete Dye Stadium Course – 1/24/26,1,1,0,Jason Day,1,0%,0,0,0,0,1,0,0,0,0,0,0,0,0,0,0,0,0,0,0,1,0,0,0,0,0,0,0,0,0,0,0,0,0,0,0,0,0,0,1,0,0,0,0,0,0,0,0,0,0,0,0,0,0,0,1,,,0,,,,,,,,0,0,1,0,0,0,0,0,0,0,1,0,0,0,0,0,0,0,0,0,0,0,0,0,0,0,0,0,1,0,0,0,0,0,0,0,0,0,0,0,0,0,1,0,0,0,0,0,0,0,0,0,0,0,1,0,0,0,0,0,0,0,0,0,0,0,,0,0,0,,0,0,0,0,0,0,0,0,0,0,0,0,0,0,0,0,0,0,0,0,0,0,0,1,0,0,0,0,0,0,0,0,0,0,0,0,0,0,0,0,0,0,0,0,0,0,0,0,0,0,0,0,0,0,FALSE,TRUE,TRUE,,Short,Right,,
Pete Dye Stadium Course - Black,11,1/24/2026,Pete Dye Stadium Course,Pete Dye Stadium Course - Black - 11,,Jason Day,2026 -01 - American Express - Jason Day,Jason Day - Pete Dye Stadium - Round 4 - 1/25/26,Jason Day – Pete Dye Stadium Course – 1/25/26,,5,5,,,checked,325,,checked,checked,20,,,,,,,,,,,,,,,,,,,,,,,,,20.8,➡️ Hole High Right,2,0.1,0.1,,,,,,Black,617,8,0,76.1,76.1,150,18 Holes,20.8,,,20.8,0,0,5,0,0,,,1,5,5,Par,1,Jason Day – Pete Dye Stadium Course – 1/24/26,1,1,0,Jason Day,1,100%,1,0,0,0,1,0,0,0,0,0,0,0,0,0,0,0,0,0,0,1,0,0,0,1,0,0,0,0,0,0,0,0,0,0,0,0,0,0,1,0,0,0,0,0,0,0,0,0,0,0,0,0,0,0,1,,,,,,,,,,0,0,0,0,0,0,0,1,0,0,0,0,0,0,1,1,0,1,0,1,0,0,0,0,0,0,0,0,0,0,0,0,0,0,0,1,0,0,0,0,0,0,0,0,0,0,0,0,0,1,0,0,0,0,0,0,1,0,1,0,0,0,0,0,0,0,0,,0,0,0,,0,0,0,0,0,0,0,0,0,0,0,0,0,0,0,0,0,0,0,0,0,0,0,0,0,0,0,0,0,1,0,0,0,0,0,0,0,0,0,0,0,0,0,0,0,0,0,0,0,0,0,0,0,0,TRUE,TRUE,TRUE,,Hole High Right,,,
Torrey Pines - North - Black,1,1/29/2026,Torrey Pines - North Course,Torrey Pines - North - Black - 1,,Jason Day,,Jason Day - Torrey Pines North - Round 1 -1/29/26,Jason Day – Torrey Pines - North Course – 1/29/26,,4,4,,,,,,checked,checked,,,,,,,,,,,,,,,,,,,,,,,,,,,,2,,,,,,,,Black,421,5,0,75.8,75.8,134,18 Holes,,,,,1,0,4,0,1,4,4,0,,,Par,0,Jason Day – Torrey Pines - North Course – 1/29/26,1,1,0,Jason Day,1,0%,0,0,0,0,1,0,0,0,0,0,0,0,0,0,0,0,0,0,0,1,0,0,0,0,0,0,0,0,0,0,0,0,0,0,0,0,0,0,1,0,0,0,0,0,0,0,0,0,0,0,0,0,0,0,1,,,0,,,,,,,,0,0,1,0,0,0,0,0,0,0,1,0,0,0,0,0,0,0,0,0,0,0,0,0,0,0,0,0,1,0,0,0,0,0,0,0,0,0,0,0,0,0,0,0,1,0,0,0,0,0,0,0,0,0,1,0,0,0,1,1,0,0,1,1,0,0,,0,0,0,,0,0,0,0,0,0,0,0,0,0,0,0,0,0,0,0,0,0,0,0,0,0,0,1,0,0,0,0,0,0,0,0,0,0,0,0,0,0,0,0,0,0,0,0,0,0,0,0,0,0,0,0,0,0,FALSE,TRUE,TRUE,,,,,
Torrey Pines - North - Black,6,1/29/2026,Torrey Pines - North Course,Torrey Pines - North - Black - 6,,Jason Day,,Jason Day - Torrey Pines North - Round 1 -1/29/26,Jason Day – Torrey Pines - North Course – 1/29/26,,4,4,,,,,,,,,,,,,,,,,,,,,,,,,,,,,,,,,,,1,,,,,,,,Black,416,7,0,75.8,75.8,134,18 Holes,,,,,1,1,4,0,1,4,4,0,,,Par,0,Jason Day – Torrey Pines - North Course – 1/29/26,0,0,0,Jason Day,1,0%,0,0,0,0,1,0,0,0,0,0,0,0,0,0,1,1,1,0,1,0,0,0,0,0,0,0,1,0,0,0,0,0,1,0,0,0,0,0,0,0,0,0,0,0,0,0,0,0,0,0,0,0,0,0,1,,,,,0,,,,,,0,0,0,1,0,0,0,0,0,0,0,1,0,0,0,1,0,1,0,1,0,0,0,0,0,0,0,0,1,0,0,0,0,0,0,0,0,0,0,0,1,1,0,0,0,0,0,0,0,0,1,0,0,0,0,0,0,0,0,0,0,0,0,0,0,0,,0,1,0,,0,0,0,0,0,0,0,1,0,0,0,0,0,0,0,0,0,0,0,0,0,0,0,0,0,0,0,0,0,0,0,0,0,0,0,0,0,0,0,0,0,0,0,0,0,0,0,0,0,0,0,0,0,0,FALSE,FALSE,FALSE,,,,,
Torrey Pines - North - Black,9,1/29/2026,Torrey Pines - North Course,Torrey Pines - North - Black - 9,,Jason Day,,Jason Day - Torrey Pines North - Round 1 -1/29/26,Jason Day – Torrey Pines - North Course – 1/29/26,,5,5,,,,,,checked,checked,,,,,,,,,,,,,,,,,,,,,,,,,,,,2,,,,,,,,Black,556,9,0,75.8,75.8,134,18 Holes,,,,,1,0,5,0,1,5,5,0,,,Par,0,Jason Day – Torrey Pines - North Course – 1/29/26,1,1,0,Jason Day,1,0%,0,0,0,0,1,0,0,0,0,0,0,0,0,0,0,0,0,0,0,1,0,0,0,0,0,0,0,0,0,0,0,0,0,0,0,0,0,0,1,0,0,0,0,0,0,0,0,0,0,0,0,0,0,0,1,,,,,,,0,,,,0,0,0,0,0,0,0,0,1,0,1,0,0,0,0,0,0,0,0,0,0,0,0,0,0,0,0,0,0,0,0,0,0,0,1,0,0,0,0,0,0,0,0,1,0,0,0,0,0,0,0,0,0,0,0,1,0,0,1,1,0,0,0,0,1,1,,0,0,0,,0,0,0,0,0,0,0,0,0,0,0,0,0,0,0,0,0,0,0,0,0,0,0,0,0,0,0,0,0,1,0,0,0,0,0,0,0,0,0,0,0,0,0,0,0,0,0,0,0,0,0,0,0,0,FALSE,TRUE,TRUE,,,,,
Torrey Pines - North - Black,7,1/29/2026,Torrey Pines - North Course,Torrey Pines - North - Black - 7,,Jason Day,,Jason Day - Torrey Pines North - Round 1 -1/29/26,Jason Day – Torrey Pines - North Course – 1/29/26,,4,4,,,,,,,,,,,,,,,,,,,,,,,,,,,,,,,,,,,2,,,,,,,,Black,322,17,0,75.8,75.8,134,18 Holes,,,,,1,0,4,0,1,4,4,0,,,Par,0,Jason Day – Torrey Pines - North Course – 1/29/26,0,0,0,Jason Day,1,0%,0,0,0,0,1,0,0,0,0,0,0,0,0,0,1,1,0,0,0,1,0,0,0,0,0,0,1,0,0,0,0,0,0,0,0,0,0,0,1,0,0,0,0,0,0,0,0,0,0,0,0,0,0,0,1,,,,,0,,,,,,0,0,0,1,0,0,0,0,0,0,0,1,0,0,0,1,0,1,0,1,0,0,0,0,0,0,0,0,1,0,0,0,0,0,0,0,0,0,0,0,1,0,0,1,0,0,0,0,0,0,0,0,0,0,0,0,0,0,0,0,0,0,0,0,0,0,,0,1,0,,0,0,0,0,0,0,0,0,0,0,0,0,0,0,0,0,0,0,0,0,0,0,0,1,0,0,0,0,0,0,0,0,0,0,0,0,0,0,0,0,0,0,0,0,0,0,0,0,0,0,0,0,0,0,FALSE,FALSE,FALSE,,,,,
Torrey Pines - North - Black,2,1/29/2026,Torrey Pines - North Course,Torrey Pines - North - Black - 2,,Jason Day,,Jason Day - Torrey Pines North - Round 1 -1/29/26,Jason Day – Torrey Pines - North Course – 1/29/26,,4,4,,,checked,,,checked,checked,,,,,,,,,,,,,,,,,,,,,,,,,,,,2,,,,,,,,Black,496,1,0,75.8,75.8,134,18 Holes,,,,,1,0,4,0,1,4,4,0,,,Par,1,Jason Day – Torrey Pines - North Course – 1/29/26,1,1,0,Jason Day,1,100%,1,0,0,0,1,0,0,0,0,0,0,0,0,0,0,0,0,0,0,1,0,0,0,1,0,0,0,0,0,0,0,0,0,0,0,0,0,0,1,0,0,0,0,0,0,0,0,0,0,0,0,0,0,0,1,,,,,,0,,,,,0,0,0,0,0,1,0,0,0,0,0,0,0,1,1,0,1,0,1,0,0,0,0,0,0,0,0,0,1,0,0,0,0,0,0,0,0,0,0,0,0,0,0,0,1,0,0,0,0,0,0,0,0,0,1,0,1,0,1,1,0,0,1,1,0,0,,0,0,0,,0,0,0,0,0,0,0,0,0,0,0,0,0,0,0,0,0,0,0,0,0,0,0,1,0,0,0,0,0,0,0,0,0,0,0,0,0,0,0,0,0,0,0,0,0,0,0,0,0,0,0,0,0,0,TRUE,TRUE,TRUE,,,,,
Torrey Pines - North - Black,12,1/29/2026,Torrey Pines - North Course,Torrey Pines - North - Black - 12,,Jason Day,,Jason Day - Torrey Pines North - Round 1 -1/29/26,Jason Day – Torrey Pines - North Course – 1/29/26,,3,3,,,,,,checked,checked,,,,,,,,,,,,,,,,,,,,,,,,,,12,➡️ Hole High Right,2,1,1,,,,,,Black,203,14,0,75.8,75.8,134,18 Holes,12,12,,,0,0,3,0,0,,,1,3,3,Par,0,Jason Day – Torrey Pines - North Course – 1/29/26,1,1,0,Jason Day,0,N/A,0,0,0,0,1,0,0,0,0,0,0,0,0,0,0,0,0,0,0,1,0,0,0,1,0,0,0,0,0,0,0,0,0,0,0,0,0,0,1,0,0,0,0,0,0,0,0,0,0,0,0,0,0,0,1,0,,,,,,,,,,1,0,0,0,0,0,0,0,0,0,0,0,0,0,1,0,1,0,0,0,0,0,1,0,0,0,0,0,0,0,0,0,0,0,0,0,0,0,0,0,0,0,0,0,0,0,0,0,1,0,0,0,0,0,0,0,0,0,1,0,1,0,0,0,0,0,,0,0,0,,0,0,0,0,0,0,0,0,0,0,0,0,0,0,0,0,0,0,1,0,0,0,0,0,0,0,0,0,0,0,0,0,0,0,0,0,0,0,0,0,0,0,0,0,0,0,0,0,0,0,0,0,0,0,FALSE,TRUE,TRUE,,Hole High Right,,,
Torrey Pines - North - Black,4,1/29/2026,Torrey Pines - North Course,Torrey Pines - North - Black - 4,,Jason Day,,Jason Day - Torrey Pines North - Round 1 -1/29/26,Jason Day – Torrey Pines - North Course – 1/29/26,,4,4,,,,,,checked,checked,,,,,,,,,,,,,,,,,,,,,,,,,,,,2,,,,,,,,Black,479,3,0,75.8,75.8,134,18 Holes,,,,,1,0,4,0,1,4,4,0,,,Par,0,Jason Day – Torrey Pines - North Course – 1/29/26,1,1,0,Jason Day,1,0%,0,0,0,0,1,0,0,0,0,0,0,0,0,0,0,0,0,0,0,1,0,0,0,0,0,0,0,0,0,0,0,0,0,0,0,0,0,0,1,0,0,0,0,0,0,0,0,0,0,0,0,0,0,0,1,,,0,,,,,,,,0,0,1,0,0,0,0,0,0,0,1,0,0,0,0,0,0,0,0,0,0,0,0,0,0,0,0,0,1,0,0,0,0,0,0,0,0,0,0,0,0,0,0,0,0,0,0,0,0,0,1,0,0,0,1,0,0,0,1,1,0,0,1,1,0,0,,0,0,0,,0,0,0,0,0,0,0,0,0,0,0,0,0,0,0,0,0,0,0,0,0,0,0,1,0,0,0,0,0,0,0,0,0,0,0,0,0,0,0,0,0,0,0,0,0,0,0,0,0,0,0,0,0,0,FALSE,TRUE,TRUE,,,,,
Torrey Pines - North - Black,8,1/29/2026,Torrey Pines - North Course,Torrey Pines - North - Black - 8,,Jason Day,,Jason Day - Torrey Pines North - Round 1 -1/29/26,Jason Day – Torrey Pines - North Course – 1/29/26,,3,3,,,,,,checked,checked,,,,,,,,,,,,,,,,,,,,,,,,,,,,1,,,,,,,,Black,214,15,0,75.8,75.8,134,18 Holes,,,,,1,1,3,0,1,3,3,0,,,Par,0,Jason Day – Torrey Pines - North Course – 1/29/26,1,1,0,Jason Day,0,N/A,0,0,0,0,1,0,0,0,0,0,0,0,0,0,0,0,0,0,1,0,0,0,0,1,0,0,0,0,0,0,0,0,1,0,0,0,0,0,0,0,0,0,0,0,0,0,0,0,0,0,0,0,0,0,1,0,,,,,,,,,,1,0,0,0,0,0,0,0,0,0,0,0,0,0,1,0,1,0,0,0,0,0,1,0,0,0,0,0,0,0,0,0,0,0,0,0,0,0,0,0,0,0,0,1,0,0,0,0,0,0,0,0,0,0,0,0,0,0,1,1,1,1,0,0,0,0,,0,0,0,,0,1,0,0,0,0,0,0,0,0,0,0,0,0,0,0,0,0,0,0,0,0,0,0,0,0,0,0,0,0,0,0,0,0,0,0,0,0,0,0,0,0,0,0,0,0,0,0,0,0,0,0,0,0,FALSE,TRUE,TRUE,,,,,
Torrey Pines - North - Black,18,1/29/2026,Torrey Pines - North Course,Torrey Pines - North - Black - 18,,Jason Day,,Jason Day - Torrey Pines North - Round 1 -1/29/26,Jason Day – Torrey Pines - North Course – 1/29/26,,4,4,,,checked,,,,,,,,,,,,,,,,,,,,,,,,,,,,,,,,1,,,,,,,,Black,486,2,0,75.8,75.8,134,18 Holes,,,,,1,1,4,0,0,,,1,4,4,Par,1,Jason Day – Torrey Pines - North Course – 1/29/26,0,0,0,Jason Day,1,100%,0,0,0,0,1,0,0,0,0,0,0,0,0,0,1,1,1,0,1,0,0,0,0,0,0,0,0,0,0,0,0,0,1,0,0,0,0,0,0,0,0,0,0,0,0,0,0,0,0,0,0,0,0,0,1,,,,0,,,,,,,0,0,0,0,1,0,0,0,0,0,0,0,1,0,0,0,0,0,0,0,0,0,0,0,0,0,0,0,1,0,0,0,0,0,0,0,0,0,0,0,1,1,1,0,0,0,0,0,0,0,0,0,0,0,0,0,1,0,0,0,0,0,0,0,0,0,,0,1,0,,0,0,0,0,0,0,0,1,0,0,0,0,0,0,0,0,0,0,0,0,0,0,0,0,0,0,0,0,0,0,0,0,0,0,0,0,0,0,0,0,0,0,0,0,0,0,0,0,0,0,0,0,0,0,TRUE,FALSE,FALSE,,,,,
Torrey Pines - North - Black,3,1/29/2026,Torrey Pines - North Course,Torrey Pines - North - Black - 3,,Jason Day,,Jason Day - Torrey Pines North - Round 1 -1/29/26,Jason Day – Torrey Pines - North Course – 1/29/26,,3,3,,,,,,checked,checked,,,,,,,,,,,,,,,,,,,,,,,,,,,,2,,,,,,,,Black,241,13,0,75.8,75.8,134,18 Holes,,,,,1,0,3,0,1,3,3,0,,,Par,0,Jason Day – Torrey Pines - North Course – 1/29/26,1,1,0,Jason Day,0,N/A,0,0,0,0,1,0,0,0,0,0,0,0,0,0,0,0,0,0,0,1,0,0,0,1,0,0,0,0,0,0,0,0,0,0,0,0,0,0,1,0,0,0,0,0,0,0,0,0,0,0,0,0,0,0,1,0,,,,,,,,,,1,0,0,0,0,0,0,0,0,0,0,0,0,0,1,0,1,0,0,0,0,0,1,0,0,0,0,0,0,0,0,0,0,0,0,0,0,0,0,0,0,0,0,0,1,0,0,0,0,0,0,0,0,0,0,0,0,0,1,1,1,1,0,0,0,0,,0,0,0,,0,0,0,0,0,0,0,0,0,0,0,0,0,0,0,0,0,0,1,0,0,0,0,0,0,0,0,0,0,0,0,0,0,0,0,0,0,0,0,0,0,0,0,0,0,0,0,0,0,0,0,0,0,0,FALSE,TRUE,TRUE,,,,,
Torrey Pines - North - Black,14,1/29/2026,Torrey Pines - North Course,Torrey Pines - North - Black - 14,,Jason Day,,Jason Day - Torrey Pines North - Round 1 -1/29/26,Jason Day – Torrey Pines - North Course – 1/29/26,,4,4,,,,,,,,,,,,,,,,,,,,,,,,,,,,,,,,,,,1,,,,,,,,Black,451,6,0,75.8,75.8,134,18 Holes,,,,,1,1,4,0,0,,,1,4,4,Par,0,Jason Day – Torrey Pines - North Course – 1/29/26,0,0,0,Jason Day,1,0%,0,0,0,0,1,0,0,0,0,0,0,0,0,0,1,1,1,0,1,0,0,0,0,0,0,0,1,0,0,0,0,0,1,0,0,0,0,0,0,0,0,0,0,0,0,0,0,0,0,0,0,0,0,0,1,,,,,0,,,,,,0,0,0,1,0,0,0,0,0,0,0,1,0,0,0,1,0,1,0,1,0,0,0,0,0,0,0,0,1,0,0,0,0,0,0,0,0,0,0,0,1,1,0,0,0,0,0,0,0,0,0,0,1,0,0,0,0,0,0,0,0,0,0,0,0,0,,0,1,0,,0,0,0,0,0,0,0,1,0,0,0,0,0,0,0,0,0,0,0,0,0,0,0,0,0,0,0,0,0,0,0,0,0,0,0,0,0,0,0,0,0,0,0,0,0,0,0,0,0,0,0,0,0,0,FALSE,FALSE,FALSE,,,,,
Torrey Pines - South - Black,3,1/30/2026,Torrey Pines - South Course,Torrey Pines - South - Black - 3,,Jason Day,,Jason Day - Torrey Pines South - Round 2- 1/30/26,Jason Day – Torrey Pines - South Course – 1/30/26,,3,3,,,,,,checked,checked,166,,,,,,,,,,,,,,,,,,,,,,,,,12.8,➡️ Hole High Right,2,0.5,0.5,,,,,,Black,201,13,0,78.8,78.8,148,18 Holes,12.8,12.8,,,0,0,3,0,1,3,3,0,,,Par,0,Jason Day – Torrey Pines - South Course – 1/30/26,1,1,0,Jason Day,0,N/A,0,0,0,0,1,0,0,0,0,0,0,0,0,0,0,0,0,0,0,1,0,0,0,1,0,0,0,0,0,0,0,0,0,0,0,0,0,0,1,0,0,0,0,0,0,0,0,0,0,0,0,0,0,0,1,0,,,,,,,,,,1,0,0,0,0,0,0,0,0,0,0,0,0,0,1,0,1,0,0,0,0,0,1,0,0,0,0,0,0,0,0,0,0,0,0,0,0,0,0,0,0,0,0,0,1,0,0,0,0,0,0,0,0,0,0,0,0,0,1,0,1,0,0,0,0,0,,0,0,0,,0,0,0,0,0,0,0,0,0,0,0,0,0,0,0,0,0,0,1,0,0,0,0,0,0,0,0,0,0,0,0,0,0,0,0,0,0,0,0,0,0,0,0,0,0,0,0,0,0,0,0,0,0,0,FALSE,TRUE,TRUE,,Hole High Right,,,
Torrey Pines - South - Black,8,1/30/2026,Torrey Pines - South Course,Torrey Pines - South - Black - 8,,Jason Day,,Jason Day - Torrey Pines South - Round 2- 1/30/26,Jason Day – Torrey Pines - South Course – 1/30/26,,3,3,,,,,,checked,checked,181,,,,,,,,,,,,,,,,,,,,,,,,,15,➡️ Hole High Right,2,0.5,0.5,,,,,,Black,177,17,0,78.8,78.8,148,18 Holes,15,15,,,0,0,3,0,1,3,3,0,,,Par,0,Jason Day – Torrey Pines - South Course – 1/30/26,1,1,0,Jason Day,0,N/A,0,0,0,0,1,0,0,0,0,0,0,0,0,0,0,0,0,0,0,1,0,0,0,1,0,0,0,0,0,0,0,0,0,0,0,0,0,0,1,0,0,0,0,0,0,0,0,0,0,0,0,0,0,0,1,0,,,,,,,,,,1,0,0,0,0,0,0,0,0,0,0,0,0,0,1,0,1,0,0,0,0,0,1,0,0,0,0,0,0,0,0,0,0,0,0,0,0,0,0,0,0,0,0,1,0,0,0,0,0,0,0,0,0,0,0,0,0,0,1,0,1,0,0,0,0,0,,0,0,0,,0,0,0,0,0,0,0,0,0,0,0,0,0,0,0,0,0,0,1,0,0,0,0,0,0,0,0,0,0,0,0,0,0,0,0,0,0,0,0,0,0,0,0,0,0,0,0,0,0,0,0,0,0,0,FALSE,TRUE,TRUE,,Hole High Right,,,
Torrey Pines - South - Black,6,1/30/2026,Torrey Pines - South Course,Torrey Pines - South - Black - 6,,Jason Day,,Jason Day - Torrey Pines South - Round 2- 1/30/26,Jason Day – Torrey Pines - South Course – 1/30/26,,5,5,,,checked,302,,,checked,30,,,,,,,,,,,,,,,,,,,,,,,,,8.4,⬅️ Hole High Left,2,1.5,1.5,,,,,,Black,564,9,0,78.8,78.8,148,18 Holes,,,,,1,0,5,0,1,5,5,0,,,Par,1,Jason Day – Torrey Pines - South Course – 1/30/26,0,1,0,Jason Day,1,100%,0,0,0,0,1,0,0,0,0,0,0,0,0,0,1,1,0,0,0,1,0,0,0,0,0,0,0,0,0,0,0,0,0,0,0,0,0,0,1,0,0,0,0,0,0,0,0,0,0,0,0,0,0,0,1,,,,,,,,0,,,0,0,0,0,0,0,0,1,0,0,0,0,1,0,0,0,0,0,0,0,0,0,0,0,0,0,0,0,0,0,0,0,0,0,1,0,0,0,0,0,1,0,0,0,0,0,0,0,0,0,1,0,0,0,0,0,0,1,0,0,0,0,0,0,0,0,,0,0,1,,0,0,0,0,0,0,0,0,0,0,0,0,0,0,0,0,0,0,0,0,0,0,0,0,0,0,0,0,0,1,0,0,0,0,0,0,0,0,0,0,0,0,0,0,0,0,0,0,0,0,0,0,0,0,TRUE,FALSE,TRUE,,Hole High Left,,,
Torrey Pines - South - Black,18,1/30/2026,Torrey Pines - South Course,Torrey Pines - South - Black - 18,,Jason Day,,Jason Day - Torrey Pines South - Round 2- 1/30/26,Jason Day – Torrey Pines - South Course – 1/30/26,,5,5,,,checked,277,,checked,checked,91,,,,,,,,,,,,,,,,,,,,,,,,,20.1,↘️ Short Right,2,1.5,1.5,,,,,,Black,570,10,0,78.8,78.8,148,18 Holes,20.1,,,20.1,0,0,5,0,0,,,1,5,5,Par,1,Jason Day – Torrey Pines - South Course – 1/30/26,1,1,0,Jason Day,1,100%,1,0,0,0,1,0,0,0,0,0,0,0,0,0,0,0,0,0,0,1,0,0,0,1,0,0,0,0,0,0,0,0,0,0,0,0,0,0,1,0,0,0,0,0,0,0,0,0,0,0,0,0,0,0,1,,,,,,,,,,0,0,0,0,0,0,0,1,0,0,0,0,0,0,1,1,0,1,0,1,0,0,0,0,0,0,0,0,0,0,0,0,0,0,0,1,0,0,0,0,0,0,0,1,0,0,0,0,0,0,0,0,0,0,0,0,1,0,1,0,0,0,0,0,0,0,0,,0,0,0,,0,0,0,0,0,0,0,0,0,0,0,0,0,0,0,0,0,0,0,0,0,0,0,0,0,0,0,0,0,1,0,0,0,0,0,0,0,0,0,0,0,0,0,0,0,0,0,0,0,0,0,0,0,0,TRUE,TRUE,TRUE,,Short Right,,,
Torrey Pines - South - Black,12,1/30/2026,Torrey Pines - South Course,Torrey Pines - South - Black - 12,,Jason Day,,Jason Day - Torrey Pines South - Round 2- 1/30/26,Jason Day – Torrey Pines - South Course – 1/30/26,,4,4,,,checked,292,,checked,checked,199,,,,,,,,,,,,,,,,,,,,,,,,,28,↗️ Long Right,2,1.5,1.5,,,,,,Black,505,2,0,78.8,78.8,148,18 Holes,28,,28,,0,0,4,0,0,,,1,4,4,Par,1,Jason Day – Torrey Pines - South Course – 1/30/26,1,1,0,Jason Day,1,100%,1,0,0,0,1,0,0,0,0,0,0,0,0,0,0,0,0,0,0,1,0,0,0,1,0,0,0,0,0,0,0,0,0,0,0,0,0,0,1,0,0,0,0,0,0,0,0,0,0,0,0,0,0,0,1,,,,,,0,,,,,0,0,0,0,0,1,0,0,0,0,0,0,0,1,1,0,1,0,1,0,0,0,0,0,0,0,0,0,1,0,0,0,0,0,0,0,0,0,0,0,0,0,0,0,0,0,0,0,1,0,0,0,0,0,1,0,1,0,0,0,0,0,0,0,0,0,,0,0,0,,0,0,0,0,0,0,0,0,0,0,0,0,0,0,0,0,0,0,0,0,0,0,0,1,0,0,0,0,0,0,0,0,0,0,0,0,0,0,0,0,0,0,0,0,0,0,0,0,0,0,0,0,0,0,TRUE,TRUE,TRUE,,Long Right,,,
Torrey Pines - South - Black,11,1/30/2026,Torrey Pines - South Course,Torrey Pines - South - Black - 11,,Jason Day,,Jason Day - Torrey Pines South - Round 2- 1/30/26,Jason Day – Torrey Pines - South Course – 1/30/26,,3,3,,,,,,checked,checked,231,,,,,,,,,,,,,,,,,,,,,,,,,58.5,↙️ Short Left,2,6,6,,,,,,Black,225,14,0,78.8,78.8,148,18 Holes,58.5,58.5,,,0,0,3,0,0,,,1,3,3,Par,0,Jason Day – Torrey Pines - South Course – 1/30/26,1,1,0,Jason Day,0,N/A,0,0,0,0,1,0,0,0,0,0,0,0,0,0,0,0,0,0,0,1,0,0,0,1,0,0,0,0,0,0,0,0,0,0,0,0,0,0,1,0,0,0,0,0,0,0,0,0,0,0,0,0,0,0,1,0,,,,,,,,,,1,0,0,0,0,0,0,0,0,0,0,0,0,0,1,0,1,0,0,0,0,0,1,0,0,0,0,0,0,0,0,0,0,0,0,0,0,0,0,0,0,0,0,0,0,0,0,0,1,0,0,0,0,0,0,0,0,0,0,0,0,0,0,0,0,0,,0,0,0,,0,0,0,0,0,0,0,0,0,0,0,0,0,0,0,0,0,0,1,0,0,0,0,0,0,0,0,0,0,0,0,0,0,0,0,0,0,0,0,0,0,0,0,0,0,0,0,0,0,0,0,0,0,0,FALSE,TRUE,TRUE,,Short Left,,,
Torrey Pines - South - Black,7,1/30/2026,Torrey Pines - South Course,Torrey Pines - South - Black - 7,,Jason Day,,Jason Day - Torrey Pines South - Round 2- 1/30/26,Jason Day – Torrey Pines - South Course – 1/30/26,,4,4,,,checked,315,,,,141,,,↖️ Long Left,,,,,,,,,,,,,,,1,60 Degree Wedge,,,,,,12,⬅️ Hole High Left,1,12,,,,,,,Black,462,1,0,78.8,78.8,148,18 Holes,,,,,0,0,4,0,1,4,4,0,,,Par,1,Jason Day – Torrey Pines - South Course – 1/30/26,0,0,0,Jason Day,1,100%,0,0,0,0,1,0,0,0,1,1,0,0,0,0,1,1,1,0,1,0,0,0,0,0,0,0,0,0,0,0,0,0,1,0,0,0,0,0,0,0,0,0,0,0,0,0,0,0,0,0,0,0,0,0,1,,,,0,,,,,,,0,0,0,0,1,0,0,0,0,0,0,0,1,0,0,0,0,0,0,0,0,0,0,0,0,0,0,0,1,0,0,0,0,0,0,0,0,0,0,0,1,1,0,1,0,0,0,0,0,0,0,0,0,0,0,0,1,0,0,0,0,0,0,0,0,0,,0,1,0,,0,0,0,0,0,0,0,1,0,0,0,0,0,0,0,0,0,0,0,0,0,0,0,0,0,0,0,0,0,0,0,0,0,0,0,0,0,0,0,0,0,0,0,0,0,0,0,0,0,0,0,0,0,0,TRUE,FALSE,FALSE,Long Left,Hole High Left,,,
Torrey Pines - South - Black,2,1/30/2026,Torrey Pines - South Course,Torrey Pines - South - Black - 2,,Jason Day,,Jason Day - Torrey Pines South - Round 2- 1/30/26,Jason Day – Torrey Pines - South Course – 1/30/26,,4,4,,,checked,254,,checked,checked,139,,,,,,,,,,,,,,,,,,,,,,,,,58.7,↘️ Short Right,2,11.8,11.8,,,,,,Black,389,15,0,78.8,78.8,148,18 Holes,58.7,,58.7,,0,0,4,0,1,4,4,0,,,Par,1,Jason Day – Torrey Pines - South Course – 1/30/26,1,1,0,Jason Day,1,100%,1,0,0,0,1,0,0,0,0,0,0,0,0,0,0,0,0,0,0,1,0,0,0,1,0,0,0,0,0,0,0,0,0,0,0,0,0,0,1,0,0,0,0,0,0,0,0,0,0,0,0,0,0,0,1,,,,,,0,,,,,0,0,0,0,0,1,0,0,0,0,0,0,0,1,1,0,1,0,1,0,0,0,0,0,0,0,0,0,1,0,0,0,0,0,0,0,0,0,0,0,0,0,0,0,1,0,0,0,0,0,0,0,0,0,1,0,1,0,0,0,0,0,0,0,0,0,,0,0,0,,0,0,0,0,0,0,0,0,0,0,0,0,0,0,0,0,0,0,0,0,0,0,0,1,0,0,0,0,0,0,0,0,0,0,0,0,0,0,0,0,0,0,0,0,0,0,0,0,0,0,0,0,0,0,TRUE,TRUE,TRUE,,Short Right,,,
Torrey Pines - South - Black,9,1/30/2026,Torrey Pines - South Course,Torrey Pines - South - Black - 9,,Jason Day,,Jason Day - Torrey Pines South - Round 2- 1/30/26,Jason Day – Torrey Pines - South Course – 1/30/26,,5,5,,,,315,➡️ Right,,checked,99,,,,,,,,,,,,,,,,,,,,,,,,,8.8,⬆️ Long,2,2.2,2.2,,,,,,Black,615,7,0,78.8,78.8,148,18 Holes,,,,,1,0,5,0,1,5,5,0,,,Par,0,Jason Day – Torrey Pines - South Course – 1/30/26,0,1,0,Jason Day,1,0%,0,0,0,0,1,0,0,0,0,0,0,0,0,0,1,1,0,0,0,1,0,0,0,0,0,0,1,0,0,0,0,0,0,0,0,0,0,0,1,0,0,0,0,0,0,0,0,0,0,0,0,0,0,0,1,,,,,,,,,0,,0,0,0,0,0,0,0,0,0,1,0,1,0,0,0,1,0,1,0,1,0,0,0,0,0,0,0,0,0,0,0,0,0,0,1,0,0,0,0,0,1,0,0,1,0,0,0,0,0,0,0,0,0,0,0,0,0,0,0,0,0,0,0,0,0,0,,0,0,1,,0,0,0,0,0,0,0,0,0,0,0,0,0,0,0,0,0,0,0,0,0,0,0,0,0,0,0,0,0,1,0,0,0,0,0,0,0,0,0,0,0,0,0,0,0,0,0,0,0,0,0,0,0,0,FALSE,FALSE,TRUE,,Long,Right,,
Torrey Pines - South - Black,13,1/30/2026,Torrey Pines - South Course,Torrey Pines - South - Black - 13,,Jason Day,,Jason Day - Torrey Pines South - Round 2- 1/30/26,Jason Day – Torrey Pines - South Course – 1/30/26,,5,5,,,checked,299,,checked,checked,89,,,,,,,,,,,,,,,,,,,,,,,,,15.5,➡️ Hole High Right,2,0.1,0.1,,,,,,Black,621,6,0,78.8,78.8,148,18 Holes,15.5,,,15.5,0,0,5,0,0,,,1,5,5,Par,1,Jason Day – Torrey Pines - South Course – 1/30/26,1,1,0,Jason Day,1,100%,1,0,0,0,1,0,0,0,0,0,0,0,0,0,0,0,0,0,0,1,0,0,0,1,0,0,0,0,0,0,0,0,0,0,0,0,0,0,1,0,0,0,0,0,0,0,0,0,0,0,0,0,0,0,1,,,,,,,,,,0,0,0,0,0,0,0,1,0,0,0,0,0,0,1,1,0,1,0,1,0,0,0,0,0,0,0,0,0,0,0,0,0,0,0,1,0,0,0,0,0,0,0,0,0,0,0,0,0,0,0,0,0,1,0,0,1,0,1,1,0,0,0,0,0,1,0,,0,0,0,,0,0,0,0,0,0,0,0,0,0,0,0,0,0,0,0,0,0,0,0,0,0,0,0,0,0,0,0,0,1,0,0,0,0,0,0,0,0,0,0,0,0,0,0,0,0,0,0,0,0,0,0,0,0,TRUE,TRUE,TRUE,,Hole High Right,,,
Torrey Pines - South - Black,4,1/30/2026,Torrey Pines - South Course,Torrey Pines - South - Black - 4,,Jason Day,,Jason Day - Torrey Pines South - Round 2- 1/30/26,Jason Day – Torrey Pines - South Course – 1/30/26,,4,4,,,checked,302,,,,188,,,,,,,,,,,,,,,,,,1,60 Degree Wedge,,,,,,0.5,Tight (3 feet or less) ,1,0.5,,,,,,,Black,490,3,0,78.8,78.8,148,18 Holes,,,,,1,1,4,0,1,4,4,0,,,Par,1,Jason Day – Torrey Pines - South Course – 1/30/26,0,0,0,Jason Day,1,100%,0,0,0,0,1,0,0,0,1,1,1,1,1,1,1,1,1,0,1,0,0,0,0,0,0,0,0,0,0,0,0,0,1,0,0,0,0,0,0,0,0,0,0,0,0,0,0,0,0,0,0,0,0,0,1,,,,0,,,,,,,0,0,0,0,1,0,0,0,0,0,0,0,1,0,0,0,0,0,0,0,0,0,0,0,0,0,0,0,1,0,0,0,0,0,0,0,0,0,0,0,1,1,0,0,0,0,0,0,0,0,1,0,0,0,0,0,1,0,0,0,0,0,0,0,0,0,,0,1,0,,0,0,0,0,0,0,0,1,0,0,0,0,0,0,0,0,0,0,0,0,0,0,0,0,0,0,0,0,0,0,0,0,0,0,0,0,0,0,0,0,0,0,0,0,0,0,0,0,0,0,0,0,0,0,TRUE,FALSE,FALSE,,Tight (3 feet or less),,,
Torrey Pines - South - Black,14,1/30/2026,Torrey Pines - South Course,Torrey Pines - South - Black - 14,,Jason Day,,Jason Day - Torrey Pines South - Round 2- 1/30/26,Jason Day – Torrey Pines - South Course – 1/30/26,,4,4,,,checked,294,,checked,checked,150,,,,,,,,,,,,,,,,,,,,,,,,,37.9,↙️ Short Left,2,1.8,1.8,,,,,,Black,437,8,0,78.8,78.8,148,18 Holes,37.9,,37.9,,0,0,4,0,0,,,1,4,4,Par,1,Jason Day – Torrey Pines - South Course – 1/30/26,1,1,0,Jason Day,1,100%,1,0,0,0,1,0,0,0,0,0,0,0,0,0,0,0,0,0,0,1,0,0,0,1,0,0,0,0,0,0,0,0,0,0,0,0,0,0,1,0,0,0,0,0,0,0,0,0,0,0,0,0,0,0,1,,,,,,0,,,,,0,0,0,0,0,1,0,0,0,0,0,0,0,1,1,0,1,0,1,0,0,0,0,0,0,0,0,0,1,0,0,0,0,0,0,0,0,0,0,0,0,0,0,0,0,0,0,0,0,0,0,0,1,0,1,0,1,0,0,0,0,0,0,0,0,0,,0,0,0,,0,0,0,0,0,0,0,0,0,0,0,0,0,0,0,0,0,0,0,0,0,0,0,1,0,0,0,0,0,0,0,0,0,0,0,0,0,0,0,0,0,0,0,0,0,0,0,0,0,0,0,0,0,0,TRUE,TRUE,TRUE,,Short Left,,,
Torrey Pines - South - Black,5,1/30/2026,Torrey Pines - South Course,Torrey Pines - South - Black - 5,,Jason Day,,Jason Day - Torrey Pines South - Round 2- 1/30/26,Jason Day – Torrey Pines - South Course – 1/30/26,,4,4,,,checked,285,,checked,checked,177,,,,,,,,,,,,,,,,,,,,,,,,,37.5,↙️ Short Left,2,1.8,1.8,,,,,,Black,454,11,0,78.8,78.8,148,18 Holes,37.5,,37.5,,0,0,4,0,1,4,4,0,,,Par,1,Jason Day – Torrey Pines - South Course – 1/30/26,1,1,0,Jason Day,1,100%,1,0,0,0,1,0,0,0,0,0,0,0,0,0,0,0,0,0,0,1,0,0,0,1,0,0,0,0,0,0,0,0,0,0,0,0,0,0,1,0,0,0,0,0,0,0,0,0,0,0,0,0,0,0,1,,,,,,0,,,,,0,0,0,0,0,1,0,0,0,0,0,0,0,1,1,0,1,0,1,0,0,0,0,0,0,0,0,0,1,0,0,0,0,0,0,0,0,0,0,0,0,0,0,0,0,0,0,0,0,0,1,0,0,0,1,0,1,0,0,0,0,0,0,0,0,0,,0,0,0,,0,0,0,0,0,0,0,0,0,0,0,0,0,0,0,0,0,0,0,0,0,0,0,1,0,0,0,0,0,0,0,0,0,0,0,0,0,0,0,0,0,0,0,0,0,0,0,0,0,0,0,0,0,0,TRUE,TRUE,TRUE,,Short Left,,,
Torrey Pines - South - Black,15,1/30/2026,Torrey Pines - South Course,Torrey Pines - South - Black - 15,,Jason Day,,Jason Day - Torrey Pines South - Round 2- 1/30/26,Jason Day – Torrey Pines - South Course – 1/30/26,,4,4,,,checked,306,,checked,checked,172,,,,,,,,,,,,,,,,,,,,,,,,,27.5,⬇️ Short,2,1,1,,,,,,Black,517,12,0,78.8,78.8,148,18 Holes,27.5,,27.5,,0,0,4,0,0,,,1,4,4,Par,1,Jason Day – Torrey Pines - South Course – 1/30/26,1,1,0,Jason Day,1,100%,1,0,0,0,1,0,0,0,0,0,0,0,0,0,0,0,0,0,0,1,0,0,0,1,0,0,0,0,0,0,0,0,0,0,0,0,0,0,1,0,0,0,0,0,0,0,0,0,0,0,0,0,0,0,1,,,,,,0,,,,,0,0,0,0,0,1,0,0,0,0,0,0,0,1,1,0,1,0,1,0,0,0,0,0,0,0,0,0,1,0,0,0,0,0,0,0,0,0,0,0,0,0,0,0,0,0,0,0,0,0,0,0,1,0,1,0,1,0,0,0,0,0,0,0,0,0,,0,0,0,,0,0,0,0,0,0,0,0,0,0,0,0,0,0,0,0,0,0,0,0,0,0,0,1,0,0,0,0,0,0,0,0,0,0,0,0,0,0,0,0,0,0,0,0,0,0,0,0,0,0,0,0,0,0,TRUE,TRUE,TRUE,,Short,,,
Torrey Pines - South - Black,16,1/30/2026,Torrey Pines - South Course,Torrey Pines - South - Black - 16,,Jason Day,,Jason Day - Torrey Pines South - Round 2- 1/30/26,Jason Day – Torrey Pines - South Course – 1/30/26,,3,3,,,,,,checked,checked,215,,,,,,,,,,,,,,,,,,,,,,,,,38.5,↗️ Long Right,2,1.8,1.8,,,,,,Black,227,18,0,78.8,78.8,148,18 Holes,38.5,38.5,,,0,0,3,0,0,,,1,3,3,Par,0,Jason Day – Torrey Pines - South Course – 1/30/26,1,1,0,Jason Day,0,N/A,0,0,0,0,1,0,0,0,0,0,0,0,0,0,0,0,0,0,0,1,0,0,0,1,0,0,0,0,0,0,0,0,0,0,0,0,0,0,1,0,0,0,0,0,0,0,0,0,0,0,0,0,0,0,1,0,,,,,,,,,,1,0,0,0,0,0,0,0,0,0,0,0,0,0,1,0,1,0,0,0,0,0,1,0,0,0,0,0,0,0,0,0,0,0,0,0,0,0,0,0,0,0,1,0,0,0,0,0,0,0,0,0,0,0,0,0,0,0,0,0,0,0,0,0,0,0,,0,0,0,,0,0,0,0,0,0,0,0,0,0,0,0,0,0,0,0,0,0,1,0,0,0,0,0,0,0,0,0,0,0,0,0,0,0,0,0,0,0,0,0,0,0,0,0,0,0,0,0,0,0,0,0,0,0,FALSE,TRUE,TRUE,,Long Right,,,
Torrey Pines - South - Black,7,1/31/2026,Torrey Pines - South Course,Torrey Pines - South - Black - 7,,Jason Day,,Jason Day - Torrey Pines South - Round 3- 1/31/26,Jason Day – Torrey Pines - South Course – 1/31/26,,4,4,,,,300,⬅️ Left,,,184,,,↙️ Short Left,,,,,,,,,,,,,1,,1,60 Degree Wedge,,,,,,5.5,➡️ Hole High Right,1,5.5,,,,,,,Black,462,1,0,78.8,78.8,148,18 Holes,,,,,1,1,4,0,1,4,4,0,,,Par,0,Jason Day – Torrey Pines - South Course – 1/31/26,0,0,0,Jason Day,1,0%,0,0,0,0,1,0,0,0,1,1,1,1,0,0,1,1,1,1,1,0,0,0,0,0,0,0,1,0,1,1,0,0,1,0,0,0,0,0,0,0,0,0,0,0,0,0,0,0,0,0,0,0,0,0,1,,,,,0,,,,,,0,0,0,1,0,0,0,0,0,0,0,1,0,0,0,1,0,1,0,1,0,0,0,0,0,0,0,0,1,0,0,0,0,0,0,0,0,0,0,0,1,1,0,1,0,0,0,0,0,0,0,0,0,0,0,0,0,0,0,0,0,0,0,0,0,0,,0,1,0,,0,0,0,0,0,0,0,1,0,0,0,0,0,0,0,0,0,0,0,0,0,0,0,0,0,0,0,0,0,0,0,0,0,0,0,0,0,0,0,0,0,0,0,0,0,0,0,0,0,0,0,0,0,0,FALSE,FALSE,FALSE,Short Left,Hole High Right,Left,,
Torrey Pines - South - Black,12,1/31/2026,Torrey Pines - South Course,Torrey Pines - South - Black - 12,,Jason Day,,Jason Day - Torrey Pines South - Round 3- 1/31/26,Jason Day – Torrey Pines - South Course – 1/31/26,,4,4,,,,303,➡️ Right,,,200,,,↙️ Short Left,,,,,,,,,,,,,1,,1,60 Degree Wedge,,,,,,5.4,➡️ Hole High Right,1,5.4,,,,,,,Black,505,2,0,78.8,78.8,148,18 Holes,,,,,1,1,4,0,0,,,1,4,4,Par,0,Jason Day – Torrey Pines - South Course – 1/31/26,0,0,0,Jason Day,1,0%,0,0,0,0,1,0,0,0,1,1,1,1,0,0,1,1,1,1,1,0,0,0,0,0,0,0,1,0,1,1,0,0,1,0,0,0,0,0,0,0,0,0,0,0,0,0,0,0,0,0,0,0,0,0,1,,,,,0,,,,,,0,0,0,1,0,0,0,0,0,0,0,1,0,0,0,1,0,1,0,1,0,0,0,0,0,0,0,0,1,0,0,0,0,0,0,0,0,0,0,0,1,1,0,0,0,0,0,0,1,0,0,0,0,0,0,0,0,0,0,0,0,0,0,0,0,0,,0,1,0,,0,0,0,0,0,0,0,1,0,0,0,0,0,0,0,0,0,0,0,0,0,0,0,0,0,0,0,0,0,0,0,0,0,0,0,0,0,0,0,0,0,0,0,0,0,0,0,0,0,0,0,0,0,0,FALSE,FALSE,FALSE,Short Left,Hole High Right,Right,,
Torrey Pines - South - Black,11,1/31/2026,Torrey Pines - South Course,Torrey Pines - South - Black - 11,,Jason Day,,Jason Day - Torrey Pines South - Round 3- 1/31/26,Jason Day – Torrey Pines - South Course – 1/31/26,,3,3,,,,,,,,214,,,↙️ Short Left,,,,,,,,,,,,,,1,1,60 Degree Wedge,,,,,,7.2,⬆️ Long,1,7.2,,,,,,,Black,225,14,0,78.8,78.8,148,18 Holes,,,,,1,1,3,0,0,,,1,3,3,Par,0,Jason Day – Torrey Pines - South Course – 1/31/26,0,0,0,Jason Day,0,N/A,0,0,0,0,1,0,0,0,1,1,1,1,0,0,1,1,1,1,1,0,0,0,0,0,0,0,1,0,1,1,0,0,1,0,0,0,0,0,0,0,0,0,0,0,0,0,0,0,0,0,0,0,0,0,1,,0,,,,,,,,,0,1,0,0,0,0,0,0,0,0,0,0,0,0,0,1,0,1,0,0,0,0,1,0,0,0,0,0,0,0,0,0,0,0,0,0,0,0,0,0,1,1,0,0,0,0,0,0,1,0,0,0,0,0,0,0,0,0,0,0,0,0,0,0,0,0,,1,0,0,,0,1,0,0,0,0,0,0,0,0,0,0,0,0,0,0,0,0,0,0,0,0,0,0,0,0,0,0,0,0,0,0,0,0,0,0,0,0,0,0,0,0,0,0,0,0,0,0,0,0,0,0,0,0,FALSE,FALSE,FALSE,Short Left,Long,,,
Torrey Pines - South - Black,14,1/31/2026,Torrey Pines - South Course,Torrey Pines - South - Black - 14,,Jason Day,,Jason Day - Torrey Pines South - Round 3- 1/31/26,Jason Day – Torrey Pines - South Course – 1/31/26,,4,4,,,,291,⬅️ Left,checked,checked,132,,,,,,,,,,,,,,,,1,,,,,,,,,29.5,⬇️ Short,2,0.3,0.3,,,,,,Black,437,8,0,78.8,78.8,148,18 Holes,29.5,,29.5,,0,0,4,0,0,,,1,4,4,Par,0,Jason Day – Torrey Pines - South Course – 1/31/26,1,1,0,Jason Day,1,0%,0,0,0,0,1,0,0,0,0,0,0,0,0,0,0,0,0,1,0,1,0,0,0,0,0,0,0,0,1,1,0,0,0,0,0,0,0,0,1,0,0,0,0,0,0,0,0,0,0,0,0,0,0,0,1,,,0,,,,,,,,0,0,1,0,0,0,0,0,0,0,1,0,0,0,0,0,0,0,0,0,0,0,0,0,0,0,0,0,1,0,0,0,0,0,0,0,0,0,0,0,0,0,0,0,0,0,0,0,0,0,0,0,1,0,1,0,0,0,0,0,0,0,0,0,0,0,,0,0,0,,0,0,0,0,0,0,0,0,0,0,0,0,0,0,0,0,0,0,0,0,0,0,0,1,0,0,0,0,0,0,0,0,0,0,0,0,0,0,0,0,0,0,0,0,0,0,0,0,0,0,0,0,0,0,FALSE,TRUE,TRUE,,Short,Left,,
Torrey Pines - South - Black,8,1/31/2026,Torrey Pines - South Course,Torrey Pines - South - Black - 8,,Jason Day,,Jason Day - Torrey Pines South - Round 3- 1/31/26,Jason Day – Torrey Pines - South Course – 1/31/26,,3,3,,,,,,,,169,,,↙️ Short Left,,,,,,,,,,,,,,,1,60 Degree Wedge,,,,,,2.5,Tight (3 feet or less) ,1,2.5,,,,,,,Black,177,17,0,78.8,78.8,148,18 Holes,,,,,1,1,3,0,1,3,3,0,,,Par,0,Jason Day – Torrey Pines - South Course – 1/31/26,0,0,0,Jason Day,0,N/A,0,0,0,0,1,0,0,0,1,1,1,1,1,1,1,1,1,0,1,0,0,0,0,0,0,0,1,0,0,0,0,0,1,0,0,0,0,0,0,0,0,0,0,0,0,0,0,0,0,0,0,0,0,0,1,,0,,,,,,,,,0,1,0,0,0,0,0,0,0,0,0,0,0,0,0,1,0,1,0,0,0,0,1,0,0,0,0,0,0,0,0,0,0,0,0,0,0,0,0,0,1,1,0,1,0,0,0,0,0,0,0,0,0,0,0,0,0,0,0,0,0,0,0,0,0,0,,1,0,0,,0,1,0,0,0,0,0,0,0,0,0,0,0,0,0,0,0,0,0,0,0,0,0,0,0,0,0,0,0,0,0,0,0,0,0,0,0,0,0,0,0,0,0,0,0,0,0,0,0,0,0,0,0,0,FALSE,FALSE,FALSE,Short Left,Tight (3 feet or less),,,
Torrey Pines - South - Black,15,1/31/2026,Torrey Pines - South Course,Torrey Pines - South - Black - 15,,Jason Day,,Jason Day - Torrey Pines South - Round 3- 1/31/26,Jason Day – Torrey Pines - South Course – 1/31/26,,4,4,,,checked,300,,checked,checked,185,,,,,,,,,,,,,,,,,,,,,,,,,19.8,⬅️ Hole High Left,2,0.2,0.2,,,,,,Black,517,12,0,78.8,78.8,148,18 Holes,19.8,,19.8,,0,0,4,0,0,,,1,4,4,Par,1,Jason Day – Torrey Pines - South Course – 1/31/26,1,1,0,Jason Day,1,100%,1,0,0,0,1,0,0,0,0,0,0,0,0,0,0,0,0,0,0,1,0,0,0,1,0,0,0,0,0,0,0,0,0,0,0,0,0,0,1,0,0,0,0,0,0,0,0,0,0,0,0,0,0,0,1,,,,,,0,,,,,0,0,0,0,0,1,0,0,0,0,0,0,0,1,1,0,1,0,1,0,0,0,0,0,0,0,0,0,1,0,0,0,0,0,0,0,0,0,0,0,0,0,0,0,0,0,0,0,0,0,0,0,1,0,1,0,1,0,1,0,0,0,1,0,0,0,,0,0,0,,0,0,0,0,0,0,0,0,0,0,0,0,0,0,0,0,0,0,0,0,0,0,0,1,0,0,0,0,0,0,0,0,0,0,0,0,0,0,0,0,0,0,0,0,0,0,0,0,0,0,0,0,0,0,TRUE,TRUE,TRUE,,Hole High Left,,,
Torrey Pines - South - Black,10,1/31/2026,Torrey Pines - South Course,Torrey Pines - South - Black - 10,,Jason Day,,Jason Day - Torrey Pines South - Round 3- 1/31/26,Jason Day – Torrey Pines - South Course – 1/31/26,,4,4,,,,318,⬅️ Left,checked,checked,132,,,,,,,,,,,,,,,,,,,,,,,,,19.5,⬆️ Long,2,0.2,0.2,,,,,,Black,454,16,0,78.8,78.8,148,18 Holes,19.5,,19.5,,0,0,4,0,0,,,1,4,4,Par,0,Jason Day – Torrey Pines - South Course – 1/31/26,1,1,0,Jason Day,1,0%,0,0,0,0,1,0,0,0,0,0,0,0,0,0,0,0,0,0,0,1,0,0,0,0,0,0,0,0,0,0,0,0,0,0,0,0,0,0,1,0,0,0,0,0,0,0,0,0,0,0,0,0,0,0,1,,,0,,,,,,,,0,0,1,0,0,0,0,0,0,0,1,0,0,0,0,0,0,0,0,0,0,0,0,0,0,0,0,0,1,0,0,0,0,0,0,0,0,0,0,0,0,0,0,0,0,0,0,0,1,0,0,0,0,0,1,0,0,0,1,0,0,0,1,0,0,0,,0,0,0,,0,0,0,0,0,0,0,0,0,0,0,0,0,0,0,0,0,0,0,0,0,0,0,1,0,0,0,0,0,0,0,0,0,0,0,0,0,0,0,0,0,0,0,0,0,0,0,0,0,0,0,0,0,0,FALSE,TRUE,TRUE,,Long,Left,,
Torrey Pines - South - Black,6,1/31/2026,Torrey Pines - South Course,Torrey Pines - South - Black - 6,,Jason Day,,Jason Day - Torrey Pines South - Round 3- 1/31/26,Jason Day – Torrey Pines - South Course – 1/31/26,,5,5,,,,282,➡️ Right,checked,checked,68,,,,,,,,,,,,,,,,,,,,,,,,,9.7,⬇️ Short,2,2.1,2.1,,,,,,Black,564,9,0,78.8,78.8,148,18 Holes,9.7,,,9.7,1,0,5,0,1,5,5,0,,,Par,0,Jason Day – Torrey Pines - South Course – 1/31/26,1,1,0,Jason Day,1,0%,0,0,0,0,1,0,0,0,0,0,0,0,0,0,0,0,0,0,0,1,0,0,0,0,0,0,0,0,0,0,0,0,0,0,0,0,0,0,1,0,0,0,0,0,0,0,0,0,0,0,0,0,0,0,1,,,,,,,0,,,,0,0,0,0,0,0,0,0,1,0,1,0,0,0,0,0,0,0,0,0,0,0,0,0,0,0,0,0,0,0,0,0,0,0,1,0,0,0,0,0,0,0,0,0,0,0,0,0,0,0,1,0,0,0,0,1,0,0,1,1,0,0,0,0,1,1,,0,0,0,,0,0,0,0,0,0,0,0,0,0,0,0,0,0,0,0,0,0,0,0,0,0,0,0,0,0,0,0,0,1,0,0,0,0,0,0,0,0,0,0,0,0,0,0,0,0,0,0,0,0,0,0,0,0,FALSE,TRUE,TRUE,,Short,Right,,
Torrey Pines - South - Black,13,1/31/2026,Torrey Pines - South Course,Torrey Pines - South - Black - 13,,Jason Day,,Jason Day - Torrey Pines South - Round 3- 1/31/26,Jason Day – Torrey Pines - South Course – 1/31/26,,5,5,,,checked,329,,checked,checked,89,,,,,,,,,,,,,,,,,,,,,,,,,11.8,➡️ Hole High Right,2,0.1,0.1,,,,,,Black,621,6,0,78.8,78.8,148,18 Holes,11.8,,,11.8,0,0,5,0,0,,,1,5,5,Par,1,Jason Day – Torrey Pines - South Course – 1/31/26,1,1,0,Jason Day,1,100%,1,0,0,0,1,0,0,0,0,0,0,0,0,0,0,0,0,0,0,1,0,0,0,1,0,0,0,0,0,0,0,0,0,0,0,0,0,0,1,0,0,0,0,0,0,0,0,0,0,0,0,0,0,0,1,,,,,,,,,,0,0,0,0,0,0,0,1,0,0,0,0,0,0,1,1,0,1,0,1,0,0,0,0,0,0,0,0,0,0,0,0,0,0,0,1,0,0,0,0,0,0,0,0,0,0,0,0,0,0,0,0,0,1,0,0,1,0,1,1,0,0,0,0,0,1,0,,0,0,0,,0,0,0,0,0,0,0,0,0,0,0,0,0,0,0,0,0,0,0,0,0,0,0,0,0,0,0,0,0,1,0,0,0,0,0,0,0,0,0,0,0,0,0,0,0,0,0,0,0,0,0,0,0,0,TRUE,TRUE,TRUE,,Hole High Right,,,
Torrey Pines - South - Black,17,1/31/2026,Torrey Pines - South Course,Torrey Pines - South - Black - 17,,Jason Day,,Jason Day - Torrey Pines South - Round 3- 1/31/26,Jason Day – Torrey Pines - South Course – 1/31/26,,4,4,,,,289,⬅️ Left,checked,checked,144,,,,,,,,,,,,,,,,,,,,,,,,,8.8,⬆️ Long,2,1,1,,,,,,Black,443,4,0,78.8,78.8,148,18 Holes,8.8,,8.8,,1,0,4,0,0,,,1,4,4,Par,0,Jason Day – Torrey Pines - South Course – 1/31/26,1,1,0,Jason Day,1,0%,0,0,0,0,1,0,0,0,0,0,0,0,0,0,0,0,0,0,0,1,0,0,0,0,0,0,0,0,0,0,0,0,0,0,0,0,0,0,1,0,0,0,0,0,0,0,0,0,0,0,0,0,0,0,1,,,0,,,,,,,,0,0,1,0,0,0,0,0,0,0,1,0,0,0,0,0,0,0,0,0,0,0,0,0,0,0,0,0,1,0,0,0,0,0,0,0,0,0,0,0,0,0,1,0,0,0,0,0,0,0,0,0,0,0,1,0,0,0,1,1,0,0,1,1,0,0,,0,0,0,,0,0,0,0,0,0,0,0,0,0,0,0,0,0,0,0,0,0,0,0,0,0,0,1,0,0,0,0,0,0,0,0,0,0,0,0,0,0,0,0,0,0,0,0,0,0,0,0,0,0,0,0,0,0,FALSE,TRUE,TRUE,,Long,Left,,
Torrey Pines - South - Black,5,1/31/2026,Torrey Pines - South Course,Torrey Pines - South - Black - 5,,Jason Day,,Jason Day - Torrey Pines South - Round 3- 1/31/26,Jason Day – Torrey Pines - South Course – 1/31/26,,4,4,,,,289,⬅️ Left,checked,checked,170,,,,,,,,,,,,,,,,,,,,,,,,,21.5,↘️ Short Right,2,2.1,2.1,,,,,,Black,454,11,0,78.8,78.8,148,18 Holes,21.5,,21.5,,0,0,4,0,1,4,4,0,,,Par,0,Jason Day – Torrey Pines - South Course – 1/31/26,1,1,0,Jason Day,1,0%,0,0,0,0,1,0,0,0,0,0,0,0,0,0,0,0,0,0,0,1,0,0,0,0,0,0,0,0,0,0,0,0,0,0,0,0,0,0,1,0,0,0,0,0,0,0,0,0,0,0,0,0,0,0,1,,,0,,,,,,,,0,0,1,0,0,0,0,0,0,0,1,0,0,0,0,0,0,0,0,0,0,0,0,0,0,0,0,0,1,0,0,0,0,0,0,0,0,0,0,0,0,0,0,0,0,0,0,0,0,0,1,0,0,0,1,0,0,0,0,0,0,0,0,0,0,0,,0,0,0,,0,0,0,0,0,0,0,0,0,0,0,0,0,0,0,0,0,0,0,0,0,0,0,1,0,0,0,0,0,0,0,0,0,0,0,0,0,0,0,0,0,0,0,0,0,0,0,0,0,0,0,0,0,0,FALSE,TRUE,TRUE,,Short Right,Left,,
Torrey Pines - South - Black,3,1/31/2026,Torrey Pines - South Course,Torrey Pines - South - Black - 3,,Jason Day,,Jason Day - Torrey Pines South - Round 3- 1/31/26,Jason Day – Torrey Pines - South Course – 1/31/26,,3,3,,,,,,checked,checked,192,,,,,,,,,,,,,,,,,,,,,,,,,16.5,⬆️ Long,2,1,1,,,,,,Black,201,13,0,78.8,78.8,148,18 Holes,16.5,16.5,,,0,0,3,0,1,3,3,0,,,Par,0,Jason Day – Torrey Pines - South Course – 1/31/26,1,1,0,Jason Day,0,N/A,0,0,0,0,1,0,0,0,0,0,0,0,0,0,0,0,0,0,0,1,0,0,0,1,0,0,0,0,0,0,0,0,0,0,0,0,0,0,1,0,0,0,0,0,0,0,0,0,0,0,0,0,0,0,1,0,,,,,,,,,,1,0,0,0,0,0,0,0,0,0,0,0,0,0,1,0,1,0,0,0,0,0,1,0,0,0,0,0,0,0,0,0,0,0,0,0,0,0,0,0,0,0,0,0,1,0,0,0,0,0,0,0,0,0,0,0,0,0,1,0,1,0,0,0,0,0,,0,0,0,,0,0,0,0,0,0,0,0,0,0,0,0,0,0,0,0,0,0,1,0,0,0,0,0,0,0,0,0,0,0,0,0,0,0,0,0,0,0,0,0,0,0,0,0,0,0,0,0,0,0,0,0,0,0,FALSE,TRUE,TRUE,,Long,,,
Torrey Pines - South - Black,1,2/1/2026,Torrey Pines - South Course,Torrey Pines - South - Black - 1,,Jason Day,,Jason Day - Torrey Pines South - Round 4- 2/1/26,Jason Day – Torrey Pines - South Course – 2/1/26,,4,4,,,checked,311,,checked,checked,124,,,,,,,,,,,,,,,,,,,,,,,,,10.2,⬅️ Hole High Left,2,1,1,,,,,,Black,451,5,0,78.8,78.8,148,18 Holes,10.2,,10.2,,0,0,4,0,1,4,4,0,,,Par,1,Jason Day – Torrey Pines - South Course – 2/1/26,1,1,0,Jason Day,1,100%,1,0,0,0,1,0,0,0,0,0,0,0,0,0,0,0,0,0,0,1,0,0,0,1,0,0,0,0,0,0,0,0,0,0,0,0,0,0,1,0,0,0,0,0,0,0,0,0,0,0,0,0,0,0,1,,,,,,0,,,,,0,0,0,0,0,1,0,0,0,0,0,0,0,1,1,0,1,0,1,0,0,0,0,0,0,0,0,0,1,0,0,0,0,0,0,0,0,0,0,0,0,0,0,0,1,0,0,0,0,0,0,0,0,0,1,0,1,0,1,0,0,0,1,0,0,0,,0,0,0,,0,0,0,0,0,0,0,0,0,0,0,0,0,0,0,0,0,0,0,0,0,0,0,1,0,0,0,0,0,0,0,0,0,0,0,0,0,0,0,0,0,0,0,0,0,0,0,0,0,0,0,0,0,0,TRUE,TRUE,TRUE,,Hole High Left,,,
Torrey Pines - South - Black,8,2/1/2026,Torrey Pines - South Course,Torrey Pines - South - Black - 8,,Jason Day,,Jason Day - Torrey Pines South - Round 4- 2/1/26,Jason Day – Torrey Pines - South Course – 2/1/26,,3,3,,,,,,checked,checked,175,,,,,,,,,,,,,,,,,,,,,,,,,14.9,➡️ Hole High Right,2,0.1,0.1,,,,,,Black,177,17,0,78.8,78.8,148,18 Holes,14.9,14.9,,,0,0,3,0,1,3,3,0,,,Par,0,Jason Day – Torrey Pines - South Course – 2/1/26,1,1,0,Jason Day,0,N/A,0,0,0,0,1,0,0,0,0,0,0,0,0,0,0,0,0,0,0,1,0,0,0,1,0,0,0,0,0,0,0,0,0,0,0,0,0,0,1,0,0,0,0,0,0,0,0,0,0,0,0,0,0,0,1,0,,,,,,,,,,1,0,0,0,0,0,0,0,0,0,0,0,0,0,1,0,1,0,0,0,0,0,1,0,0,0,0,0,0,0,0,0,0,0,0,0,0,0,0,0,0,0,0,1,0,0,0,0,0,0,0,0,0,0,0,0,0,0,1,0,1,0,0,0,0,0,,0,0,0,,0,0,0,0,0,0,0,0,0,0,0,0,0,0,0,0,0,0,1,0,0,0,0,0,0,0,0,0,0,0,0,0,0,0,0,0,0,0,0,0,0,0,0,0,0,0,0,0,0,0,0,0,0,0,FALSE,TRUE,TRUE,,Hole High Right,,,
Torrey Pines - South - Black,2,2/1/2026,Torrey Pines - South Course,Torrey Pines - South - Black - 2,,Jason Day,,Jason Day - Torrey Pines South - Round 4- 2/1/26,Jason Day – Torrey Pines - South Course – 2/1/26,,4,4,,,checked,267,,checked,checked,135,,,,,,,,,,,,,,,,,,,,,,,,,13.1,➡️ Hole High Right,2,0.1,0.1,,,,,,Black,389,15,0,78.8,78.8,148,18 Holes,13.1,,13.1,,0,0,4,0,1,4,4,0,,,Par,1,Jason Day – Torrey Pines - South Course – 2/1/26,1,1,0,Jason Day,1,100%,1,0,0,0,1,0,0,0,0,0,0,0,0,0,0,0,0,0,0,1,0,0,0,1,0,0,0,0,0,0,0,0,0,0,0,0,0,0,1,0,0,0,0,0,0,0,0,0,0,0,0,0,0,0,1,,,,,,0,,,,,0,0,0,0,0,1,0,0,0,0,0,0,0,1,1,0,1,0,1,0,0,0,0,0,0,0,0,0,1,0,0,0,0,0,0,0,0,0,0,0,0,0,0,0,1,0,0,0,0,0,0,0,0,0,1,0,1,0,1,0,0,0,1,0,0,0,,0,0,0,,0,0,0,0,0,0,0,0,0,0,0,0,0,0,0,0,0,0,0,0,0,0,0,1,0,0,0,0,0,0,0,0,0,0,0,0,0,0,0,0,0,0,0,0,0,0,0,0,0,0,0,0,0,0,TRUE,TRUE,TRUE,,Hole High Right,,,
Torrey Pines - South - Black,5,2/1/2026,Torrey Pines - South Course,Torrey Pines - South - Black - 5,,Jason Day,,Jason Day - Torrey Pines South - Round 4- 2/1/26,Jason Day – Torrey Pines - South Course – 2/1/26,,4,4,,,,288,⬅️ Left,checked,checked,176,,,,,,,,,,,,,,,,,,,,,,,,,35.5,⬇️ Short,2,2.8,2.8,,,,,,Black,454,11,0,78.8,78.8,148,18 Holes,35.5,,35.5,,0,0,4,0,1,4,4,0,,,Par,0,Jason Day – Torrey Pines - South Course – 2/1/26,1,1,0,Jason Day,1,0%,0,0,0,0,1,0,0,0,0,0,0,0,0,0,0,0,0,0,0,1,0,0,0,0,0,0,0,0,0,0,0,0,0,0,0,0,0,0,1,0,0,0,0,0,0,0,0,0,0,0,0,0,0,0,1,,,0,,,,,,,,0,0,1,0,0,0,0,0,0,0,1,0,0,0,0,0,0,0,0,0,0,0,0,0,0,0,0,0,1,0,0,0,0,0,0,0,0,0,0,0,0,0,0,0,0,0,0,0,0,0,1,0,0,0,1,0,0,0,0,0,0,0,0,0,0,0,,0,0,0,,0,0,0,0,0,0,0,0,0,0,0,0,0,0,0,0,0,0,0,0,0,0,0,1,0,0,0,0,0,0,0,0,0,0,0,0,0,0,0,0,0,0,0,0,0,0,0,0,0,0,0,0,0,0,FALSE,TRUE,TRUE,,Short,Left,,
Torrey Pines - South - Black,17,2/1/2026,Torrey Pines - South Course,Torrey Pines - South - Black - 17,,Jason Day,,Jason Day - Torrey Pines South - Round 4- 2/1/26,Jason Day – Torrey Pines - South Course – 2/1/26,,4,4,,,checked,298,,checked,checked,138,,,,,,,,,,,,,,,,,,,,,,,,,14,⬇️ Short,2,2.1,2.1,,,,,,Black,443,4,0,78.8,78.8,148,18 Holes,14,,14,,0,0,4,0,0,,,1,4,4,Par,1,Jason Day – Torrey Pines - South Course – 2/1/26,1,1,0,Jason Day,1,100%,1,0,0,0,1,0,0,0,0,0,0,0,0,0,0,0,0,0,0,1,0,0,0,1,0,0,0,0,0,0,0,0,0,0,0,0,0,0,1,0,0,0,0,0,0,0,0,0,0,0,0,0,0,0,1,,,,,,0,,,,,0,0,0,0,0,1,0,0,0,0,0,0,0,1,1,0,1,0,1,0,0,0,0,0,0,0,0,0,1,0,0,0,0,0,0,0,0,0,0,0,0,0,1,0,0,0,0,0,0,0,0,0,0,0,1,0,1,0,1,0,0,0,1,0,0,0,,0,0,0,,0,0,0,0,0,0,0,0,0,0,0,0,0,0,0,0,0,0,0,0,0,0,0,1,0,0,0,0,0,0,0,0,0,0,0,0,0,0,0,0,0,0,0,0,0,0,0,0,0,0,0,0,0,0,TRUE,TRUE,TRUE,,Short,,,
Torrey Pines - South - Black,11,2/1/2026,Torrey Pines - South Course,Torrey Pines - South - Black - 11,,Jason Day,,Jason Day - Torrey Pines South - Round 4- 2/1/26,Jason Day – Torrey Pines - South Course – 2/1/26,,3,3,,,,,,,,214,,,⬅️ Left,,,,,,,,,,,,,,1,1,60 Degree Wedge,,,,,,11,➡️ Hole High Right,1,11,,,,,,,Black,225,14,0,78.8,78.8,148,18 Holes,,,,,0,0,3,0,0,,,1,3,3,Par,0,Jason Day – Torrey Pines - South Course – 2/1/26,0,0,0,Jason Day,0,N/A,0,0,0,0,1,0,0,0,1,1,0,0,0,0,1,1,1,1,1,0,0,0,0,0,0,0,1,0,1,1,0,0,1,0,0,0,0,0,0,0,0,0,0,0,0,0,0,0,0,0,0,0,0,0,1,,0,,,,,,,,,0,1,0,0,0,0,0,0,0,0,0,0,0,0,0,1,0,1,0,0,0,0,1,0,0,0,0,0,0,0,0,0,0,0,0,0,0,0,0,0,1,1,0,0,0,0,0,0,1,0,0,0,0,0,0,0,0,0,0,0,0,0,0,0,0,0,,1,0,0,,0,1,0,0,0,0,0,0,0,0,0,0,0,0,0,0,0,0,0,0,0,0,0,0,0,0,0,0,0,0,0,0,0,0,0,0,0,0,0,0,0,0,0,0,0,0,0,0,0,0,0,0,0,0,FALSE,FALSE,FALSE,Left,Hole High Right,,,
Torrey Pines - South - Black,13,2/1/2026,Torrey Pines - South Course,Torrey Pines - South - Black - 13,,Jason Day,,Jason Day - Torrey Pines South - Round 4- 2/1/26,Jason Day – Torrey Pines - South Course – 2/1/26,,5,5,,,,290,⬅️ Left,,checked,119,,,,,,,,,,,,,,,,,,,,,,,,,35,⬆️ Long,2,1.5,1.5,,,,,,Black,621,6,0,78.8,78.8,148,18 Holes,,,,,0,0,5,0,0,,,1,5,5,Par,0,Jason Day – Torrey Pines - South Course – 2/1/26,0,1,0,Jason Day,1,0%,0,0,0,0,1,0,0,0,0,0,0,0,0,0,1,1,0,0,0,1,0,0,0,0,0,0,1,0,0,0,0,0,0,0,0,0,0,0,1,0,0,0,0,0,0,0,0,0,0,0,0,0,0,0,1,,,,,,,,,0,,0,0,0,0,0,0,0,0,0,1,0,1,0,0,0,1,0,1,0,1,0,0,0,0,0,0,0,0,0,0,0,0,0,0,1,0,0,0,0,0,1,0,0,0,0,0,0,0,0,0,0,0,1,0,0,0,0,0,0,0,0,0,0,0,0,0,,0,0,1,,0,0,0,0,0,0,0,0,0,0,0,0,0,0,0,0,0,0,0,0,0,0,0,0,0,0,0,0,0,1,0,0,0,0,0,0,0,0,0,0,0,0,0,0,0,0,0,0,0,0,0,0,0,0,FALSE,FALSE,TRUE,,Long,Left,,
Torrey Pines - South - Black,9,2/1/2026,Torrey Pines - South Course,Torrey Pines - South - Black - 9,,Jason Day,,Jason Day - Torrey Pines South - Round 4- 2/1/26,Jason Day – Torrey Pines - South Course – 2/1/26,,5,5,,,,304,➡️ Right,checked,checked,111,,,,,,,,,,,,,,,,1,,,,,,,,,12.8,⬅️ Hole High Left,2,1.5,1.5,,,,,,Black,615,7,0,78.8,78.8,148,18 Holes,12.8,,,12.8,0,0,5,0,1,5,5,0,,,Par,0,Jason Day – Torrey Pines - South Course – 2/1/26,1,1,0,Jason Day,1,0%,0,0,0,0,1,0,0,0,0,0,0,0,0,0,0,0,0,1,0,1,0,0,0,0,0,0,0,0,1,1,0,0,0,0,0,0,0,0,1,0,0,0,0,0,0,0,0,0,0,0,0,0,0,0,1,,,,,,,0,,,,0,0,0,0,0,0,0,0,1,0,1,0,0,0,0,0,0,0,0,0,0,0,0,0,0,0,0,0,0,0,0,0,0,0,1,0,0,0,0,0,0,0,0,1,0,0,0,0,0,0,0,0,0,0,0,1,0,0,1,0,0,0,0,0,1,0,,0,0,0,,0,0,0,0,0,0,0,0,0,0,0,0,0,0,0,0,0,0,0,0,0,0,0,0,0,0,0,0,0,1,0,0,0,0,0,0,0,0,0,0,0,0,0,0,0,0,0,0,0,0,0,0,0,0,FALSE,TRUE,TRUE,,Hole High Left,Right,,
Torrey Pines - South - Black,3,2/1/2026,Torrey Pines - South Course,Torrey Pines - South - Black - 3,,Jason Day,,Jason Day - Torrey Pines South - Round 4- 2/1/26,Jason Day – Torrey Pines - South Course – 2/1/26,,3,3,,,,,,,,152,,,,,,,,,,,,,,,,,1,1,60 Degree Wedge,,,,,,2,Tight (3 feet or less) ,1,2,,,,,,,Black,201,13,0,78.8,78.8,148,18 Holes,,,,,1,1,3,0,1,3,3,0,,,Par,0,Jason Day – Torrey Pines - South Course – 2/1/26,0,0,0,Jason Day,0,N/A,0,0,0,0,1,0,0,0,1,1,1,1,1,1,1,1,1,1,1,0,0,0,0,0,0,0,1,0,1,1,0,0,1,0,0,0,0,0,0,0,0,0,0,0,0,0,0,0,0,0,0,0,0,0,1,,0,,,,,,,,,0,1,0,0,0,0,0,0,0,0,0,0,0,0,0,1,0,1,0,0,0,0,1,0,0,0,0,0,0,0,0,0,0,0,0,0,0,0,0,0,1,1,0,0,1,0,0,0,0,0,0,0,0,0,0,0,0,0,0,0,0,0,0,0,0,0,,1,0,0,,0,1,0,0,0,0,0,0,0,0,0,0,0,0,0,0,0,0,0,0,0,0,0,0,0,0,0,0,0,0,0,0,0,0,0,0,0,0,0,0,0,0,0,0,0,0,0,0,0,0,0,0,0,0,FALSE,FALSE,FALSE,,Tight (3 feet or less),,,
Torrey Pines - South - Black,10,2/1/2026,Torrey Pines - South Course,Torrey Pines - South - Black - 10,,Jason Day,,Jason Day - Torrey Pines South - Round 4- 2/1/26,Jason Day – Torrey Pines - South Course – 2/1/26,,4,4,,,,290,⬅️ Left,checked,,168,,,,,,,,,,,,,,,,1,,,,,,,,,50.7,↙️ Short Left,2,5.7,5.7,,,,,,Black,454,16,0,78.8,78.8,148,18 Holes,50.7,,50.7,,0,0,4,0,0,,,1,4,4,Par,0,Jason Day – Torrey Pines - South Course – 2/1/26,1,0,0,Jason Day,1,0%,0,0,0,0,1,0,0,0,0,0,0,0,0,0,0,0,0,1,0,1,0,0,0,0,0,0,0,0,1,1,0,0,0,0,0,0,0,0,1,0,0,0,0,0,0,0,0,0,0,0,0,0,0,0,1,,,0,,,,,,,,0,0,1,0,0,0,0,0,0,0,1,0,0,0,0,0,0,0,0,0,0,0,0,0,0,0,0,0,1,0,0,0,0,0,0,0,0,0,0,0,0,0,0,0,0,0,0,0,1,0,0,0,0,0,1,0,0,0,0,0,0,0,0,0,0,0,,0,0,0,,0,0,0,0,0,0,0,0,0,0,0,0,0,0,0,0,0,0,0,0,0,0,0,1,0,0,0,0,0,0,0,0,0,0,0,0,0,0,0,0,0,0,0,0,0,0,0,0,0,0,0,0,0,0,FALSE,TRUE,FALSE,,Short Left,Left,,
Torrey Pines - South - Black,4,2/1/2026,Torrey Pines - South Course,Torrey Pines - South - Black - 4,,Jason Day,,Jason Day - Torrey Pines South - Round 4- 2/1/26,Jason Day – Torrey Pines - South Course – 2/1/26,,4,4,,,,293,➡️ Right,checked,checked,202,,,,,,,,,,,,,,,,1,,,,,,,,,42.9,↘️ Short Right,2,3.5,3.5,,,,,,Black,490,3,0,78.8,78.8,148,18 Holes,42.9,,42.9,,0,0,4,0,1,4,4,0,,,Par,0,Jason Day – Torrey Pines - South Course – 2/1/26,1,1,0,Jason Day,1,0%,0,0,0,0,1,0,0,0,0,0,0,0,0,0,0,0,0,1,0,1,0,0,0,0,0,0,0,0,1,1,0,0,0,0,0,0,0,0,1,0,0,0,0,0,0,0,0,0,0,0,0,0,0,0,1,,,0,,,,,,,,0,0,1,0,0,0,0,0,0,0,1,0,0,0,0,0,0,0,0,0,0,0,0,0,0,0,0,0,1,0,0,0,0,0,0,0,0,0,0,0,0,0,0,0,0,0,0,0,0,0,1,0,0,0,1,0,0,0,0,0,0,0,0,0,0,0,,0,0,0,,0,0,0,0,0,0,0,0,0,0,0,0,0,0,0,0,0,0,0,0,0,0,0,1,0,0,0,0,0,0,0,0,0,0,0,0,0,0,0,0,0,0,0,0,0,0,0,0,0,0,0,0,0,0,FALSE,TRUE,TRUE,,Short Right,Right,,
Torrey Pines - South - Black,16,2/1/2026,Torrey Pines - South Course,Torrey Pines - South - Black - 16,,Jason Day,,Jason Day - Torrey Pines South - Round 4- 2/1/26,Jason Day – Torrey Pines - South Course – 2/1/26,,3,3,,,,,,checked,checked,200,,,,,,,,,,,,,,,,,,,,,,,,,25.2,⬇️ Short,2,3.1,3.1,,,,,,Black,227,18,0,78.8,78.8,148,18 Holes,25.2,25.2,,,0,0,3,0,0,,,1,3,3,Par,0,Jason Day – Torrey Pines - South Course – 2/1/26,1,1,0,Jason Day,0,N/A,0,0,0,0,1,0,0,0,0,0,0,0,0,0,0,0,0,0,0,1,0,0,0,1,0,0,0,0,0,0,0,0,0,0,0,0,0,0,1,0,0,0,0,0,0,0,0,0,0,0,0,0,0,0,1,0,,,,,,,,,,1,0,0,0,0,0,0,0,0,0,0,0,0,0,1,0,1,0,0,0,0,0,1,0,0,0,0,0,0,0,0,0,0,0,0,0,0,0,0,0,0,0,1,0,0,0,0,0,0,0,0,0,0,0,0,0,0,0,0,0,0,0,0,0,0,0,,0,0,0,,0,0,0,0,0,0,0,0,0,0,0,0,0,0,0,0,0,0,1,0,0,0,0,0,0,0,0,0,0,0,0,0,0,0,0,0,0,0,0,0,0,0,0,0,0,0,0,0,0,0,0,0,0,0,FALSE,TRUE,TRUE,,Short,,,
TPC Scottsdale - Black,7,2/5/2026,TPC Scottsdale - Stadium ,TPC Scottsdale - Black - 7,,Scottie Scheffler,,Scottie Scheffler - TPC Scottsdale - Round 1 -2/5/26,Scottie Scheffler – TPC Scottsdale - Stadium  – 2/5/26,,3,3,,,,,,checked,checked,223,,,,,,,,,,,,,,,,,,,,,,,,,19.6,⬆️ Long,2,5,5,,,,,,Black,215,16,0,74.7,74.7,142,18 Holes,19.6,19.6,,,0,0,3,0,1,3,3,0,,,Par,0,Scottie Scheffler – TPC Scottsdale - Stadium  – 2/5/26,1,1,0,Scottie Scheffler,0,N/A,0,0,0,0,1,0,0,0,0,0,0,0,0,0,0,0,0,0,0,1,0,0,0,1,0,0,0,0,0,0,0,0,0,0,0,0,0,0,1,0,0,0,0,0,0,0,0,0,0,0,0,0,0,0,1,0,,,,,,,,,,1,0,0,0,0,0,0,0,0,0,0,0,0,0,1,0,1,0,0,0,0,0,1,0,0,0,0,0,0,0,0,0,0,0,0,0,0,0,0,0,0,0,0,1,0,0,0,0,0,0,0,0,0,0,0,0,0,0,1,0,1,0,0,0,0,0,,0,0,0,,0,0,0,0,0,0,0,0,0,0,0,0,0,0,0,0,0,0,1,0,0,0,0,0,0,0,0,0,0,0,0,0,0,0,0,0,0,0,0,0,0,0,0,0,0,0,0,0,0,0,0,0,0,0,FALSE,TRUE,TRUE,,Long,,,
TPC Scottsdale - Black,12,2/5/2026,TPC Scottsdale - Stadium ,TPC Scottsdale - Black - 12,,Scottie Scheffler,,Scottie Scheffler - TPC Scottsdale - Round 1 -2/5/26,Scottie Scheffler – TPC Scottsdale - Stadium  – 2/5/26,,3,3,,,,,,checked,checked,191,,,,,,,,,,,,,,,,,,,,,,,,,29.6,⬇️ Short,2,0.5,0.5,,,,,,Black,192,15,0,74.7,74.7,142,18 Holes,29.6,29.6,,,0,0,3,0,0,,,1,3,3,Par,0,Scottie Scheffler – TPC Scottsdale - Stadium  – 2/5/26,1,1,0,Scottie Scheffler,0,N/A,0,0,0,0,1,0,0,0,0,0,0,0,0,0,0,0,0,0,0,1,0,0,0,1,0,0,0,0,0,0,0,0,0,0,0,0,0,0,1,0,0,0,0,0,0,0,0,0,0,0,0,0,0,0,1,0,,,,,,,,,,1,0,0,0,0,0,0,0,0,0,0,0,0,0,1,0,1,0,0,0,0,0,1,0,0,0,0,0,0,0,0,0,0,0,0,0,0,0,0,0,0,0,0,0,0,0,0,0,1,0,0,0,0,0,0,0,0,0,0,0,0,0,0,0,0,0,,0,0,0,,0,0,0,0,0,0,0,0,0,0,0,0,0,0,0,0,0,0,1,0,0,0,0,0,0,0,0,0,0,0,0,0,0,0,0,0,0,0,0,0,0,0,0,0,0,0,0,0,0,0,0,0,0,0,FALSE,TRUE,TRUE,,Short,,,
TPC Scottsdale - Black,16,2/5/2026,TPC Scottsdale - Stadium ,TPC Scottsdale - Black - 16,,Scottie Scheffler,,Scottie Scheffler - TPC Scottsdale - Round 1 -2/5/26,Scottie Scheffler – TPC Scottsdale - Stadium  – 2/5/26,,3,3,,,,,,checked,checked,155,,,,,,,,,,,,,,,,,,,,,,,,,47.1,⬆️ Long,2,9,9,,,,,,Black,163,17,0,74.7,74.7,142,18 Holes,47.1,47.1,,,0,0,3,0,0,,,1,3,3,Par,0,Scottie Scheffler – TPC Scottsdale - Stadium  – 2/5/26,1,1,0,Scottie Scheffler,0,N/A,0,0,0,0,1,0,0,0,0,0,0,0,0,0,0,0,0,0,0,1,0,0,0,1,0,0,0,0,0,0,0,0,0,0,0,0,0,0,1,0,0,0,0,0,0,0,0,0,0,0,0,0,0,0,1,0,,,,,,,,,,1,0,0,0,0,0,0,0,0,0,0,0,0,0,1,0,1,0,0,0,0,0,1,0,0,0,0,0,0,0,0,0,0,0,0,0,0,0,0,0,0,0,1,0,0,0,0,0,0,0,0,0,0,0,0,0,0,0,0,0,0,0,0,0,0,0,,0,0,0,,0,0,0,0,0,0,0,0,0,0,0,0,0,0,0,0,0,0,1,0,0,0,0,0,0,0,0,0,0,0,0,0,0,0,0,0,0,0,0,0,0,0,0,0,0,0,0,0,0,0,0,0,0,0,FALSE,TRUE,TRUE,,Long,,,
TPC Scottsdale - Black,5,2/5/2026,TPC Scottsdale - Stadium ,TPC Scottsdale - Black - 5,,Scottie Scheffler,,Scottie Scheffler - TPC Scottsdale - Round 1 -2/5/26,Scottie Scheffler – TPC Scottsdale - Stadium  – 2/5/26,,4,4,,,checked,346,,checked,checked,118,,,,,,,,,,,,,,,,,,,,,,,,,29.2,↗️ Long Right,2,2,2,,,,,,Black,470,6,0,74.7,74.7,142,18 Holes,29.2,,29.2,,0,0,4,0,1,4,4,0,,,Par,1,Scottie Scheffler – TPC Scottsdale - Stadium  – 2/5/26,1,1,0,Scottie Scheffler,1,100%,1,0,0,0,1,0,0,0,0,0,0,0,0,0,0,0,0,0,0,1,0,0,0,1,0,0,0,0,0,0,0,0,0,0,0,0,0,0,1,0,0,0,0,0,0,0,0,0,0,0,0,0,0,0,1,,,,,,0,,,,,0,0,0,0,0,1,0,0,0,0,0,0,0,1,1,0,1,0,1,0,0,0,0,0,0,0,0,0,1,0,0,0,0,0,0,0,0,0,0,0,0,0,0,0,0,0,0,0,0,0,1,0,0,0,1,0,1,0,0,0,0,0,0,0,0,0,,0,0,0,,0,0,0,0,0,0,0,0,0,0,0,0,0,0,0,0,0,0,0,0,0,0,0,1,0,0,0,0,0,0,0,0,0,0,0,0,0,0,0,0,0,0,0,0,0,0,0,0,0,0,0,0,0,0,TRUE,TRUE,TRUE,,Long Right,,,
TPC Scottsdale - Black,6,2/5/2026,TPC Scottsdale - Stadium ,TPC Scottsdale - Black - 6,,Scottie Scheffler,,Scottie Scheffler - TPC Scottsdale - Round 1 -2/5/26,Scottie Scheffler – TPC Scottsdale - Stadium  – 2/5/26,,4,4,,,,277,⬅️ Left,checked,checked,147,,,,,,,,,,,,,,,,,,,,,,,,,47.9,↗️ Long Right,2,4.2,4.2,,,,,,Black,432,12,0,74.7,74.7,142,18 Holes,47.9,,47.9,,0,0,4,0,1,4,4,0,,,Par,0,Scottie Scheffler – TPC Scottsdale - Stadium  – 2/5/26,1,1,0,Scottie Scheffler,1,0%,0,0,0,0,1,0,0,0,0,0,0,0,0,0,0,0,0,0,0,1,0,0,0,0,0,0,0,0,0,0,0,0,0,0,0,0,0,0,1,0,0,0,0,0,0,0,0,0,0,0,0,0,0,0,1,,,0,,,,,,,,0,0,1,0,0,0,0,0,0,0,1,0,0,0,0,0,0,0,0,0,0,0,0,0,0,0,0,0,1,0,0,0,0,0,0,0,0,0,0,0,0,0,0,0,0,0,0,0,0,0,1,0,0,0,1,0,0,0,0,0,0,0,0,0,0,0,,0,0,0,,0,0,0,0,0,0,0,0,0,0,0,0,0,0,0,0,0,0,0,0,0,0,0,1,0,0,0,0,0,0,0,0,0,0,0,0,0,0,0,0,0,0,0,0,0,0,0,0,0,0,0,0,0,0,FALSE,TRUE,TRUE,,Long Right,Left,,
TPC Scottsdale - Black,4,2/5/2026,TPC Scottsdale - Stadium ,TPC Scottsdale - Black - 4,,Scottie Scheffler,,Scottie Scheffler - TPC Scottsdale - Round 1 -2/5/26,Scottie Scheffler – TPC Scottsdale - Stadium  – 2/5/26,,3,3,,,,,,,,180,,,⬇️ Short,,,,,,,,,,,,,,,1,60 Degree Wedge,,,,,,5,➡️ Hole High Right,1,5,,,,,,,Black,183,18,0,74.7,74.7,142,18 Holes,,,,,1,1,3,0,1,3,3,0,,,Par,0,Scottie Scheffler – TPC Scottsdale - Stadium  – 2/5/26,0,0,0,Scottie Scheffler,0,N/A,0,0,0,0,1,0,0,0,1,1,1,1,1,1,1,1,1,0,1,0,0,0,0,0,0,0,1,0,0,0,0,0,1,0,0,0,0,0,0,0,0,0,0,0,0,0,0,0,0,0,0,0,0,0,1,,0,,,,,,,,,0,1,0,0,0,0,0,0,0,0,0,0,0,0,0,1,0,1,0,0,0,0,1,0,0,0,0,0,0,0,0,0,0,0,0,0,0,0,0,0,1,1,0,0,0,0,0,0,0,0,1,0,0,0,0,0,0,0,0,0,0,0,0,0,0,0,,1,0,0,,0,1,0,0,0,0,0,0,0,0,0,0,0,0,0,0,0,0,0,0,0,0,0,0,0,0,0,0,0,0,0,0,0,0,0,0,0,0,0,0,0,0,0,0,0,0,0,0,0,0,0,0,0,0,FALSE,FALSE,FALSE,Short,Hole High Right,,,
TPC Scottsdale - Black,9,2/5/2026,TPC Scottsdale - Stadium ,TPC Scottsdale - Black - 9,,Scottie Scheffler,,Scottie Scheffler - TPC Scottsdale - Round 1 -2/5/26,Scottie Scheffler – TPC Scottsdale - Stadium  – 2/5/26,,4,4,,,checked,313,,checked,checked,142,,,,,,,,,,,,,,,,,,,,,,,,,18.1,⬅️ Hole High Left,2,1,1,,,,,,Black,453,10,0,74.7,74.7,142,18 Holes,18.1,,18.1,,0,0,4,0,1,4,4,0,,,Par,1,Scottie Scheffler – TPC Scottsdale - Stadium  – 2/5/26,1,1,0,Scottie Scheffler,1,100%,1,0,0,0,1,0,0,0,0,0,0,0,0,0,0,0,0,0,0,1,0,0,0,1,0,0,0,0,0,0,0,0,0,0,0,0,0,0,1,0,0,0,0,0,0,0,0,0,0,0,0,0,0,0,1,,,,,,0,,,,,0,0,0,0,0,1,0,0,0,0,0,0,0,1,1,0,1,0,1,0,0,0,0,0,0,0,0,0,1,0,0,0,0,0,0,0,0,0,0,0,0,0,0,1,0,0,0,0,0,0,0,0,0,0,1,0,1,0,1,0,0,0,1,0,0,0,,0,0,0,,0,0,0,0,0,0,0,0,0,0,0,0,0,0,0,0,0,0,0,0,0,0,0,1,0,0,0,0,0,0,0,0,0,0,0,0,0,0,0,0,0,0,0,0,0,0,0,0,0,0,0,0,0,0,TRUE,TRUE,TRUE,,Hole High Left,,,
TPC Scottsdale - Black,1,2/6/2026,TPC Scottsdale - Stadium ,TPC Scottsdale - Black - 1,,Scottie Scheffler,,Scottie Scheffler - TPC Scottsdale - Round 2 -2/6/26,Scottie Scheffler – TPC Scottsdale - Stadium  – 2/6/26,,4,4,,,checked,267,,checked,checked,133,,,,,,,,,,,,,,,,,,,,,,,,,43,↖️ Long Left,2,3,3,,,,,,Black,403,14,0,74.7,74.7,142,18 Holes,43,,43,,0,0,4,0,1,4,4,0,,,Par,1,Scottie Scheffler – TPC Scottsdale - Stadium  – 2/6/26,1,1,0,Scottie Scheffler,1,100%,1,0,0,0,1,0,0,0,0,0,0,0,0,0,0,0,0,0,0,1,0,0,0,1,0,0,0,0,0,0,0,0,0,0,0,0,0,0,1,0,0,0,0,0,0,0,0,0,0,0,0,0,0,0,1,,,,,,0,,,,,0,0,0,0,0,1,0,0,0,0,0,0,0,1,1,0,1,0,1,0,0,0,0,0,0,0,0,0,1,0,0,0,0,0,0,0,0,0,0,0,0,0,0,0,1,0,0,0,0,0,0,0,0,0,1,0,1,0,0,0,0,0,0,0,0,0,,0,0,0,,0,0,0,0,0,0,0,0,0,0,0,0,0,0,0,0,0,0,0,0,0,0,0,1,0,0,0,0,0,0,0,0,0,0,0,0,0,0,0,0,0,0,0,0,0,0,0,0,0,0,0,0,0,0,TRUE,TRUE,TRUE,,Long Left,,,
TPC Scottsdale - Black,16,2/6/2026,TPC Scottsdale - Stadium ,TPC Scottsdale - Black - 16,,Scottie Scheffler,,Scottie Scheffler - TPC Scottsdale - Round 2 -2/6/26,Scottie Scheffler – TPC Scottsdale - Stadium  – 2/6/26,,3,3,,,,,,checked,checked,168,,,,,,,,,,,,,,,,,,,,,,,,,22,➡️ Hole High Right,2,1.5,1.5,,,,,,Black,163,17,0,74.7,74.7,142,18 Holes,22,22,,,0,0,3,0,0,,,1,3,3,Par,0,Scottie Scheffler – TPC Scottsdale - Stadium  – 2/6/26,1,1,0,Scottie Scheffler,0,N/A,0,0,0,0,1,0,0,0,0,0,0,0,0,0,0,0,0,0,0,1,0,0,0,1,0,0,0,0,0,0,0,0,0,0,0,0,0,0,1,0,0,0,0,0,0,0,0,0,0,0,0,0,0,0,1,0,,,,,,,,,,1,0,0,0,0,0,0,0,0,0,0,0,0,0,1,0,1,0,0,0,0,0,1,0,0,0,0,0,0,0,0,0,0,0,0,0,0,0,0,0,0,0,1,0,0,0,0,0,0,0,0,0,0,0,0,0,0,0,0,0,0,0,0,0,0,0,,0,0,0,,0,0,0,0,0,0,0,0,0,0,0,0,0,0,0,0,0,0,1,0,0,0,0,0,0,0,0,0,0,0,0,0,0,0,0,0,0,0,0,0,0,0,0,0,0,0,0,0,0,0,0,0,0,0,FALSE,TRUE,TRUE,,Hole High Right,,,
TPC Scottsdale - Black,11,2/6/2026,TPC Scottsdale - Stadium ,TPC Scottsdale - Black - 11,,Scottie Scheffler,,Scottie Scheffler - TPC Scottsdale - Round 2 -2/6/26,Scottie Scheffler – TPC Scottsdale - Stadium  – 2/6/26,,4,4,,,checked,308,,checked,checked,174,,,,,,,,,,,,,,,,,,,,,,,,,18.2,⬅️ Hole High Left,2,1.8,1.8,,,,,,Black,472,1,0,74.7,74.7,142,18 Holes,18.2,,18.2,,0,0,4,0,0,,,1,4,4,Par,1,Scottie Scheffler – TPC Scottsdale - Stadium  – 2/6/26,1,1,0,Scottie Scheffler,1,100%,1,0,0,0,1,0,0,0,0,0,0,0,0,0,0,0,0,0,0,1,0,0,0,1,0,0,0,0,0,0,0,0,0,0,0,0,0,0,1,0,0,0,0,0,0,0,0,0,0,0,0,0,0,0,1,,,,,,0,,,,,0,0,0,0,0,1,0,0,0,0,0,0,0,1,1,0,1,0,1,0,0,0,0,0,0,0,0,0,1,0,0,0,0,0,0,0,0,0,0,0,0,0,0,0,0,0,0,0,1,0,0,0,0,0,1,0,1,0,1,0,0,0,1,0,0,0,,0,0,0,,0,0,0,0,0,0,0,0,0,0,0,0,0,0,0,0,0,0,0,0,0,0,0,1,0,0,0,0,0,0,0,0,0,0,0,0,0,0,0,0,0,0,0,0,0,0,0,0,0,0,0,0,0,0,TRUE,TRUE,TRUE,,Hole High Left,,,
TPC Scottsdale - Black,3,2/6/2026,TPC Scottsdale - Stadium ,TPC Scottsdale - Black - 3,,Scottie Scheffler,,Scottie Scheffler - TPC Scottsdale - Round 2 -2/6/26,Scottie Scheffler – TPC Scottsdale - Stadium  – 2/6/26,,5,5,,,,336,⬅️ Left,checked,checked,121,,,,,,,,,,,,,,,,,,,,,,,,,31.9,⬅️ Hole High Left,2,1.5,1.5,,,,,,Black,558,4,0,74.7,74.7,142,18 Holes,31.9,,,31.9,0,0,5,0,1,5,5,0,,,Par,0,Scottie Scheffler – TPC Scottsdale - Stadium  – 2/6/26,1,1,0,Scottie Scheffler,1,0%,0,0,0,0,1,0,0,0,0,0,0,0,0,0,0,0,0,0,0,1,0,0,0,0,0,0,0,0,0,0,0,0,0,0,0,0,0,0,1,0,0,0,0,0,0,0,0,0,0,0,0,0,0,0,1,,,,,,,0,,,,0,0,0,0,0,0,0,0,1,0,1,0,0,0,0,0,0,0,0,0,0,0,0,0,0,0,0,0,0,0,0,0,0,0,1,0,0,0,0,0,0,0,0,0,1,0,0,0,0,0,0,0,0,0,0,1,0,0,0,0,0,0,0,0,0,0,,0,0,0,,0,0,0,0,0,0,0,0,0,0,0,0,0,0,0,0,0,0,0,0,0,0,0,0,0,0,0,0,0,1,0,0,0,0,0,0,0,0,0,0,0,0,0,0,0,0,0,0,0,0,0,0,0,0,FALSE,TRUE,TRUE,,Hole High Left,Left,,
TPC Scottsdale - Black,17,2/6/2026,TPC Scottsdale - Stadium ,TPC Scottsdale - Black - 17,,Scottie Scheffler,,Scottie Scheffler - TPC Scottsdale - Round 2 -2/6/26,Scottie Scheffler – TPC Scottsdale - Stadium  – 2/6/26,,4,4,,,checked,306,,checked,checked,14,,,,,,,,,,,,,,,,,,,,,,,,,9.6,⬇️ Short,2,0.8,0.8,,,,,,Black,332,13,0,74.7,74.7,142,18 Holes,9.6,,9.6,,1,0,4,0,0,,,1,4,4,Par,1,Scottie Scheffler – TPC Scottsdale - Stadium  – 2/6/26,1,1,0,Scottie Scheffler,1,100%,1,0,0,0,1,0,0,0,0,0,0,0,0,0,0,0,0,0,0,1,0,0,0,1,0,0,0,0,0,0,0,0,0,0,0,0,0,0,1,0,0,0,0,0,0,0,0,0,0,0,0,0,0,0,1,,,,,,0,,,,,0,0,0,0,0,1,0,0,0,0,0,0,0,1,1,0,1,0,1,0,0,0,0,0,0,0,0,0,1,0,0,0,0,0,0,0,0,0,0,0,0,0,1,0,0,0,0,0,0,0,0,0,0,0,1,0,1,0,1,1,0,0,1,1,0,0,,0,0,0,,0,0,0,0,0,0,0,0,0,0,0,0,0,0,0,0,0,0,0,0,0,0,0,1,0,0,0,0,0,0,0,0,0,0,0,0,0,0,0,0,0,0,0,0,0,0,0,0,0,0,0,0,0,0,TRUE,TRUE,TRUE,,Short,,,
TPC Scottsdale - Black,14,2/6/2026,TPC Scottsdale - Stadium ,TPC Scottsdale - Black - 14,,Scottie Scheffler,,Scottie Scheffler - TPC Scottsdale - Round 2 -2/6/26,Scottie Scheffler – TPC Scottsdale - Stadium  – 2/6/26,,4,4,,,,296,⬅️ Left,checked,checked,192,,,,,,,,,,,,,,,,,,,,,,,,,56,↘️ Short Right,2,4.9,4.9,,,,,,Black,490,7,0,74.7,74.7,142,18 Holes,56,,56,,0,0,4,0,0,,,1,4,4,Par,0,Scottie Scheffler – TPC Scottsdale - Stadium  – 2/6/26,1,1,0,Scottie Scheffler,1,0%,0,0,0,0,1,0,0,0,0,0,0,0,0,0,0,0,0,0,0,1,0,0,0,0,0,0,0,0,0,0,0,0,0,0,0,0,0,0,1,0,0,0,0,0,0,0,0,0,0,0,0,0,0,0,1,,,0,,,,,,,,0,0,1,0,0,0,0,0,0,0,1,0,0,0,0,0,0,0,0,0,0,0,0,0,0,0,0,0,1,0,0,0,0,0,0,0,0,0,0,0,0,0,0,0,0,0,0,0,0,0,0,0,1,0,1,0,0,0,0,0,0,0,0,0,0,0,,0,0,0,,0,0,0,0,0,0,0,0,0,0,0,0,0,0,0,0,0,0,0,0,0,0,0,1,0,0,0,0,0,0,0,0,0,0,0,0,0,0,0,0,0,0,0,0,0,0,0,0,0,0,0,0,0,0,FALSE,TRUE,TRUE,,Short Right,Left,,
TPC Scottsdale - Black,6,2/6/2026,TPC Scottsdale - Stadium ,TPC Scottsdale - Black - 6,,Scottie Scheffler,,Scottie Scheffler - TPC Scottsdale - Round 2 -2/6/26,Scottie Scheffler – TPC Scottsdale - Stadium  – 2/6/26,,4,4,,,,316,⬅️ Left,,,99,,,,,,,,,,,,,,,,,,1,Putter,,,,,,1,Tight (3 feet or less) ,1,1,,,,,,,Black,432,12,0,74.7,74.7,142,18 Holes,,,,,1,1,4,0,1,4,4,0,,,Par,0,Scottie Scheffler – TPC Scottsdale - Stadium  – 2/6/26,0,0,0,Scottie Scheffler,1,0%,0,0,0,0,1,0,0,0,1,1,1,1,1,1,1,1,1,0,1,0,0,0,0,0,0,0,1,0,0,0,0,0,1,0,0,0,0,0,0,0,0,0,0,0,0,0,0,0,0,0,0,0,0,0,1,,,,,0,,,,,,0,0,0,1,0,0,0,0,0,0,0,1,0,0,0,1,0,1,0,1,0,0,0,0,0,0,0,0,1,0,0,0,0,0,0,0,0,0,0,0,1,1,0,0,0,0,0,0,0,0,1,0,0,0,0,0,0,0,0,0,0,0,0,0,0,0,,0,1,0,,0,0,0,0,0,0,0,1,0,0,0,0,0,0,0,0,0,0,0,0,0,0,0,0,0,0,0,0,0,0,0,0,0,0,0,0,0,0,0,0,0,0,0,0,0,0,0,0,0,0,0,0,0,0,FALSE,FALSE,FALSE,,Tight (3 feet or less),Left,,
TPC Scottsdale - Black,7,2/6/2026,TPC Scottsdale - Stadium ,TPC Scottsdale - Black - 7,,Scottie Scheffler,,Scottie Scheffler - TPC Scottsdale - Round 2 -2/6/26,Scottie Scheffler – TPC Scottsdale - Stadium  – 2/6/26,,3,3,,,,,,checked,checked,211,,,,,,,,,,,,,,,,,,,,,,,,,18.2,⬅️ Hole High Left,2,1.3,1.3,,,,,,Black,215,16,0,74.7,74.7,142,18 Holes,18.2,18.2,,,0,0,3,0,1,3,3,0,,,Par,0,Scottie Scheffler – TPC Scottsdale - Stadium  – 2/6/26,1,1,0,Scottie Scheffler,0,N/A,0,0,0,0,1,0,0,0,0,0,0,0,0,0,0,0,0,0,0,1,0,0,0,1,0,0,0,0,0,0,0,0,0,0,0,0,0,0,1,0,0,0,0,0,0,0,0,0,0,0,0,0,0,0,1,0,,,,,,,,,,1,0,0,0,0,0,0,0,0,0,0,0,0,0,1,0,1,0,0,0,0,0,1,0,0,0,0,0,0,0,0,0,0,0,0,0,0,0,0,0,0,0,0,1,0,0,0,0,0,0,0,0,0,0,0,0,0,0,1,0,1,0,0,0,0,0,,0,0,0,,0,0,0,0,0,0,0,0,0,0,0,0,0,0,0,0,0,0,1,0,0,0,0,0,0,0,0,0,0,0,0,0,0,0,0,0,0,0,0,0,0,0,0,0,0,0,0,0,0,0,0,0,0,0,FALSE,TRUE,TRUE,,Hole High Left,,,
TPC Scottsdale - Black,2,2/6/2026,TPC Scottsdale - Stadium ,TPC Scottsdale - Black - 2,,Scottie Scheffler,,Scottie Scheffler - TPC Scottsdale - Round 2 -2/6/26,Scottie Scheffler – TPC Scottsdale - Stadium  – 2/6/26,,4,4,,,,298,➡️ Right,,,155,,,↘️ Short Right,,,,,,,,,,,,,,1,1,60 Degree Wedge,,,,,,4.9,⬅️ Hole High Left,1,4.9,,,,,,,Black,442,8,0,74.7,74.7,142,18 Holes,,,,,1,1,4,0,1,4,4,0,,,Par,0,Scottie Scheffler – TPC Scottsdale - Stadium  – 2/6/26,0,0,0,Scottie Scheffler,1,0%,0,0,0,0,1,0,0,0,1,1,1,1,1,1,1,1,1,1,1,0,0,0,0,0,0,0,1,0,1,1,0,0,1,0,0,0,0,0,0,0,0,0,0,0,0,0,0,0,0,0,0,0,0,0,1,,,,,0,,,,,,0,0,0,1,0,0,0,0,0,0,0,1,0,0,0,1,0,1,0,1,0,0,0,0,0,0,0,0,1,0,0,0,0,0,0,0,0,0,0,0,1,1,0,0,1,0,0,0,0,0,0,0,0,0,0,0,0,0,0,0,0,0,0,0,0,0,,0,1,0,,0,0,0,0,0,0,0,1,0,0,0,0,0,0,0,0,0,0,0,0,0,0,0,0,0,0,0,0,0,0,0,0,0,0,0,0,0,0,0,0,0,0,0,0,0,0,0,0,0,0,0,0,0,0,FALSE,FALSE,FALSE,Short Right,Hole High Left,Right,,
TPC Scottsdale - Black,8,2/6/2026,TPC Scottsdale - Stadium ,TPC Scottsdale - Black - 8,,Scottie Scheffler,,Scottie Scheffler - TPC Scottsdale - Round 2 -2/6/26,Scottie Scheffler – TPC Scottsdale - Stadium  – 2/6/26,,4,4,,,,301,➡️ Right,checked,checked,206,,,,,,,,,,,,,,,,,,,,,,,,,53.5,↙️ Short Left,2,1,1,,,,,,Black,475,2,0,74.7,74.7,142,18 Holes,53.5,,53.5,,0,0,4,0,1,4,4,0,,,Par,0,Scottie Scheffler – TPC Scottsdale - Stadium  – 2/6/26,1,1,0,Scottie Scheffler,1,0%,0,0,0,0,1,0,0,0,0,0,0,0,0,0,0,0,0,0,0,1,0,0,0,0,0,0,0,0,0,0,0,0,0,0,0,0,0,0,1,0,0,0,0,0,0,0,0,0,0,0,0,0,0,0,1,,,0,,,,,,,,0,0,1,0,0,0,0,0,0,0,1,0,0,0,0,0,0,0,0,0,0,0,0,0,0,0,0,0,1,0,0,0,0,0,0,0,0,0,0,0,0,0,0,1,0,0,0,0,0,0,0,0,0,0,1,0,0,0,0,0,0,0,0,0,0,0,,0,0,0,,0,0,0,0,0,0,0,0,0,0,0,0,0,0,0,0,0,0,0,0,0,0,0,1,0,0,0,0,0,0,0,0,0,0,0,0,0,0,0,0,0,0,0,0,0,0,0,0,0,0,0,0,0,0,FALSE,TRUE,TRUE,,Short Left,Right,,
TPC Scottsdale - Black,12,2/6/2026,TPC Scottsdale - Stadium ,TPC Scottsdale - Black - 12,,Scottie Scheffler,,Scottie Scheffler - TPC Scottsdale - Round 2 -2/6/26,Scottie Scheffler – TPC Scottsdale - Stadium  – 2/6/26,,3,3,,,,,,checked,checked,202,,,,,,,,,,,,,,,,,,,,,,,,,90.1,↙️ Short Left,2,2,2,,,,,,Black,192,15,0,74.7,74.7,142,18 Holes,90.1,90.1,,,0,0,3,0,0,,,1,3,3,Par,0,Scottie Scheffler – TPC Scottsdale - Stadium  – 2/6/26,1,1,0,Scottie Scheffler,0,N/A,0,0,0,0,1,0,0,0,0,0,0,0,0,0,0,0,0,0,0,1,0,0,0,1,0,0,0,0,0,0,0,0,0,0,0,0,0,0,1,0,0,0,0,0,0,0,0,0,0,0,0,0,0,0,1,0,,,,,,,,,,1,0,0,0,0,0,0,0,0,0,0,0,0,0,1,0,1,0,0,0,0,0,1,0,0,0,0,0,0,0,0,0,0,0,0,0,0,0,0,0,0,0,0,0,0,0,0,0,1,0,0,0,0,0,0,0,0,0,0,0,0,0,0,0,0,0,,0,0,0,,0,0,0,0,0,0,0,0,0,0,0,0,0,0,0,0,0,0,1,0,0,0,0,0,0,0,0,0,0,0,0,0,0,0,0,0,0,0,0,0,0,0,0,0,0,0,0,0,0,0,0,0,0,0,FALSE,TRUE,TRUE,,Short Left,,,
TPC Scottsdale - Black,4,2/6/2026,TPC Scottsdale - Stadium ,TPC Scottsdale - Black - 4,,Scottie Scheffler,,Scottie Scheffler - TPC Scottsdale - Round 2 -2/6/26,Scottie Scheffler – TPC Scottsdale - Stadium  – 2/6/26,,3,3,,,,,,checked,checked,184,,,,,,,,,,,,,,,,,,,,,,,,,18.2,⬅️ Hole High Left,2,1.5,1.5,,,,,,Black,183,18,0,74.7,74.7,142,18 Holes,18.2,18.2,,,0,0,3,0,1,3,3,0,,,Par,0,Scottie Scheffler – TPC Scottsdale - Stadium  – 2/6/26,1,1,0,Scottie Scheffler,0,N/A,0,0,0,0,1,0,0,0,0,0,0,0,0,0,0,0,0,0,0,1,0,0,0,1,0,0,0,0,0,0,0,0,0,0,0,0,0,0,1,0,0,0,0,0,0,0,0,0,0,0,0,0,0,0,1,0,,,,,,,,,,1,0,0,0,0,0,0,0,0,0,0,0,0,0,1,0,1,0,0,0,0,0,1,0,0,0,0,0,0,0,0,0,0,0,0,0,0,0,0,0,0,0,0,0,0,0,0,0,0,0,1,0,0,0,0,0,0,0,1,0,1,0,0,0,0,0,,0,0,0,,0,0,0,0,0,0,0,0,0,0,0,0,0,0,0,0,0,0,1,0,0,0,0,0,0,0,0,0,0,0,0,0,0,0,0,0,0,0,0,0,0,0,0,0,0,0,0,0,0,0,0,0,0,0,FALSE,TRUE,TRUE,,Hole High Left,,,
TPC Scottsdale - Black,1,2/7/2026,TPC Scottsdale - Stadium ,TPC Scottsdale - Black - 1,,Scottie Scheffler,,Scottie Scheffler - TPC Scottsdale - Round 3 -2/7/26,Scottie Scheffler – TPC Scottsdale - Stadium  – 2/7/26,,4,4,,,,250,➡️ Right,checked,checked,173,,,,,,,,,,,,,,,,,,,,,,,,,28.3,⬅️ Hole High Left,2,2.1,2.1,,,,,,Black,403,14,0,74.7,74.7,142,18 Holes,28.3,,28.3,,0,0,4,0,1,4,4,0,,,Par,0,Scottie Scheffler – TPC Scottsdale - Stadium  – 2/7/26,1,1,0,Scottie Scheffler,1,0%,0,0,0,0,1,0,0,0,0,0,0,0,0,0,0,0,0,0,0,1,0,0,0,0,0,0,0,0,0,0,0,0,0,0,0,0,0,0,1,0,0,0,0,0,0,0,0,0,0,0,0,0,0,0,1,,,0,,,,,,,,0,0,1,0,0,0,0,0,0,0,1,0,0,0,0,0,0,0,0,0,0,0,0,0,0,0,0,0,1,0,0,0,0,0,0,0,0,0,0,0,0,0,0,0,1,0,0,0,0,0,0,0,0,0,1,0,0,0,0,0,0,0,0,0,0,0,,0,0,0,,0,0,0,0,0,0,0,0,0,0,0,0,0,0,0,0,0,0,0,0,0,0,0,1,0,0,0,0,0,0,0,0,0,0,0,0,0,0,0,0,0,0,0,0,0,0,0,0,0,0,0,0,0,0,FALSE,TRUE,TRUE,,Hole High Left,Right,,
TPC Scottsdale - Black,17,2/7/2026,TPC Scottsdale - Stadium ,TPC Scottsdale - Black - 17,,Scottie Scheffler,,Scottie Scheffler - TPC Scottsdale - Round 3 -2/7/26,Scottie Scheffler – TPC Scottsdale - Stadium  – 2/7/26,,4,4,,,checked,333,,checked,checked,26,,,,,,,,,,,,,,,,,,,,,,,,,8.6,⬅️ Hole High Left,2,0.5,0.5,,,,,,Black,332,13,0,74.7,74.7,142,18 Holes,8.6,,8.6,,1,0,4,0,0,,,1,4,4,Par,1,Scottie Scheffler – TPC Scottsdale - Stadium  – 2/7/26,1,1,0,Scottie Scheffler,1,100%,1,0,0,0,1,0,0,0,0,0,0,0,0,0,0,0,0,0,0,1,0,0,0,1,0,0,0,0,0,0,0,0,0,0,0,0,0,0,1,0,0,0,0,0,0,0,0,0,0,0,0,0,0,0,1,,,,,,0,,,,,0,0,0,0,0,1,0,0,0,0,0,0,0,1,1,0,1,0,1,0,0,0,0,0,0,0,0,0,1,0,0,0,0,0,0,0,0,0,0,0,0,0,1,0,0,0,0,0,0,0,0,0,0,0,1,0,1,0,1,1,0,0,1,1,0,0,,0,0,0,,0,0,0,0,0,0,0,0,0,0,0,0,0,0,0,0,0,0,0,0,0,0,0,1,0,0,0,0,0,0,0,0,0,0,0,0,0,0,0,0,0,0,0,0,0,0,0,0,0,0,0,0,0,0,TRUE,TRUE,TRUE,,Hole High Left,,,
TPC Scottsdale - Black,14,2/7/2026,TPC Scottsdale - Stadium ,TPC Scottsdale - Black - 14,,Scottie Scheffler,,Scottie Scheffler - TPC Scottsdale - Round 3 -2/7/26,Scottie Scheffler – TPC Scottsdale - Stadium  – 2/7/26,,4,4,,,checked,340,,checked,checked,146,,,,,,,,,,,,,,,,,,,,,,,,,21.5,⬅️ Hole High Left,2,1.5,1.5,,,,,,Black,490,7,0,74.7,74.7,142,18 Holes,21.5,,21.5,,0,0,4,0,0,,,1,4,4,Par,1,Scottie Scheffler – TPC Scottsdale - Stadium  – 2/7/26,1,1,0,Scottie Scheffler,1,100%,1,0,0,0,1,0,0,0,0,0,0,0,0,0,0,0,0,0,0,1,0,0,0,1,0,0,0,0,0,0,0,0,0,0,0,0,0,0,1,0,0,0,0,0,0,0,0,0,0,0,0,0,0,0,1,,,,,,0,,,,,0,0,0,0,0,1,0,0,0,0,0,0,0,1,1,0,1,0,1,0,0,0,0,0,0,0,0,0,1,0,0,0,0,0,0,0,0,0,0,0,0,0,0,0,0,0,0,0,0,0,0,0,1,0,1,0,1,0,0,0,0,0,0,0,0,0,,0,0,0,,0,0,0,0,0,0,0,0,0,0,0,0,0,0,0,0,0,0,0,0,0,0,0,1,0,0,0,0,0,0,0,0,0,0,0,0,0,0,0,0,0,0,0,0,0,0,0,0,0,0,0,0,0,0,TRUE,TRUE,TRUE,,Hole High Left,,,
TPC Scottsdale - Black,3,2/7/2026,TPC Scottsdale - Stadium ,TPC Scottsdale - Black - 3,,Scottie Scheffler,,Scottie Scheffler - TPC Scottsdale - Round 3 -2/7/26,Scottie Scheffler – TPC Scottsdale - Stadium  – 2/7/26,,5,5,,,,330,⬅️ Left,checked,checked,13,,,,,,,,,,,,,,,,,,,,,,,,,14.9,↗️ Long Right,2,0.8,0.8,,,,,,Black,558,4,0,74.7,74.7,142,18 Holes,14.9,,,14.9,0,0,5,0,1,5,5,0,,,Par,0,Scottie Scheffler – TPC Scottsdale - Stadium  – 2/7/26,1,1,0,Scottie Scheffler,1,0%,0,0,0,0,1,0,0,0,0,0,0,0,0,0,0,0,0,0,0,1,0,0,0,0,0,0,0,0,0,0,0,0,0,0,0,0,0,0,1,0,0,0,0,0,0,0,0,0,0,0,0,0,0,0,1,,,,,,,0,,,,0,0,0,0,0,0,0,0,1,0,1,0,0,0,0,0,0,0,0,0,0,0,0,0,0,0,0,0,0,0,0,0,0,0,1,0,0,0,0,0,0,0,0,0,1,0,0,0,0,0,0,0,0,0,0,1,0,0,1,0,0,0,0,0,1,0,,0,0,0,,0,0,0,0,0,0,0,0,0,0,0,0,0,0,0,0,0,0,0,0,0,0,0,0,0,0,0,0,0,1,0,0,0,0,0,0,0,0,0,0,0,0,0,0,0,0,0,0,0,0,0,0,0,0,FALSE,TRUE,TRUE,,Long Right,Left,,
TPC Scottsdale - Black,7,2/7/2026,TPC Scottsdale - Stadium ,TPC Scottsdale - Black - 7,,Scottie Scheffler,,Scottie Scheffler - TPC Scottsdale - Round 3 -2/7/26,Scottie Scheffler – TPC Scottsdale - Stadium  – 2/7/26,,3,3,,,,,,,,218,,,↙️ Short Left,,,,,,,,,,,,,,1,1,60 Degree Wedge,,,,,,4,➡️ Hole High Right,1,4,,,,,,,Black,215,16,0,74.7,74.7,142,18 Holes,,,,,1,1,3,0,1,3,3,0,,,Par,0,Scottie Scheffler – TPC Scottsdale - Stadium  – 2/7/26,0,0,0,Scottie Scheffler,0,N/A,0,0,0,0,1,0,0,0,1,1,1,1,1,1,1,1,1,1,1,0,0,0,0,0,0,0,1,0,1,1,0,0,1,0,0,0,0,0,0,0,0,0,0,0,0,0,0,0,0,0,0,0,0,0,1,,0,,,,,,,,,0,1,0,0,0,0,0,0,0,0,0,0,0,0,0,1,0,1,0,0,0,0,1,0,0,0,0,0,0,0,0,0,0,0,0,0,0,0,0,0,1,1,0,1,0,0,0,0,0,0,0,0,0,0,0,0,0,0,0,0,0,0,0,0,0,0,,1,0,0,,0,1,0,0,0,0,0,0,0,0,0,0,0,0,0,0,0,0,0,0,0,0,0,0,0,0,0,0,0,0,0,0,0,0,0,0,0,0,0,0,0,0,0,0,0,0,0,0,0,0,0,0,0,0,FALSE,FALSE,FALSE,Short Left,Hole High Right,,,
TPC Scottsdale - Black,9,2/7/2026,TPC Scottsdale - Stadium ,TPC Scottsdale - Black - 9,,Scottie Scheffler,,Scottie Scheffler - TPC Scottsdale - Round 3 -2/7/26,Scottie Scheffler – TPC Scottsdale - Stadium  – 2/7/26,,4,4,,,checked,322,,checked,checked,132,,,,,,,,,,,,,,,,,,,,,,,,,21.9,⬅️ Hole High Left,2,1.5,1.5,,,,,,Black,453,10,0,74.7,74.7,142,18 Holes,21.9,,21.9,,0,0,4,0,1,4,4,0,,,Par,1,Scottie Scheffler – TPC Scottsdale - Stadium  – 2/7/26,1,1,0,Scottie Scheffler,1,100%,1,0,0,0,1,0,0,0,0,0,0,0,0,0,0,0,0,0,0,1,0,0,0,1,0,0,0,0,0,0,0,0,0,0,0,0,0,0,1,0,0,0,0,0,0,0,0,0,0,0,0,0,0,0,1,,,,,,0,,,,,0,0,0,0,0,1,0,0,0,0,0,0,0,1,1,0,1,0,1,0,0,0,0,0,0,0,0,0,1,0,0,0,0,0,0,0,0,0,0,0,0,0,0,1,0,0,0,0,0,0,0,0,0,0,1,0,1,0,0,0,0,0,0,0,0,0,,0,0,0,,0,0,0,0,0,0,0,0,0,0,0,0,0,0,0,0,0,0,0,0,0,0,0,1,0,0,0,0,0,0,0,0,0,0,0,0,0,0,0,0,0,0,0,0,0,0,0,0,0,0,0,0,0,0,TRUE,TRUE,TRUE,,Hole High Left,,,
TPC Scottsdale - Black,4,2/7/2026,TPC Scottsdale - Stadium ,TPC Scottsdale - Black - 4,,Scottie Scheffler,,Scottie Scheffler - TPC Scottsdale - Round 3 -2/7/26,Scottie Scheffler – TPC Scottsdale - Stadium  – 2/7/26,,3,3,,,,,,checked,checked,190,,,,,,,,,,,,,,,,,,,,,,,,,43.5,⬅️ Hole High Left,2,4.3,4.3,,,,,,Black,183,18,0,74.7,74.7,142,18 Holes,43.5,43.5,,,0,0,3,0,1,3,3,0,,,Par,0,Scottie Scheffler – TPC Scottsdale - Stadium  – 2/7/26,1,1,0,Scottie Scheffler,0,N/A,0,0,0,0,1,0,0,0,0,0,0,0,0,0,0,0,0,0,0,1,0,0,0,1,0,0,0,0,0,0,0,0,0,0,0,0,0,0,1,0,0,0,0,0,0,0,0,0,0,0,0,0,0,0,1,0,,,,,,,,,,1,0,0,0,0,0,0,0,0,0,0,0,0,0,1,0,1,0,0,0,0,0,1,0,0,0,0,0,0,0,0,0,0,0,0,0,0,0,0,0,0,0,0,0,0,0,0,0,0,0,1,0,0,0,0,0,0,0,0,0,0,0,0,0,0,0,,0,0,0,,0,0,0,0,0,0,0,0,0,0,0,0,0,0,0,0,0,0,1,0,0,0,0,0,0,0,0,0,0,0,0,0,0,0,0,0,0,0,0,0,0,0,0,0,0,0,0,0,0,0,0,0,0,0,FALSE,TRUE,TRUE,,Hole High Left,,,
TPC Scottsdale - Black,5,2/7/2026,TPC Scottsdale - Stadium ,TPC Scottsdale - Black - 5,,Scottie Scheffler,,Scottie Scheffler - TPC Scottsdale - Round 3 -2/7/26,Scottie Scheffler – TPC Scottsdale - Stadium  – 2/7/26,,4,4,,,,302,⬅️ Left,checked,checked,167,,,,,,,,,,,,,,,,,,,,,,,,,54.5,➡️ Hole High Right,2,4.5,4.5,,,,,,Black,470,6,0,74.7,74.7,142,18 Holes,54.5,,54.5,,0,0,4,0,1,4,4,0,,,Par,0,Scottie Scheffler – TPC Scottsdale - Stadium  – 2/7/26,1,1,0,Scottie Scheffler,1,0%,0,0,0,0,1,0,0,0,0,0,0,0,0,0,0,0,0,0,0,1,0,0,0,0,0,0,0,0,0,0,0,0,0,0,0,0,0,0,1,0,0,0,0,0,0,0,0,0,0,0,0,0,0,0,1,,,0,,,,,,,,0,0,1,0,0,0,0,0,0,0,1,0,0,0,0,0,0,0,0,0,0,0,0,0,0,0,0,0,1,0,0,0,0,0,0,0,0,0,0,0,0,0,0,0,0,0,0,0,0,0,1,0,0,0,1,0,0,0,0,0,0,0,0,0,0,0,,0,0,0,,0,0,0,0,0,0,0,0,0,0,0,0,0,0,0,0,0,0,0,0,0,0,0,1,0,0,0,0,0,0,0,0,0,0,0,0,0,0,0,0,0,0,0,0,0,0,0,0,0,0,0,0,0,0,FALSE,TRUE,TRUE,,Hole High Right,Left,,
TPC Scottsdale - Black,2,2/7/2026,TPC Scottsdale - Stadium ,TPC Scottsdale - Black - 2,,Scottie Scheffler,,Scottie Scheffler - TPC Scottsdale - Round 3 -2/7/26,Scottie Scheffler – TPC Scottsdale - Stadium  – 2/7/26,,4,4,,,,304,⬅️ Left,,,134,,,↘️ Short Right,,,,,,,,,,,,,,,1,60 Degree Wedge,,,,,,5.5,⬅️ Hole High Left,1,5.5,,,,,,,Black,442,8,0,74.7,74.7,142,18 Holes,,,,,1,1,4,0,1,4,4,0,,,Par,0,Scottie Scheffler – TPC Scottsdale - Stadium  – 2/7/26,0,0,0,Scottie Scheffler,1,0%,0,0,0,0,1,0,0,0,1,1,1,1,0,0,1,1,1,0,1,0,0,0,0,0,0,0,1,0,0,0,0,0,1,0,0,0,0,0,0,0,0,0,0,0,0,0,0,0,0,0,0,0,0,0,1,,,,,0,,,,,,0,0,0,1,0,0,0,0,0,0,0,1,0,0,0,1,0,1,0,1,0,0,0,0,0,0,0,0,1,0,0,0,0,0,0,0,0,0,0,0,1,1,0,0,1,0,0,0,0,0,0,0,0,0,0,0,0,0,0,0,0,0,0,0,0,0,,0,1,0,,0,0,0,0,0,0,0,1,0,0,0,0,0,0,0,0,0,0,0,0,0,0,0,0,0,0,0,0,0,0,0,0,0,0,0,0,0,0,0,0,0,0,0,0,0,0,0,0,0,0,0,0,0,0,FALSE,FALSE,FALSE,Short Right,Hole High Left,Left,,
TPC Scottsdale - Black,18,2/7/2026,TPC Scottsdale - Stadium ,TPC Scottsdale - Black - 18,,Scottie Scheffler,,Scottie Scheffler - TPC Scottsdale - Round 3 -2/7/26,Scottie Scheffler – TPC Scottsdale - Stadium  – 2/7/26,,4,4,,,checked,336,,checked,checked,,,,,,,,,,,,,,,,,,,,,,,,,,22.6,⬅️ Hole High Left,2,1,1,,,,,,Black,442,3,0,74.7,74.7,142,18 Holes,22.6,,22.6,,0,0,4,0,0,,,1,4,4,Par,1,Scottie Scheffler – TPC Scottsdale - Stadium  – 2/7/26,1,1,0,Scottie Scheffler,1,100%,1,0,0,0,1,0,0,0,0,0,0,0,0,0,0,0,0,0,0,1,0,0,0,1,0,0,0,0,0,0,0,0,0,0,0,0,0,0,1,0,0,0,0,0,0,0,0,0,0,0,0,0,0,0,1,,,,,,0,,,,,0,0,0,0,0,1,0,0,0,0,0,0,0,1,1,0,1,0,1,0,0,0,0,0,0,0,0,0,1,0,0,0,0,0,0,0,0,0,0,0,0,0,1,0,0,0,0,0,0,0,0,0,0,0,1,0,1,0,0,0,0,0,0,0,0,0,,0,0,0,,0,0,0,0,0,0,0,0,0,0,0,0,0,0,0,0,0,0,0,0,0,0,0,1,0,0,0,0,0,0,0,0,0,0,0,0,0,0,0,0,0,0,0,0,0,0,0,0,0,0,0,0,0,0,TRUE,TRUE,TRUE,,Hole High Left,,,
TPC Scottsdale - Black,16,2/7/2026,TPC Scottsdale - Stadium ,TPC Scottsdale - Black - 16,,Scottie Scheffler,,Scottie Scheffler - TPC Scottsdale - Round 3 -2/7/26,Scottie Scheffler – TPC Scottsdale - Stadium  – 2/7/26,,3,3,,,,,,checked,checked,120,,GW,,,,,,,,,,,,,,,,,,,,,,,25,↗️ Long Right,2,1,1,,,,,,Black,163,17,0,74.7,74.7,142,18 Holes,25,25,,,0,0,3,0,0,,,1,3,3,Par,0,Scottie Scheffler – TPC Scottsdale - Stadium  – 2/7/26,1,1,0,Scottie Scheffler,0,N/A,0,0,0,0,1,0,0,0,0,0,0,0,0,0,0,0,0,0,0,1,0,0,0,1,0,0,0,0,0,0,0,0,0,0,0,0,0,0,1,0,0,0,0,0,0,0,0,0,0,0,0,0,0,0,1,0,,,,,,,,,,1,0,0,0,0,0,0,0,0,0,0,0,0,0,1,0,1,0,0,0,0,0,1,0,0,0,0,0,0,0,0,0,0,0,0,0,0,0,0,0,0,0,1,0,0,0,0,0,0,0,0,0,0,0,0,0,0,0,0,0,0,0,0,0,0,0,,0,0,0,,0,0,0,0,0,0,0,0,0,0,0,0,0,0,0,0,0,0,1,0,0,0,0,0,0,0,0,0,0,0,0,0,0,0,0,0,0,0,0,0,0,0,0,0,0,0,0,0,0,0,0,0,0,0,FALSE,TRUE,TRUE,,Long Right,,,
TPC Scottsdale - Black,6,2/7/2026,TPC Scottsdale - Stadium ,TPC Scottsdale - Black - 6,,Scottie Scheffler,,Scottie Scheffler - TPC Scottsdale - Round 3 -2/7/26,Scottie Scheffler – TPC Scottsdale - Stadium  – 2/7/26,,4,4,,,checked,314,,,,128,,,⬆️ Long,,,,,,,,,,,,,,,,Putter,,,,,,0.5,Tight (3 feet or less) ,1,0.5,,,,,,,Black,432,12,0,74.7,74.7,142,18 Holes,,,,,1,1,4,0,1,4,4,0,,,Par,1,Scottie Scheffler – TPC Scottsdale - Stadium  – 2/7/26,0,0,0,Scottie Scheffler,1,100%,0,0,0,0,1,0,0,0,0,0,0,0,0,0,1,1,1,0,1,0,0,0,0,0,0,0,0,0,0,0,0,0,1,0,0,0,0,0,0,0,0,0,0,0,0,0,0,0,0,0,0,0,0,0,1,,,,0,,,,,,,0,0,0,0,1,0,0,0,0,0,0,0,1,0,0,0,0,0,0,0,0,0,0,0,0,0,0,0,1,0,0,0,0,0,0,0,0,0,0,0,1,1,0,0,0,0,0,0,0,0,1,0,0,0,0,0,1,0,0,0,0,0,0,0,0,0,,0,1,0,,0,0,0,0,0,0,0,1,0,0,0,0,0,0,0,0,0,0,0,0,0,0,0,0,0,0,0,0,0,0,0,0,0,0,0,0,0,0,0,0,0,0,0,0,0,0,0,0,0,0,0,0,0,0,TRUE,FALSE,FALSE,Long,Tight (3 feet or less),,,
Pete Dye Stadium Course - Black,13,1/24/2026,Pete Dye Stadium Course,Pete Dye Stadium Course - Black - 13,,Scottie Scheffler,2026 -01 - American Express - Scottie Scheffler,Scottie Scheffler - Pete Dye Stadium - Round 3 -1/24/26,Scottie Scheffler – Pete Dye Stadium Course – 1/24/26,,3,4,,,,,,,,201,,,↘️ Short Right,,,,,,,,,,,,,,,2,,,,,,,0.8,Tight (3 feet or less) ,1,0.8,,,,,,,Black,214,10,1,76.1,76.1,150,18 Holes,,,,,1,1,3,1,0,,,1,4,3,Bogey,0,Scottie Scheffler – Pete Dye Stadium Course – 1/24/26,0,0,0,Scottie Scheffler,0,N/A,0,0,0,0,0,1,0,0,2,1,0,0,0,0,1,0,1,0,1,0,0,0,0,0,0,0,0,0,0,0,0,0,0,1,0,0,0,0,0,0,0,0,0,0,0,0,0,0,0,0,0,0,0,0,1,,1,,,,,,,,,0,1,0,0,0,0,0,0,0,0,0,0,0,0,0,1,0,1,0,0,0,0,0,1,0,0,0,0,0,0,0,0,0,0,0,0,0,0,0,0,0,1,0,0,0,0,0,0,0,0,0,0,0,1,0,0,0,0,0,0,0,0,0,0,0,0,,0,0,0,,0,0,1,0,0,0,0,0,0,0,0,0,0,0,0,0,0,0,0,0,0,0,0,0,0,0,0,0,0,0,0,0,0,0,0,0,0,0,0,0,0,0,0,0,0,0,0,0,0,0,0,0,0,0,FALSE,FALSE,FALSE,Short Right,Tight (3 feet or less),,,
Pete Dye Stadium Course - Black,3,1/24/2026,Pete Dye Stadium Course,Pete Dye Stadium Course - Black - 3,,Scottie Scheffler,2026 -01 - American Express - Scottie Scheffler,Scottie Scheffler - Pete Dye Stadium - Round 3 -1/24/26,Scottie Scheffler – Pete Dye Stadium Course – 1/24/26,,4,5,,,,309,⬅️ Left,checked,checked,161,,,,,,,,,,,,,,,,,,,,,,,,,62,⬇️ Short,3,1.9,7.8,1.9,,,,,Black,471,3,1,76.1,76.1,150,18 Holes,62,,62,,0,0,4,1,1,5,4,0,,,Bogey,0,Scottie Scheffler – Pete Dye Stadium Course – 1/24/26,1,1,0,Scottie Scheffler,1,0%,0,0,0,0,0,1,0,0,0,0,0,0,0,0,0,0,0,0,0,0,1,0,0,0,0,0,0,0,0,0,0,0,0,0,0,0,0,0,0,0,0,0,0,0,0,1,0,0,0,0,0,0,0,0,1,,,1,,,,,,,,0,0,1,0,0,0,0,0,0,0,1,0,0,0,0,0,0,0,0,0,0,0,0,0,0,0,0,0,0,1,0,0,0,0,0,0,0,0,0,0,0,0,0,0,0,1,0,0,0,0,0,0,0,0,1,0,0,0,0,0,0,0,0,0,0,0,,0,0,0,,0,0,0,0,0,0,0,0,0,0,0,0,0,0,0,0,0,0,0,0,0,0,0,0,0,0,0,0,0,0,0,0,0,0,0,0,0,1,0,0,0,0,0,0,0,0,0,0,0,0,0,0,0,0,FALSE,TRUE,TRUE,,Short,Left,,
Pete Dye Stadium Course - Black,2,1/24/2026,Pete Dye Stadium Course,Pete Dye Stadium Course - Black - 2,,Scottie Scheffler,2026 -01 - American Express - Scottie Scheffler,Scottie Scheffler - Pete Dye Stadium - Round 4 - 1/25/26,Scottie Scheffler – Pete Dye Stadium Course – 1/25/26,,4,5,,,,268,⬅️ Left,,,81,,,↙️ Short Left,,,,,,,,,,,,,1,,1,,,,,,,8,⬆️ Long,2,2,2,,,,,,Black,371,15,1,76.1,76.1,150,18 Holes,,,,,1,0,4,1,1,5,4,0,,,Bogey,0,Scottie Scheffler – Pete Dye Stadium Course – 1/24/26,0,0,0,Scottie Scheffler,1,0%,0,0,0,0,0,1,0,0,1,1,1,0,0,0,1,0,0,1,0,1,0,0,0,0,0,0,0,0,0,1,0,0,0,0,0,0,0,0,0,1,0,0,0,0,0,0,0,0,0,0,0,0,0,0,1,,,,,1,,,,,,0,0,0,1,0,0,0,0,0,0,0,1,0,0,0,1,0,1,0,1,0,0,0,0,0,0,0,0,0,1,0,0,0,0,0,0,0,0,0,0,0,0,0,0,0,1,0,0,0,0,0,0,0,0,0,0,0,0,0,0,0,0,0,0,0,0,,0,0,0,,0,0,0,0,0,0,0,0,0,0,0,0,0,0,0,0,0,0,0,0,0,0,0,0,1,0,0,0,0,0,0,0,0,0,0,0,0,0,0,0,0,0,0,0,0,0,0,0,0,0,0,0,0,0,FALSE,FALSE,FALSE,Short Left,Long,Left,,
Pete Dye Stadium Course - Black,3,1/22/2026,Pete Dye Stadium Course,Pete Dye Stadium Course - Black - 3,,Jason Day,2026 -01 - American Express - Jason Day,Jason Day - Pete Dye Stadium - Round 1 -1/22/26,Jason Day – Pete Dye Stadium Course – 1/22/26,,4,5,,,,330,➡️ Right,,,169,,,↙️ Short Left,,,,,,,,,,,,,,1,2,,,,,,,2.7,Tight (3 feet or less) ,2,2.7,,,,,,,Black,471,3,1,76.1,76.1,150,18 Holes,,,,,1,0,4,1,1,5,4,0,,,Bogey,0,Jason Day – Pete Dye Stadium Course – 1/22/26,0,0,0,Jason Day,1,0%,0,0,0,0,0,1,0,0,2,1,0,0,0,0,1,0,0,1,0,1,0,0,0,0,0,0,0,0,0,1,0,0,0,0,0,0,0,0,0,1,0,0,0,0,0,0,0,0,0,0,0,0,0,0,1,,,,,1,,,,,,0,0,0,1,0,0,0,0,0,0,0,1,0,0,0,1,0,1,0,1,0,0,0,0,0,0,0,0,0,1,0,0,0,0,0,0,0,0,0,0,0,0,0,0,0,1,0,0,0,0,0,0,0,0,0,0,0,0,0,0,0,0,0,0,0,0,,0,0,0,,0,0,0,0,0,0,0,0,0,0,0,0,0,0,0,0,0,0,0,0,0,0,0,0,1,0,0,0,0,0,0,0,0,0,0,0,0,0,0,0,0,0,0,0,0,0,0,0,0,0,0,0,0,0,FALSE,FALSE,FALSE,Short Left,Tight (3 feet or less),Right,,
Torrey Pines - North - Black,13,1/29/2026,Torrey Pines - North Course,Torrey Pines - North - Black - 13,,Jason Day,,Jason Day - Torrey Pines North - Round 1 -1/29/26,Jason Day – Torrey Pines - North Course – 1/29/26,,4,5,,,,,➡️ Right,checked,checked,,Driver,,,,,,,,,,,,,,,1,,,,,,,,,45,⬅️ Hole High Left,3,1,6,1,,,,,Black,450,4,1,75.8,75.8,134,18 Holes,45,,45,,0,0,4,1,0,,,1,5,4,Bogey,0,Jason Day – Torrey Pines - North Course – 1/29/26,1,1,0,Jason Day,1,0%,0,0,0,0,0,1,0,0,0,0,0,0,0,0,0,0,0,1,0,0,1,0,0,0,0,0,0,0,0,1,0,0,0,0,0,0,0,0,0,0,0,0,0,0,0,1,0,0,0,0,0,0,0,0,1,,,1,,,,,,,,0,0,1,0,0,0,0,0,0,0,1,0,0,0,0,0,0,0,0,0,0,0,0,0,0,0,0,0,0,1,0,0,0,0,0,0,0,0,0,0,0,0,0,0,0,0,0,0,0,0,0,0,0,1,1,0,0,0,0,0,0,0,0,0,0,0,,0,0,0,,0,0,0,0,0,0,0,0,0,0,0,0,0,0,0,0,0,0,0,0,0,0,0,0,0,0,0,0,0,0,0,0,0,0,0,0,0,1,0,0,0,0,0,0,0,0,0,0,0,0,0,0,0,0,FALSE,TRUE,TRUE,,Hole High Left,Right,,
Torrey Pines - South - Black,1,1/30/2026,Torrey Pines - South Course,Torrey Pines - South - Black - 1,,Jason Day,,Jason Day - Torrey Pines South - Round 2- 1/30/26,Jason Day – Torrey Pines - South Course – 1/30/26,,4,5,,,,273,⬅️ Left,,,37,,,,,,,,,,,,,,,,,,1,Putter,,,,,,1,Tight (3 feet or less) ,1,1,,,,,,,Black,451,5,1,78.8,78.8,148,18 Holes,,,,,1,1,4,1,1,5,4,0,,,Bogey,0,Jason Day – Torrey Pines - South Course – 1/30/26,0,0,0,Jason Day,1,0%,0,0,0,0,0,1,0,0,1,1,1,1,1,1,1,0,1,0,1,0,0,0,0,0,0,0,0,0,0,0,0,0,0,1,0,0,0,0,0,0,0,0,0,0,0,0,0,0,0,0,0,0,0,0,1,,,,,1,,,,,,0,0,0,1,0,0,0,0,0,0,0,1,0,0,0,1,0,1,0,1,0,0,0,0,0,0,0,0,0,1,0,0,0,0,0,0,0,0,0,0,0,1,0,0,0,1,0,0,0,0,0,0,0,0,0,0,0,0,0,0,0,0,0,0,0,0,,0,0,0,,0,0,0,0,0,0,0,0,1,0,0,0,0,0,0,0,0,0,0,0,0,0,0,0,0,0,0,0,0,0,0,0,0,0,0,0,0,0,0,0,0,0,0,0,0,0,0,0,0,0,0,0,0,0,FALSE,FALSE,FALSE,,Tight (3 feet or less),Left,,
Torrey Pines - South - Black,4,1/31/2026,Torrey Pines - South Course,Torrey Pines - South - Black - 4,,Jason Day,,Jason Day - Torrey Pines South - Round 3- 1/31/26,Jason Day – Torrey Pines - South Course – 1/31/26,,4,5,,,checked,284,,checked,checked,190,,,,,,,,,,,,,,,,,,,,,,,,,41.6,↘️ Short Right,3,1.8,12.9,1.8,,,,,Black,490,3,1,78.8,78.8,148,18 Holes,41.6,,41.6,,0,0,4,1,1,5,4,0,,,Bogey,1,Jason Day – Torrey Pines - South Course – 1/31/26,1,1,0,Jason Day,1,100%,1,0,0,0,0,1,0,0,0,0,0,0,0,0,0,0,0,0,0,0,1,0,0,0,0,0,0,0,0,0,0,0,0,0,0,0,0,0,0,0,0,0,0,0,0,1,0,0,0,0,0,0,0,0,1,,,,,,1,,,,,0,0,0,0,0,1,0,0,0,0,0,0,0,1,1,0,1,0,1,0,0,0,0,0,0,0,0,0,0,1,0,0,0,0,0,0,0,0,0,0,0,0,0,0,0,0,0,0,0,0,0,1,0,0,1,0,1,0,0,0,0,0,0,0,0,0,,0,0,0,,0,0,0,0,0,0,0,0,0,0,0,0,0,0,0,0,0,0,0,0,0,0,0,0,0,0,0,0,0,0,0,0,0,0,0,0,0,1,0,0,0,0,0,0,0,0,0,0,0,0,0,0,0,0,TRUE,TRUE,TRUE,,Short Right,,,
Torrey Pines - South - Black,14,2/1/2026,Torrey Pines - South Course,Torrey Pines - South - Black - 14,,Jason Day,,Jason Day - Torrey Pines South - Round 4- 2/1/26,Jason Day – Torrey Pines - South Course – 2/1/26,,4,5,,,,279,⬅️ Left,,,150,,,⬆️ Long,,,,,,,,,,,,,1,,1,60 Degree Wedge,,,,,,9.8,⬅️ Hole High Left,2,0.1,0.1,,,,,,Black,437,8,1,78.8,78.8,148,18 Holes,,,,,1,0,4,1,0,,,1,5,4,Bogey,0,Jason Day – Torrey Pines - South Course – 2/1/26,0,0,0,Jason Day,1,0%,0,0,0,0,0,1,0,0,1,1,1,0,0,0,1,0,0,1,0,1,0,0,0,0,0,0,0,0,0,1,0,0,0,0,0,0,0,0,0,1,0,0,0,0,0,0,0,0,0,0,0,0,0,0,1,,,,,1,,,,,,0,0,0,1,0,0,0,0,0,0,0,1,0,0,0,1,0,1,0,1,0,0,0,0,0,0,0,0,0,1,0,0,0,0,0,0,0,0,0,0,0,0,0,0,0,0,0,0,0,0,0,0,0,1,0,0,0,0,0,0,0,0,0,0,0,0,,0,0,0,,0,0,0,0,0,0,0,0,0,0,0,0,0,0,0,0,0,0,0,0,0,0,0,0,1,0,0,0,0,0,0,0,0,0,0,0,0,0,0,0,0,0,0,0,0,0,0,0,0,0,0,0,0,0,FALSE,FALSE,FALSE,Long,Hole High Left,Left,,
Torrey Pines - South - Black,15,2/1/2026,Torrey Pines - South Course,Torrey Pines - South - Black - 15,,Jason Day,,Jason Day - Torrey Pines South - Round 4- 2/1/26,Jason Day – Torrey Pines - South Course – 2/1/26,,4,5,,,,303,⬅️ Left,,,168,,,↙️ Short Left,,,,,,,,,,,,,,,1,60 Degree Wedge,,,,,,8.9,➡️ Hole High Right,2,2.2,2.2,,,,,,Black,517,12,1,78.8,78.8,148,18 Holes,,,,,1,0,4,1,0,,,1,5,4,Bogey,0,Jason Day – Torrey Pines - South Course – 2/1/26,0,0,0,Jason Day,1,0%,0,0,0,0,0,1,0,0,1,1,1,0,0,0,1,0,0,0,0,1,0,0,0,0,0,0,0,0,0,0,0,0,0,0,0,0,0,0,0,1,0,0,0,0,0,0,0,0,0,0,0,0,0,0,1,,,,,1,,,,,,0,0,0,1,0,0,0,0,0,0,0,1,0,0,0,1,0,1,0,1,0,0,0,0,0,0,0,0,0,1,0,0,0,0,0,0,0,0,0,0,0,0,0,0,0,0,0,0,0,0,0,0,0,1,0,0,0,0,0,0,0,0,0,0,0,0,,0,0,0,,0,0,0,0,0,0,0,0,0,0,0,0,0,0,0,0,0,0,0,0,0,0,0,0,1,0,0,0,0,0,0,0,0,0,0,0,0,0,0,0,0,0,0,0,0,0,0,0,0,0,0,0,0,0,FALSE,FALSE,FALSE,Short Left,Hole High Right,Left,,
Torrey Pines - South - Black,12,2/1/2026,Torrey Pines - South Course,Torrey Pines - South - Black - 12,,Jason Day,,Jason Day - Torrey Pines South - Round 4- 2/1/26,Jason Day – Torrey Pines - South Course – 2/1/26,,4,5,,,,294,⬅️ Left,,checked,56,,,,,,,,,,,,,,,,,,,,,,,,,19.8,⬇️ Short,2,1,1,,,,,,Black,505,2,1,78.8,78.8,148,18 Holes,,,,,0,0,4,1,0,,,1,5,4,Bogey,0,Jason Day – Torrey Pines - South Course – 2/1/26,0,1,0,Jason Day,1,0%,0,0,0,0,0,1,0,0,0,0,0,0,0,0,1,0,0,0,0,1,0,0,0,0,0,0,0,0,0,0,0,0,0,0,0,0,0,0,0,1,0,0,0,0,0,0,0,0,0,0,0,0,0,0,1,,,,,1,,,,,,0,0,0,1,0,0,0,0,0,0,0,1,0,0,0,1,0,1,0,1,0,0,0,0,0,0,0,0,0,1,0,0,0,0,0,0,0,0,0,0,0,0,0,0,0,0,0,0,0,1,0,0,0,0,0,0,0,0,0,0,0,0,0,0,0,0,,0,0,0,,0,0,0,0,0,0,0,0,0,0,0,0,0,0,0,0,0,0,0,0,0,0,0,0,1,0,0,0,0,0,0,0,0,0,0,0,0,0,0,0,0,0,0,0,0,0,0,0,0,0,0,0,0,0,FALSE,FALSE,TRUE,,Short,Left,,
TPC Scottsdale - Black,1,2/5/2026,TPC Scottsdale - Stadium ,TPC Scottsdale - Black - 1,,Scottie Scheffler,,Scottie Scheffler - TPC Scottsdale - Round 1 -2/5/26,Scottie Scheffler – TPC Scottsdale - Stadium  – 2/5/26,,4,5,,,checked,248,,checked,checked,175,,,,,,,,,,,,,,,,,,,,,,,,,26.5,↗️ Long Right,3,1.5,5.3,1.5,,,,,Black,403,14,1,74.7,74.7,142,18 Holes,26.5,,26.5,,0,0,4,1,1,5,4,0,,,Bogey,1,Scottie Scheffler – TPC Scottsdale - Stadium  – 2/5/26,1,1,0,Scottie Scheffler,1,100%,1,0,0,0,0,1,0,0,0,0,0,0,0,0,0,0,0,0,0,0,1,0,0,0,0,0,0,0,0,0,0,0,0,0,0,0,0,0,0,0,0,0,0,0,0,1,0,0,0,0,0,0,0,0,1,,,,,,1,,,,,0,0,0,0,0,1,0,0,0,0,0,0,0,1,1,0,1,0,1,0,0,0,0,0,0,0,0,0,0,1,0,0,0,0,0,0,0,0,0,0,0,0,0,0,0,1,0,0,0,0,0,0,0,0,1,0,1,0,0,0,0,0,0,0,0,0,,0,0,0,,0,0,0,0,0,0,0,0,0,0,0,0,0,0,0,0,0,0,0,0,0,0,0,0,0,0,0,0,0,0,0,0,0,0,0,0,0,1,0,0,0,0,0,0,0,0,0,0,0,0,0,0,0,0,TRUE,TRUE,TRUE,,Long Right,,,
TPC Scottsdale - Black,11,2/5/2026,TPC Scottsdale - Stadium ,TPC Scottsdale - Black - 11,,Scottie Scheffler,,Scottie Scheffler - TPC Scottsdale - Round 1 -2/5/26,Scottie Scheffler – TPC Scottsdale - Stadium  – 2/5/26,,4,5,,,,318,⬅️ Left,,,187,,,↘️ Short Right,,,,,,,,1,Driver,,,Hazard - Water,,,1,60 Degree Wedge,,,,,,5.1,➡️ Hole High Right,1,5.1,,,,,,,Black,472,1,1,74.7,74.7,142,18 Holes,,,,,1,1,4,1,0,,,1,5,4,Bogey,0,Scottie Scheffler – TPC Scottsdale - Stadium  – 2/5/26,0,0,0,Scottie Scheffler,1,0%,0,0,0,0,0,1,0,0,1,1,1,1,0,0,1,0,1,0,1,0,0,0,0,0,0,0,0,0,0,0,0,0,0,1,0,0,0,0,0,0,0,0,0,0,0,0,0,0,0,0,0,0,0,0,1,,,,,1,,,,,,0,0,0,1,0,0,0,0,0,0,0,1,0,0,0,1,0,1,0,1,0,0,0,0,0,0,0,0,0,1,0,0,0,0,0,0,0,0,0,0,0,1,0,0,0,0,0,0,0,1,0,0,0,0,0,0,0,0,0,0,0,0,0,0,0,0,,0,0,0,,0,0,0,0,0,0,0,0,1,0,0,0,0,0,0,0,0,0,0,0,0,0,0,0,0,0,0,0,0,0,0,0,0,0,0,0,0,0,0,0,0,0,0,0,0,0,0,0,0,0,0,0,0,0,FALSE,FALSE,FALSE,Short Right,Hole High Right,Left,,
TPC Scottsdale - Black,18,2/5/2026,TPC Scottsdale - Stadium ,TPC Scottsdale - Black - 18,,Scottie Scheffler,,Scottie Scheffler - TPC Scottsdale - Round 1 -2/5/26,Scottie Scheffler – TPC Scottsdale - Stadium  – 2/5/26,,4,5,,,checked,326,,,,114,,,↙️ Short Left,,,,,,,,,,,,,,,2,60 Degree Wedge,,,,,,4.5,➡️ Hole High Right,1,4.5,,,,,,,Black,442,3,1,74.7,74.7,142,18 Holes,,,,,1,1,4,1,0,,,1,5,4,Bogey,1,Scottie Scheffler – TPC Scottsdale - Stadium  – 2/5/26,0,0,0,Scottie Scheffler,1,100%,0,0,0,0,0,1,0,0,2,1,0,0,0,0,1,0,1,0,1,0,0,0,0,0,0,0,0,0,0,0,0,0,0,1,0,0,0,0,0,0,0,0,0,0,0,0,0,0,0,0,0,0,0,0,1,,,,1,,,,,,,0,0,0,0,1,0,0,0,0,0,0,0,1,0,0,0,0,0,0,0,0,0,0,0,0,0,0,0,0,1,0,0,0,0,0,0,0,0,0,0,0,1,0,0,0,0,1,0,0,0,0,0,0,0,0,0,1,0,0,0,0,0,0,0,0,0,,0,0,0,,0,0,0,0,0,0,0,0,1,0,0,0,0,0,0,0,0,0,0,0,0,0,0,0,0,0,0,0,0,0,0,0,0,0,0,0,0,0,0,0,0,0,0,0,0,0,0,0,0,0,0,0,0,0,TRUE,FALSE,FALSE,Short Left,Hole High Right,,,
TPC Scottsdale - Black,14,2/5/2026,TPC Scottsdale - Stadium ,TPC Scottsdale - Black - 14,,Scottie Scheffler,,Scottie Scheffler - TPC Scottsdale - Round 1 -2/5/26,Scottie Scheffler – TPC Scottsdale - Stadium  – 2/5/26,,4,5,,,,305,⬅️ Left,,,154,,,⬇️ Short,,,,,,,,,,,,,,,1,60 Degree Wedge,,,,,,10.2,⬅️ Hole High Left,2,1.5,1.5,,,,,,Black,490,7,1,74.7,74.7,142,18 Holes,,,,,0,0,4,1,0,,,1,5,4,Bogey,0,Scottie Scheffler – TPC Scottsdale - Stadium  – 2/5/26,0,0,0,Scottie Scheffler,1,0%,0,0,0,0,0,1,0,0,1,1,0,0,0,0,1,0,0,0,0,1,0,0,0,0,0,0,0,0,0,0,0,0,0,0,0,0,0,0,0,1,0,0,0,0,0,0,0,0,0,0,0,0,0,0,1,,,,,1,,,,,,0,0,0,1,0,0,0,0,0,0,0,1,0,0,0,1,0,1,0,1,0,0,0,0,0,0,0,0,0,1,0,0,0,0,0,0,0,0,0,0,0,0,0,0,0,0,0,0,0,0,0,0,0,1,0,0,0,0,0,0,0,0,0,0,0,0,,0,0,0,,0,0,0,0,0,0,0,0,0,0,0,0,0,0,0,0,0,0,0,0,0,0,0,0,1,0,0,0,0,0,0,0,0,0,0,0,0,0,0,0,0,0,0,0,0,0,0,0,0,0,0,0,0,0,FALSE,FALSE,FALSE,Short,Hole High Left,Left,,
TPC Scottsdale - Black,8,2/5/2026,TPC Scottsdale - Stadium ,TPC Scottsdale - Black - 8,,Scottie Scheffler,,Scottie Scheffler - TPC Scottsdale - Round 1 -2/5/26,Scottie Scheffler – TPC Scottsdale - Stadium  – 2/5/26,,4,5,,,checked,285,,,,189,,,⬇️ Short,,,,,,,,,,,,,,,2,60 Degree Wedge,,,,,,3,Tight (3 feet or less) ,1,3,,,,,,,Black,475,2,1,74.7,74.7,142,18 Holes,,,,,1,1,4,1,1,5,4,0,,,Bogey,1,Scottie Scheffler – TPC Scottsdale - Stadium  – 2/5/26,0,0,0,Scottie Scheffler,1,100%,0,0,0,0,0,1,0,0,2,1,0,0,0,0,1,0,1,0,1,0,0,0,0,0,0,0,0,0,0,0,0,0,0,1,0,0,0,0,0,0,0,0,0,0,0,0,0,0,0,0,0,0,0,0,1,,,,1,,,,,,,0,0,0,0,1,0,0,0,0,0,0,0,1,0,0,0,0,0,0,0,0,0,0,0,0,0,0,0,0,1,0,0,0,0,0,0,0,0,0,0,0,1,0,0,0,0,0,1,0,0,0,0,0,0,0,0,1,0,0,0,0,0,0,0,0,0,,0,0,0,,0,0,0,0,0,0,0,0,1,0,0,0,0,0,0,0,0,0,0,0,0,0,0,0,0,0,0,0,0,0,0,0,0,0,0,0,0,0,0,0,0,0,0,0,0,0,0,0,0,0,0,0,0,0,TRUE,FALSE,FALSE,Short,Tight (3 feet or less),,,
TPC Scottsdale - Black,12,2/7/2026,TPC Scottsdale - Stadium ,TPC Scottsdale - Black - 12,,Scottie Scheffler,,Scottie Scheffler - TPC Scottsdale - Round 3 -2/7/26,Scottie Scheffler – TPC Scottsdale - Stadium  – 2/7/26,,3,4,,,,,,checked,checked,179,,,,,,,,,,,,,,,,,,,,,,,,,37.8,⬅️ Hole High Left,3,0.5,3.7,0.5,,,,,Black,192,15,1,74.7,74.7,142,18 Holes,37.8,37.8,,,0,0,3,1,0,,,1,4,3,Bogey,0,Scottie Scheffler – TPC Scottsdale - Stadium  – 2/7/26,1,1,0,Scottie Scheffler,0,N/A,0,0,0,0,0,1,0,0,0,0,0,0,0,0,0,0,0,0,0,0,1,0,0,0,0,0,0,0,0,0,0,0,0,0,0,0,0,0,0,0,0,0,0,0,0,1,0,0,0,0,0,0,0,0,1,1,,,,,,,,,,1,0,0,0,0,0,0,0,0,0,0,0,0,0,1,0,1,0,0,0,0,0,0,1,0,0,0,0,0,0,0,0,0,0,0,0,0,0,0,0,0,0,0,0,0,0,0,0,0,1,0,0,0,0,0,0,0,0,0,0,0,0,0,0,0,0,,0,0,0,,0,0,0,0,0,0,0,0,0,0,0,0,0,0,0,0,0,0,0,0,0,0,0,0,0,0,0,0,0,0,0,0,0,1,0,0,0,0,0,0,0,0,0,0,0,0,0,0,0,0,0,0,0,0,FALSE,TRUE,TRUE,,Hole High Left,,,
Pete Dye Stadium Course - Black,17,1/24/2026,Pete Dye Stadium Course,Pete Dye Stadium Course - Black - 17,,Scottie Scheffler,2026 -01 - American Express - Scottie Scheffler,Scottie Scheffler - Pete Dye Stadium - Round 4 - 1/25/26,Scottie Scheffler – Pete Dye Stadium Course – 1/25/26,,3,5,,,,,,,,156,,,↘️ Short Right,,,,,,,,1,,,,Hazard - Water,,,1,,,,,,,31.7,⬇️ Short,2,1.8,1.8,,,,,,Black,168,14,2,76.1,76.1,150,18 Holes,,,,,0,0,3,2,0,,,1,5,3,Double Bogey,0,Scottie Scheffler – Pete Dye Stadium Course – 1/24/26,0,0,0,Scottie Scheffler,0,N/A,0,0,0,0,0,0,1,0,1,1,0,0,0,0,1,0,0,0,0,1,0,0,0,0,0,0,0,0,0,0,0,0,0,0,0,0,0,0,0,0,1,0,0,0,0,0,0,0,0,0,0,0,0,0,1,,2,,,,,,,,,0,1,0,0,0,0,0,0,0,0,0,0,0,0,0,1,0,1,0,0,0,0,0,0,1,0,0,0,0,0,0,0,0,0,0,0,0,0,0,0,0,0,0,0,0,0,1,0,0,0,0,0,0,0,0,0,0,0,0,0,0,0,0,0,0,0,,0,0,0,,0,0,0,0,0,0,0,0,0,0,0,0,0,0,0,0,0,0,0,0,1,0,0,0,0,0,0,0,0,0,0,0,0,0,0,0,0,0,0,0,0,0,0,0,0,0,0,0,0,0,0,0,0,0,FALSE,FALSE,FALSE,Short Right,Short,,,
Torrey Pines - South - Black,10,1/30/2026,Torrey Pines - South Course,Torrey Pines - South - Black - 10,,Jason Day,,Jason Day - Torrey Pines South - Round 2- 1/30/26,Jason Day – Torrey Pines - South Course – 1/30/26,,4,6,,,checked,313,,,,145,,,↖️ Long Left,,,,,,,,,,,,,,,2,,,,,,,10.5,↘️ Short Right,2,1,1,,,,,,Black,454,16,2,78.8,78.8,148,18 Holes,,,,,0,0,4,2,0,,,1,6,4,Double Bogey,1,Jason Day – Torrey Pines - South Course – 1/30/26,0,0,0,Jason Day,1,100%,0,0,0,0,0,0,1,0,2,1,0,0,0,0,1,0,0,0,0,1,0,0,0,0,0,0,0,0,0,0,0,0,0,0,0,0,0,0,0,0,1,0,0,0,0,0,0,0,0,0,0,0,0,0,1,,,,2,,,,,,,0,0,0,0,1,0,0,0,0,0,0,0,1,0,0,0,0,0,0,0,0,0,0,0,0,0,0,0,0,0,1,0,0,0,0,0,0,0,0,0,0,0,0,0,0,0,0,0,0,1,0,0,0,0,0,0,1,0,0,0,0,0,0,0,0,0,,0,0,0,,0,0,0,0,0,0,0,0,0,0,0,0,0,0,0,0,0,0,0,0,0,0,0,0,0,1,0,0,0,0,0,0,0,0,0,0,0,0,0,0,0,0,0,0,0,0,0,0,0,0,0,0,0,0,TRUE,FALSE,FALSE,Long Left,Short Right,,,
TPC Scottsdale - Black,2,2/5/2026,TPC Scottsdale - Stadium ,TPC Scottsdale - Black - 2,,Scottie Scheffler,,Scottie Scheffler - TPC Scottsdale - Round 1 -2/5/26,Scottie Scheffler – TPC Scottsdale - Stadium  – 2/5/26,,4,6,,,,313,➡️ Right,,,89,,,⬇️ Short,,,,,,,,,,,,,1,,2,60 Degree Wedge,,,,,,16.3,⬇️ Short,2,2,2,,,,,,Black,442,8,2,74.7,74.7,142,18 Holes,,,,,0,0,4,2,1,6,4,0,,,Double Bogey,0,Scottie Scheffler – TPC Scottsdale - Stadium  – 2/5/26,0,0,0,Scottie Scheffler,1,0%,0,0,0,0,0,0,1,0,2,1,0,0,0,0,1,0,0,1,0,1,0,0,0,0,0,0,0,0,0,1,0,0,0,0,0,0,0,0,0,0,1,0,0,0,0,0,0,0,0,0,0,0,0,0,1,,,,,2,,,,,,0,0,0,1,0,0,0,0,0,0,0,1,0,0,0,1,0,1,0,1,0,0,0,0,0,0,0,0,0,0,1,0,0,0,0,0,0,0,0,0,0,0,0,0,0,1,0,0,0,0,0,0,0,0,0,0,0,0,0,0,0,0,0,0,0,0,,0,0,0,,0,0,0,0,0,0,0,0,0,0,0,0,0,0,0,0,0,0,0,0,0,0,0,0,0,1,0,0,0,0,0,0,0,0,0,0,0,0,0,0,0,0,0,0,0,0,0,0,0,0,0,0,0,0,FALSE,FALSE,FALSE,Short,Short,Right,,
Spyglass Hill - Blue,1,2/12/2026,Spyglass Hill Golf Club,Spyglass Hill - Blue- 1,,Jason Day,,Jason Day - Spyglass Hill - Round 1 -2/12/26,Jason Day – Spyglass Hill Golf Club – 2/12/26,,5,6,checked,,,296,⬅️ Left,,,133,,,↖️ Long Left,,,,,,,,,,,,,,,1,60 Degree Wedge,,,,,,13,⬅️ Hole High Left,2,3,3,,,,,,Blue,597,3,1,75.4,75.4,145,18 Holes,,,,,0,0,5,1,1,6,5,0,,,Bogey,0,Jason Day – Spyglass Hill Golf Club – 2/12/26,0,0,0,Jason Day,1,0%,0,0,0,0,0,1,0,0,1,1,0,0,0,0,1,0,0,0,0,1,0,0,0,0,0,0,0,0,0,0,0,0,0,0,0,0,0,0,0,1,0,0,0,0,0,0,0,0,0,0,0,0,0,0,1,,,,,,,,,1,,0,0,0,0,0,0,0,0,0,1,0,1,0,0,0,1,0,1,0,1,0,0,0,0,0,0,0,0,0,0,0,0,0,0,0,1,0,0,0,0,0,0,0,0,0,1,0,0,0,0,0,0,0,0,0,0,0,0,0,0,0,0,0,0,0,0,,0,0,0,,0,0,0,0,0,0,0,0,0,0,0,0,0,0,0,0,0,0,0,0,0,0,0,0,0,0,0,0,0,0,1,0,0,0,0,0,0,0,0,0,0,0,0,0,0,0,0,0,0,0,0,0,0,0,FALSE,FALSE,FALSE,Long Left,Hole High Left,Left,,
Spyglass Hill - Blue,2,2/12/2026,Spyglass Hill Golf Club,Spyglass Hill - Blue- 2,,Jason Day,,Jason Day - Spyglass Hill - Round 1 -2/12/26,Jason Day – Spyglass Hill Golf Club – 2/12/26,,4,3,,,checked,217,,checked,checked,122,,,,,,,,,,,,,,,,,,,,,,,,,6.8,⬅️ Hole High Left,1,6.5,,,,,,,Blue,349,13,-1,75.4,75.4,145,18 Holes,6.8,,6.8,,1,1,4,-1,1,3,4,0,,,Birdie,1,Jason Day – Spyglass Hill Golf Club – 2/12/26,1,1,0,Jason Day,1,100%,1,0,0,1,0,0,0,0,0,0,0,0,0,0,0,0,0,0,1,0,0,0,0,0,1,0,0,0,0,0,0,1,0,0,0,0,0,0,0,0,0,0,0,0,0,0,0,0,0,0,0,0,0,0,1,,,,,,-1,,,,,0,0,0,0,0,1,0,0,0,0,0,0,0,1,1,0,1,0,1,0,0,0,0,0,0,0,0,1,0,0,0,0,0,0,0,0,0,0,0,0,0,0,0,0,1,0,0,0,0,0,0,0,0,0,1,0,1,0,1,1,0,0,1,1,0,0,,0,0,0,,0,0,0,0,0,0,1,0,0,0,0,0,0,0,0,0,0,0,0,0,0,0,0,0,0,0,0,0,0,0,0,0,0,0,0,0,0,0,0,0,0,0,0,0,0,0,0,0,0,0,0,0,0,0,TRUE,TRUE,TRUE,,Hole High Left,,,
Spyglass Hill - Blue,3,2/12/2026,Spyglass Hill Golf Club,Spyglass Hill - Blue- 3,,Jason Day,,Jason Day - Spyglass Hill - Round 1 -2/12/26,Jason Day – Spyglass Hill Golf Club – 2/12/26,,3,3,,,,,,checked,checked,175,,,,,,,,,,,,,,,,,,,,,,,,,20.8,↙️ Short Left,2,2,2,,,,,,Blue,171,17,0,75.4,75.4,145,18 Holes,20.8,20.8,,,0,0,3,0,1,3,3,0,,,Par,0,Jason Day – Spyglass Hill Golf Club – 2/12/26,1,1,0,Jason Day,0,N/A,0,0,0,0,1,0,0,0,0,0,0,0,0,0,0,0,0,0,0,1,0,0,0,1,0,0,0,0,0,0,0,0,0,0,0,0,0,0,1,0,0,0,0,0,0,0,0,0,0,0,0,0,0,0,1,0,,,,,,,,,,1,0,0,0,0,0,0,0,0,0,0,0,0,0,1,0,1,0,0,0,0,0,1,0,0,0,0,0,0,0,0,0,0,0,0,0,0,0,0,0,0,0,0,0,1,0,0,0,0,0,0,0,0,0,0,0,0,0,0,0,0,0,0,0,0,0,,0,0,0,,0,0,0,0,0,0,0,0,0,0,0,0,0,0,0,0,0,0,1,0,0,0,0,0,0,0,0,0,0,0,0,0,0,0,0,0,0,0,0,0,0,0,0,0,0,0,0,0,0,0,0,0,0,0,FALSE,TRUE,TRUE,,Short Left,,,
Spyglass Hill - Blue,4,2/12/2026,Spyglass Hill Golf Club,Spyglass Hill - Blue- 4,,Jason Day,,Jason Day - Spyglass Hill - Round 1 -2/12/26,Jason Day – Spyglass Hill Golf Club – 2/12/26,,4,4,,,checked,242,,,,148,,,⬅️ Left,,,,,,,,,,,,,,1,1,60 Degree Wedge,,,,,,6.1,➡️ Hole High Right,1,6.1,,,,,,,Blue,376,9,0,75.4,75.4,145,18 Holes,,,,,1,1,4,0,1,4,4,0,,,Par,1,Jason Day – Spyglass Hill Golf Club – 2/12/26,0,0,0,Jason Day,1,100%,0,0,0,0,1,0,0,0,1,1,1,1,0,0,1,1,1,1,1,0,0,0,0,0,0,0,0,0,1,1,0,0,1,0,0,0,0,0,0,0,0,0,0,0,0,0,0,0,0,0,0,0,0,0,1,,,,0,,,,,,,0,0,0,0,1,0,0,0,0,0,0,0,1,0,0,0,0,0,0,0,0,0,0,0,0,0,0,0,1,0,0,0,0,0,0,0,0,0,0,0,1,1,0,0,0,0,0,0,0,0,1,0,0,0,0,0,1,0,0,0,0,0,0,0,0,0,,0,1,0,,0,0,0,0,0,0,0,1,0,0,0,0,0,0,0,0,0,0,0,0,0,0,0,0,0,0,0,0,0,0,0,0,0,0,0,0,0,0,0,0,0,0,0,0,0,0,0,0,0,0,0,0,0,0,TRUE,FALSE,FALSE,Left,Hole High Right,,,
Spyglass Hill - Blue,5,2/12/2026,Spyglass Hill Golf Club,Spyglass Hill - Blue- 5,,Jason Day,,Jason Day - Spyglass Hill - Round 1 -2/12/26,Jason Day – Spyglass Hill Golf Club – 2/12/26,,3,4,,,,,,checked,checked,206,,,,,,,,,,,,,,,,,,,,,,,⬇️ Short,,39.9,⬇️ Short,3,5.9,5.9,2,,,,,Blue,203,15,1,75.4,75.4,145,18 Holes,39.9,39.9,,,0,0,3,1,1,4,3,0,,,Bogey,0,Jason Day – Spyglass Hill Golf Club – 2/12/26,1,1,0,Jason Day,0,N/A,0,0,0,0,0,1,0,0,0,0,0,0,0,0,0,0,0,0,0,0,1,0,0,0,0,0,0,0,0,0,0,0,0,0,0,0,0,0,0,0,0,0,0,0,0,1,0,0,0,0,0,0,0,0,1,1,,,,,,,,,,1,0,0,0,0,0,0,0,0,0,0,0,0,0,1,0,1,0,0,0,0,0,0,1,0,0,0,0,0,0,0,0,0,0,0,0,0,0,0,0,0,0,0,0,0,0,0,0,0,0,0,1,0,0,0,0,0,0,0,0,0,0,0,0,0,0,,0,0,0,,0,0,0,0,0,0,0,0,0,0,0,0,0,0,0,0,0,0,0,0,0,0,0,0,0,0,0,0,0,0,0,0,0,1,0,0,0,0,0,0,0,0,0,0,0,0,0,0,0,0,0,0,0,0,FALSE,TRUE,TRUE,,Short,,Short,
Spyglass Hill - Blue,6,2/12/2026,Spyglass Hill Golf Club,Spyglass Hill - Blue- 6,,Jason Day,,Jason Day - Spyglass Hill - Round 1 -2/12/26,Jason Day – Spyglass Hill Golf Club – 2/12/26,,4,4,,,checked,293,,checked,checked,146,,,,,,,,,,,,,,,,,,,,,,,,,39.9,⬇️ Short,2,2,2,,,,,,Blue,441,7,0,75.4,75.4,145,18 Holes,39.9,,39.9,,0,0,4,0,1,4,4,0,,,Par,1,Jason Day – Spyglass Hill Golf Club – 2/12/26,1,1,0,Jason Day,1,100%,1,0,0,0,1,0,0,0,0,0,0,0,0,0,0,0,0,0,0,1,0,0,0,1,0,0,0,0,0,0,0,0,0,0,0,0,0,0,1,0,0,0,0,0,0,0,0,0,0,0,0,0,0,0,1,,,,,,0,,,,,0,0,0,0,0,1,0,0,0,0,0,0,0,1,1,0,1,0,1,0,0,0,0,0,0,0,0,0,1,0,0,0,0,0,0,0,0,0,0,0,0,0,0,0,0,0,0,0,0,0,1,0,0,0,1,0,1,0,0,0,0,0,0,0,0,0,,0,0,0,,0,0,0,0,0,0,0,0,0,0,0,0,0,0,0,0,0,0,0,0,0,0,0,1,0,0,0,0,0,0,0,0,0,0,0,0,0,0,0,0,0,0,0,0,0,0,0,0,0,0,0,0,0,0,TRUE,TRUE,TRUE,,Short,,,
Spyglass Hill - Blue,7,2/12/2026,Spyglass Hill Golf Club,Spyglass Hill - Blue- 7,,Jason Day,,Jason Day - Spyglass Hill - Round 1 -2/12/26,Jason Day – Spyglass Hill Golf Club – 2/12/26,,5,5,,,checked,302,,checked,checked,24,,,,,,,,237,,↘️ Short Right,,,,,,,,,,1,,,,60 Degree Wedge,18.5,⬅️ Hole High Left,2,1.8,1.8,,,,,,Blue,545,11,0,75.4,75.4,145,18 Holes,18.5,,,18.5,0,0,5,0,1,5,5,0,,,Par,1,Jason Day – Spyglass Hill Golf Club – 2/12/26,1,1,0,Jason Day,1,100%,1,0,0,0,1,0,0,0,0,0,0,0,0,0,0,0,0,0,0,1,0,0,0,1,0,0,0,0,0,0,0,0,0,0,0,0,0,0,1,0,0,0,0,0,0,0,0,0,0,0,0,0,0,0,1,,,,,,,,,,0,0,0,0,0,0,0,1,0,0,0,0,0,0,1,1,0,1,0,1,0,0,0,0,0,0,0,0,0,0,0,0,0,0,0,1,0,0,0,0,0,0,0,0,1,0,0,0,0,0,0,0,0,0,0,0,1,0,1,1,0,0,0,0,0,1,0,,0,0,0,,0,0,0,0,0,0,0,0,0,0,0,0,0,0,0,0,0,0,0,0,0,0,0,0,0,0,0,0,0,1,0,0,0,0,0,0,0,0,0,0,0,0,0,0,0,0,0,0,0,0,0,0,0,0,TRUE,TRUE,TRUE,,Hole High Left,,,
Spyglass Hill - Blue,8,2/12/2026,Spyglass Hill Golf Club,Spyglass Hill - Blue- 8,,Jason Day,,Jason Day - Spyglass Hill - Round 1 -2/12/26,Jason Day – Spyglass Hill Golf Club – 2/12/26,,4,4,,,,268,⬅️ Left,checked,checked,140,,,,,,,,,,,,,,,,,,,,,,,,,21.1,➡️ Hole High Right,2,1.5,1.5,,,,,,Blue,398,1,0,75.4,75.4,145,18 Holes,21.1,,21.1,,0,0,4,0,1,4,4,0,,,Par,0,Jason Day – Spyglass Hill Golf Club – 2/12/26,1,1,0,Jason Day,1,0%,0,0,0,0,1,0,0,0,0,0,0,0,0,0,0,0,0,0,0,1,0,0,0,0,0,0,0,0,0,0,0,0,0,0,0,0,0,0,1,0,0,0,0,0,0,0,0,0,0,0,0,0,0,0,1,,,0,,,,,,,,0,0,1,0,0,0,0,0,0,0,1,0,0,0,0,0,0,0,0,0,0,0,0,0,0,0,0,0,1,0,0,0,0,0,0,0,0,0,0,0,0,0,0,1,0,0,0,0,0,0,0,0,0,0,1,0,0,0,0,0,0,0,0,0,0,0,,0,0,0,,0,0,0,0,0,0,0,0,0,0,0,0,0,0,0,0,0,0,0,0,0,0,0,1,0,0,0,0,0,0,0,0,0,0,0,0,0,0,0,0,0,0,0,0,0,0,0,0,0,0,0,0,0,0,FALSE,TRUE,TRUE,,Hole High Right,Left,,
Spyglass Hill - Blue,9,2/12/2026,Spyglass Hill Golf Club,Spyglass Hill - Blue- 9,,Jason Day,,Jason Day - Spyglass Hill - Round 1 -2/12/26,Jason Day – Spyglass Hill Golf Club – 2/12/26,,4,3,,,checked,293,,checked,checked,156,,,,,,,,,,,,,,,,,,,,,,,,,18,⬇️ Short,1,18,,,,,,,Blue,430,5,-1,75.4,75.4,145,18 Holes,18,,18,,0,0,4,-1,1,3,4,0,,,Birdie,1,Jason Day – Spyglass Hill Golf Club – 2/12/26,1,1,0,Jason Day,1,100%,1,0,0,1,0,0,0,0,0,0,0,0,0,0,0,0,0,0,1,0,0,0,0,0,1,0,0,0,0,0,0,1,0,0,0,0,0,0,0,0,0,0,0,0,0,0,0,0,0,0,0,0,0,0,1,,,,,,-1,,,,,0,0,0,0,0,1,0,0,0,0,0,0,0,1,1,0,1,0,1,0,0,0,0,0,0,0,0,1,0,0,0,0,0,0,0,0,0,0,0,0,0,0,0,1,0,0,0,0,0,0,0,0,0,0,1,0,1,0,1,0,0,0,1,0,0,0,,0,0,0,,0,0,0,0,0,0,1,0,0,0,0,0,0,0,0,0,0,0,0,0,0,0,0,0,0,0,0,0,0,0,0,0,0,0,0,0,0,0,0,0,0,0,0,0,0,0,0,0,0,0,0,0,0,0,TRUE,TRUE,TRUE,,Short,,,
Spyglass Hill - Blue,10,2/12/2026,Spyglass Hill Golf Club,Spyglass Hill - Blue- 10,,Jason Day,,Jason Day - Spyglass Hill - Round 1 -2/12/26,Jason Day – Spyglass Hill Golf Club – 2/12/26,,4,4,,,checked,294,,,,118,,,⬅️ Left,,,,,,,,,,,,,,,1,Putter,,,,,,0.1,Tight (3 feet or less) ,1,0.9,,,,,,,Blue,409,12,0,75.4,75.4,145,18 Holes,,,,,1,1,4,0,0,,,1,4,4,Par,1,Jason Day – Spyglass Hill Golf Club – 2/12/26,0,0,0,Jason Day,1,100%,0,0,0,0,1,0,0,0,1,1,1,1,1,1,1,1,1,0,1,0,0,0,0,0,0,0,0,0,0,0,0,0,1,0,0,0,0,0,0,0,0,0,0,0,0,0,0,0,0,0,0,0,0,0,1,,,,0,,,,,,,0,0,0,0,1,0,0,0,0,0,0,0,1,0,0,0,0,0,0,0,0,0,0,0,0,0,0,0,1,0,0,0,0,0,0,0,0,0,0,0,1,1,0,0,0,0,0,0,1,0,0,0,0,0,0,0,1,0,0,0,0,0,0,0,0,0,,0,1,0,,0,0,0,0,0,0,0,1,0,0,0,0,0,0,0,0,0,0,0,0,0,0,0,0,0,0,0,0,0,0,0,0,0,0,0,0,0,0,0,0,0,0,0,0,0,0,0,0,0,0,0,0,0,0,TRUE,FALSE,FALSE,Left,Tight (3 feet or less),,,
Spyglass Hill - Blue,11,2/12/2026,Spyglass Hill Golf Club,Spyglass Hill - Blue- 11,,Jason Day,,Jason Day - Spyglass Hill - Round 1 -2/12/26,Jason Day – Spyglass Hill Golf Club – 2/12/26,,5,4,,,checked,295,,checked,checked,43,,,,,,,,277,3W,↘️ Short Right,,,,,,,1,,,,,,,60 Degree Wedge,1.8,Tight (3 feet or less) ,1,1.8,,,,,,,Blue,562,10,-1,75.4,75.4,145,18 Holes,1.8,,,1.8,1,1,5,-1,0,,,1,4,5,Birdie,1,Jason Day – Spyglass Hill Golf Club – 2/12/26,1,1,0,Jason Day,1,100%,1,0,0,1,0,0,0,0,0,0,0,0,0,0,0,0,0,1,1,0,0,0,0,0,1,0,0,0,1,1,0,1,0,0,0,0,0,0,0,0,0,0,0,0,0,0,0,0,0,0,0,0,0,0,1,,,,,,,,,,-1,0,0,0,0,0,0,1,0,0,0,0,0,0,1,1,0,1,0,1,0,0,0,0,0,0,0,0,0,0,0,0,0,0,1,0,0,0,0,0,0,0,0,0,0,0,0,0,0,1,0,0,0,0,0,0,1,0,1,1,1,0,0,0,0,1,1,,0,0,0,,0,0,0,0,0,0,0,0,0,0,0,0,0,1,0,0,0,0,0,0,0,0,0,0,0,0,0,0,0,0,0,0,0,0,0,0,0,0,0,0,0,0,0,0,0,0,0,0,0,0,0,0,0,0,TRUE,TRUE,TRUE,,Tight (3 feet or less),,,
Spyglass Hill - Blue,12,2/12/2026,Spyglass Hill Golf Club,Spyglass Hill - Blue- 12,,Jason Day,,Jason Day - Spyglass Hill - Round 1 -2/12/26,Jason Day – Spyglass Hill Golf Club – 2/12/26,,3,3,,,,,,checked,checked,167,,,,,,,,,,,,,,,,,,,,,,,,,17.8,↙️ Short Left,2,2.9,2.9,,,,,,Blue,177,16,0,75.4,75.4,145,18 Holes,17.8,17.8,,,0,0,3,0,0,,,1,3,3,Par,0,Jason Day – Spyglass Hill Golf Club – 2/12/26,1,1,0,Jason Day,0,N/A,0,0,0,0,1,0,0,0,0,0,0,0,0,0,0,0,0,0,0,1,0,0,0,1,0,0,0,0,0,0,0,0,0,0,0,0,0,0,1,0,0,0,0,0,0,0,0,0,0,0,0,0,0,0,1,0,,,,,,,,,,1,0,0,0,0,0,0,0,0,0,0,0,0,0,1,0,1,0,0,0,0,0,1,0,0,0,0,0,0,0,0,0,0,0,0,0,0,0,0,0,0,0,0,0,0,0,0,0,1,0,0,0,0,0,0,0,0,0,1,0,1,0,0,0,0,0,,0,0,0,,0,0,0,0,0,0,0,0,0,0,0,0,0,0,0,0,0,0,1,0,0,0,0,0,0,0,0,0,0,0,0,0,0,0,0,0,0,0,0,0,0,0,0,0,0,0,0,0,0,0,0,0,0,0,FALSE,TRUE,TRUE,,Short Left,,,
Spyglass Hill - Blue,13,2/12/2026,Spyglass Hill Golf Club,Spyglass Hill - Blue- 13,,Jason Day,,Jason Day - Spyglass Hill - Round 1 -2/12/26,Jason Day – Spyglass Hill Golf Club – 2/12/26,,4,4,,,checked,270,,,,183,,,↙️ Short Left,,,,,,,,,,,,,,,1,60 Degree Wedge,,,,,,6.7,⬅️ Hole High Left,1,6.7,,,,,,,Blue,458,4,0,75.4,75.4,145,18 Holes,,,,,1,1,4,0,0,,,1,4,4,Par,1,Jason Day – Spyglass Hill Golf Club – 2/12/26,0,0,0,Jason Day,1,100%,0,0,0,0,1,0,0,0,1,1,1,1,0,0,1,1,1,0,1,0,0,0,0,0,0,0,0,0,0,0,0,0,1,0,0,0,0,0,0,0,0,0,0,0,0,0,0,0,0,0,0,0,0,0,1,,,,0,,,,,,,0,0,0,0,1,0,0,0,0,0,0,0,1,0,0,0,0,0,0,0,0,0,0,0,0,0,0,0,1,0,0,0,0,0,0,0,0,0,0,0,1,1,0,0,0,0,0,0,0,0,0,0,1,0,0,0,1,0,0,0,0,0,0,0,0,0,,0,1,0,,0,0,0,0,0,0,0,1,0,0,0,0,0,0,0,0,0,0,0,0,0,0,0,0,0,0,0,0,0,0,0,0,0,0,0,0,0,0,0,0,0,0,0,0,0,0,0,0,0,0,0,0,0,0,TRUE,FALSE,FALSE,Short Left,Hole High Left,,,
Spyglass Hill - Blue,14,2/12/2026,Spyglass Hill Golf Club,Spyglass Hill - Blue- 14,,Jason Day,,Jason Day - Spyglass Hill - Round 1 -2/12/26,Jason Day – Spyglass Hill Golf Club – 2/12/26,,5,4,,,,310,➡️ Right,checked,checked,55,,,,,,,,275,,↙️ Short Left,,,,,,,,,,,,,,,9.9,⬅️ Hole High Left,1,9.9,,,,,,,Blue,558,6,-1,75.4,75.4,145,18 Holes,9.9,,,9.9,1,1,5,-1,0,,,1,4,5,Birdie,0,Jason Day – Spyglass Hill Golf Club – 2/12/26,1,1,0,Jason Day,1,0%,0,0,0,1,0,0,0,0,0,0,0,0,0,0,0,0,0,0,1,0,0,0,0,0,0,0,0,1,0,0,0,1,0,0,0,0,0,0,0,0,0,0,0,0,0,0,0,0,0,0,0,0,0,0,1,,,,,,,-1,,,,0,0,0,0,0,0,0,0,1,0,1,0,0,0,0,0,0,0,0,0,0,0,0,0,0,0,0,0,0,0,0,0,0,1,0,0,0,0,0,0,0,0,0,0,0,0,0,0,0,0,0,0,1,0,0,1,0,0,1,1,0,0,0,0,1,1,,0,0,0,,0,0,0,0,0,0,0,0,0,0,0,0,0,1,0,0,0,0,0,0,0,0,0,0,0,0,0,0,0,0,0,0,0,0,0,0,0,0,0,0,0,0,0,0,0,0,0,0,0,0,0,0,0,0,FALSE,TRUE,TRUE,,Hole High Left,Right,,
Spyglass Hill - Blue,15,2/12/2026,Spyglass Hill Golf Club,Spyglass Hill - Blue- 15,,Jason Day,,Jason Day - Spyglass Hill - Round 1 -2/12/26,Jason Day – Spyglass Hill Golf Club – 2/12/26,,3,2,,,,,,checked,checked,123,,,,,,,,,,,,,,,,,,,,,,,,,10.2,⬅️ Hole High Left,1,10.2,,,,,,,Blue,132,18,-1,75.4,75.4,145,18 Holes,10.2,10.2,,,0,0,3,-1,0,,,1,2,3,Birdie,0,Jason Day – Spyglass Hill Golf Club – 2/12/26,1,1,0,Jason Day,0,N/A,0,0,0,1,0,0,0,0,0,0,0,0,0,0,0,0,0,0,1,0,0,0,0,0,1,0,0,0,0,0,0,1,0,0,0,0,0,0,0,0,0,0,0,0,0,0,0,0,0,0,0,0,0,0,1,-1,,,,,,,,,,1,0,0,0,0,0,0,0,0,0,0,0,0,0,1,0,1,0,0,0,0,1,0,0,0,0,0,0,0,0,0,0,0,0,0,0,0,0,0,0,0,0,0,0,0,0,0,0,0,0,0,0,1,0,0,0,0,0,1,0,1,0,0,0,0,0,,0,0,0,,1,0,0,0,0,0,0,0,0,0,0,0,0,0,0,0,0,0,0,0,0,0,0,0,0,0,0,0,0,0,0,0,0,0,0,0,0,0,0,0,0,0,0,0,0,0,0,0,0,0,0,0,0,0,FALSE,TRUE,TRUE,,Hole High Left,,,
Spyglass Hill - Blue,16,2/12/2026,Spyglass Hill Golf Club,Spyglass Hill - Blue- 16,,Jason Day,,Jason Day - Spyglass Hill - Round 1 -2/12/26,Jason Day – Spyglass Hill Golf Club – 2/12/26,,4,5,,,checked,305,,checked,checked,165,,,,,,,,,,,,,,,,,,,,,,,⬇️ Short,,31.8,↘️ Short Right,3,1.8,4.1,1.8,,,,,Blue,469,2,1,75.4,75.4,145,18 Holes,31.8,,31.8,,0,0,4,1,0,,,1,5,4,Bogey,1,Jason Day – Spyglass Hill Golf Club – 2/12/26,1,1,0,Jason Day,1,100%,1,0,0,0,0,1,0,0,0,0,0,0,0,0,0,0,0,0,0,0,1,0,0,0,0,0,0,0,0,0,0,0,0,0,0,0,0,0,0,0,0,0,0,0,0,1,0,0,0,0,0,0,0,0,1,,,,,,1,,,,,0,0,0,0,0,1,0,0,0,0,0,0,0,1,1,0,1,0,1,0,0,0,0,0,0,0,0,0,0,1,0,0,0,0,0,0,0,0,0,0,0,0,0,0,0,0,1,0,0,0,0,0,0,0,1,0,1,0,0,0,0,0,0,0,0,0,,0,0,0,,0,0,0,0,0,0,0,0,0,0,0,0,0,0,0,0,0,0,0,0,0,0,0,0,0,0,0,0,0,0,0,0,0,0,0,0,0,1,0,0,0,0,0,0,0,0,0,0,0,0,0,0,0,0,TRUE,TRUE,TRUE,,Short Right,,Short,
Spyglass Hill - Blue,17,2/12/2026,Spyglass Hill Golf Club,Spyglass Hill - Blue- 17,,Jason Day,,Jason Day - Spyglass Hill - Round 1 -2/12/26,Jason Day – Spyglass Hill Golf Club – 2/12/26,,4,4,,,,273,⬅️ Left,checked,checked,36,,,,,,,,,,,,,,,,,,,,,,,,,12.3,➡️ Hole High Right,2,2.3,2.3,,,,,,Blue,323,14,0,75.4,75.4,145,18 Holes,12.3,,12.3,,0,0,4,0,0,,,1,4,4,Par,0,Jason Day – Spyglass Hill Golf Club – 2/12/26,1,1,0,Jason Day,1,0%,0,0,0,0,1,0,0,0,0,0,0,0,0,0,0,0,0,0,0,1,0,0,0,0,0,0,0,0,0,0,0,0,0,0,0,0,0,0,1,0,0,0,0,0,0,0,0,0,0,0,0,0,0,0,1,,,0,,,,,,,,0,0,1,0,0,0,0,0,0,0,1,0,0,0,0,0,0,0,0,0,0,0,0,0,0,0,0,0,1,0,0,0,0,0,0,0,0,0,0,0,0,0,1,0,0,0,0,0,0,0,0,0,0,0,1,0,0,0,1,0,0,0,1,0,0,0,,0,0,0,,0,0,0,0,0,0,0,0,0,0,0,0,0,0,0,0,0,0,0,0,0,0,0,1,0,0,0,0,0,0,0,0,0,0,0,0,0,0,0,0,0,0,0,0,0,0,0,0,0,0,0,0,0,0,FALSE,TRUE,TRUE,,Hole High Right,Left,,
Spyglass Hill - Blue,18,2/12/2026,Spyglass Hill Golf Club,Spyglass Hill - Blue- 18,,Jason Day,,Jason Day - Spyglass Hill - Round 1 -2/12/26,Jason Day – Spyglass Hill Golf Club – 2/12/26,,4,4,,,,289,⬅️ Left,,,139,,,⬇️ Short,,,,,,,,,,,,,,,1,60 Degree Wedge,,,,,,8.9,⬅️ Hole High Left,1,8.9,,,,,,,Blue,427,8,0,75.4,75.4,145,18 Holes,,,,,1,1,4,0,0,,,1,4,4,Par,0,Jason Day – Spyglass Hill Golf Club – 2/12/26,0,0,0,Jason Day,1,0%,0,0,0,0,1,0,0,0,1,1,1,1,0,0,1,1,1,0,1,0,0,0,0,0,0,0,1,0,0,0,0,0,1,0,0,0,0,0,0,0,0,0,0,0,0,0,0,0,0,0,0,0,0,0,1,,,,,0,,,,,,0,0,0,1,0,0,0,0,0,0,0,1,0,0,0,1,0,1,0,1,0,0,0,0,0,0,0,0,1,0,0,0,0,0,0,0,0,0,0,0,1,1,1,0,0,0,0,0,0,0,0,0,0,0,0,0,0,0,0,0,0,0,0,0,0,0,,0,1,0,,0,0,0,0,0,0,0,1,0,0,0,0,0,0,0,0,0,0,0,0,0,0,0,0,0,0,0,0,0,0,0,0,0,0,0,0,0,0,0,0,0,0,0,0,0,0,0,0,0,0,0,0,0,0,FALSE,FALSE,FALSE,Short,Hole High Left,Left,,
Pebble Beach - Blue,1,2/13/2026,Pebble Beach Golf Club,Pebble Beach - Blue- 1,,Jason Day,,Jason Day - Pebble Beach - Round 2 -2/13/26,Jason Day – Pebble Beach Golf Club – 2/13/26,,4,4,,,,246,↖️ Long Left,checked,checked,142,,,,,,,,,,,,,,,,,,,,,,,⬇️ Short,,48.2,⬇️ Short,2,6.9,6.9,,,,,,Blue,378,6,0,74.9,74.9,144,18 Holes,48.2,,48.2,,0,0,4,0,1,4,4,0,,,Par,0,Jason Day – Pebble Beach Golf Club – 2/13/26,1,1,0,Jason Day,1,0%,0,0,0,0,1,0,0,0,0,0,0,0,0,0,0,0,0,0,0,1,0,0,0,0,0,0,0,0,0,0,0,0,0,0,0,0,0,0,1,0,0,0,0,0,0,0,0,0,0,0,0,0,0,0,1,,,0,,,,,,,,0,0,1,0,0,0,0,0,0,0,1,0,0,0,0,0,0,0,0,0,0,0,0,0,0,0,0,0,1,0,0,0,0,0,0,0,0,0,0,0,0,0,0,0,1,0,0,0,0,0,0,0,0,0,1,0,0,0,0,0,0,0,0,0,0,0,,0,0,0,,0,0,0,0,0,0,0,0,0,0,0,0,0,0,0,0,0,0,0,0,0,0,0,1,0,0,0,0,0,0,0,0,0,0,0,0,0,0,0,0,0,0,0,0,0,0,0,0,0,0,0,0,0,0,FALSE,TRUE,TRUE,,Short,Long Left,Short,
Pebble Beach - Blue,2,2/13/2026,Pebble Beach Golf Club,Pebble Beach - Blue- 2,,Jason Day,,Jason Day - Pebble Beach - Round 2 -2/13/26,Jason Day – Pebble Beach Golf Club – 2/13/26,,5,4,,,checked,289,,checked,checked,25,,,,,,,,227,,↘️ Short Right,,,,,,,,,,1,,,,60 Degree Wedge,5.8,⬅️ Hole High Left,1,5.8,,,,,,,Blue,507,10,-1,74.9,74.9,144,18 Holes,5.8,,,5.8,1,1,5,-1,1,4,5,0,,,Birdie,1,Jason Day – Pebble Beach Golf Club – 2/13/26,1,1,0,Jason Day,1,100%,1,0,0,1,0,0,0,0,0,0,0,0,0,0,0,0,0,0,1,0,0,0,0,0,1,0,0,0,0,0,0,1,0,0,0,0,0,0,0,0,0,0,0,0,0,0,0,0,0,0,0,0,0,0,1,,,,,,,,,,-1,0,0,0,0,0,0,1,0,0,0,0,0,0,1,1,0,1,0,1,0,0,0,0,0,0,0,0,0,0,0,0,0,0,1,0,0,0,0,0,0,0,0,0,0,1,0,0,0,0,0,0,0,0,0,0,1,0,1,1,1,0,0,0,0,1,1,,0,0,0,,0,0,0,0,0,0,0,0,0,0,0,0,0,1,0,0,0,0,0,0,0,0,0,0,0,0,0,0,0,0,0,0,0,0,0,0,0,0,0,0,0,0,0,0,0,0,0,0,0,0,0,0,0,0,TRUE,TRUE,TRUE,,Hole High Left,,,
Pebble Beach - Blue,3,2/13/2026,Pebble Beach Golf Club,Pebble Beach - Blue- 3,,Jason Day,,Jason Day - Pebble Beach - Round 2 -2/13/26,Jason Day – Pebble Beach Golf Club – 2/13/26,,4,4,,,checked,300,,checked,checked,91,,,,,,,,,,,,,,,,,,,,,,,,,8.4,⬅️ Hole High Left,2,0.8,0.8,,,,,,Blue,397,12,0,74.9,74.9,144,18 Holes,8.4,,8.4,,1,0,4,0,1,4,4,0,,,Par,1,Jason Day – Pebble Beach Golf Club – 2/13/26,1,1,0,Jason Day,1,100%,1,0,0,0,1,0,0,0,0,0,0,0,0,0,0,0,0,0,0,1,0,0,0,1,0,0,0,0,0,0,0,0,0,0,0,0,0,0,1,0,0,0,0,0,0,0,0,0,0,0,0,0,0,0,1,,,,,,0,,,,,0,0,0,0,0,1,0,0,0,0,0,0,0,1,1,0,1,0,1,0,0,0,0,0,0,0,0,0,1,0,0,0,0,0,0,0,0,0,0,0,0,0,0,0,1,0,0,0,0,0,0,0,0,0,1,0,1,0,1,1,0,0,1,1,0,0,,0,0,0,,0,0,0,0,0,0,0,0,0,0,0,0,0,0,0,0,0,0,0,0,0,0,0,1,0,0,0,0,0,0,0,0,0,0,0,0,0,0,0,0,0,0,0,0,0,0,0,0,0,0,0,0,0,0,TRUE,TRUE,TRUE,,Hole High Left,,,
Pebble Beach - Blue,4,2/13/2026,Pebble Beach Golf Club,Pebble Beach - Blue- 4,,Jason Day,,Jason Day - Pebble Beach - Round 2 -2/13/26,Jason Day – Pebble Beach Golf Club – 2/13/26,,4,4,,,checked,290,,checked,checked,58,,,,,,,,,,,,,,,,,,,,,,,,,8.3,⬇️ Short,2,1.8,1.8,,,,,,Blue,333,16,0,74.9,74.9,144,18 Holes,8.3,,8.3,,1,0,4,0,1,4,4,0,,,Par,1,Jason Day – Pebble Beach Golf Club – 2/13/26,1,1,0,Jason Day,1,100%,1,0,0,0,1,0,0,0,0,0,0,0,0,0,0,0,0,0,0,1,0,0,0,1,0,0,0,0,0,0,0,0,0,0,0,0,0,0,1,0,0,0,0,0,0,0,0,0,0,0,0,0,0,0,1,,,,,,0,,,,,0,0,0,0,0,1,0,0,0,0,0,0,0,1,1,0,1,0,1,0,0,0,0,0,0,0,0,0,1,0,0,0,0,0,0,0,0,0,0,0,0,0,0,0,0,0,0,0,0,0,1,0,0,0,1,0,1,0,1,1,0,0,1,1,0,0,,0,0,0,,0,0,0,0,0,0,0,0,0,0,0,0,0,0,0,0,0,0,0,0,0,0,0,1,0,0,0,0,0,0,0,0,0,0,0,0,0,0,0,0,0,0,0,0,0,0,0,0,0,0,0,0,0,0,TRUE,TRUE,TRUE,,Short,,,
Pebble Beach - Blue,5,2/13/2026,Pebble Beach Golf Club,Pebble Beach - Blue- 5,,Jason Day,,Jason Day - Pebble Beach - Round 2 -2/13/26,Jason Day – Pebble Beach Golf Club – 2/13/26,,3,2,,,,,,checked,checked,181,,,,,,,,,,,,,,,,,,,,,,,,,25.1,⬆️ Long,1,25.1,,,,,,,Blue,189,14,-1,74.9,74.9,144,18 Holes,25.1,25.1,,,0,0,3,-1,1,2,3,0,,,Birdie,0,Jason Day – Pebble Beach Golf Club – 2/13/26,1,1,0,Jason Day,0,N/A,0,0,0,1,0,0,0,0,0,0,0,0,0,0,0,0,0,0,1,0,0,0,0,0,1,0,0,0,0,0,0,1,0,0,0,0,0,0,0,0,0,0,0,0,0,0,0,0,0,0,0,0,0,0,1,-1,,,,,,,,,,1,0,0,0,0,0,0,0,0,0,0,0,0,0,1,0,1,0,0,0,0,1,0,0,0,0,0,0,0,0,0,0,0,0,0,0,0,0,0,0,0,0,0,0,0,0,0,0,0,0,1,0,0,0,0,0,0,0,0,0,0,0,0,0,0,0,,0,0,0,,1,0,0,0,0,0,0,0,0,0,0,0,0,0,0,0,0,0,0,0,0,0,0,0,0,0,0,0,0,0,0,0,0,0,0,0,0,0,0,0,0,0,0,0,0,0,0,0,0,0,0,0,0,0,FALSE,TRUE,TRUE,,Long,,,
Pebble Beach - Blue,6,2/13/2026,Pebble Beach Golf Club,Pebble Beach - Blue- 6,,Jason Day,,Jason Day - Pebble Beach - Round 2 -2/13/26,Jason Day – Pebble Beach Golf Club – 2/13/26,,5,4,,,checked,278,,checked,checked,33,,,,,,,,255,,↙️ Short Left,,,,,,,,,,1,,,,60 Degree Wedge,7.6,➡️ Hole High Right,1,7.5,,,,,,,Blue,498,2,-1,74.9,74.9,144,18 Holes,7.6,,,7.6,1,1,5,-1,1,4,5,0,,,Birdie,1,Jason Day – Pebble Beach Golf Club – 2/13/26,1,1,0,Jason Day,1,100%,1,0,0,1,0,0,0,0,0,0,0,0,0,0,0,0,0,0,1,0,0,0,0,0,1,0,0,0,0,0,0,1,0,0,0,0,0,0,0,0,0,0,0,0,0,0,0,0,0,0,0,0,0,0,1,,,,,,,,,,-1,0,0,0,0,0,0,1,0,0,0,0,0,0,1,1,0,1,0,1,0,0,0,0,0,0,0,0,0,0,0,0,0,0,1,0,0,0,0,0,0,0,0,0,0,0,0,0,0,0,0,1,0,0,0,0,1,0,1,1,1,0,0,0,0,1,1,,0,0,0,,0,0,0,0,0,0,0,0,0,0,0,0,0,1,0,0,0,0,0,0,0,0,0,0,0,0,0,0,0,0,0,0,0,0,0,0,0,0,0,0,0,0,0,0,0,0,0,0,0,0,0,0,0,0,TRUE,TRUE,TRUE,,Hole High Right,,,
Pebble Beach - Blue,7,2/13/2026,Pebble Beach Golf Club,Pebble Beach - Blue- 7,,Jason Day,,Jason Day - Pebble Beach - Round 2 -2/13/26,Jason Day – Pebble Beach Golf Club – 2/13/26,,3,3,,,,,,checked,checked,112,,,,,,,,,,,,,,,,,,,,,,,,,19.9,⬇️ Short,2,2.5,2.5,,,,,,Blue,106,18,0,74.9,74.9,144,18 Holes,19.9,19.9,,,0,0,3,0,1,3,3,0,,,Par,0,Jason Day – Pebble Beach Golf Club – 2/13/26,1,1,0,Jason Day,0,N/A,0,0,0,0,1,0,0,0,0,0,0,0,0,0,0,0,0,0,0,1,0,0,0,1,0,0,0,0,0,0,0,0,0,0,0,0,0,0,1,0,0,0,0,0,0,0,0,0,0,0,0,0,0,0,1,0,,,,,,,,,,1,0,0,0,0,0,0,0,0,0,0,0,0,0,1,0,1,0,0,0,0,0,1,0,0,0,0,0,0,0,0,0,0,0,0,0,0,0,0,0,0,0,0,1,0,0,0,0,0,0,0,0,0,0,0,0,0,0,1,0,1,0,0,0,0,0,,0,0,0,,0,0,0,0,0,0,0,0,0,0,0,0,0,0,0,0,0,0,1,0,0,0,0,0,0,0,0,0,0,0,0,0,0,0,0,0,0,0,0,0,0,0,0,0,0,0,0,0,0,0,0,0,0,0,FALSE,TRUE,TRUE,,Short,,,
Pebble Beach - Blue,8,2/13/2026,Pebble Beach Golf Club,Pebble Beach - Blue- 8,,Jason Day,,Jason Day - Pebble Beach - Round 2 -2/13/26,Jason Day – Pebble Beach Golf Club – 2/13/26,,4,4,,,checked,223,,checked,checked,201,,,,,,,,,,,,,,,,,,,,,,,,,35.2,⬇️ Short,2,1,1,,,,,,Blue,416,4,0,74.9,74.9,144,18 Holes,35.2,,35.2,,0,0,4,0,1,4,4,0,,,Par,1,Jason Day – Pebble Beach Golf Club – 2/13/26,1,1,0,Jason Day,1,100%,1,0,0,0,1,0,0,0,0,0,0,0,0,0,0,0,0,0,0,1,0,0,0,1,0,0,0,0,0,0,0,0,0,0,0,0,0,0,1,0,0,0,0,0,0,0,0,0,0,0,0,0,0,0,1,,,,,,0,,,,,0,0,0,0,0,1,0,0,0,0,0,0,0,1,1,0,1,0,1,0,0,0,0,0,0,0,0,0,1,0,0,0,0,0,0,0,0,0,0,0,0,0,0,1,0,0,0,0,0,0,0,0,0,0,1,0,1,0,0,0,0,0,0,0,0,0,,0,0,0,,0,0,0,0,0,0,0,0,0,0,0,0,0,0,0,0,0,0,0,0,0,0,0,1,0,0,0,0,0,0,0,0,0,0,0,0,0,0,0,0,0,0,0,0,0,0,0,0,0,0,0,0,0,0,TRUE,TRUE,TRUE,,Short,,,
Pebble Beach - Blue,9,2/13/2026,Pebble Beach Golf Club,Pebble Beach - Blue- 9,,Jason Day,,Jason Day - Pebble Beach - Round 2 -2/13/26,Jason Day – Pebble Beach Golf Club – 2/13/26,,4,3,,,checked,365,,checked,checked,143,,,,,,,,,,,,,,,,,,,,,,,,,4.1,⬅️ Hole High Left,1,4.1,,,,,,,Blue,483,8,-1,74.9,74.9,144,18 Holes,4.1,,4.1,,1,1,4,-1,1,3,4,0,,,Birdie,1,Jason Day – Pebble Beach Golf Club – 2/13/26,1,1,0,Jason Day,1,100%,1,0,0,1,0,0,0,0,0,0,0,0,0,0,0,0,0,0,1,0,0,0,0,0,1,0,0,0,0,0,0,1,0,0,0,0,0,0,0,0,0,0,0,0,0,0,0,0,0,0,0,0,0,0,1,,,,,,-1,,,,,0,0,0,0,0,1,0,0,0,0,0,0,0,1,1,0,1,0,1,0,0,0,0,0,0,0,0,1,0,0,0,0,0,0,0,0,0,0,0,0,0,0,0,1,0,0,0,0,0,0,0,0,0,0,1,0,1,0,1,1,0,0,1,1,0,0,,0,0,0,,0,0,0,0,0,0,1,0,0,0,0,0,0,0,0,0,0,0,0,0,0,0,0,0,0,0,0,0,0,0,0,0,0,0,0,0,0,0,0,0,0,0,0,0,0,0,0,0,0,0,0,0,0,0,TRUE,TRUE,TRUE,,Hole High Left,,,
Pebble Beach - Blue,10,2/13/2026,Pebble Beach Golf Club,Pebble Beach - Blue- 10,,Jason Day,,Jason Day - Pebble Beach - Round 2 -2/13/26,Jason Day – Pebble Beach Golf Club – 2/13/26,,4,5,,,checked,281,,,,179,,,⬅️ Left,,,,,,,,,,,,,,,1,60 Degree Wedge,,,,,,8.2,➡️ Hole High Right,2,2.1,2.1,,,,,,Blue,444,3,1,74.9,74.9,144,18 Holes,,,,,1,0,4,1,0,,,1,5,4,Bogey,1,Jason Day – Pebble Beach Golf Club – 2/13/26,0,0,0,Jason Day,1,100%,0,0,0,0,0,1,0,0,1,1,1,0,0,0,1,0,0,0,0,1,0,0,0,0,0,0,0,0,0,0,0,0,0,0,0,0,0,0,0,1,0,0,0,0,0,0,0,0,0,0,0,0,0,0,1,,,,1,,,,,,,0,0,0,0,1,0,0,0,0,0,0,0,1,0,0,0,0,0,0,0,0,0,0,0,0,0,0,0,0,1,0,0,0,0,0,0,0,0,0,0,0,0,0,0,0,0,0,0,0,1,0,0,0,0,0,0,1,0,0,0,0,0,0,0,0,0,,0,0,0,,0,0,0,0,0,0,0,0,0,0,0,0,0,0,0,0,0,0,0,0,0,0,0,0,1,0,0,0,0,0,0,0,0,0,0,0,0,0,0,0,0,0,0,0,0,0,0,0,0,0,0,0,0,0,TRUE,FALSE,FALSE,Left,Hole High Right,,,
Pebble Beach - Blue,11,2/13/2026,Pebble Beach Golf Club,Pebble Beach - Blue- 11,,Jason Day,,Jason Day - Pebble Beach - Round 2 -2/13/26,Jason Day – Pebble Beach Golf Club – 2/13/26,,4,4,,,,270,➡️ Right,,,100,,,↘️ Short Right,,,,,,,,,,,,,,1,1,60 Degree Wedge,,,,,,6.3,⬅️ Hole High Left,1,6.3,,,,,,,Blue,370,9,0,74.9,74.9,144,18 Holes,,,,,1,1,4,0,0,,,1,4,4,Par,0,Jason Day – Pebble Beach Golf Club – 2/13/26,0,0,0,Jason Day,1,0%,0,0,0,0,1,0,0,0,1,1,1,1,0,0,1,1,1,1,1,0,0,0,0,0,0,0,1,0,1,1,0,0,1,0,0,0,0,0,0,0,0,0,0,0,0,0,0,0,0,0,0,0,0,0,1,,,,,0,,,,,,0,0,0,1,0,0,0,0,0,0,0,1,0,0,0,1,0,1,0,1,0,0,0,0,0,0,0,0,1,0,0,0,0,0,0,0,0,0,0,0,1,1,0,0,0,0,0,0,1,0,0,0,0,0,0,0,0,0,0,0,0,0,0,0,0,0,,0,1,0,,0,0,0,0,0,0,0,1,0,0,0,0,0,0,0,0,0,0,0,0,0,0,0,0,0,0,0,0,0,0,0,0,0,0,0,0,0,0,0,0,0,0,0,0,0,0,0,0,0,0,0,0,0,0,FALSE,FALSE,FALSE,Short Right,Hole High Left,Right,,
Pebble Beach - Blue,12,2/13/2026,Pebble Beach Golf Club,Pebble Beach - Blue- 12,,Jason Day,,Jason Day - Pebble Beach - Round 2 -2/13/26,Jason Day – Pebble Beach Golf Club – 2/13/26,,3,2,,,,,,checked,checked,197,,,,,,,,,,,,,,,,,,,,,,,,,14.3,⬅️ Hole High Left,1,14.3,,,,,,,Blue,202,17,-1,74.9,74.9,144,18 Holes,14.3,14.3,,,0,0,3,-1,0,,,1,2,3,Birdie,0,Jason Day – Pebble Beach Golf Club – 2/13/26,1,1,0,Jason Day,0,N/A,0,0,0,1,0,0,0,0,0,0,0,0,0,0,0,0,0,0,1,0,0,0,0,0,1,0,0,0,0,0,0,1,0,0,0,0,0,0,0,0,0,0,0,0,0,0,0,0,0,0,0,0,0,0,1,-1,,,,,,,,,,1,0,0,0,0,0,0,0,0,0,0,0,0,0,1,0,1,0,0,0,0,1,0,0,0,0,0,0,0,0,0,0,0,0,0,0,0,0,0,0,0,0,0,0,0,0,0,0,1,0,0,0,0,0,0,0,0,0,1,0,1,0,0,0,0,0,,0,0,0,,1,0,0,0,0,0,0,0,0,0,0,0,0,0,0,0,0,0,0,0,0,0,0,0,0,0,0,0,0,0,0,0,0,0,0,0,0,0,0,0,0,0,0,0,0,0,0,0,0,0,0,0,0,0,FALSE,TRUE,TRUE,,Hole High Left,,,
Pebble Beach - Blue,13,2/13/2026,Pebble Beach Golf Club,Pebble Beach - Blue- 13,,Jason Day,,Jason Day - Pebble Beach - Round 2 -2/13/26,Jason Day – Pebble Beach Golf Club – 2/13/26,,4,4,,,checked,286,,,,159,,,↖️ Long Left,,,,,,,,,,,,,,,1,60 Degree Wedge,,,,,,1.8,Tight (3 feet or less) ,1,1.8,,,,,,,Blue,401,7,0,74.9,74.9,144,18 Holes,,,,,1,1,4,0,0,,,1,4,4,Par,1,Jason Day – Pebble Beach Golf Club – 2/13/26,0,0,0,Jason Day,1,100%,0,0,0,0,1,0,0,0,1,1,1,1,1,1,1,1,1,0,1,0,0,0,0,0,0,0,0,0,0,0,0,0,1,0,0,0,0,0,0,0,0,0,0,0,0,0,0,0,0,0,0,0,0,0,1,,,,0,,,,,,,0,0,0,0,1,0,0,0,0,0,0,0,1,0,0,0,0,0,0,0,0,0,0,0,0,0,0,0,1,0,0,0,0,0,0,0,0,0,0,0,1,1,0,0,0,0,0,0,0,0,0,0,1,0,0,0,1,0,0,0,0,0,0,0,0,0,,0,1,0,,0,0,0,0,0,0,0,1,0,0,0,0,0,0,0,0,0,0,0,0,0,0,0,0,0,0,0,0,0,0,0,0,0,0,0,0,0,0,0,0,0,0,0,0,0,0,0,0,0,0,0,0,0,0,TRUE,FALSE,FALSE,Long Left,Tight (3 feet or less),,,
Pebble Beach - Blue,14,2/13/2026,Pebble Beach Golf Club,Pebble Beach - Blue- 14,,Jason Day,,Jason Day - Pebble Beach - Round 2 -2/13/26,Jason Day – Pebble Beach Golf Club – 2/13/26,,5,5,checked,,checked,277,,,,95,,,↖️ Long Left,,,,,299,,⬇️ Short,,,,,,,,1,60 Degree Wedge,,,,,,1,Tight (3 feet or less) ,1,1,,,,,,,Blue,582,1,0,74.9,74.9,144,18 Holes,,,,,1,1,5,0,0,,,1,5,5,Par,1,Jason Day – Pebble Beach Golf Club – 2/13/26,0,0,0,Jason Day,1,100%,0,0,0,0,1,0,0,0,1,1,1,1,1,1,1,1,1,0,1,0,0,0,0,0,0,0,0,0,0,0,0,0,1,0,0,0,0,0,0,0,0,0,0,0,0,0,0,0,0,0,0,0,0,0,1,,,,,,,,0,,,0,0,0,0,0,0,0,1,0,0,0,0,1,0,0,0,0,0,0,0,0,0,0,0,0,0,0,0,0,0,0,0,0,0,1,0,0,0,0,0,1,1,0,0,0,0,0,0,0,0,0,0,1,0,0,0,0,1,0,0,0,0,0,0,0,0,,0,0,1,,0,0,0,0,0,0,0,0,0,0,0,0,0,0,1,0,0,0,0,0,0,0,0,0,0,0,0,0,0,0,0,0,0,0,0,0,0,0,0,0,0,0,0,0,0,0,0,0,0,0,0,0,0,0,TRUE,FALSE,FALSE,Long Left,Tight (3 feet or less),,,
Pebble Beach - Blue,15,2/13/2026,Pebble Beach Golf Club,Pebble Beach - Blue- 15,,Jason Day,,Jason Day - Pebble Beach - Round 2 -2/13/26,Jason Day – Pebble Beach Golf Club – 2/13/26,,4,4,,,checked,279,,,,107,,,⬅️ Left,,,,,,,,,,,,,,,1,Putter,,,,,,1.8,Tight (3 feet or less) ,1,1.8,,,,,,,Blue,393,13,0,74.9,74.9,144,18 Holes,,,,,1,1,4,0,0,,,1,4,4,Par,1,Jason Day – Pebble Beach Golf Club – 2/13/26,0,0,0,Jason Day,1,100%,0,0,0,0,1,0,0,0,1,1,1,1,1,1,1,1,1,0,1,0,0,0,0,0,0,0,0,0,0,0,0,0,1,0,0,0,0,0,0,0,0,0,0,0,0,0,0,0,0,0,0,0,0,0,1,,,,0,,,,,,,0,0,0,0,1,0,0,0,0,0,0,0,1,0,0,0,0,0,0,0,0,0,0,0,0,0,0,0,1,0,0,0,0,0,0,0,0,0,0,0,1,1,0,0,0,0,0,0,0,0,0,0,1,0,0,0,1,0,0,0,0,0,0,0,0,0,,0,1,0,,0,0,0,0,0,0,0,1,0,0,0,0,0,0,0,0,0,0,0,0,0,0,0,0,0,0,0,0,0,0,0,0,0,0,0,0,0,0,0,0,0,0,0,0,0,0,0,0,0,0,0,0,0,0,TRUE,FALSE,FALSE,Left,Tight (3 feet or less),,,
Pebble Beach - Blue,16,2/13/2026,Pebble Beach Golf Club,Pebble Beach - Blue- 16,,Jason Day,,Jason Day - Pebble Beach - Round 2 -2/13/26,Jason Day – Pebble Beach Golf Club – 2/13/26,,4,4,,,,315,⬅️ Left,checked,checked,91,,,,,,,,,,,,,,,,,,,,,,,,,11,⬇️ Short,2,1.5,1.5,,,,,,Blue,400,11,0,74.9,74.9,144,18 Holes,11,,11,,0,0,4,0,0,,,1,4,4,Par,0,Jason Day – Pebble Beach Golf Club – 2/13/26,1,1,0,Jason Day,1,0%,0,0,0,0,1,0,0,0,0,0,0,0,0,0,0,0,0,0,0,1,0,0,0,0,0,0,0,0,0,0,0,0,0,0,0,0,0,0,1,0,0,0,0,0,0,0,0,0,0,0,0,0,0,0,1,,,0,,,,,,,,0,0,1,0,0,0,0,0,0,0,1,0,0,0,0,0,0,0,0,0,0,0,0,0,0,0,0,0,1,0,0,0,0,0,0,0,0,0,0,0,0,0,1,0,0,0,0,0,0,0,0,0,0,0,1,0,0,0,1,0,0,0,1,0,0,0,,0,0,0,,0,0,0,0,0,0,0,0,0,0,0,0,0,0,0,0,0,0,0,0,0,0,0,1,0,0,0,0,0,0,0,0,0,0,0,0,0,0,0,0,0,0,0,0,0,0,0,0,0,0,0,0,0,0,FALSE,TRUE,TRUE,,Short,Left,,
Pebble Beach - Blue,17,2/13/2026,Pebble Beach Golf Club,Pebble Beach - Blue- 17,,Jason Day,,Jason Day - Pebble Beach - Round 2 -2/13/26,Jason Day – Pebble Beach Golf Club – 2/13/26,,3,3,,,,,,checked,checked,169,,,,,,,,,,,,,,,,,,,,,,,,,18.5,⬅️ Hole High Left,2,1.8,1.8,,,,,,Blue,182,15,0,74.9,74.9,144,18 Holes,18.5,18.5,,,0,0,3,0,0,,,1,3,3,Par,0,Jason Day – Pebble Beach Golf Club – 2/13/26,1,1,0,Jason Day,0,N/A,0,0,0,0,1,0,0,0,0,0,0,0,0,0,0,0,0,0,0,1,0,0,0,1,0,0,0,0,0,0,0,0,0,0,0,0,0,0,1,0,0,0,0,0,0,0,0,0,0,0,0,0,0,0,1,0,,,,,,,,,,1,0,0,0,0,0,0,0,0,0,0,0,0,0,1,0,1,0,0,0,0,0,1,0,0,0,0,0,0,0,0,0,0,0,0,0,0,0,0,0,0,0,1,0,0,0,0,0,0,0,0,0,0,0,0,0,0,0,1,0,1,0,0,0,0,0,,0,0,0,,0,0,0,0,0,0,0,0,0,0,0,0,0,0,0,0,0,0,1,0,0,0,0,0,0,0,0,0,0,0,0,0,0,0,0,0,0,0,0,0,0,0,0,0,0,0,0,0,0,0,0,0,0,0,FALSE,TRUE,TRUE,,Hole High Left,,,
Pebble Beach - Blue,18,2/13/2026,Pebble Beach Golf Club,Pebble Beach - Blue- 18,,Jason Day,,Jason Day - Pebble Beach - Round 2 -2/13/26,Jason Day – Pebble Beach Golf Club – 2/13/26,,5,5,,,checked,242,,checked,checked,18,,,,,,,,242,,↘️ Short Right,,,,,,,1,,,1,,,,60 Degree Wedge,5.3,➡️ Hole High Right,2,2.4,2.4,,,,,,Blue,536,5,0,74.9,74.9,144,18 Holes,5.3,,,5.3,1,0,5,0,0,,,1,5,5,Par,1,Jason Day – Pebble Beach Golf Club – 2/13/26,1,1,0,Jason Day,1,100%,1,0,0,0,1,0,0,0,0,0,0,0,0,0,0,0,0,1,0,1,0,0,0,1,0,0,0,0,1,1,0,0,0,0,0,0,0,0,1,0,0,0,0,0,0,0,0,0,0,0,0,0,0,0,1,,,,,,,,,,0,0,0,0,0,0,0,1,0,0,0,0,0,0,1,1,0,1,0,1,0,0,0,0,0,0,0,0,0,0,0,0,0,0,0,1,0,0,0,0,0,0,0,1,0,0,0,0,0,0,0,0,0,0,0,0,1,0,1,1,1,0,0,0,0,1,1,,0,0,0,,0,0,0,0,0,0,0,0,0,0,0,0,0,0,0,0,0,0,0,0,0,0,0,0,0,0,0,0,0,1,0,0,0,0,0,0,0,0,0,0,0,0,0,0,0,0,0,0,0,0,0,0,0,0,TRUE,TRUE,TRUE,,Hole High Right,,,
Pebble Beach - Blue,1,2/14/2026,Pebble Beach Golf Club,Pebble Beach - Blue- 1,,Jason Day,,Jason Day - Pebble Beach - Round 3 -2/14/26,Jason Day – Pebble Beach Golf Club – 2/14/26,,4,4,,,,231,⬅️ Left,,,162,,,⬇️ Short,,,,,,,,,,,,,,,1,Putter,,,,,,2.8,Tight (3 feet or less) ,1,2.8,,,,,,,Blue,378,6,0,74.9,74.9,144,18 Holes,,,,,1,1,4,0,1,4,4,0,,,Par,0,Jason Day – Pebble Beach Golf Club – 2/14/26,0,0,0,Jason Day,1,0%,0,0,0,0,1,0,0,0,1,1,1,1,1,1,1,1,1,0,1,0,0,0,0,0,0,0,1,0,0,0,0,0,1,0,0,0,0,0,0,0,0,0,0,0,0,0,0,0,0,0,0,0,0,0,1,,,,,0,,,,,,0,0,0,1,0,0,0,0,0,0,0,1,0,0,0,1,0,1,0,1,0,0,0,0,0,0,0,0,1,0,0,0,0,0,0,0,0,0,0,0,1,1,0,0,1,0,0,0,0,0,0,0,0,0,0,0,0,0,0,0,0,0,0,0,0,0,,0,1,0,,0,0,0,0,0,0,0,1,0,0,0,0,0,0,0,0,0,0,0,0,0,0,0,0,0,0,0,0,0,0,0,0,0,0,0,0,0,0,0,0,0,0,0,0,0,0,0,0,0,0,0,0,0,0,FALSE,FALSE,FALSE,Short,Tight (3 feet or less),Left,,
Pebble Beach - Blue,2,2/14/2026,Pebble Beach Golf Club,Pebble Beach - Blue- 2,,Jason Day,,Jason Day - Pebble Beach - Round 3 -2/14/26,Jason Day – Pebble Beach Golf Club – 2/14/26,,5,4,,,checked,301,,checked,checked,57,,,,,,,,203,,↙️ Short Left,,,,,,,,,,,,,,,1,Tight (3 feet or less) ,1,1,,,,,,,Blue,507,10,-1,74.9,74.9,144,18 Holes,1,,,1,1,1,5,-1,1,4,5,0,,,Birdie,1,Jason Day – Pebble Beach Golf Club – 2/14/26,1,1,0,Jason Day,1,100%,1,0,0,1,0,0,0,0,0,0,0,0,0,0,0,0,0,0,1,0,0,0,0,0,1,0,0,0,0,0,0,1,0,0,0,0,0,0,0,0,0,0,0,0,0,0,0,0,0,0,0,0,0,0,1,,,,,,,,,,-1,0,0,0,0,0,0,1,0,0,0,0,0,0,1,1,0,1,0,1,0,0,0,0,0,0,0,0,0,0,0,0,0,0,1,0,0,0,0,0,0,0,0,0,0,1,0,0,0,0,0,0,0,0,0,0,1,0,1,1,1,0,0,0,0,1,1,,0,0,0,,0,0,0,0,0,0,0,0,0,0,0,0,0,1,0,0,0,0,0,0,0,0,0,0,0,0,0,0,0,0,0,0,0,0,0,0,0,0,0,0,0,0,0,0,0,0,0,0,0,0,0,0,0,0,TRUE,TRUE,TRUE,,Tight (3 feet or less),,,
Pebble Beach - Blue,3,2/14/2026,Pebble Beach Golf Club,Pebble Beach - Blue- 3,,Jason Day,,Jason Day - Pebble Beach - Round 3 -2/14/26,Jason Day – Pebble Beach Golf Club – 2/14/26,,4,3,,,checked,299,,checked,checked,97,,,,,,,,,,,,,,,,,,,,,,,,,11.5,⬅️ Hole High Left,1,11.5,,,,,,,Blue,397,12,-1,74.9,74.9,144,18 Holes,11.5,,11.5,,0,0,4,-1,1,3,4,0,,,Birdie,1,Jason Day – Pebble Beach Golf Club – 2/14/26,1,1,0,Jason Day,1,100%,1,0,0,1,0,0,0,0,0,0,0,0,0,0,0,0,0,0,1,0,0,0,0,0,1,0,0,0,0,0,0,1,0,0,0,0,0,0,0,0,0,0,0,0,0,0,0,0,0,0,0,0,0,0,1,,,,,,-1,,,,,0,0,0,0,0,1,0,0,0,0,0,0,0,1,1,0,1,0,1,0,0,0,0,0,0,0,0,1,0,0,0,0,0,0,0,0,0,0,0,0,0,0,0,0,1,0,0,0,0,0,0,0,0,0,1,0,1,0,1,0,0,0,1,0,0,0,,0,0,0,,0,0,0,0,0,0,1,0,0,0,0,0,0,0,0,0,0,0,0,0,0,0,0,0,0,0,0,0,0,0,0,0,0,0,0,0,0,0,0,0,0,0,0,0,0,0,0,0,0,0,0,0,0,0,TRUE,TRUE,TRUE,,Hole High Left,,,
Pebble Beach - Blue,4,2/14/2026,Pebble Beach Golf Club,Pebble Beach - Blue- 4,,Jason Day,,Jason Day - Pebble Beach - Round 3 -2/14/26,Jason Day – Pebble Beach Golf Club – 2/14/26,,4,4,,,checked,227,,checked,checked,98,,,,,,,,,,,,,,,,,,,,,,,,,16.4,↖️ Long Left,2,1.5,1.5,,,,,,Blue,333,16,0,74.9,74.9,144,18 Holes,16.4,,16.4,,0,0,4,0,1,4,4,0,,,Par,1,Jason Day – Pebble Beach Golf Club – 2/14/26,1,1,0,Jason Day,1,100%,1,0,0,0,1,0,0,0,0,0,0,0,0,0,0,0,0,0,0,1,0,0,0,1,0,0,0,0,0,0,0,0,0,0,0,0,0,0,1,0,0,0,0,0,0,0,0,0,0,0,0,0,0,0,1,,,,,,0,,,,,0,0,0,0,0,1,0,0,0,0,0,0,0,1,1,0,1,0,1,0,0,0,0,0,0,0,0,0,1,0,0,0,0,0,0,0,0,0,0,0,0,0,0,0,0,0,0,0,0,0,1,0,0,0,1,0,1,0,1,0,0,0,1,0,0,0,,0,0,0,,0,0,0,0,0,0,0,0,0,0,0,0,0,0,0,0,0,0,0,0,0,0,0,1,0,0,0,0,0,0,0,0,0,0,0,0,0,0,0,0,0,0,0,0,0,0,0,0,0,0,0,0,0,0,TRUE,TRUE,TRUE,,Long Left,,,
Pebble Beach - Blue,5,2/14/2026,Pebble Beach Golf Club,Pebble Beach - Blue- 5,,Jason Day,,Jason Day - Pebble Beach - Round 3 -2/14/26,Jason Day – Pebble Beach Golf Club – 2/14/26,,3,3,,,,,,checked,checked,208,,,,,,,,,,,,,,,,,,,,,,,,,67.2,↘️ Short Right,2,5.2,5.2,,,,,,Blue,189,14,0,74.9,74.9,144,18 Holes,67.2,67.2,,,0,0,3,0,1,3,3,0,,,Par,0,Jason Day – Pebble Beach Golf Club – 2/14/26,1,1,0,Jason Day,0,N/A,0,0,0,0,1,0,0,0,0,0,0,0,0,0,0,0,0,0,0,1,0,0,0,1,0,0,0,0,0,0,0,0,0,0,0,0,0,0,1,0,0,0,0,0,0,0,0,0,0,0,0,0,0,0,1,0,,,,,,,,,,1,0,0,0,0,0,0,0,0,0,0,0,0,0,1,0,1,0,0,0,0,0,1,0,0,0,0,0,0,0,0,0,0,0,0,0,0,0,0,0,0,0,0,0,0,0,0,0,0,0,1,0,0,0,0,0,0,0,0,0,0,0,0,0,0,0,,0,0,0,,0,0,0,0,0,0,0,0,0,0,0,0,0,0,0,0,0,0,1,0,0,0,0,0,0,0,0,0,0,0,0,0,0,0,0,0,0,0,0,0,0,0,0,0,0,0,0,0,0,0,0,0,0,0,FALSE,TRUE,TRUE,,Short Right,,,
Pebble Beach - Blue,6,2/14/2026,Pebble Beach Golf Club,Pebble Beach - Blue- 6,,Jason Day,,Jason Day - Pebble Beach - Round 3 -2/14/26,Jason Day – Pebble Beach Golf Club – 2/14/26,,5,4,,,checked,296,,checked,checked,35,,,,,,,,,,,,,,,,,,,,1,,,,60 Degree Wedge,7,⬇️ Short,1,7,,,,,,,Blue,498,2,-1,74.9,74.9,144,18 Holes,7,,,7,1,1,5,-1,1,4,5,0,,,Birdie,1,Jason Day – Pebble Beach Golf Club – 2/14/26,1,1,0,Jason Day,1,100%,1,0,0,1,0,0,0,0,0,0,0,0,0,0,0,0,0,0,1,0,0,0,0,0,1,0,0,0,0,0,0,1,0,0,0,0,0,0,0,0,0,0,0,0,0,0,0,0,0,0,0,0,0,0,1,,,,,,,,,,-1,0,0,0,0,0,0,1,0,0,0,0,0,0,1,1,0,1,0,1,0,0,0,0,0,0,0,0,0,0,0,0,0,0,1,0,0,0,0,0,0,0,0,0,0,0,0,0,0,0,0,1,0,0,0,0,1,0,1,1,1,0,0,0,0,1,1,,0,0,0,,0,0,0,0,0,0,0,0,0,0,0,0,0,1,0,0,0,0,0,0,0,0,0,0,0,0,0,0,0,0,0,0,0,0,0,0,0,0,0,0,0,0,0,0,0,0,0,0,0,0,0,0,0,0,TRUE,TRUE,TRUE,,Short,,,
Pebble Beach - Blue,7,2/14/2026,Pebble Beach Golf Club,Pebble Beach - Blue- 7,,Jason Day,,Jason Day - Pebble Beach - Round 3 -2/14/26,Jason Day – Pebble Beach Golf Club – 2/14/26,,3,2,,,,,,checked,checked,100,,,,,,,,,,,,,,,,,,,,,,,,,11.8,⬇️ Short,1,11.8,,,,,,,Blue,106,18,-1,74.9,74.9,144,18 Holes,11.8,11.8,,,0,0,3,-1,1,2,3,0,,,Birdie,0,Jason Day – Pebble Beach Golf Club – 2/14/26,1,1,0,Jason Day,0,N/A,0,0,0,1,0,0,0,0,0,0,0,0,0,0,0,0,0,0,1,0,0,0,0,0,1,0,0,0,0,0,0,1,0,0,0,0,0,0,0,0,0,0,0,0,0,0,0,0,0,0,0,0,0,0,1,-1,,,,,,,,,,1,0,0,0,0,0,0,0,0,0,0,0,0,0,1,0,1,0,0,0,0,1,0,0,0,0,0,0,0,0,0,0,0,0,0,0,0,0,0,0,0,0,0,1,0,0,0,0,0,0,0,0,0,0,0,0,0,0,1,0,1,0,0,0,0,0,,0,0,0,,1,0,0,0,0,0,0,0,0,0,0,0,0,0,0,0,0,0,0,0,0,0,0,0,0,0,0,0,0,0,0,0,0,0,0,0,0,0,0,0,0,0,0,0,0,0,0,0,0,0,0,0,0,0,FALSE,TRUE,TRUE,,Short,,,
Pebble Beach - Blue,8,2/14/2026,Pebble Beach Golf Club,Pebble Beach - Blue- 8,,Jason Day,,Jason Day - Pebble Beach - Round 3 -2/14/26,Jason Day – Pebble Beach Golf Club – 2/14/26,,4,4,,,,260,⬅️ Left,checked,checked,172,,,,,,,,,,,,,,,,,,,,,,,,,53.2,↙️ Short Left,2,0.8,0.8,,,,,,Blue,416,4,0,74.9,74.9,144,18 Holes,53.2,,53.2,,0,0,4,0,1,4,4,0,,,Par,0,Jason Day – Pebble Beach Golf Club – 2/14/26,1,1,0,Jason Day,1,0%,0,0,0,0,1,0,0,0,0,0,0,0,0,0,0,0,0,0,0,1,0,0,0,0,0,0,0,0,0,0,0,0,0,0,0,0,0,0,1,0,0,0,0,0,0,0,0,0,0,0,0,0,0,0,1,,,0,,,,,,,,0,0,1,0,0,0,0,0,0,0,1,0,0,0,0,0,0,0,0,0,0,0,0,0,0,0,0,0,1,0,0,0,0,0,0,0,0,0,0,0,0,0,0,1,0,0,0,0,0,0,0,0,0,0,1,0,0,0,0,0,0,0,0,0,0,0,,0,0,0,,0,0,0,0,0,0,0,0,0,0,0,0,0,0,0,0,0,0,0,0,0,0,0,1,0,0,0,0,0,0,0,0,0,0,0,0,0,0,0,0,0,0,0,0,0,0,0,0,0,0,0,0,0,0,FALSE,TRUE,TRUE,,Short Left,Left,,
Pebble Beach - Blue,9,2/14/2026,Pebble Beach Golf Club,Pebble Beach - Blue- 9,,Jason Day,,Jason Day - Pebble Beach - Round 3 -2/14/26,Jason Day – Pebble Beach Golf Club – 2/14/26,,4,4,,,checked,296,,,,204,,,↖️ Long Left,,,,,,,,,,,,,,,,,,,,,,11.8,⬇️ Short,1,11.8,,,,,,,Blue,483,8,0,74.9,74.9,144,18 Holes,,,,,0,0,4,0,1,4,4,0,,,Par,1,Jason Day – Pebble Beach Golf Club – 2/14/26,0,0,0,Jason Day,1,100%,0,0,0,0,1,0,0,0,0,0,0,0,0,0,1,1,1,0,1,0,0,0,0,0,0,0,0,0,0,0,0,0,1,0,0,0,0,0,0,0,0,0,0,0,0,0,0,0,0,0,0,0,0,0,1,,,,0,,,,,,,0,0,0,0,1,0,0,0,0,0,0,0,1,0,0,0,0,0,0,0,0,0,0,0,0,0,0,0,1,0,0,0,0,0,0,0,0,0,0,0,1,1,0,1,0,0,0,0,0,0,0,0,0,0,0,0,1,0,0,0,0,0,0,0,0,0,,0,1,0,,0,0,0,0,0,0,0,1,0,0,0,0,0,0,0,0,0,0,0,0,0,0,0,0,0,0,0,0,0,0,0,0,0,0,0,0,0,0,0,0,0,0,0,0,0,0,0,0,0,0,0,0,0,0,TRUE,FALSE,FALSE,Long Left,Short,,,
Pebble Beach - Blue,10,2/14/2026,Pebble Beach Golf Club,Pebble Beach - Blue- 10,,Jason Day,,Jason Day - Pebble Beach - Round 3 -2/14/26,Jason Day – Pebble Beach Golf Club – 2/14/26,,4,5,,,,291,⬅️ Left,,,170,,,Pull Left,,,,,,,,,,,,,1,,1,60 Degree Wedge,,,,,,20.6,↘️ Short Right,2,0.8,0.8,,,,,,Blue,444,3,1,74.9,74.9,144,18 Holes,,,,,0,0,4,1,0,,,1,5,4,Bogey,0,Jason Day – Pebble Beach Golf Club – 2/14/26,0,0,0,Jason Day,1,0%,0,0,0,0,0,1,0,0,1,1,0,0,0,0,1,0,0,1,0,1,0,0,0,0,0,0,0,0,0,1,0,0,0,0,0,0,0,0,0,1,0,0,0,0,0,0,0,0,0,0,0,0,0,0,1,,,,,1,,,,,,0,0,0,1,0,0,0,0,0,0,0,1,0,0,0,1,0,1,0,1,0,0,0,0,0,0,0,0,0,1,0,0,0,0,0,0,0,0,0,0,0,0,0,0,0,0,0,0,0,1,0,0,0,0,0,0,0,0,0,0,0,0,0,0,0,0,,0,0,0,,0,0,0,0,0,0,0,0,0,0,0,0,0,0,0,0,0,0,0,0,0,0,0,0,1,0,0,0,0,0,0,0,0,0,0,0,0,0,0,0,0,0,0,0,0,0,0,0,0,0,0,0,0,0,FALSE,FALSE,FALSE,Pull Left,Short Right,Left,,
Pebble Beach - Blue,11,2/14/2026,Pebble Beach Golf Club,Pebble Beach - Blue- 11,,Jason Day,,Jason Day - Pebble Beach - Round 3 -2/14/26,Jason Day – Pebble Beach Golf Club – 2/14/26,,4,4,,,checked,222,,checked,checked,148,,,,,,,,,,,,,,,,,,,,,,,,,14.5,⬅️ Hole High Left,2,0.3,0.3,,,,,,Blue,370,9,0,74.9,74.9,144,18 Holes,14.5,,14.5,,0,0,4,0,0,,,1,4,4,Par,1,Jason Day – Pebble Beach Golf Club – 2/14/26,1,1,0,Jason Day,1,100%,1,0,0,0,1,0,0,0,0,0,0,0,0,0,0,0,0,0,0,1,0,0,0,1,0,0,0,0,0,0,0,0,0,0,0,0,0,0,1,0,0,0,0,0,0,0,0,0,0,0,0,0,0,0,1,,,,,,0,,,,,0,0,0,0,0,1,0,0,0,0,0,0,0,1,1,0,1,0,1,0,0,0,0,0,0,0,0,0,1,0,0,0,0,0,0,0,0,0,0,0,0,0,0,0,0,0,0,0,1,0,0,0,0,0,1,0,1,0,1,0,0,0,1,0,0,0,,0,0,0,,0,0,0,0,0,0,0,0,0,0,0,0,0,0,0,0,0,0,0,0,0,0,0,1,0,0,0,0,0,0,0,0,0,0,0,0,0,0,0,0,0,0,0,0,0,0,0,0,0,0,0,0,0,0,TRUE,TRUE,TRUE,,Hole High Left,,,
Pebble Beach - Blue,12,2/14/2026,Pebble Beach Golf Club,Pebble Beach - Blue- 12,,Jason Day,,Jason Day - Pebble Beach - Round 3 -2/14/26,Jason Day – Pebble Beach Golf Club – 2/14/26,,3,3,,,,,,,,203,,,↖️ Long Left,,,,,,,,,,,,,,,1,60 Degree Wedge,,,,,,2,Tight (3 feet or less) ,1,2,,,,,,,Blue,202,17,0,74.9,74.9,144,18 Holes,,,,,1,1,3,0,0,,,1,3,3,Par,0,Jason Day – Pebble Beach Golf Club – 2/14/26,0,0,0,Jason Day,0,N/A,0,0,0,0,1,0,0,0,1,1,1,1,1,1,1,1,1,0,1,0,0,0,0,0,0,0,1,0,0,0,0,0,1,0,0,0,0,0,0,0,0,0,0,0,0,0,0,0,0,0,0,0,0,0,1,,0,,,,,,,,,0,1,0,0,0,0,0,0,0,0,0,0,0,0,0,1,0,1,0,0,0,0,1,0,0,0,0,0,0,0,0,0,0,0,0,0,0,0,0,0,1,1,0,0,0,0,0,0,1,0,0,0,0,0,0,0,0,0,0,0,0,0,0,0,0,0,,1,0,0,,0,1,0,0,0,0,0,0,0,0,0,0,0,0,0,0,0,0,0,0,0,0,0,0,0,0,0,0,0,0,0,0,0,0,0,0,0,0,0,0,0,0,0,0,0,0,0,0,0,0,0,0,0,0,FALSE,FALSE,FALSE,Long Left,Tight (3 feet or less),,,
Pebble Beach - Blue,13,2/14/2026,Pebble Beach Golf Club,Pebble Beach - Blue- 13,,Jason Day,,Jason Day - Pebble Beach - Round 3 -2/14/26,Jason Day – Pebble Beach Golf Club – 2/14/26,,4,4,,,checked,287,,checked,checked,151,,,,,,,,,,,,,,,,,,,,,,,,,22.5,⬇️ Short,2,1.5,1.5,,,,,,Blue,401,7,0,74.9,74.9,144,18 Holes,22.5,,22.5,,0,0,4,0,0,,,1,4,4,Par,1,Jason Day – Pebble Beach Golf Club – 2/14/26,1,1,0,Jason Day,1,100%,1,0,0,0,1,0,0,0,0,0,0,0,0,0,0,0,0,0,0,1,0,0,0,1,0,0,0,0,0,0,0,0,0,0,0,0,0,0,1,0,0,0,0,0,0,0,0,0,0,0,0,0,0,0,1,,,,,,0,,,,,0,0,0,0,0,1,0,0,0,0,0,0,0,1,1,0,1,0,1,0,0,0,0,0,0,0,0,0,1,0,0,0,0,0,0,0,0,0,0,0,0,0,0,0,0,0,0,0,0,0,0,0,1,0,1,0,1,0,0,0,0,0,0,0,0,0,,0,0,0,,0,0,0,0,0,0,0,0,0,0,0,0,0,0,0,0,0,0,0,0,0,0,0,1,0,0,0,0,0,0,0,0,0,0,0,0,0,0,0,0,0,0,0,0,0,0,0,0,0,0,0,0,0,0,TRUE,TRUE,TRUE,,Short,,,
Pebble Beach - Blue,14,2/14/2026,Pebble Beach Golf Club,Pebble Beach - Blue- 14,,Jason Day,,Jason Day - Pebble Beach - Round 3 -2/14/26,Jason Day – Pebble Beach Golf Club – 2/14/26,,5,5,,,checked,299,,checked,checked,26,,,,,,,,274,,↙️ Short Left,,,,,,,1,,,1,,,,60 Degree Wedge,7,➡️ Hole High Right,2,2.1,2.1,,,,,,Blue,582,1,0,74.9,74.9,144,18 Holes,7,,,7,1,0,5,0,0,,,1,5,5,Par,1,Jason Day – Pebble Beach Golf Club – 2/14/26,1,1,0,Jason Day,1,100%,1,0,0,0,1,0,0,0,0,0,0,0,0,0,0,0,0,1,0,1,0,0,0,1,0,0,0,0,1,1,0,0,0,0,0,0,0,0,1,0,0,0,0,0,0,0,0,0,0,0,0,0,0,0,1,,,,,,,,,,0,0,0,0,0,0,0,1,0,0,0,0,0,0,1,1,0,1,0,1,0,0,0,0,0,0,0,0,0,0,0,0,0,0,0,1,0,0,0,0,0,0,0,0,0,0,0,0,0,0,0,0,0,1,0,0,1,0,1,1,1,0,0,0,0,1,1,,0,0,0,,0,0,0,0,0,0,0,0,0,0,0,0,0,0,0,0,0,0,0,0,0,0,0,0,0,0,0,0,0,1,0,0,0,0,0,0,0,0,0,0,0,0,0,0,0,0,0,0,0,0,0,0,0,0,TRUE,TRUE,TRUE,,Hole High Right,,,
Pebble Beach - Blue,15,2/14/2026,Pebble Beach Golf Club,Pebble Beach - Blue- 15,,Jason Day,,Jason Day - Pebble Beach - Round 3 -2/14/26,Jason Day – Pebble Beach Golf Club – 2/14/26,,4,4,,,,257,⬅️ Left,checked,checked,141,,,,,,,,,,,,,,,,1,,,,,,,,,47,⬇️ Short,2,2.5,2.5,,,,,,Blue,393,13,0,74.9,74.9,144,18 Holes,47,,47,,0,0,4,0,0,,,1,4,4,Par,0,Jason Day – Pebble Beach Golf Club – 2/14/26,1,1,0,Jason Day,1,0%,0,0,0,0,1,0,0,0,0,0,0,0,0,0,0,0,0,1,0,1,0,0,0,0,0,0,0,0,1,1,0,0,0,0,0,0,0,0,1,0,0,0,0,0,0,0,0,0,0,0,0,0,0,0,1,,,0,,,,,,,,0,0,1,0,0,0,0,0,0,0,1,0,0,0,0,0,0,0,0,0,0,0,0,0,0,0,0,0,1,0,0,0,0,0,0,0,0,0,0,0,0,0,0,0,0,0,0,0,0,0,0,0,1,0,1,0,0,0,0,0,0,0,0,0,0,0,,0,0,0,,0,0,0,0,0,0,0,0,0,0,0,0,0,0,0,0,0,0,0,0,0,0,0,1,0,0,0,0,0,0,0,0,0,0,0,0,0,0,0,0,0,0,0,0,0,0,0,0,0,0,0,0,0,0,FALSE,TRUE,TRUE,,Short,Left,,
Pebble Beach - Blue,16,2/14/2026,Pebble Beach Golf Club,Pebble Beach - Blue- 16,,Jason Day,,Jason Day - Pebble Beach - Round 3 -2/14/26,Jason Day – Pebble Beach Golf Club – 2/14/26,,4,4,,,,265,⬅️ Left,checked,checked,151,,,,,,,,,,,,,,,,,,,,,,,,,37.7,⬇️ Short,2,1.2,1.2,,,,,,Blue,400,11,0,74.9,74.9,144,18 Holes,37.7,,37.7,,0,0,4,0,0,,,1,4,4,Par,0,Jason Day – Pebble Beach Golf Club – 2/14/26,1,1,0,Jason Day,1,0%,0,0,0,0,1,0,0,0,0,0,0,0,0,0,0,0,0,0,0,1,0,0,0,0,0,0,0,0,0,0,0,0,0,0,0,0,0,0,1,0,0,0,0,0,0,0,0,0,0,0,0,0,0,0,1,,,0,,,,,,,,0,0,1,0,0,0,0,0,0,0,1,0,0,0,0,0,0,0,0,0,0,0,0,0,0,0,0,0,1,0,0,0,0,0,0,0,0,0,0,0,0,0,1,0,0,0,0,0,0,0,0,0,0,0,1,0,0,0,0,0,0,0,0,0,0,0,,0,0,0,,0,0,0,0,0,0,0,0,0,0,0,0,0,0,0,0,0,0,0,0,0,0,0,1,0,0,0,0,0,0,0,0,0,0,0,0,0,0,0,0,0,0,0,0,0,0,0,0,0,0,0,0,0,0,FALSE,TRUE,TRUE,,Short,Left,,
Pebble Beach - Blue,17,2/14/2026,Pebble Beach Golf Club,Pebble Beach - Blue- 17,,Jason Day,,Jason Day - Pebble Beach - Round 3 -2/14/26,Jason Day – Pebble Beach Golf Club – 2/14/26,,3,3,,,,,,checked,checked,169,,,,,,,,,,,,,,,,,,,,,,,,,13.5,⬆️ Long,2,1.3,1.3,,,,,,Blue,182,15,0,74.9,74.9,144,18 Holes,13.5,13.5,,,0,0,3,0,0,,,1,3,3,Par,0,Jason Day – Pebble Beach Golf Club – 2/14/26,1,1,0,Jason Day,0,N/A,0,0,0,0,1,0,0,0,0,0,0,0,0,0,0,0,0,0,0,1,0,0,0,1,0,0,0,0,0,0,0,0,0,0,0,0,0,0,1,0,0,0,0,0,0,0,0,0,0,0,0,0,0,0,1,0,,,,,,,,,,1,0,0,0,0,0,0,0,0,0,0,0,0,0,1,0,1,0,0,0,0,0,1,0,0,0,0,0,0,0,0,0,0,0,0,0,0,0,0,0,0,0,1,0,0,0,0,0,0,0,0,0,0,0,0,0,0,0,1,0,1,0,0,0,0,0,,0,0,0,,0,0,0,0,0,0,0,0,0,0,0,0,0,0,0,0,0,0,1,0,0,0,0,0,0,0,0,0,0,0,0,0,0,0,0,0,0,0,0,0,0,0,0,0,0,0,0,0,0,0,0,0,0,0,FALSE,TRUE,TRUE,,Long,,,
Pebble Beach - Blue,18,2/14/2026,Pebble Beach Golf Club,Pebble Beach - Blue- 18,,Jason Day,,Jason Day - Pebble Beach - Round 3 -2/14/26,Jason Day – Pebble Beach Golf Club – 2/14/26,,5,4,checked,,checked,265,,checked,checked,52,,,,,,,,269,,⬇️ Short,,,,,,,,,,,,,,,19,⬇️ Short,1,19,,,,,,,Blue,536,5,-1,74.9,74.9,144,18 Holes,19,,,19,0,0,5,-1,0,,,1,4,5,Birdie,1,Jason Day – Pebble Beach Golf Club – 2/14/26,1,1,0,Jason Day,1,100%,1,0,0,1,0,0,0,0,0,0,0,0,0,0,0,0,0,0,1,0,0,0,0,0,1,0,0,0,0,0,0,1,0,0,0,0,0,0,0,0,0,0,0,0,0,0,0,0,0,0,0,0,0,0,1,,,,,,,,,,-1,0,0,0,0,0,0,1,0,0,0,0,0,0,1,1,0,1,0,1,0,0,0,0,0,0,0,0,0,0,0,0,0,0,1,0,0,0,0,0,0,0,0,1,0,0,0,0,0,0,0,0,0,0,0,0,1,0,1,1,0,0,0,0,0,1,0,,0,0,0,,0,0,0,0,0,0,0,0,0,0,0,0,0,1,0,0,0,0,0,0,0,0,0,0,0,0,0,0,0,0,0,0,0,0,0,0,0,0,0,0,0,0,0,0,0,0,0,0,0,0,0,0,0,0,TRUE,TRUE,TRUE,,Short,,,
Pebble Beach - Blue,1,2/15/2026,Pebble Beach Golf Club,Pebble Beach - Blue- 1,,Jason Day,,Jason Day - Pebble Beach - Round 4 -2/15/26,Jason Day – Pebble Beach Golf Club – 2/15/26,,4,4,,,,240,⬅️ Left,checked,checked,151,,,,,,,,,,,,,,,,,,,,,,,,,29.9,⬇️ Short,2,1.9,1.9,,,,,,Blue,378,6,0,74.9,74.9,144,18 Holes,29.9,,29.9,,0,0,4,0,1,4,4,0,,,Par,0,Jason Day – Pebble Beach Golf Club – 2/15/26,1,1,0,Jason Day,1,0%,0,0,0,0,1,0,0,0,0,0,0,0,0,0,0,0,0,0,0,1,0,0,0,0,0,0,0,0,0,0,0,0,0,0,0,0,0,0,1,0,0,0,0,0,0,0,0,0,0,0,0,0,0,0,1,,,0,,,,,,,,0,0,1,0,0,0,0,0,0,0,1,0,0,0,0,0,0,0,0,0,0,0,0,0,0,0,0,0,1,0,0,0,0,0,0,0,0,0,0,0,0,0,0,0,1,0,0,0,0,0,0,0,0,0,1,0,0,0,0,0,0,0,0,0,0,0,,0,0,0,,0,0,0,0,0,0,0,0,0,0,0,0,0,0,0,0,0,0,0,0,0,0,0,1,0,0,0,0,0,0,0,0,0,0,0,0,0,0,0,0,0,0,0,0,0,0,0,0,0,0,0,0,0,0,FALSE,TRUE,TRUE,,Short,Left,,
Pebble Beach - Blue,2,2/15/2026,Pebble Beach Golf Club,Pebble Beach - Blue- 2,,Jason Day,,Jason Day - Pebble Beach - Round 4 -2/15/26,Jason Day – Pebble Beach Golf Club – 2/15/26,,5,4,,,,279,➡️ Right,checked,checked,15,,,,,,,,238,,↘️ Short Right,,,,,,,1,,,,,,,60 Degree Wedge,2.9,Tight (3 feet or less) ,1,2.9,,,,,,,Blue,507,10,-1,74.9,74.9,144,18 Holes,2.9,,,2.9,1,1,5,-1,1,4,5,0,,,Birdie,0,Jason Day – Pebble Beach Golf Club – 2/15/26,1,1,0,Jason Day,1,0%,0,0,0,1,0,0,0,0,0,0,0,0,0,0,0,0,0,1,1,0,0,0,0,0,0,0,0,1,1,1,0,1,0,0,0,0,0,0,0,0,0,0,0,0,0,0,0,0,0,0,0,0,0,0,1,,,,,,,-1,,,,0,0,0,0,0,0,0,0,1,0,1,0,0,0,0,0,0,0,0,0,0,0,0,0,0,0,0,0,0,0,0,0,0,1,0,0,0,0,0,0,0,0,0,0,1,0,0,0,0,0,0,0,0,0,0,1,0,0,1,1,0,0,0,0,1,1,,0,0,0,,0,0,0,0,0,0,0,0,0,0,0,0,0,1,0,0,0,0,0,0,0,0,0,0,0,0,0,0,0,0,0,0,0,0,0,0,0,0,0,0,0,0,0,0,0,0,0,0,0,0,0,0,0,0,FALSE,TRUE,TRUE,,Tight (3 feet or less),Right,,
Pebble Beach - Blue,3,2/15/2026,Pebble Beach Golf Club,Pebble Beach - Blue- 3,,Jason Day,,Jason Day - Pebble Beach - Round 4 -2/15/26,Jason Day – Pebble Beach Golf Club – 2/15/26,,4,5,,,,286,➡️ Right,,,136,,,↖️ Long Left,,,,,,,,,,,,,,,1,60 Degree Wedge,,,,,,5.8,➡️ Hole High Right,2,0.9,0.9,,,,,,Blue,397,12,1,74.9,74.9,144,18 Holes,,,,,1,0,4,1,1,5,4,0,,,Bogey,0,Jason Day – Pebble Beach Golf Club – 2/15/26,0,0,0,Jason Day,1,0%,0,0,0,0,0,1,0,0,1,1,1,0,0,0,1,0,0,0,0,1,0,0,0,0,0,0,0,0,0,0,0,0,0,0,0,0,0,0,0,1,0,0,0,0,0,0,0,0,0,0,0,0,0,0,1,,,,,1,,,,,,0,0,0,1,0,0,0,0,0,0,0,1,0,0,0,1,0,1,0,1,0,0,0,0,0,0,0,0,0,1,0,0,0,0,0,0,0,0,0,0,0,0,0,0,0,1,0,0,0,0,0,0,0,0,0,0,0,0,0,0,0,0,0,0,0,0,,0,0,0,,0,0,0,0,0,0,0,0,0,0,0,0,0,0,0,0,0,0,0,0,0,0,0,0,1,0,0,0,0,0,0,0,0,0,0,0,0,0,0,0,0,0,0,0,0,0,0,0,0,0,0,0,0,0,FALSE,FALSE,FALSE,Long Left,Hole High Right,Right,,
Pebble Beach - Blue,4,2/15/2026,Pebble Beach Golf Club,Pebble Beach - Blue- 4,,Jason Day,,Jason Day - Pebble Beach - Round 4 -2/15/26,Jason Day – Pebble Beach Golf Club – 2/15/26,,4,3,,,checked,232,,checked,checked,102,,,,,,,,,,,,,,,,,,,,,,,,,5.1,⬅️ Hole High Left,1,5.1,,,,,,,Blue,333,16,-1,74.9,74.9,144,18 Holes,5.1,,5.1,,1,1,4,-1,1,3,4,0,,,Birdie,1,Jason Day – Pebble Beach Golf Club – 2/15/26,1,1,0,Jason Day,1,100%,1,0,0,1,0,0,0,0,0,0,0,0,0,0,0,0,0,0,1,0,0,0,0,0,1,0,0,0,0,0,0,1,0,0,0,0,0,0,0,0,0,0,0,0,0,0,0,0,0,0,0,0,0,0,1,,,,,,-1,,,,,0,0,0,0,0,1,0,0,0,0,0,0,0,1,1,0,1,0,1,0,0,0,0,0,0,0,0,1,0,0,0,0,0,0,0,0,0,0,0,0,0,0,0,0,0,0,0,0,0,0,1,0,0,0,1,0,1,0,1,1,0,0,1,1,0,0,,0,0,0,,0,0,0,0,0,0,1,0,0,0,0,0,0,0,0,0,0,0,0,0,0,0,0,0,0,0,0,0,0,0,0,0,0,0,0,0,0,0,0,0,0,0,0,0,0,0,0,0,0,0,0,0,0,0,TRUE,TRUE,TRUE,,Hole High Left,,,
Pebble Beach - Blue,5,2/15/2026,Pebble Beach Golf Club,Pebble Beach - Blue- 5,,Jason Day,,Jason Day - Pebble Beach - Round 4 -2/15/26,Jason Day – Pebble Beach Golf Club – 2/15/26,,3,3,,,,,,checked,checked,141,,,,,,,,,,,,,,,,,,,,,,,,,12.8,⬇️ Short,2,0.4,0.4,,,,,,Blue,189,14,0,74.9,74.9,144,18 Holes,12.8,12.8,,,0,0,3,0,1,3,3,0,,,Par,0,Jason Day – Pebble Beach Golf Club – 2/15/26,1,1,0,Jason Day,0,N/A,0,0,0,0,1,0,0,0,0,0,0,0,0,0,0,0,0,0,0,1,0,0,0,1,0,0,0,0,0,0,0,0,0,0,0,0,0,0,1,0,0,0,0,0,0,0,0,0,0,0,0,0,0,0,1,0,,,,,,,,,,1,0,0,0,0,0,0,0,0,0,0,0,0,0,1,0,1,0,0,0,0,0,1,0,0,0,0,0,0,0,0,0,0,0,0,0,0,0,0,0,0,0,0,0,0,0,0,0,0,0,1,0,0,0,0,0,0,0,1,0,1,0,0,0,0,0,,0,0,0,,0,0,0,0,0,0,0,0,0,0,0,0,0,0,0,0,0,0,1,0,0,0,0,0,0,0,0,0,0,0,0,0,0,0,0,0,0,0,0,0,0,0,0,0,0,0,0,0,0,0,0,0,0,0,FALSE,TRUE,TRUE,,Short,,,
Pebble Beach - Blue,6,2/15/2026,Pebble Beach Golf Club,Pebble Beach - Blue- 6,,Jason Day,,Jason Day - Pebble Beach - Round 4 -2/15/26,Jason Day – Pebble Beach Golf Club – 2/15/26,,5,5,checked,,checked,304,,checked,checked,54,,,,,,,,238,,⬇️ Short,,,,,,,,,,,,,,,18.4,⬇️ Short,2,2.7,2.7,,,,,,Blue,498,2,0,74.9,74.9,144,18 Holes,18.4,,,18.4,0,0,5,0,1,5,5,0,,,Par,1,Jason Day – Pebble Beach Golf Club – 2/15/26,1,1,0,Jason Day,1,100%,1,0,0,0,1,0,0,0,0,0,0,0,0,0,0,0,0,0,0,1,0,0,0,1,0,0,0,0,0,0,0,0,0,0,0,0,0,0,1,0,0,0,0,0,0,0,0,0,0,0,0,0,0,0,1,,,,,,,,,,0,0,0,0,0,0,0,1,0,0,0,0,0,0,1,1,0,1,0,1,0,0,0,0,0,0,0,0,0,0,0,0,0,0,0,1,0,0,0,0,0,0,0,0,0,0,0,0,0,0,0,1,0,0,0,0,1,0,1,1,0,0,0,0,0,1,0,,0,0,0,,0,0,0,0,0,0,0,0,0,0,0,0,0,0,0,0,0,0,0,0,0,0,0,0,0,0,0,0,0,1,0,0,0,0,0,0,0,0,0,0,0,0,0,0,0,0,0,0,0,0,0,0,0,0,TRUE,TRUE,TRUE,,Short,,,
Pebble Beach - Blue,7,2/15/2026,Pebble Beach Golf Club,Pebble Beach - Blue- 7,,Jason Day,,Jason Day - Pebble Beach - Round 4 -2/15/26,Jason Day – Pebble Beach Golf Club – 2/15/26,,3,3,,,,,,checked,checked,109,,,,,,,,,,,,,,,,,,,,,,,,,17.5,↙️ Short Left,2,1.2,1.2,,,,,,Blue,106,18,0,74.9,74.9,144,18 Holes,17.5,17.5,,,0,0,3,0,1,3,3,0,,,Par,0,Jason Day – Pebble Beach Golf Club – 2/15/26,1,1,0,Jason Day,0,N/A,0,0,0,0,1,0,0,0,0,0,0,0,0,0,0,0,0,0,0,1,0,0,0,1,0,0,0,0,0,0,0,0,0,0,0,0,0,0,1,0,0,0,0,0,0,0,0,0,0,0,0,0,0,0,1,0,,,,,,,,,,1,0,0,0,0,0,0,0,0,0,0,0,0,0,1,0,1,0,0,0,0,0,1,0,0,0,0,0,0,0,0,0,0,0,0,0,0,0,0,0,0,0,0,1,0,0,0,0,0,0,0,0,0,0,0,0,0,0,1,0,1,0,0,0,0,0,,0,0,0,,0,0,0,0,0,0,0,0,0,0,0,0,0,0,0,0,0,0,1,0,0,0,0,0,0,0,0,0,0,0,0,0,0,0,0,0,0,0,0,0,0,0,0,0,0,0,0,0,0,0,0,0,0,0,FALSE,TRUE,TRUE,,Short Left,,,
Pebble Beach - Blue,8,2/15/2026,Pebble Beach Golf Club,Pebble Beach - Blue- 8,,Jason Day,,Jason Day - Pebble Beach - Round 4 -2/15/26,Jason Day – Pebble Beach Golf Club – 2/15/26,,4,4,,,,247,⬅️ Left,,,184,,,↖️ Long Left,,,,,,,,,,,,,,,1,60 Degree Wedge,,,,,,4,➡️ Hole High Right,1,4,,,,,,,Blue,416,4,0,74.9,74.9,144,18 Holes,,,,,1,1,4,0,1,4,4,0,,,Par,0,Jason Day – Pebble Beach Golf Club – 2/15/26,0,0,0,Jason Day,1,0%,0,0,0,0,1,0,0,0,1,1,1,1,1,1,1,1,1,0,1,0,0,0,0,0,0,0,1,0,0,0,0,0,1,0,0,0,0,0,0,0,0,0,0,0,0,0,0,0,0,0,0,0,0,0,1,,,,,0,,,,,,0,0,0,1,0,0,0,0,0,0,0,1,0,0,0,1,0,1,0,1,0,0,0,0,0,0,0,0,1,0,0,0,0,0,0,0,0,0,0,0,1,1,0,1,0,0,0,0,0,0,0,0,0,0,0,0,0,0,0,0,0,0,0,0,0,0,,0,1,0,,0,0,0,0,0,0,0,1,0,0,0,0,0,0,0,0,0,0,0,0,0,0,0,0,0,0,0,0,0,0,0,0,0,0,0,0,0,0,0,0,0,0,0,0,0,0,0,0,0,0,0,0,0,0,FALSE,FALSE,FALSE,Long Left,Hole High Right,Left,,
Pebble Beach - Blue,9,2/15/2026,Pebble Beach Golf Club,Pebble Beach - Blue- 9,,Jason Day,,Jason Day - Pebble Beach - Round 4 -2/15/26,Jason Day – Pebble Beach Golf Club – 2/15/26,,4,3,,,checked,269,,checked,checked,204,,,,,,,,,,,,,,,,,,,,,,,,,19.9,⬇️ Short,1,19.9,,,,,,,Blue,483,8,-1,74.9,74.9,144,18 Holes,19.9,,19.9,,0,0,4,-1,1,3,4,0,,,Birdie,1,Jason Day – Pebble Beach Golf Club – 2/15/26,1,1,0,Jason Day,1,100%,1,0,0,1,0,0,0,0,0,0,0,0,0,0,0,0,0,0,1,0,0,0,0,0,1,0,0,0,0,0,0,1,0,0,0,0,0,0,0,0,0,0,0,0,0,0,0,0,0,0,0,0,0,0,1,,,,,,-1,,,,,0,0,0,0,0,1,0,0,0,0,0,0,0,1,1,0,1,0,1,0,0,0,0,0,0,0,0,1,0,0,0,0,0,0,0,0,0,0,0,0,0,0,0,1,0,0,0,0,0,0,0,0,0,0,1,0,1,0,1,0,0,0,1,0,0,0,,0,0,0,,0,0,0,0,0,0,1,0,0,0,0,0,0,0,0,0,0,0,0,0,0,0,0,0,0,0,0,0,0,0,0,0,0,0,0,0,0,0,0,0,0,0,0,0,0,0,0,0,0,0,0,0,0,0,TRUE,TRUE,TRUE,,Short,,,
Pebble Beach - Blue,10,2/15/2026,Pebble Beach Golf Club,Pebble Beach - Blue- 10,,Jason Day,,Jason Day - Pebble Beach - Round 4 -2/15/26,Jason Day – Pebble Beach Golf Club – 2/15/26,,4,4,,,checked,282,,,,160,,,↙️ Short Left,,,,,,,,,,,,,,1,1,60 Degree Wedge,,,,,,6.6,⬅️ Hole High Left,1,6.6,,,,,,,Blue,444,3,0,74.9,74.9,144,18 Holes,,,,,1,1,4,0,0,,,1,4,4,Par,1,Jason Day – Pebble Beach Golf Club – 2/15/26,0,0,0,Jason Day,1,100%,0,0,0,0,1,0,0,0,1,1,1,1,0,0,1,1,1,1,1,0,0,0,0,0,0,0,0,0,1,1,0,0,1,0,0,0,0,0,0,0,0,0,0,0,0,0,0,0,0,0,0,0,0,0,1,,,,0,,,,,,,0,0,0,0,1,0,0,0,0,0,0,0,1,0,0,0,0,0,0,0,0,0,0,0,0,0,0,0,1,0,0,0,0,0,0,0,0,0,0,0,1,1,0,0,0,0,0,0,1,0,0,0,0,0,0,0,1,0,0,0,0,0,0,0,0,0,,0,1,0,,0,0,0,0,0,0,0,1,0,0,0,0,0,0,0,0,0,0,0,0,0,0,0,0,0,0,0,0,0,0,0,0,0,0,0,0,0,0,0,0,0,0,0,0,0,0,0,0,0,0,0,0,0,0,TRUE,FALSE,FALSE,Short Left,Hole High Left,,,
Pebble Beach - Blue,11,2/15/2026,Pebble Beach Golf Club,Pebble Beach - Blue- 11,,Jason Day,,Jason Day - Pebble Beach - Round 4 -2/15/26,Jason Day – Pebble Beach Golf Club – 2/15/26,,4,4,,,,278,⬅️ Left,checked,checked,112,,,,,,,,,,,,,,,,,,,,,,,,,24.4,↖️ Long Left,2,0.5,0.5,,,,,,Blue,370,9,0,74.9,74.9,144,18 Holes,24.4,,24.4,,0,0,4,0,0,,,1,4,4,Par,0,Jason Day – Pebble Beach Golf Club – 2/15/26,1,1,0,Jason Day,1,0%,0,0,0,0,1,0,0,0,0,0,0,0,0,0,0,0,0,0,0,1,0,0,0,0,0,0,0,0,0,0,0,0,0,0,0,0,0,0,1,0,0,0,0,0,0,0,0,0,0,0,0,0,0,0,1,,,0,,,,,,,,0,0,1,0,0,0,0,0,0,0,1,0,0,0,0,0,0,0,0,0,0,0,0,0,0,0,0,0,1,0,0,0,0,0,0,0,0,0,0,0,0,0,0,0,0,0,0,0,1,0,0,0,0,0,1,0,0,0,0,0,0,0,0,0,0,0,,0,0,0,,0,0,0,0,0,0,0,0,0,0,0,0,0,0,0,0,0,0,0,0,0,0,0,1,0,0,0,0,0,0,0,0,0,0,0,0,0,0,0,0,0,0,0,0,0,0,0,0,0,0,0,0,0,0,FALSE,TRUE,TRUE,,Long Left,Left,,
Pebble Beach - Blue,12,2/15/2026,Pebble Beach Golf Club,Pebble Beach - Blue- 12,,Jason Day,,Jason Day - Pebble Beach - Round 4 -2/15/26,Jason Day – Pebble Beach Golf Club – 2/15/26,,3,3,,,,,,,,213,,,⬆️ Long,,,,,,,,,,,,,,,1,60 Degree Wedge,,,,,,2,Tight (3 feet or less) ,1,2,,,,,,,Blue,202,17,0,74.9,74.9,144,18 Holes,,,,,1,1,3,0,0,,,1,3,3,Par,0,Jason Day – Pebble Beach Golf Club – 2/15/26,0,0,0,Jason Day,0,N/A,0,0,0,0,1,0,0,0,1,1,1,1,1,1,1,1,1,0,1,0,0,0,0,0,0,0,1,0,0,0,0,0,1,0,0,0,0,0,0,0,0,0,0,0,0,0,0,0,0,0,0,0,0,0,1,,0,,,,,,,,,0,1,0,0,0,0,0,0,0,0,0,0,0,0,0,1,0,1,0,0,0,0,1,0,0,0,0,0,0,0,0,0,0,0,0,0,0,0,0,0,1,1,0,0,0,0,0,0,1,0,0,0,0,0,0,0,0,0,0,0,0,0,0,0,0,0,,1,0,0,,0,1,0,0,0,0,0,0,0,0,0,0,0,0,0,0,0,0,0,0,0,0,0,0,0,0,0,0,0,0,0,0,0,0,0,0,0,0,0,0,0,0,0,0,0,0,0,0,0,0,0,0,0,0,FALSE,FALSE,FALSE,Long,Tight (3 feet or less),,,
Pebble Beach - Blue,13,2/15/2026,Pebble Beach Golf Club,Pebble Beach - Blue- 13,,Jason Day,,Jason Day - Pebble Beach - Round 4 -2/15/26,Jason Day – Pebble Beach Golf Club – 2/15/26,,4,4,,,,289,➡️ Right,checked,checked,182,,,,,,,,,,,,,,,,,,,,,,,,,16.1,⬅️ Hole High Left,2,2.5,2.5,,,,,,Blue,401,7,0,74.9,74.9,144,18 Holes,16.1,,16.1,,0,0,4,0,0,,,1,4,4,Par,0,Jason Day – Pebble Beach Golf Club – 2/15/26,1,1,0,Jason Day,1,0%,0,0,0,0,1,0,0,0,0,0,0,0,0,0,0,0,0,0,0,1,0,0,0,0,0,0,0,0,0,0,0,0,0,0,0,0,0,0,1,0,0,0,0,0,0,0,0,0,0,0,0,0,0,0,1,,,0,,,,,,,,0,0,1,0,0,0,0,0,0,0,1,0,0,0,0,0,0,0,0,0,0,0,0,0,0,0,0,0,1,0,0,0,0,0,0,0,0,0,0,0,0,0,0,0,0,0,0,0,0,0,0,0,1,0,1,0,0,0,1,0,0,0,1,0,0,0,,0,0,0,,0,0,0,0,0,0,0,0,0,0,0,0,0,0,0,0,0,0,0,0,0,0,0,1,0,0,0,0,0,0,0,0,0,0,0,0,0,0,0,0,0,0,0,0,0,0,0,0,0,0,0,0,0,0,FALSE,TRUE,TRUE,,Hole High Left,Right,,
Pebble Beach - Blue,14,2/15/2026,Pebble Beach Golf Club,Pebble Beach - Blue- 14,,Jason Day,,Jason Day - Pebble Beach - Round 4 -2/15/26,Jason Day – Pebble Beach Golf Club – 2/15/26,,5,4,,,checked,342,,checked,checked,13,,,,,,,,231,,⬆️ Long,,,,,,,,,,1,,,,60 Degree Wedge,3.1,Tight (3 feet or less) ,1,3.1,,,,,,,Blue,582,1,-1,74.9,74.9,144,18 Holes,3.1,,,3.1,1,1,5,-1,0,,,1,4,5,Birdie,1,Jason Day – Pebble Beach Golf Club – 2/15/26,1,1,0,Jason Day,1,100%,1,0,0,1,0,0,0,0,0,0,0,0,0,0,0,0,0,0,1,0,0,0,0,0,1,0,0,0,0,0,0,1,0,0,0,0,0,0,0,0,0,0,0,0,0,0,0,0,0,0,0,0,0,0,1,,,,,,,,,,-1,0,0,0,0,0,0,1,0,0,0,0,0,0,1,1,0,1,0,1,0,0,0,0,0,0,0,0,0,0,0,0,0,0,1,0,0,0,0,0,0,0,0,0,0,0,0,0,0,0,0,0,0,1,0,0,1,0,1,1,1,0,0,0,0,1,1,,0,0,0,,0,0,0,0,0,0,0,0,0,0,0,0,0,1,0,0,0,0,0,0,0,0,0,0,0,0,0,0,0,0,0,0,0,0,0,0,0,0,0,0,0,0,0,0,0,0,0,0,0,0,0,0,0,0,TRUE,TRUE,TRUE,,Tight (3 feet or less),,,
Pebble Beach - Blue,15,2/15/2026,Pebble Beach Golf Club,Pebble Beach - Blue- 15,,Jason Day,,Jason Day - Pebble Beach - Round 4 -2/15/26,Jason Day – Pebble Beach Golf Club – 2/15/26,,4,4,,,,290,➡️ Right,,,115,,,↖️ Long Left,,,,,,,,,,,,,,,1,60 Degree Wedge,,,,,,4.8,⬅️ Hole High Left,1,4.8,,,,,,,Blue,393,13,0,74.9,74.9,144,18 Holes,,,,,1,1,4,0,0,,,1,4,4,Par,0,Jason Day – Pebble Beach Golf Club – 2/15/26,0,0,0,Jason Day,1,0%,0,0,0,0,1,0,0,0,1,1,1,1,1,1,1,1,1,0,1,0,0,0,0,0,0,0,1,0,0,0,0,0,1,0,0,0,0,0,0,0,0,0,0,0,0,0,0,0,0,0,0,0,0,0,1,,,,,0,,,,,,0,0,0,1,0,0,0,0,0,0,0,1,0,0,0,1,0,1,0,1,0,0,0,0,0,0,0,0,1,0,0,0,0,0,0,0,0,0,0,0,1,1,0,0,0,0,0,0,0,0,0,0,1,0,0,0,0,0,0,0,0,0,0,0,0,0,,0,1,0,,0,0,0,0,0,0,0,1,0,0,0,0,0,0,0,0,0,0,0,0,0,0,0,0,0,0,0,0,0,0,0,0,0,0,0,0,0,0,0,0,0,0,0,0,0,0,0,0,0,0,0,0,0,0,FALSE,FALSE,FALSE,Long Left,Hole High Left,Right,,
Pebble Beach - Blue,16,2/15/2026,Pebble Beach Golf Club,Pebble Beach - Blue- 16,,Jason Day,,Jason Day - Pebble Beach - Round 4 -2/15/26,Jason Day – Pebble Beach Golf Club – 2/15/26,,4,4,,,checked,297,,checked,checked,108,,,,,,,,,,,,,,,,,,,,,,,,,12.8,⬇️ Short,2,0.3,0.3,,,,,,Blue,400,11,0,74.9,74.9,144,18 Holes,12.8,,12.8,,0,0,4,0,0,,,1,4,4,Par,1,Jason Day – Pebble Beach Golf Club – 2/15/26,1,1,0,Jason Day,1,100%,1,0,0,0,1,0,0,0,0,0,0,0,0,0,0,0,0,0,0,1,0,0,0,1,0,0,0,0,0,0,0,0,0,0,0,0,0,0,1,0,0,0,0,0,0,0,0,0,0,0,0,0,0,0,1,,,,,,0,,,,,0,0,0,0,0,1,0,0,0,0,0,0,0,1,1,0,1,0,1,0,0,0,0,0,0,0,0,0,1,0,0,0,0,0,0,0,0,0,0,0,0,0,1,0,0,0,0,0,0,0,0,0,0,0,1,0,1,0,1,0,0,0,1,0,0,0,,0,0,0,,0,0,0,0,0,0,0,0,0,0,0,0,0,0,0,0,0,0,0,0,0,0,0,1,0,0,0,0,0,0,0,0,0,0,0,0,0,0,0,0,0,0,0,0,0,0,0,0,0,0,0,0,0,0,TRUE,TRUE,TRUE,,Short,,,
Pebble Beach - Blue,17,2/15/2026,Pebble Beach Golf Club,Pebble Beach - Blue- 17,,Jason Day,,Jason Day - Pebble Beach - Round 4 -2/15/26,Jason Day – Pebble Beach Golf Club – 2/15/26,,3,3,,,,,,checked,checked,185,,,,,,,,,,,,,,,,,,,,,,,,,28.3,⬇️ Short,2,1.5,1.5,,,,,,Blue,182,15,0,74.9,74.9,144,18 Holes,28.3,28.3,,,0,0,3,0,0,,,1,3,3,Par,0,Jason Day – Pebble Beach Golf Club – 2/15/26,1,1,0,Jason Day,0,N/A,0,0,0,0,1,0,0,0,0,0,0,0,0,0,0,0,0,0,0,1,0,0,0,1,0,0,0,0,0,0,0,0,0,0,0,0,0,0,1,0,0,0,0,0,0,0,0,0,0,0,0,0,0,0,1,0,,,,,,,,,,1,0,0,0,0,0,0,0,0,0,0,0,0,0,1,0,1,0,0,0,0,0,1,0,0,0,0,0,0,0,0,0,0,0,0,0,0,0,0,0,0,0,1,0,0,0,0,0,0,0,0,0,0,0,0,0,0,0,0,0,0,0,0,0,0,0,,0,0,0,,0,0,0,0,0,0,0,0,0,0,0,0,0,0,0,0,0,0,1,0,0,0,0,0,0,0,0,0,0,0,0,0,0,0,0,0,0,0,0,0,0,0,0,0,0,0,0,0,0,0,0,0,0,0,FALSE,TRUE,TRUE,,Short,,,
Pebble Beach - Blue,18,2/15/2026,Pebble Beach Golf Club,Pebble Beach - Blue- 18,,Jason Day,,Jason Day - Pebble Beach - Round 4 -2/15/26,Jason Day – Pebble Beach Golf Club – 2/15/26,,5,4,,,checked,304,,checked,checked,215,,,,,checked,,,,,,,,,,,,,,,,,,,,41.2,⬇️ Short,2,0.9,0.9,,,,,,Blue,536,5,-1,74.9,74.9,144,18 Holes,41.2,,,41.2,0,0,5,-1,0,,,1,4,5,Birdie,1,Jason Day – Pebble Beach Golf Club – 2/15/26,1,1,1,Jason Day,1,100%,1,0,0,1,0,0,0,0,0,0,0,0,0,0,0,0,0,0,0,1,0,0,0,0,1,0,0,0,0,0,0,0,0,0,0,0,0,1,0,0,0,0,0,0,0,0,0,0,0,0,0,0,0,0,1,,,,,,,,,,-1,0,0,0,0,0,0,1,0,0,0,0,0,0,1,1,0,1,0,1,0,0,0,0,0,0,0,0,0,0,0,0,0,0,1,0,0,0,0,0,0,0,0,1,0,0,0,0,0,0,0,0,0,0,0,0,1,0,1,0,0,0,0,0,0,0,0,,0,0,0,,0,0,0,0,0,0,0,0,0,0,0,0,0,0,0,0,0,0,0,0,0,0,0,0,0,0,0,0,1,0,0,0,0,0,0,0,0,0,0,0,0,0,0,0,0,0,0,0,0,0,0,0,0,0,TRUE,TRUE,TRUE,,Short,,,
Pebble Beach - Blue,1,2/12/2026,Pebble Beach Golf Club,Pebble Beach - Blue- 1,,Scottie Scheffler,,Scottie Scheffler - Pebble Beach - Round 1 -2/12/26,Scottie Scheffler – Pebble Beach Golf Club – 2/12/26,,4,4,,,checked,242,,checked,checked,136,,,,,,,,,,,,,,,,,,,,,,,,,8.5,⬅️ Hole High Left,2,1.9,1.9,,,,,,Blue,378,6,0,74.9,74.9,144,18 Holes,8.5,,8.5,,1,0,4,0,1,4,4,0,,,Par,1,Scottie Scheffler – Pebble Beach Golf Club – 2/12/26,1,1,0,Scottie Scheffler,1,100%,1,0,0,0,1,0,0,0,0,0,0,0,0,0,0,0,0,0,0,1,0,0,0,1,0,0,0,0,0,0,0,0,0,0,0,0,0,0,1,0,0,0,0,0,0,0,0,0,0,0,0,0,0,0,1,,,,,,0,,,,,0,0,0,0,0,1,0,0,0,0,0,0,0,1,1,0,1,0,1,0,0,0,0,0,0,0,0,0,1,0,0,0,0,0,0,0,0,0,0,0,0,0,0,0,1,0,0,0,0,0,0,0,0,0,1,0,1,0,1,1,0,0,1,1,0,0,,0,0,0,,0,0,0,0,0,0,0,0,0,0,0,0,0,0,0,0,0,0,0,0,0,0,0,1,0,0,0,0,0,0,0,0,0,0,0,0,0,0,0,0,0,0,0,0,0,0,0,0,0,0,0,0,0,0,TRUE,TRUE,TRUE,,Hole High Left,,,
Pebble Beach - Blue,2,2/12/2026,Pebble Beach Golf Club,Pebble Beach - Blue- 2,,Scottie Scheffler,,Scottie Scheffler - Pebble Beach - Round 1 -2/12/26,Scottie Scheffler – Pebble Beach Golf Club – 2/12/26,,5,5,,,checked,288,,checked,checked,36,,,,,,,,229,,↙️ Short Left,,,,,,,,,,1,,,,60 Degree Wedge,7.9,➡️ Hole High Right,2,2.2,2.2,,,,,,Blue,507,10,0,74.9,74.9,144,18 Holes,7.9,,,7.9,1,0,5,0,1,5,5,0,,,Par,1,Scottie Scheffler – Pebble Beach Golf Club – 2/12/26,1,1,0,Scottie Scheffler,1,100%,1,0,0,0,1,0,0,0,0,0,0,0,0,0,0,0,0,0,0,1,0,0,0,1,0,0,0,0,0,0,0,0,0,0,0,0,0,0,1,0,0,0,0,0,0,0,0,0,0,0,0,0,0,0,1,,,,,,,,,,0,0,0,0,0,0,0,1,0,0,0,0,0,0,1,1,0,1,0,1,0,0,0,0,0,0,0,0,0,0,0,0,0,0,0,1,0,0,0,0,0,0,0,0,0,1,0,0,0,0,0,0,0,0,0,0,1,0,1,1,1,0,0,0,0,1,1,,0,0,0,,0,0,0,0,0,0,0,0,0,0,0,0,0,0,0,0,0,0,0,0,0,0,0,0,0,0,0,0,0,1,0,0,0,0,0,0,0,0,0,0,0,0,0,0,0,0,0,0,0,0,0,0,0,0,TRUE,TRUE,TRUE,,Hole High Right,,,
Pebble Beach - Blue,3,2/12/2026,Pebble Beach Golf Club,Pebble Beach - Blue- 3,,Scottie Scheffler,,Scottie Scheffler - Pebble Beach - Round 1 -2/12/26,Scottie Scheffler – Pebble Beach Golf Club – 2/12/26,,4,4,,,,266,⬅️ Left,checked,checked,127,,,,,,,,,,,,,,,,,,,,,,,,,23,⬇️ Short,2,0.8,0.8,,,,,,Blue,397,12,0,74.9,74.9,144,18 Holes,23,,23,,0,0,4,0,1,4,4,0,,,Par,0,Scottie Scheffler – Pebble Beach Golf Club – 2/12/26,1,1,0,Scottie Scheffler,1,0%,0,0,0,0,1,0,0,0,0,0,0,0,0,0,0,0,0,0,0,1,0,0,0,0,0,0,0,0,0,0,0,0,0,0,0,0,0,0,1,0,0,0,0,0,0,0,0,0,0,0,0,0,0,0,1,,,0,,,,,,,,0,0,1,0,0,0,0,0,0,0,1,0,0,0,0,0,0,0,0,0,0,0,0,0,0,0,0,0,1,0,0,0,0,0,0,0,0,0,0,0,0,0,0,0,1,0,0,0,0,0,0,0,0,0,1,0,0,0,0,0,0,0,0,0,0,0,,0,0,0,,0,0,0,0,0,0,0,0,0,0,0,0,0,0,0,0,0,0,0,0,0,0,0,1,0,0,0,0,0,0,0,0,0,0,0,0,0,0,0,0,0,0,0,0,0,0,0,0,0,0,0,0,0,0,FALSE,TRUE,TRUE,,Short,Left,,
Pebble Beach - Blue,4,2/12/2026,Pebble Beach Golf Club,Pebble Beach - Blue- 4,,Scottie Scheffler,,Scottie Scheffler - Pebble Beach - Round 1 -2/12/26,Scottie Scheffler – Pebble Beach Golf Club – 2/12/26,,4,3,,,checked,306,,checked,checked,42,,,,,,,,,,,,,,,,,,,,,,,,,7.7,⬇️ Short,1,7.7,,,,,,,Blue,333,16,-1,74.9,74.9,144,18 Holes,7.7,,7.7,,1,1,4,-1,1,3,4,0,,,Birdie,1,Scottie Scheffler – Pebble Beach Golf Club – 2/12/26,1,1,0,Scottie Scheffler,1,100%,1,0,0,1,0,0,0,0,0,0,0,0,0,0,0,0,0,0,1,0,0,0,0,0,1,0,0,0,0,0,0,1,0,0,0,0,0,0,0,0,0,0,0,0,0,0,0,0,0,0,0,0,0,0,1,,,,,,-1,,,,,0,0,0,0,0,1,0,0,0,0,0,0,0,1,1,0,1,0,1,0,0,0,0,0,0,0,0,1,0,0,0,0,0,0,0,0,0,0,0,0,0,0,0,0,0,0,0,0,0,0,1,0,0,0,1,0,1,0,1,1,0,0,1,1,0,0,,0,0,0,,0,0,0,0,0,0,1,0,0,0,0,0,0,0,0,0,0,0,0,0,0,0,0,0,0,0,0,0,0,0,0,0,0,0,0,0,0,0,0,0,0,0,0,0,0,0,0,0,0,0,0,0,0,0,TRUE,TRUE,TRUE,,Short,,,
Pebble Beach - Blue,5,2/12/2026,Pebble Beach Golf Club,Pebble Beach - Blue- 5,,Scottie Scheffler,,Scottie Scheffler - Pebble Beach - Round 1 -2/12/26,Scottie Scheffler – Pebble Beach Golf Club – 2/12/26,,3,4,,,,,,,,181,,,↘️ Short Right,,,,,,,,,,,,,,1,1,60 Degree Wedge,,,,,,4.1,⬅️ Hole High Left,2,2.5,2.5,,,,,,Blue,189,14,1,74.9,74.9,144,18 Holes,,,,,1,0,3,1,1,4,3,0,,,Bogey,0,Scottie Scheffler – Pebble Beach Golf Club – 2/12/26,0,0,0,Scottie Scheffler,0,N/A,0,0,0,0,0,1,0,0,1,1,1,0,1,0,1,0,0,1,0,1,0,0,0,0,0,0,0,0,0,1,0,0,0,0,0,0,0,0,0,1,0,0,0,0,0,0,0,0,0,0,0,0,0,0,1,,1,,,,,,,,,0,1,0,0,0,0,0,0,0,0,0,0,0,0,0,1,0,1,0,0,0,0,0,1,0,0,0,0,0,0,0,0,0,0,0,0,0,0,0,0,0,0,0,0,0,0,0,0,0,0,0,1,0,0,0,0,0,0,0,0,0,0,0,0,0,0,,0,0,0,,0,0,0,0,0,0,0,0,0,0,0,0,0,0,0,0,0,0,0,1,0,0,0,0,0,0,0,0,0,0,0,0,0,0,0,0,0,0,0,0,0,0,0,0,0,0,0,0,0,0,0,0,0,0,FALSE,FALSE,FALSE,Short Right,Hole High Left,,,
Pebble Beach - Blue,6,2/12/2026,Pebble Beach Golf Club,Pebble Beach - Blue- 6,,Scottie Scheffler,,Scottie Scheffler - Pebble Beach - Round 1 -2/12/26,Scottie Scheffler – Pebble Beach Golf Club – 2/12/26,,5,4,checked,,checked,282,,checked,checked,12,,,,,,,,251,,⬇️ Short,,,,,,,,,,1,,,,Putter,2,Tight (3 feet or less) ,1,2,,,,,,,Blue,498,2,-1,74.9,74.9,144,18 Holes,2,,,2,1,1,5,-1,1,4,5,0,,,Birdie,1,Scottie Scheffler – Pebble Beach Golf Club – 2/12/26,1,1,0,Scottie Scheffler,1,100%,1,0,0,1,0,0,0,0,0,0,0,0,0,0,0,0,0,0,1,0,0,0,0,0,1,0,0,0,0,0,0,1,0,0,0,0,0,0,0,0,0,0,0,0,0,0,0,0,0,0,0,0,0,0,1,,,,,,,,,,-1,0,0,0,0,0,0,1,0,0,0,0,0,0,1,1,0,1,0,1,0,0,0,0,0,0,0,0,0,0,0,0,0,0,1,0,0,0,0,0,0,0,0,0,0,0,0,0,0,0,0,1,0,0,0,0,1,0,1,1,1,0,0,0,0,1,1,,0,0,0,,0,0,0,0,0,0,0,0,0,0,0,0,0,1,0,0,0,0,0,0,0,0,0,0,0,0,0,0,0,0,0,0,0,0,0,0,0,0,0,0,0,0,0,0,0,0,0,0,0,0,0,0,0,0,TRUE,TRUE,TRUE,,Tight (3 feet or less),,,
Pebble Beach - Blue,7,2/12/2026,Pebble Beach Golf Club,Pebble Beach - Blue- 7,,Scottie Scheffler,,Scottie Scheffler - Pebble Beach - Round 1 -2/12/26,Scottie Scheffler – Pebble Beach Golf Club – 2/12/26,,3,3,,,,,,checked,checked,112,,,,,,,,,,,,,,,,,,,,,,,,,12.4,↘️ Short Right,2,0.5,0.5,,,,,,Blue,106,18,0,74.9,74.9,144,18 Holes,12.4,12.4,,,0,0,3,0,1,3,3,0,,,Par,0,Scottie Scheffler – Pebble Beach Golf Club – 2/12/26,1,1,0,Scottie Scheffler,0,N/A,0,0,0,0,1,0,0,0,0,0,0,0,0,0,0,0,0,0,0,1,0,0,0,1,0,0,0,0,0,0,0,0,0,0,0,0,0,0,1,0,0,0,0,0,0,0,0,0,0,0,0,0,0,0,1,0,,,,,,,,,,1,0,0,0,0,0,0,0,0,0,0,0,0,0,1,0,1,0,0,0,0,0,1,0,0,0,0,0,0,0,0,0,0,0,0,0,0,0,0,0,0,0,0,1,0,0,0,0,0,0,0,0,0,0,0,0,0,0,1,0,1,0,0,0,0,0,,0,0,0,,0,0,0,0,0,0,0,0,0,0,0,0,0,0,0,0,0,0,1,0,0,0,0,0,0,0,0,0,0,0,0,0,0,0,0,0,0,0,0,0,0,0,0,0,0,0,0,0,0,0,0,0,0,0,FALSE,TRUE,TRUE,,Short Right,,,
Pebble Beach - Blue,8,2/12/2026,Pebble Beach Golf Club,Pebble Beach - Blue- 8,,Scottie Scheffler,,Scottie Scheffler - Pebble Beach - Round 1 -2/12/26,Scottie Scheffler – Pebble Beach Golf Club – 2/12/26,,4,4,,,checked,226,,checked,checked,193,,,,,,,,,,,,,,,,,,,,,,,,,35.1,⬇️ Short,2,2.1,2.1,,,,,,Blue,416,4,0,74.9,74.9,144,18 Holes,35.1,,35.1,,0,0,4,0,1,4,4,0,,,Par,1,Scottie Scheffler – Pebble Beach Golf Club – 2/12/26,1,1,0,Scottie Scheffler,1,100%,1,0,0,0,1,0,0,0,0,0,0,0,0,0,0,0,0,0,0,1,0,0,0,1,0,0,0,0,0,0,0,0,0,0,0,0,0,0,1,0,0,0,0,0,0,0,0,0,0,0,0,0,0,0,1,,,,,,0,,,,,0,0,0,0,0,1,0,0,0,0,0,0,0,1,1,0,1,0,1,0,0,0,0,0,0,0,0,0,1,0,0,0,0,0,0,0,0,0,0,0,0,0,0,1,0,0,0,0,0,0,0,0,0,0,1,0,1,0,0,0,0,0,0,0,0,0,,0,0,0,,0,0,0,0,0,0,0,0,0,0,0,0,0,0,0,0,0,0,0,0,0,0,0,1,0,0,0,0,0,0,0,0,0,0,0,0,0,0,0,0,0,0,0,0,0,0,0,0,0,0,0,0,0,0,TRUE,TRUE,TRUE,,Short,,,
Pebble Beach - Blue,9,2/12/2026,Pebble Beach Golf Club,Pebble Beach - Blue- 9,,Scottie Scheffler,,Scottie Scheffler - Pebble Beach - Round 1 -2/12/26,Scottie Scheffler – Pebble Beach Golf Club – 2/12/26,,4,4,,,checked,294,,,,218,,,↙️ Short Left,,,,,,,,,,,,,,,1,60 Degree Wedge,,,,,,7.7,⬇️ Short,1,7.7,,,,,,,Blue,483,8,0,74.9,74.9,144,18 Holes,,,,,1,1,4,0,1,4,4,0,,,Par,1,Scottie Scheffler – Pebble Beach Golf Club – 2/12/26,0,0,0,Scottie Scheffler,1,100%,0,0,0,0,1,0,0,0,1,1,1,1,0,0,1,1,1,0,1,0,0,0,0,0,0,0,0,0,0,0,0,0,1,0,0,0,0,0,0,0,0,0,0,0,0,0,0,0,0,0,0,0,0,0,1,,,,0,,,,,,,0,0,0,0,1,0,0,0,0,0,0,0,1,0,0,0,0,0,0,0,0,0,0,0,0,0,0,0,1,0,0,0,0,0,0,0,0,0,0,0,1,1,0,1,0,0,0,0,0,0,0,0,0,0,0,0,1,0,0,0,0,0,0,0,0,0,,0,1,0,,0,0,0,0,0,0,0,1,0,0,0,0,0,0,0,0,0,0,0,0,0,0,0,0,0,0,0,0,0,0,0,0,0,0,0,0,0,0,0,0,0,0,0,0,0,0,0,0,0,0,0,0,0,0,TRUE,FALSE,FALSE,Short Left,Short,,,
Pebble Beach - Blue,10,2/12/2026,Pebble Beach Golf Club,Pebble Beach - Blue- 10,,Scottie Scheffler,,Scottie Scheffler - Pebble Beach - Round 1 -2/12/26,Scottie Scheffler – Pebble Beach Golf Club – 2/12/26,,4,4,,,checked,316,,,,140,,,⬆️ Long,,,,,,,,,,,,,,,1,60 Degree Wedge,,,,,,7.1,⬆️ Long,1,7.1,,,,,,,Blue,444,3,0,74.9,74.9,144,18 Holes,,,,,1,1,4,0,0,,,1,4,4,Par,1,Scottie Scheffler – Pebble Beach Golf Club – 2/12/26,0,0,0,Scottie Scheffler,1,100%,0,0,0,0,1,0,0,0,1,1,1,1,0,0,1,1,1,0,1,0,0,0,0,0,0,0,0,0,0,0,0,0,1,0,0,0,0,0,0,0,0,0,0,0,0,0,0,0,0,0,0,0,0,0,1,,,,0,,,,,,,0,0,0,0,1,0,0,0,0,0,0,0,1,0,0,0,0,0,0,0,0,0,0,0,0,0,0,0,1,0,0,0,0,0,0,0,0,0,0,0,1,1,0,0,0,0,0,0,1,0,0,0,0,0,0,0,1,0,0,0,0,0,0,0,0,0,,0,1,0,,0,0,0,0,0,0,0,1,0,0,0,0,0,0,0,0,0,0,0,0,0,0,0,0,0,0,0,0,0,0,0,0,0,0,0,0,0,0,0,0,0,0,0,0,0,0,0,0,0,0,0,0,0,0,TRUE,FALSE,FALSE,Long,Long,,,
Pebble Beach - Blue,11,2/12/2026,Pebble Beach Golf Club,Pebble Beach - Blue- 11,,Scottie Scheffler,,Scottie Scheffler - Pebble Beach - Round 1 -2/12/26,Scottie Scheffler – Pebble Beach Golf Club – 2/12/26,,4,4,,,,258,➡️ Right,,,112,,,↘️ Short Right,,,,,,,,,,,,,,1,1,60 Degree Wedge,,,,,,5.5,⬇️ Short,1,5.5,,,,,,,Blue,370,9,0,74.9,74.9,144,18 Holes,,,,,1,1,4,0,0,,,1,4,4,Par,0,Scottie Scheffler – Pebble Beach Golf Club – 2/12/26,0,0,0,Scottie Scheffler,1,0%,0,0,0,0,1,0,0,0,1,1,1,1,0,0,1,1,1,1,1,0,0,0,0,0,0,0,1,0,1,1,0,0,1,0,0,0,0,0,0,0,0,0,0,0,0,0,0,0,0,0,0,0,0,0,1,,,,,0,,,,,,0,0,0,1,0,0,0,0,0,0,0,1,0,0,0,1,0,1,0,1,0,0,0,0,0,0,0,0,1,0,0,0,0,0,0,0,0,0,0,0,1,1,0,0,0,0,0,0,1,0,0,0,0,0,0,0,0,0,0,0,0,0,0,0,0,0,,0,1,0,,0,0,0,0,0,0,0,1,0,0,0,0,0,0,0,0,0,0,0,0,0,0,0,0,0,0,0,0,0,0,0,0,0,0,0,0,0,0,0,0,0,0,0,0,0,0,0,0,0,0,0,0,0,0,FALSE,FALSE,FALSE,Short Right,Short,Right,,
Pebble Beach - Blue,12,2/12/2026,Pebble Beach Golf Club,Pebble Beach - Blue- 12,,Scottie Scheffler,,Scottie Scheffler - Pebble Beach - Round 1 -2/12/26,Scottie Scheffler – Pebble Beach Golf Club – 2/12/26,,3,4,,,,,,,,197,,,⬅️ Left,,,,,,,,,,,,,,,1,60 Degree Wedge,,,,,,2.8,Tight (3 feet or less) ,2,2.9,2.9,,,,,,Blue,202,17,1,74.9,74.9,144,18 Holes,,,,,1,0,3,1,0,,,1,4,3,Bogey,0,Scottie Scheffler – Pebble Beach Golf Club – 2/12/26,0,0,0,Scottie Scheffler,0,N/A,0,0,0,0,0,1,0,0,1,1,1,0,1,0,1,0,0,0,0,1,0,0,0,0,0,0,0,0,0,0,0,0,0,0,0,0,0,0,0,1,0,0,0,0,0,0,0,0,0,0,0,0,0,0,1,,1,,,,,,,,,0,1,0,0,0,0,0,0,0,0,0,0,0,0,0,1,0,1,0,0,0,0,0,1,0,0,0,0,0,0,0,0,0,0,0,0,0,0,0,0,0,0,0,0,0,0,0,0,0,1,0,0,0,0,0,0,0,0,0,0,0,0,0,0,0,0,,0,0,0,,0,0,0,0,0,0,0,0,0,0,0,0,0,0,0,0,0,0,0,1,0,0,0,0,0,0,0,0,0,0,0,0,0,0,0,0,0,0,0,0,0,0,0,0,0,0,0,0,0,0,0,0,0,0,FALSE,FALSE,FALSE,Left,Tight (3 feet or less),,,
Pebble Beach - Blue,13,2/12/2026,Pebble Beach Golf Club,Pebble Beach - Blue- 13,,Scottie Scheffler,,Scottie Scheffler - Pebble Beach - Round 1 -2/12/26,Scottie Scheffler – Pebble Beach Golf Club – 2/12/26,,4,4,,,checked,283,,,,147,,,⬇️ Short,,,,,,,,,,,,,,,1,60 Degree Wedge,,,,,,3.7,⬅️ Hole High Left,1,3.7,,,,,,,Blue,401,7,0,74.9,74.9,144,18 Holes,,,,,1,1,4,0,0,,,1,4,4,Par,1,Scottie Scheffler – Pebble Beach Golf Club – 2/12/26,0,0,0,Scottie Scheffler,1,100%,0,0,0,0,1,0,0,0,1,1,1,1,1,1,1,1,1,0,1,0,0,0,0,0,0,0,0,0,0,0,0,0,1,0,0,0,0,0,0,0,0,0,0,0,0,0,0,0,0,0,0,0,0,0,1,,,,0,,,,,,,0,0,0,0,1,0,0,0,0,0,0,0,1,0,0,0,0,0,0,0,0,0,0,0,0,0,0,0,1,0,0,0,0,0,0,0,0,0,0,0,1,1,0,0,0,0,0,0,0,0,0,0,1,0,0,0,1,0,0,0,0,0,0,0,0,0,,0,1,0,,0,0,0,0,0,0,0,1,0,0,0,0,0,0,0,0,0,0,0,0,0,0,0,0,0,0,0,0,0,0,0,0,0,0,0,0,0,0,0,0,0,0,0,0,0,0,0,0,0,0,0,0,0,0,TRUE,FALSE,FALSE,Short,Hole High Left,,,
Pebble Beach - Blue,14,2/12/2026,Pebble Beach Golf Club,Pebble Beach - Blue- 14,,Scottie Scheffler,,Scottie Scheffler - Pebble Beach - Round 1 -2/12/26,Scottie Scheffler – Pebble Beach Golf Club – 2/12/26,,5,5,,,,274,⬅️ Left,checked,checked,106,,,,,,,,332,,↙️ Short Left,,,,,,,,,,,,,,,33.1,⬇️ Short,2,0.5,0.5,,,,,,Blue,582,1,0,74.9,74.9,144,18 Holes,33.1,,,33.1,0,0,5,0,0,,,1,5,5,Par,0,Scottie Scheffler – Pebble Beach Golf Club – 2/12/26,1,1,0,Scottie Scheffler,1,0%,0,0,0,0,1,0,0,0,0,0,0,0,0,0,0,0,0,0,0,1,0,0,0,0,0,0,0,0,0,0,0,0,0,0,0,0,0,0,1,0,0,0,0,0,0,0,0,0,0,0,0,0,0,0,1,,,,,,,0,,,,0,0,0,0,0,0,0,0,1,0,1,0,0,0,0,0,0,0,0,0,0,0,0,0,0,0,0,0,0,0,0,0,0,0,1,0,0,0,0,0,0,0,0,0,0,0,0,0,0,0,0,0,1,0,0,1,0,0,0,0,0,0,0,0,0,0,,0,0,0,,0,0,0,0,0,0,0,0,0,0,0,0,0,0,0,0,0,0,0,0,0,0,0,0,0,0,0,0,0,1,0,0,0,0,0,0,0,0,0,0,0,0,0,0,0,0,0,0,0,0,0,0,0,0,FALSE,TRUE,TRUE,,Short,Left,,
Pebble Beach - Blue,15,2/12/2026,Pebble Beach Golf Club,Pebble Beach - Blue- 15,,Scottie Scheffler,,Scottie Scheffler - Pebble Beach - Round 1 -2/12/26,Scottie Scheffler – Pebble Beach Golf Club – 2/12/26,,4,4,,,checked,277,,checked,checked,109,,,,,,,,,,,,,,,,,,,,,,,,,16.5,⬇️ Short,2,0.5,0.5,,,,,,Blue,393,13,0,74.9,74.9,144,18 Holes,16.5,,16.5,,0,0,4,0,0,,,1,4,4,Par,1,Scottie Scheffler – Pebble Beach Golf Club – 2/12/26,1,1,0,Scottie Scheffler,1,100%,1,0,0,0,1,0,0,0,0,0,0,0,0,0,0,0,0,0,0,1,0,0,0,1,0,0,0,0,0,0,0,0,0,0,0,0,0,0,1,0,0,0,0,0,0,0,0,0,0,0,0,0,0,0,1,,,,,,0,,,,,0,0,0,0,0,1,0,0,0,0,0,0,0,1,1,0,1,0,1,0,0,0,0,0,0,0,0,0,1,0,0,0,0,0,0,0,0,0,0,0,0,0,0,0,0,0,0,0,0,0,0,0,1,0,1,0,1,0,1,0,0,0,1,0,0,0,,0,0,0,,0,0,0,0,0,0,0,0,0,0,0,0,0,0,0,0,0,0,0,0,0,0,0,1,0,0,0,0,0,0,0,0,0,0,0,0,0,0,0,0,0,0,0,0,0,0,0,0,0,0,0,0,0,0,TRUE,TRUE,TRUE,,Short,,,
Pebble Beach - Blue,16,2/12/2026,Pebble Beach Golf Club,Pebble Beach - Blue- 16,,Scottie Scheffler,,Scottie Scheffler - Pebble Beach - Round 1 -2/12/26,Scottie Scheffler – Pebble Beach Golf Club – 2/12/26,,4,5,,,,324,⬅️ Left,,,81,,,↙️ Short Left,,,,,,,,,,,,,,1,1,60 Degree Wedge,,,,,,13.2,⬅️ Hole High Left,2,0.9,0.9,,,,,,Blue,400,11,1,74.9,74.9,144,18 Holes,,,,,0,0,4,1,0,,,1,5,4,Bogey,0,Scottie Scheffler – Pebble Beach Golf Club – 2/12/26,0,0,0,Scottie Scheffler,1,0%,0,0,0,0,0,1,0,0,1,1,0,0,0,0,1,0,0,1,0,1,0,0,0,0,0,0,0,0,0,1,0,0,0,0,0,0,0,0,0,1,0,0,0,0,0,0,0,0,0,0,0,0,0,0,1,,,,,1,,,,,,0,0,0,1,0,0,0,0,0,0,0,1,0,0,0,1,0,1,0,1,0,0,0,0,0,0,0,0,0,1,0,0,0,0,0,0,0,0,0,0,0,0,0,0,0,0,1,0,0,0,0,0,0,0,0,0,0,0,0,0,0,0,0,0,0,0,,0,0,0,,0,0,0,0,0,0,0,0,0,0,0,0,0,0,0,0,0,0,0,0,0,0,0,0,1,0,0,0,0,0,0,0,0,0,0,0,0,0,0,0,0,0,0,0,0,0,0,0,0,0,0,0,0,0,FALSE,FALSE,FALSE,Short Left,Hole High Left,Left,,
Pebble Beach - Blue,17,2/12/2026,Pebble Beach Golf Club,Pebble Beach - Blue- 17,,Scottie Scheffler,,Scottie Scheffler - Pebble Beach - Round 1 -2/12/26,Scottie Scheffler – Pebble Beach Golf Club – 2/12/26,,3,3,,,,,,checked,checked,169,,,,,,,,,,,,,,,,,,,,,,,,,8.5,⬅️ Hole High Left,2,2.5,2.5,,,,,,Blue,182,15,0,74.9,74.9,144,18 Holes,8.5,8.5,,,1,0,3,0,0,,,1,3,3,Par,0,Scottie Scheffler – Pebble Beach Golf Club – 2/12/26,1,1,0,Scottie Scheffler,0,N/A,0,0,0,0,1,0,0,0,0,0,0,0,0,0,0,0,0,0,0,1,0,0,0,1,0,0,0,0,0,0,0,0,0,0,0,0,0,0,1,0,0,0,0,0,0,0,0,0,0,0,0,0,0,0,1,0,,,,,,,,,,1,0,0,0,0,0,0,0,0,0,0,0,0,0,1,0,1,0,0,0,0,0,1,0,0,0,0,0,0,0,0,0,0,0,0,0,0,0,0,0,0,0,1,0,0,0,0,0,0,0,0,0,0,0,0,0,0,0,1,1,1,1,0,0,0,0,,0,0,0,,0,0,0,0,0,0,0,0,0,0,0,0,0,0,0,0,0,0,1,0,0,0,0,0,0,0,0,0,0,0,0,0,0,0,0,0,0,0,0,0,0,0,0,0,0,0,0,0,0,0,0,0,0,0,FALSE,TRUE,TRUE,,Hole High Left,,,
Pebble Beach - Blue,18,2/12/2026,Pebble Beach Golf Club,Pebble Beach - Blue- 18,,Scottie Scheffler,,Scottie Scheffler - Pebble Beach - Round 1 -2/12/26,Scottie Scheffler – Pebble Beach Golf Club – 2/12/26,,5,4,,,,272,⬅️ Left,checked,checked,31,,,,,,,,240,,↙️ Short Left,,,,,,,1,,,1,,,,60 Degree Wedge,6.7,➡️ Hole High Right,1,6.7,,,,,,,Blue,536,5,-1,74.9,74.9,144,18 Holes,6.7,,,6.7,1,1,5,-1,0,,,1,4,5,Birdie,0,Scottie Scheffler – Pebble Beach Golf Club – 2/12/26,1,1,0,Scottie Scheffler,1,0%,0,0,0,1,0,0,0,0,0,0,0,0,0,0,0,0,0,1,1,0,0,0,0,0,0,0,0,1,1,1,0,1,0,0,0,0,0,0,0,0,0,0,0,0,0,0,0,0,0,0,0,0,0,0,1,,,,,,,-1,,,,0,0,0,0,0,0,0,0,1,0,1,0,0,0,0,0,0,0,0,0,0,0,0,0,0,0,0,0,0,0,0,0,0,1,0,0,0,0,0,0,0,0,1,0,0,0,0,0,0,0,0,0,0,0,0,1,0,0,1,1,0,0,0,0,1,1,,0,0,0,,0,0,0,0,0,0,0,0,0,0,0,0,0,1,0,0,0,0,0,0,0,0,0,0,0,0,0,0,0,0,0,0,0,0,0,0,0,0,0,0,0,0,0,0,0,0,0,0,0,0,0,0,0,0,FALSE,TRUE,TRUE,,Hole High Right,Left,,
Spyglass Hill - Blue,1,2/13/2026,Spyglass Hill Golf Club,Spyglass Hill - Blue- 1,,Scottie Scheffler,,Scottie Scheffler - Spyglass Hill - Round 2 -2/13/26,Scottie Scheffler – Spyglass Hill Golf Club – 2/13/26,,5,5,,,,310,⬅️ Left,checked,checked,37,,,,,,,,248,,↘️ Short Right,,,,,,,1,,,1,,,,60 Degree Wedge,15.1,⬆️ Long,2,3.5,3.5,,,,,,Blue,597,3,0,75.4,75.4,145,18 Holes,15.1,,,15.1,0,0,5,0,1,5,5,0,,,Par,0,Scottie Scheffler – Spyglass Hill Golf Club – 2/13/26,1,1,0,Scottie Scheffler,1,0%,0,0,0,0,1,0,0,0,0,0,0,0,0,0,0,0,0,1,0,1,0,0,0,0,0,0,0,0,1,1,0,0,0,0,0,0,0,0,1,0,0,0,0,0,0,0,0,0,0,0,0,0,0,0,1,,,,,,,0,,,,0,0,0,0,0,0,0,0,1,0,1,0,0,0,0,0,0,0,0,0,0,0,0,0,0,0,0,0,0,0,0,0,0,0,1,0,0,0,0,0,0,0,0,0,1,0,0,0,0,0,0,0,0,0,0,1,0,0,1,0,0,0,0,0,1,0,,0,0,0,,0,0,0,0,0,0,0,0,0,0,0,0,0,0,0,0,0,0,0,0,0,0,0,0,0,0,0,0,0,1,0,0,0,0,0,0,0,0,0,0,0,0,0,0,0,0,0,0,0,0,0,0,0,0,FALSE,TRUE,TRUE,,Long,Left,,
Spyglass Hill - Blue,2,2/13/2026,Spyglass Hill Golf Club,Spyglass Hill - Blue- 2,,Scottie Scheffler,,Scottie Scheffler - Spyglass Hill - Round 2 -2/13/26,Scottie Scheffler – Spyglass Hill Golf Club – 2/13/26,,4,4,,,checked,217,,,,123,,,↘️ Short Right,,,,,,,,,,,,,,,1,60 Degree Wedge,,,,,,2.1,Tight (3 feet or less) ,1,2.1,,,,,,,Blue,349,13,0,75.4,75.4,145,18 Holes,,,,,1,1,4,0,1,4,4,0,,,Par,1,Scottie Scheffler – Spyglass Hill Golf Club – 2/13/26,0,0,0,Scottie Scheffler,1,100%,0,0,0,0,1,0,0,0,1,1,1,1,1,1,1,1,1,0,1,0,0,0,0,0,0,0,0,0,0,0,0,0,1,0,0,0,0,0,0,0,0,0,0,0,0,0,0,0,0,0,0,0,0,0,1,,,,0,,,,,,,0,0,0,0,1,0,0,0,0,0,0,0,1,0,0,0,0,0,0,0,0,0,0,0,0,0,0,0,1,0,0,0,0,0,0,0,0,0,0,0,1,1,0,0,1,0,0,0,0,0,0,0,0,0,0,0,1,0,0,0,0,0,0,0,0,0,,0,1,0,,0,0,0,0,0,0,0,1,0,0,0,0,0,0,0,0,0,0,0,0,0,0,0,0,0,0,0,0,0,0,0,0,0,0,0,0,0,0,0,0,0,0,0,0,0,0,0,0,0,0,0,0,0,0,TRUE,FALSE,FALSE,Short Right,Tight (3 feet or less),,,
Spyglass Hill - Blue,3,2/13/2026,Spyglass Hill Golf Club,Spyglass Hill - Blue- 3,,Scottie Scheffler,,Scottie Scheffler - Spyglass Hill - Round 2 -2/13/26,Scottie Scheffler – Spyglass Hill Golf Club – 2/13/26,,3,2,,,,,,checked,,175,,,,,,,,,,,,,,,,,,,,,,,,,8.9,⬅️ Hole High Left,1,8.9,,,,,,,Blue,171,17,-1,75.4,75.4,145,18 Holes,8.9,8.9,,,1,1,3,-1,1,2,3,0,,,Birdie,0,Scottie Scheffler – Spyglass Hill Golf Club – 2/13/26,1,0,0,Scottie Scheffler,0,N/A,0,0,0,1,0,0,0,0,0,0,0,0,0,0,0,0,0,0,1,0,0,0,0,0,1,0,0,0,0,0,0,1,0,0,0,0,0,0,0,0,0,0,0,0,0,0,0,0,0,0,0,0,0,0,1,-1,,,,,,,,,,1,0,0,0,0,0,0,0,0,0,0,0,0,0,1,0,1,0,0,0,0,1,0,0,0,0,0,0,0,0,0,0,0,0,0,0,0,0,0,0,0,0,0,0,1,0,0,0,0,0,0,0,0,0,0,0,0,0,1,1,1,1,0,0,0,0,,0,0,0,,1,0,0,0,0,0,0,0,0,0,0,0,0,0,0,0,0,0,0,0,0,0,0,0,0,0,0,0,0,0,0,0,0,0,0,0,0,0,0,0,0,0,0,0,0,0,0,0,0,0,0,0,0,0,FALSE,TRUE,FALSE,,Hole High Left,,,
Spyglass Hill - Blue,4,2/13/2026,Spyglass Hill Golf Club,Spyglass Hill - Blue- 4,,Scottie Scheffler,,Scottie Scheffler - Spyglass Hill - Round 2 -2/13/26,Scottie Scheffler – Spyglass Hill Golf Club – 2/13/26,,4,3,,,checked,239,,,,134,,,↘️ Short Right,,,,,,,,,,,,,,,1,Putter,,,,,,0,Hole Out,0,,,,,5,Fringe,Putter,Blue,376,9,-1,75.4,75.4,145,18 Holes,,,,,1,0,4,-1,1,3,4,0,,,Birdie,1,Scottie Scheffler – Spyglass Hill Golf Club – 2/13/26,0,0,0,Scottie Scheffler,1,100%,0,0,0,1,0,0,0,0,1,1,1,1,1,1,1,1,1,0,0,0,0,0,1,0,0,0,0,0,0,0,0,0,0,0,0,0,0,0,0,0,0,0,0,0,0,0,0,0,0,0,0,0,0,0,0,,,,-1,,,,,,,0,0,0,0,1,0,0,0,0,0,0,0,1,0,0,0,0,0,0,0,0,0,0,0,0,0,0,1,0,0,0,0,0,0,0,0,0,0,0,0,0,0,0,0,0,0,0,0,0,0,1,0,0,0,0,0,1,0,0,0,0,0,0,0,0,0,,0,0,0,,0,0,0,0,0,0,0,0,0,0,0,0,0,0,0,0,0,0,0,0,0,0,0,0,0,0,0,0,0,0,0,0,0,0,0,0,0,0,0,0,0,0,0,0,0,0,0,0,0,0,0,0,0,0,TRUE,FALSE,FALSE,Short Right,Hole Out,,,
Spyglass Hill - Blue,5,2/13/2026,Spyglass Hill Golf Club,Spyglass Hill - Blue- 5,,Scottie Scheffler,,Scottie Scheffler - Spyglass Hill - Round 2 -2/13/26,Scottie Scheffler – Spyglass Hill Golf Club – 2/13/26,,3,3,,,,,,checked,checked,206,,,,,,,,,,,,,,,,,,,,,,,,,32.6,⬇️ Short,2,2,2,,,,,,Blue,203,15,0,75.4,75.4,145,18 Holes,32.6,32.6,,,0,0,3,0,1,3,3,0,,,Par,0,Scottie Scheffler – Spyglass Hill Golf Club – 2/13/26,1,1,0,Scottie Scheffler,0,N/A,0,0,0,0,1,0,0,0,0,0,0,0,0,0,0,0,0,0,0,1,0,0,0,1,0,0,0,0,0,0,0,0,0,0,0,0,0,0,1,0,0,0,0,0,0,0,0,0,0,0,0,0,0,0,1,0,,,,,,,,,,1,0,0,0,0,0,0,0,0,0,0,0,0,0,1,0,1,0,0,0,0,0,1,0,0,0,0,0,0,0,0,0,0,0,0,0,0,0,0,0,0,0,0,0,0,0,0,0,0,0,1,0,0,0,0,0,0,0,0,0,0,0,0,0,0,0,,0,0,0,,0,0,0,0,0,0,0,0,0,0,0,0,0,0,0,0,0,0,1,0,0,0,0,0,0,0,0,0,0,0,0,0,0,0,0,0,0,0,0,0,0,0,0,0,0,0,0,0,0,0,0,0,0,0,FALSE,TRUE,TRUE,,Short,,,
Spyglass Hill - Blue,6,2/13/2026,Spyglass Hill Golf Club,Spyglass Hill - Blue- 6,,Scottie Scheffler,,Scottie Scheffler - Spyglass Hill - Round 2 -2/13/26,Scottie Scheffler – Spyglass Hill Golf Club – 2/13/26,,4,3,,,checked,296,,checked,checked,147,,,,,,,,,,,,,,,,,,,,,,,,,19.2,⬅️ Hole High Left,1,19.2,,,,,,,Blue,441,7,-1,75.4,75.4,145,18 Holes,19.2,,19.2,,0,0,4,-1,1,3,4,0,,,Birdie,1,Scottie Scheffler – Spyglass Hill Golf Club – 2/13/26,1,1,0,Scottie Scheffler,1,100%,1,0,0,1,0,0,0,0,0,0,0,0,0,0,0,0,0,0,1,0,0,0,0,0,1,0,0,0,0,0,0,1,0,0,0,0,0,0,0,0,0,0,0,0,0,0,0,0,0,0,0,0,0,0,1,,,,,,-1,,,,,0,0,0,0,0,1,0,0,0,0,0,0,0,1,1,0,1,0,1,0,0,0,0,0,0,0,0,1,0,0,0,0,0,0,0,0,0,0,0,0,0,0,0,0,0,0,0,0,0,0,1,0,0,0,1,0,1,0,1,0,0,0,1,0,0,0,,0,0,0,,0,0,0,0,0,0,1,0,0,0,0,0,0,0,0,0,0,0,0,0,0,0,0,0,0,0,0,0,0,0,0,0,0,0,0,0,0,0,0,0,0,0,0,0,0,0,0,0,0,0,0,0,0,0,TRUE,TRUE,TRUE,,Hole High Left,,,
Spyglass Hill - Blue,7,2/13/2026,Spyglass Hill Golf Club,Spyglass Hill - Blue- 7,,Scottie Scheffler,,Scottie Scheffler - Spyglass Hill - Round 2 -2/13/26,Scottie Scheffler – Spyglass Hill Golf Club – 2/13/26,,5,3,checked,,checked,298,,checked,checked,23,,,,,,,,240,,⬇️ Short,,,,,,,,,,,,,,60 Degree Wedge,0,Hole Out,0,,,,,23,Fairway,60,Blue,545,11,-2,75.4,75.4,145,18 Holes,0,,,,1,0,5,-2,1,3,5,0,,,Eagle,1,Scottie Scheffler – Spyglass Hill Golf Club – 2/13/26,1,1,0,Scottie Scheffler,1,100%,1,0,1,0,0,0,0,0,0,0,0,0,0,0,0,0,0,0,0,0,0,0,1,0,0,1,0,0,0,0,0,0,0,0,0,0,0,0,0,0,0,0,0,0,0,0,0,0,0,0,0,0,0,0,0,,,,,,,,,,-2,0,0,0,0,0,0,1,0,0,0,0,0,0,1,1,0,1,0,1,0,0,0,0,0,0,0,0,0,0,0,0,0,1,0,0,0,0,0,0,0,0,0,0,1,0,0,0,0,0,0,0,0,0,0,0,1,0,1,1,1,0,0,0,0,1,1,,0,0,0,,0,0,0,0,0,0,0,0,0,0,0,0,0,0,0,0,0,0,0,0,0,0,0,0,0,0,0,0,0,0,0,0,0,0,0,0,0,0,0,0,0,0,0,0,0,0,0,0,0,0,0,0,0,0,TRUE,TRUE,TRUE,,Hole Out,,,
Spyglass Hill - Blue,8,2/13/2026,Spyglass Hill Golf Club,Spyglass Hill - Blue- 8,,Scottie Scheffler,,Scottie Scheffler - Spyglass Hill - Round 2 -2/13/26,Scottie Scheffler – Spyglass Hill Golf Club – 2/13/26,,4,4,,,checked,300,,checked,checked,111,,,,,,,,,,,,,,,,,,,,,,,,,15.3,⬅️ Hole High Left,2,2.7,2.7,,,,,,Blue,398,1,0,75.4,75.4,145,18 Holes,15.3,,15.3,,0,0,4,0,1,4,4,0,,,Par,1,Scottie Scheffler – Spyglass Hill Golf Club – 2/13/26,1,1,0,Scottie Scheffler,1,100%,1,0,0,0,1,0,0,0,0,0,0,0,0,0,0,0,0,0,0,1,0,0,0,1,0,0,0,0,0,0,0,0,0,0,0,0,0,0,1,0,0,0,0,0,0,0,0,0,0,0,0,0,0,0,1,,,,,,0,,,,,0,0,0,0,0,1,0,0,0,0,0,0,0,1,1,0,1,0,1,0,0,0,0,0,0,0,0,0,1,0,0,0,0,0,0,0,0,0,0,0,0,0,0,1,0,0,0,0,0,0,0,0,0,0,1,0,1,0,1,0,0,0,1,0,0,0,,0,0,0,,0,0,0,0,0,0,0,0,0,0,0,0,0,0,0,0,0,0,0,0,0,0,0,1,0,0,0,0,0,0,0,0,0,0,0,0,0,0,0,0,0,0,0,0,0,0,0,0,0,0,0,0,0,0,TRUE,TRUE,TRUE,,Hole High Left,,,
Spyglass Hill - Blue,9,2/13/2026,Spyglass Hill Golf Club,Spyglass Hill - Blue- 9,,Scottie Scheffler,,Scottie Scheffler - Spyglass Hill - Round 2 -2/13/26,Scottie Scheffler – Spyglass Hill Golf Club – 2/13/26,,4,4,,,checked,287,,checked,checked,152,,,,,,,,,,,,,,,,,,,,,,,,,24.1,⬇️ Short,2,2.5,2.5,,,,,,Blue,430,5,0,75.4,75.4,145,18 Holes,24.1,,24.1,,0,0,4,0,1,4,4,0,,,Par,1,Scottie Scheffler – Spyglass Hill Golf Club – 2/13/26,1,1,0,Scottie Scheffler,1,100%,1,0,0,0,1,0,0,0,0,0,0,0,0,0,0,0,0,0,0,1,0,0,0,1,0,0,0,0,0,0,0,0,0,0,0,0,0,0,1,0,0,0,0,0,0,0,0,0,0,0,0,0,0,0,1,,,,,,0,,,,,0,0,0,0,0,1,0,0,0,0,0,0,0,1,1,0,1,0,1,0,0,0,0,0,0,0,0,0,1,0,0,0,0,0,0,0,0,0,0,0,0,0,0,1,0,0,0,0,0,0,0,0,0,0,1,0,1,0,0,0,0,0,0,0,0,0,,0,0,0,,0,0,0,0,0,0,0,0,0,0,0,0,0,0,0,0,0,0,0,0,0,0,0,1,0,0,0,0,0,0,0,0,0,0,0,0,0,0,0,0,0,0,0,0,0,0,0,0,0,0,0,0,0,0,TRUE,TRUE,TRUE,,Short,,,
Spyglass Hill - Blue,10,2/13/2026,Spyglass Hill Golf Club,Spyglass Hill - Blue- 10,,Scottie Scheffler,,Scottie Scheffler - Spyglass Hill - Round 2 -2/13/26,Scottie Scheffler – Spyglass Hill Golf Club – 2/13/26,,4,4,,,checked,298,,checked,checked,112,,,,,,,,,,,,,,,,,,,,,,,,,20.8,⬇️ Short,2,1.5,1.5,,,,,,Blue,409,12,0,75.4,75.4,145,18 Holes,20.8,,20.8,,0,0,4,0,0,,,1,4,4,Par,1,Scottie Scheffler – Spyglass Hill Golf Club – 2/13/26,1,1,0,Scottie Scheffler,1,100%,1,0,0,0,1,0,0,0,0,0,0,0,0,0,0,0,0,0,0,1,0,0,0,1,0,0,0,0,0,0,0,0,0,0,0,0,0,0,1,0,0,0,0,0,0,0,0,0,0,0,0,0,0,0,1,,,,,,0,,,,,0,0,0,0,0,1,0,0,0,0,0,0,0,1,1,0,1,0,1,0,0,0,0,0,0,0,0,0,1,0,0,0,0,0,0,0,0,0,0,0,0,0,0,0,0,0,0,0,1,0,0,0,0,0,1,0,1,0,0,0,0,0,0,0,0,0,,0,0,0,,0,0,0,0,0,0,0,0,0,0,0,0,0,0,0,0,0,0,0,0,0,0,0,1,0,0,0,0,0,0,0,0,0,0,0,0,0,0,0,0,0,0,0,0,0,0,0,0,0,0,0,0,0,0,TRUE,TRUE,TRUE,,Short,,,
Spyglass Hill - Blue,11,2/13/2026,Spyglass Hill Golf Club,Spyglass Hill - Blue- 11,,Scottie Scheffler,,Scottie Scheffler - Spyglass Hill - Round 2 -2/13/26,Scottie Scheffler – Spyglass Hill Golf Club – 2/13/26,,5,5,,,checked,302,,checked,checked,32,,,,,,,,260,,⬅️ Left,,,,,,,,,,1,,,,60 Degree Wedge,10,➡️ Hole High Right,2,2,2,,,,,,Blue,562,10,0,75.4,75.4,145,18 Holes,10,,,10,1,0,5,0,0,,,1,5,5,Par,1,Scottie Scheffler – Spyglass Hill Golf Club – 2/13/26,1,1,0,Scottie Scheffler,1,100%,1,0,0,0,1,0,0,0,0,0,0,0,0,0,0,0,0,0,0,1,0,0,0,1,0,0,0,0,0,0,0,0,0,0,0,0,0,0,1,0,0,0,0,0,0,0,0,0,0,0,0,0,0,0,1,,,,,,,,,,0,0,0,0,0,0,0,1,0,0,0,0,0,0,1,1,0,1,0,1,0,0,0,0,0,0,0,0,0,0,0,0,0,0,0,1,0,0,0,0,0,0,0,0,0,0,0,0,0,1,0,0,0,0,0,0,1,0,1,1,1,0,0,0,0,1,1,,0,0,0,,0,0,0,0,0,0,0,0,0,0,0,0,0,0,0,0,0,0,0,0,0,0,0,0,0,0,0,0,0,1,0,0,0,0,0,0,0,0,0,0,0,0,0,0,0,0,0,0,0,0,0,0,0,0,TRUE,TRUE,TRUE,,Hole High Right,,,
Spyglass Hill - Blue,12,2/13/2026,Spyglass Hill Golf Club,Spyglass Hill - Blue- 12,,Scottie Scheffler,,Scottie Scheffler - Spyglass Hill - Round 2 -2/13/26,Scottie Scheffler – Spyglass Hill Golf Club – 2/13/26,,3,3,,,,,,,,167,,,⬇️ Short,,,,,,,,,,,,,,,1,60 Degree Wedge,,,,,,2.2,Tight (3 feet or less) ,1,2.2,,,,,,,Blue,177,16,0,75.4,75.4,145,18 Holes,,,,,1,1,3,0,0,,,1,3,3,Par,0,Scottie Scheffler – Spyglass Hill Golf Club – 2/13/26,0,0,0,Scottie Scheffler,0,N/A,0,0,0,0,1,0,0,0,1,1,1,1,1,1,1,1,1,0,1,0,0,0,0,0,0,0,1,0,0,0,0,0,1,0,0,0,0,0,0,0,0,0,0,0,0,0,0,0,0,0,0,0,0,0,1,,0,,,,,,,,,0,1,0,0,0,0,0,0,0,0,0,0,0,0,0,1,0,1,0,0,0,0,1,0,0,0,0,0,0,0,0,0,0,0,0,0,0,0,0,0,1,1,0,0,0,0,0,0,1,0,0,0,0,0,0,0,0,0,0,0,0,0,0,0,0,0,,1,0,0,,0,1,0,0,0,0,0,0,0,0,0,0,0,0,0,0,0,0,0,0,0,0,0,0,0,0,0,0,0,0,0,0,0,0,0,0,0,0,0,0,0,0,0,0,0,0,0,0,0,0,0,0,0,0,FALSE,FALSE,FALSE,Short,Tight (3 feet or less),,,
Spyglass Hill - Blue,13,2/13/2026,Spyglass Hill Golf Club,Spyglass Hill - Blue- 13,,Scottie Scheffler,,Scottie Scheffler - Spyglass Hill - Round 2 -2/13/26,Scottie Scheffler – Spyglass Hill Golf Club – 2/13/26,,4,5,,,,283,➡️ Right,,,171,,,⬇️ Short,,,,,,,,,,,,,,,1,60 Degree Wedge,,,,,,5.6,⬅️ Hole High Left,2,2.8,2.8,,,,,,Blue,458,4,1,75.4,75.4,145,18 Holes,,,,,1,0,4,1,0,,,1,5,4,Bogey,0,Scottie Scheffler – Spyglass Hill Golf Club – 2/13/26,0,0,0,Scottie Scheffler,1,0%,0,0,0,0,0,1,0,0,1,1,1,0,0,0,1,0,0,0,0,1,0,0,0,0,0,0,0,0,0,0,0,0,0,0,0,0,0,0,0,1,0,0,0,0,0,0,0,0,0,0,0,0,0,0,1,,,,,1,,,,,,0,0,0,1,0,0,0,0,0,0,0,1,0,0,0,1,0,1,0,1,0,0,0,0,0,0,0,0,0,1,0,0,0,0,0,0,0,0,0,0,0,0,0,0,0,0,0,0,0,0,0,0,0,1,0,0,0,0,0,0,0,0,0,0,0,0,,0,0,0,,0,0,0,0,0,0,0,0,0,0,0,0,0,0,0,0,0,0,0,0,0,0,0,0,1,0,0,0,0,0,0,0,0,0,0,0,0,0,0,0,0,0,0,0,0,0,0,0,0,0,0,0,0,0,FALSE,FALSE,FALSE,Short,Hole High Left,Right,,
Spyglass Hill - Blue,14,2/13/2026,Spyglass Hill Golf Club,Spyglass Hill - Blue- 14,,Scottie Scheffler,,Scottie Scheffler - Spyglass Hill - Round 2 -2/13/26,Scottie Scheffler – Spyglass Hill Golf Club – 2/13/26,,5,4,,,checked,321,,checked,checked,265,,,,,checked,,,,,,,,,,,,,,,,,,,,35.5,⬇️ Short,2,1.1,1.1,,,,,,Blue,558,6,-1,75.4,75.4,145,18 Holes,35.5,,,35.5,0,0,5,-1,0,,,1,4,5,Birdie,1,Scottie Scheffler – Spyglass Hill Golf Club – 2/13/26,1,1,1,Scottie Scheffler,1,100%,1,0,0,1,0,0,0,0,0,0,0,0,0,0,0,0,0,0,0,1,0,0,0,0,1,0,0,0,0,0,0,0,0,0,0,0,0,1,0,0,0,0,0,0,0,0,0,0,0,0,0,0,0,0,1,,,,,,,,,,-1,0,0,0,0,0,0,1,0,0,0,0,0,0,1,1,0,1,0,1,0,0,0,0,0,0,0,0,0,0,0,0,0,0,1,0,0,0,0,0,0,0,0,0,0,0,0,0,0,0,0,0,0,1,0,0,1,0,1,0,0,0,0,0,0,0,0,,0,0,0,,0,0,0,0,0,0,0,0,0,0,0,0,0,0,0,0,0,0,0,0,0,0,0,0,0,0,0,0,1,0,0,0,0,0,0,0,0,0,0,0,0,0,0,0,0,0,0,0,0,0,0,0,0,0,TRUE,TRUE,TRUE,,Short,,,
Spyglass Hill - Blue,15,2/13/2026,Spyglass Hill Golf Club,Spyglass Hill - Blue- 15,,Scottie Scheffler,,Scottie Scheffler - Spyglass Hill - Round 2 -2/13/26,Scottie Scheffler – Spyglass Hill Golf Club – 2/13/26,,3,3,,,,,,,,123,,,⬇️ Short,,,,,,,,,,,,,,,1,60 Degree Wedge,,,,,,2,Tight (3 feet or less) ,1,2,,,,,,,Blue,132,18,0,75.4,75.4,145,18 Holes,,,,,1,1,3,0,0,,,1,3,3,Par,0,Scottie Scheffler – Spyglass Hill Golf Club – 2/13/26,0,0,0,Scottie Scheffler,0,N/A,0,0,0,0,1,0,0,0,1,1,1,1,1,1,1,1,1,0,1,0,0,0,0,0,0,0,1,0,0,0,0,0,1,0,0,0,0,0,0,0,0,0,0,0,0,0,0,0,0,0,0,0,0,0,1,,0,,,,,,,,,0,1,0,0,0,0,0,0,0,0,0,0,0,0,0,1,0,1,0,0,0,0,1,0,0,0,0,0,0,0,0,0,0,0,0,0,0,0,0,0,1,1,0,0,0,0,0,0,0,0,0,0,1,0,0,0,0,0,0,0,0,0,0,0,0,0,,1,0,0,,0,1,0,0,0,0,0,0,0,0,0,0,0,0,0,0,0,0,0,0,0,0,0,0,0,0,0,0,0,0,0,0,0,0,0,0,0,0,0,0,0,0,0,0,0,0,0,0,0,0,0,0,0,0,FALSE,FALSE,FALSE,Short,Tight (3 feet or less),,,
Spyglass Hill - Blue,16,2/13/2026,Spyglass Hill Golf Club,Spyglass Hill - Blue- 16,,Scottie Scheffler,,Scottie Scheffler - Spyglass Hill - Round 2 -2/13/26,Scottie Scheffler – Spyglass Hill Golf Club – 2/13/26,,4,4,,,checked,314,,checked,checked,150,,,,,,,,,,,,,,,,,,,,,,,,,18.5,⬆️ Long,2,1.5,1.5,,,,,,Blue,469,2,0,75.4,75.4,145,18 Holes,18.5,,18.5,,0,0,4,0,0,,,1,4,4,Par,1,Scottie Scheffler – Spyglass Hill Golf Club – 2/13/26,1,1,0,Scottie Scheffler,1,100%,1,0,0,0,1,0,0,0,0,0,0,0,0,0,0,0,0,0,0,1,0,0,0,1,0,0,0,0,0,0,0,0,0,0,0,0,0,0,1,0,0,0,0,0,0,0,0,0,0,0,0,0,0,0,1,,,,,,0,,,,,0,0,0,0,0,1,0,0,0,0,0,0,0,1,1,0,1,0,1,0,0,0,0,0,0,0,0,0,1,0,0,0,0,0,0,0,0,0,0,0,0,0,1,0,0,0,0,0,0,0,0,0,0,0,1,0,1,0,1,0,0,0,1,0,0,0,,0,0,0,,0,0,0,0,0,0,0,0,0,0,0,0,0,0,0,0,0,0,0,0,0,0,0,1,0,0,0,0,0,0,0,0,0,0,0,0,0,0,0,0,0,0,0,0,0,0,0,0,0,0,0,0,0,0,TRUE,TRUE,TRUE,,Long,,,
Spyglass Hill - Blue,17,2/13/2026,Spyglass Hill Golf Club,Spyglass Hill - Blue- 17,,Scottie Scheffler,,Scottie Scheffler - Spyglass Hill - Round 2 -2/13/26,Scottie Scheffler – Spyglass Hill Golf Club – 2/13/26,,4,3,,,,292,➡️ Right,checked,checked,16,,,,,,,,,,,,,,,,,,,,,,,,,1.8,Tight (3 feet or less) ,1,1.8,,,,,,,Blue,323,14,-1,75.4,75.4,145,18 Holes,1.8,,1.8,,1,1,4,-1,0,,,1,3,4,Birdie,0,Scottie Scheffler – Spyglass Hill Golf Club – 2/13/26,1,1,0,Scottie Scheffler,1,0%,0,0,0,1,0,0,0,0,0,0,0,0,0,0,0,0,0,0,1,0,0,0,0,0,0,0,0,1,0,0,0,1,0,0,0,0,0,0,0,0,0,0,0,0,0,0,0,0,0,0,0,0,0,0,1,,,-1,,,,,,,,0,0,1,0,0,0,0,0,0,0,1,0,0,0,0,0,0,0,0,0,0,0,0,0,0,0,0,1,0,0,0,0,0,0,0,0,0,0,0,0,0,0,1,0,0,0,0,0,0,0,0,0,0,0,1,0,0,0,1,1,0,0,1,1,0,0,,0,0,0,,0,0,0,0,0,0,1,0,0,0,0,0,0,0,0,0,0,0,0,0,0,0,0,0,0,0,0,0,0,0,0,0,0,0,0,0,0,0,0,0,0,0,0,0,0,0,0,0,0,0,0,0,0,0,FALSE,TRUE,TRUE,,Tight (3 feet or less),Right,,
Spyglass Hill - Blue,18,2/13/2026,Spyglass Hill Golf Club,Spyglass Hill - Blue- 18,,Scottie Scheffler,,Scottie Scheffler - Spyglass Hill - Round 2 -2/13/26,Scottie Scheffler – Spyglass Hill Golf Club – 2/13/26,,4,4,,,,305,➡️ Right,checked,checked,126,,,,,,,,,,,,,,,,,,,,,,,,,35.7,⬇️ Short,2,1.8,1.8,,,,,,Blue,427,8,0,75.4,75.4,145,18 Holes,35.7,,35.7,,0,0,4,0,0,,,1,4,4,Par,0,Scottie Scheffler – Spyglass Hill Golf Club – 2/13/26,1,1,0,Scottie Scheffler,1,0%,0,0,0,0,1,0,0,0,0,0,0,0,0,0,0,0,0,0,0,1,0,0,0,0,0,0,0,0,0,0,0,0,0,0,0,0,0,0,1,0,0,0,0,0,0,0,0,0,0,0,0,0,0,0,1,,,0,,,,,,,,0,0,1,0,0,0,0,0,0,0,1,0,0,0,0,0,0,0,0,0,0,0,0,0,0,0,0,0,1,0,0,0,0,0,0,0,0,0,0,0,0,0,1,0,0,0,0,0,0,0,0,0,0,0,1,0,0,0,0,0,0,0,0,0,0,0,,0,0,0,,0,0,0,0,0,0,0,0,0,0,0,0,0,0,0,0,0,0,0,0,0,0,0,1,0,0,0,0,0,0,0,0,0,0,0,0,0,0,0,0,0,0,0,0,0,0,0,0,0,0,0,0,0,0,FALSE,TRUE,TRUE,,Short,Right,,
Pebble Beach - Blue,1,2/14/2026,Pebble Beach Golf Club,Pebble Beach - Blue- 1,,Scottie Scheffler,,Scottie Scheffler - Pebble Beach - Round 3 -2/14/26,Scottie Scheffler – Pebble Beach Golf Club – 2/14/26,,4,4,,,checked,253,,checked,checked,125,,,,,,,,,,,,,,,,,,,,,,,,,31.9,⬇️ Short,2,2.9,2.9,,,,,,Blue,378,6,0,74.9,74.9,144,18 Holes,31.9,,31.9,,0,0,4,0,1,4,4,0,,,Par,1,Scottie Scheffler – Pebble Beach Golf Club – 2/14/26,1,1,0,Scottie Scheffler,1,100%,1,0,0,0,1,0,0,0,0,0,0,0,0,0,0,0,0,0,0,1,0,0,0,1,0,0,0,0,0,0,0,0,0,0,0,0,0,0,1,0,0,0,0,0,0,0,0,0,0,0,0,0,0,0,1,,,,,,0,,,,,0,0,0,0,0,1,0,0,0,0,0,0,0,1,1,0,1,0,1,0,0,0,0,0,0,0,0,0,1,0,0,0,0,0,0,0,0,0,0,0,0,0,0,0,1,0,0,0,0,0,0,0,0,0,1,0,1,0,0,0,0,0,0,0,0,0,,0,0,0,,0,0,0,0,0,0,0,0,0,0,0,0,0,0,0,0,0,0,0,0,0,0,0,1,0,0,0,0,0,0,0,0,0,0,0,0,0,0,0,0,0,0,0,0,0,0,0,0,0,0,0,0,0,0,TRUE,TRUE,TRUE,,Short,,,
Pebble Beach - Blue,2,2/14/2026,Pebble Beach Golf Club,Pebble Beach - Blue- 2,,Scottie Scheffler,,Scottie Scheffler - Pebble Beach - Round 3 -2/14/26,Scottie Scheffler – Pebble Beach Golf Club – 2/14/26,,5,4,,,,297,⬅️ Left,checked,checked,24,,,,,,,,210,,⬇️ Short,,,,,,1,,,,,,,,,3.5,Tight (3 feet or less) ,1,3.5,,,,,,,Blue,507,10,-1,74.9,74.9,144,18 Holes,3.5,,,3.5,1,1,5,-1,1,4,5,0,,,Birdie,0,Scottie Scheffler – Pebble Beach Golf Club – 2/14/26,1,1,0,Scottie Scheffler,1,0%,0,0,0,1,0,0,0,0,0,0,0,0,0,0,0,0,0,1,1,0,0,0,0,0,0,0,0,1,1,1,0,1,0,0,0,0,0,0,0,0,0,0,0,0,0,0,0,0,0,0,0,0,0,0,1,,,,,,,-1,,,,0,0,0,0,0,0,0,0,1,0,1,0,0,0,0,0,0,0,0,0,0,0,0,0,0,0,0,0,0,0,0,0,0,1,0,0,0,0,0,0,0,0,0,0,1,0,0,0,0,0,0,0,0,0,0,1,0,0,1,1,0,0,0,0,1,1,,0,0,0,,0,0,0,0,0,0,0,0,0,0,0,0,0,1,0,0,0,0,0,0,0,0,0,0,0,0,0,0,0,0,0,0,0,0,0,0,0,0,0,0,0,0,0,0,0,0,0,0,0,0,0,0,0,0,FALSE,TRUE,TRUE,,Tight (3 feet or less),Left,,
Pebble Beach - Blue,3,2/14/2026,Pebble Beach Golf Club,Pebble Beach - Blue- 3,,Scottie Scheffler,,Scottie Scheffler - Pebble Beach - Round 3 -2/14/26,Scottie Scheffler – Pebble Beach Golf Club – 2/14/26,,4,3,,,checked,304,,checked,checked,86,,,,,,,,,,,,,,,,,,,,,,,,,4.1,⬅️ Hole High Left,1,4.1,,,,,,,Blue,397,12,-1,74.9,74.9,144,18 Holes,4.1,,4.1,,1,1,4,-1,1,3,4,0,,,Birdie,1,Scottie Scheffler – Pebble Beach Golf Club – 2/14/26,1,1,0,Scottie Scheffler,1,100%,1,0,0,1,0,0,0,0,0,0,0,0,0,0,0,0,0,0,1,0,0,0,0,0,1,0,0,0,0,0,0,1,0,0,0,0,0,0,0,0,0,0,0,0,0,0,0,0,0,0,0,0,0,0,1,,,,,,-1,,,,,0,0,0,0,0,1,0,0,0,0,0,0,0,1,1,0,1,0,1,0,0,0,0,0,0,0,0,1,0,0,0,0,0,0,0,0,0,0,0,0,0,0,0,0,1,0,0,0,0,0,0,0,0,0,1,0,1,0,1,1,0,0,1,1,0,0,,0,0,0,,0,0,0,0,0,0,1,0,0,0,0,0,0,0,0,0,0,0,0,0,0,0,0,0,0,0,0,0,0,0,0,0,0,0,0,0,0,0,0,0,0,0,0,0,0,0,0,0,0,0,0,0,0,0,TRUE,TRUE,TRUE,,Hole High Left,,,
Pebble Beach - Blue,4,2/14/2026,Pebble Beach Golf Club,Pebble Beach - Blue- 4,,Scottie Scheffler,,Scottie Scheffler - Pebble Beach - Round 3 -2/14/26,Scottie Scheffler – Pebble Beach Golf Club – 2/14/26,,4,4,,,checked,289,,checked,checked,36,,,,,,,,,,,,,,,,,,,,,,,,,8.1,⬅️ Hole High Left,2,1.3,1.3,,,,,,Blue,333,16,0,74.9,74.9,144,18 Holes,8.1,,8.1,,1,0,4,0,1,4,4,0,,,Par,1,Scottie Scheffler – Pebble Beach Golf Club – 2/14/26,1,1,0,Scottie Scheffler,1,100%,1,0,0,0,1,0,0,0,0,0,0,0,0,0,0,0,0,0,0,1,0,0,0,1,0,0,0,0,0,0,0,0,0,0,0,0,0,0,1,0,0,0,0,0,0,0,0,0,0,0,0,0,0,0,1,,,,,,0,,,,,0,0,0,0,0,1,0,0,0,0,0,0,0,1,1,0,1,0,1,0,0,0,0,0,0,0,0,0,1,0,0,0,0,0,0,0,0,0,0,0,0,0,0,0,0,0,0,0,0,0,1,0,0,0,1,0,1,0,1,1,0,0,1,1,0,0,,0,0,0,,0,0,0,0,0,0,0,0,0,0,0,0,0,0,0,0,0,0,0,0,0,0,0,1,0,0,0,0,0,0,0,0,0,0,0,0,0,0,0,0,0,0,0,0,0,0,0,0,0,0,0,0,0,0,TRUE,TRUE,TRUE,,Hole High Left,,,
Pebble Beach - Blue,5,2/14/2026,Pebble Beach Golf Club,Pebble Beach - Blue- 5,,Scottie Scheffler,,Scottie Scheffler - Pebble Beach - Round 3 -2/14/26,Scottie Scheffler – Pebble Beach Golf Club – 2/14/26,,3,3,,,,,,checked,checked,208,,,,,,,,,,,,,,,,,,,,,,,,,19.9,↘️ Short Right,2,1.5,1.5,,,,,,Blue,189,14,0,74.9,74.9,144,18 Holes,19.9,19.9,,,0,0,3,0,1,3,3,0,,,Par,0,Scottie Scheffler – Pebble Beach Golf Club – 2/14/26,1,1,0,Scottie Scheffler,0,N/A,0,0,0,0,1,0,0,0,0,0,0,0,0,0,0,0,0,0,0,1,0,0,0,1,0,0,0,0,0,0,0,0,0,0,0,0,0,0,1,0,0,0,0,0,0,0,0,0,0,0,0,0,0,0,1,0,,,,,,,,,,1,0,0,0,0,0,0,0,0,0,0,0,0,0,1,0,1,0,0,0,0,0,1,0,0,0,0,0,0,0,0,0,0,0,0,0,0,0,0,0,0,0,0,0,0,0,0,0,0,0,1,0,0,0,0,0,0,0,1,0,1,0,0,0,0,0,,0,0,0,,0,0,0,0,0,0,0,0,0,0,0,0,0,0,0,0,0,0,1,0,0,0,0,0,0,0,0,0,0,0,0,0,0,0,0,0,0,0,0,0,0,0,0,0,0,0,0,0,0,0,0,0,0,0,FALSE,TRUE,TRUE,,Short Right,,,
Pebble Beach - Blue,6,2/14/2026,Pebble Beach Golf Club,Pebble Beach - Blue- 6,,Scottie Scheffler,,Scottie Scheffler - Pebble Beach - Round 3 -2/14/26,Scottie Scheffler – Pebble Beach Golf Club – 2/14/26,,5,5,checked,,checked,288,,checked,checked,23,,,,,,,,259,,⬇️ Short,,,,,,,,,,1,,,,60 Degree Wedge,5.5,➡️ Hole High Right,2,1.5,1.5,,,,,,Blue,498,2,0,74.9,74.9,144,18 Holes,5.5,,,5.5,1,0,5,0,1,5,5,0,,,Par,1,Scottie Scheffler – Pebble Beach Golf Club – 2/14/26,1,1,0,Scottie Scheffler,1,100%,1,0,0,0,1,0,0,0,0,0,0,0,0,0,0,0,0,0,0,1,0,0,0,1,0,0,0,0,0,0,0,0,0,0,0,0,0,0,1,0,0,0,0,0,0,0,0,0,0,0,0,0,0,0,1,,,,,,,,,,0,0,0,0,0,0,0,1,0,0,0,0,0,0,1,1,0,1,0,1,0,0,0,0,0,0,0,0,0,0,0,0,0,0,0,1,0,0,0,0,0,0,0,0,0,0,0,0,0,0,0,1,0,0,0,0,1,0,1,1,1,0,0,0,0,1,1,,0,0,0,,0,0,0,0,0,0,0,0,0,0,0,0,0,0,0,0,0,0,0,0,0,0,0,0,0,0,0,0,0,1,0,0,0,0,0,0,0,0,0,0,0,0,0,0,0,0,0,0,0,0,0,0,0,0,TRUE,TRUE,TRUE,,Hole High Right,,,
Pebble Beach - Blue,7,2/14/2026,Pebble Beach Golf Club,Pebble Beach - Blue- 7,,Scottie Scheffler,,Scottie Scheffler - Pebble Beach - Round 3 -2/14/26,Scottie Scheffler – Pebble Beach Golf Club – 2/14/26,,3,2,,,,,,checked,checked,100,,,,,,,,,,,,,,,,,,,,,,,,,7.3,⬆️ Long,1,7.3,,,,,,,Blue,106,18,-1,74.9,74.9,144,18 Holes,7.3,7.3,,,1,1,3,-1,1,2,3,0,,,Birdie,0,Scottie Scheffler – Pebble Beach Golf Club – 2/14/26,1,1,0,Scottie Scheffler,0,N/A,0,0,0,1,0,0,0,0,0,0,0,0,0,0,0,0,0,0,1,0,0,0,0,0,1,0,0,0,0,0,0,1,0,0,0,0,0,0,0,0,0,0,0,0,0,0,0,0,0,0,0,0,0,0,1,-1,,,,,,,,,,1,0,0,0,0,0,0,0,0,0,0,0,0,0,1,0,1,0,0,0,0,1,0,0,0,0,0,0,0,0,0,0,0,0,0,0,0,0,0,0,0,0,0,1,0,0,0,0,0,0,0,0,0,0,0,0,0,0,1,1,1,1,0,0,0,0,,0,0,0,,1,0,0,0,0,0,0,0,0,0,0,0,0,0,0,0,0,0,0,0,0,0,0,0,0,0,0,0,0,0,0,0,0,0,0,0,0,0,0,0,0,0,0,0,0,0,0,0,0,0,0,0,0,0,FALSE,TRUE,TRUE,,Long,,,
Pebble Beach - Blue,8,2/14/2026,Pebble Beach Golf Club,Pebble Beach - Blue- 8,,Scottie Scheffler,,Scottie Scheffler - Pebble Beach - Round 3 -2/14/26,Scottie Scheffler – Pebble Beach Golf Club – 2/14/26,,4,4,,,checked,229,,,,203,,,⬇️ Short,,,,,,,,,,,,,,,1,60 Degree Wedge,,,,,,2.5,Tight (3 feet or less) ,1,2.5,,,,,,,Blue,416,4,0,74.9,74.9,144,18 Holes,,,,,1,1,4,0,1,4,4,0,,,Par,1,Scottie Scheffler – Pebble Beach Golf Club – 2/14/26,0,0,0,Scottie Scheffler,1,100%,0,0,0,0,1,0,0,0,1,1,1,1,1,1,1,1,1,0,1,0,0,0,0,0,0,0,0,0,0,0,0,0,1,0,0,0,0,0,0,0,0,0,0,0,0,0,0,0,0,0,0,0,0,0,1,,,,0,,,,,,,0,0,0,0,1,0,0,0,0,0,0,0,1,0,0,0,0,0,0,0,0,0,0,0,0,0,0,0,1,0,0,0,0,0,0,0,0,0,0,0,1,1,0,1,0,0,0,0,0,0,0,0,0,0,0,0,1,0,0,0,0,0,0,0,0,0,,0,1,0,,0,0,0,0,0,0,0,1,0,0,0,0,0,0,0,0,0,0,0,0,0,0,0,0,0,0,0,0,0,0,0,0,0,0,0,0,0,0,0,0,0,0,0,0,0,0,0,0,0,0,0,0,0,0,TRUE,FALSE,FALSE,Short,Tight (3 feet or less),,,
Pebble Beach - Blue,9,2/14/2026,Pebble Beach Golf Club,Pebble Beach - Blue- 9,,Scottie Scheffler,,Scottie Scheffler - Pebble Beach - Round 3 -2/14/26,Scottie Scheffler – Pebble Beach Golf Club – 2/14/26,,4,4,,,checked,305,,,,195,,,↖️ Long Left,,,,,,,,,,,,,,,1,60 Degree Wedge,,,,,,15.9,➡️ Hole High Right,1,15.9,,,,,,,Blue,483,8,0,74.9,74.9,144,18 Holes,,,,,0,0,4,0,1,4,4,0,,,Par,1,Scottie Scheffler – Pebble Beach Golf Club – 2/14/26,0,0,0,Scottie Scheffler,1,100%,0,0,0,0,1,0,0,0,1,1,0,0,0,0,1,1,1,0,1,0,0,0,0,0,0,0,0,0,0,0,0,0,1,0,0,0,0,0,0,0,0,0,0,0,0,0,0,0,0,0,0,0,0,0,1,,,,0,,,,,,,0,0,0,0,1,0,0,0,0,0,0,0,1,0,0,0,0,0,0,0,0,0,0,0,0,0,0,0,1,0,0,0,0,0,0,0,0,0,0,0,1,1,0,1,0,0,0,0,0,0,0,0,0,0,0,0,1,0,0,0,0,0,0,0,0,0,,0,1,0,,0,0,0,0,0,0,0,1,0,0,0,0,0,0,0,0,0,0,0,0,0,0,0,0,0,0,0,0,0,0,0,0,0,0,0,0,0,0,0,0,0,0,0,0,0,0,0,0,0,0,0,0,0,0,TRUE,FALSE,FALSE,Long Left,Hole High Right,,,
Pebble Beach - Blue,10,2/14/2026,Pebble Beach Golf Club,Pebble Beach - Blue- 10,,Scottie Scheffler,,Scottie Scheffler - Pebble Beach - Round 3 -2/14/26,Scottie Scheffler – Pebble Beach Golf Club – 2/14/26,,4,4,,,checked,145,,checked,checked,145,,,,,,,,,,,,,,,,,,,,,,,,,12.9,➡️ Hole High Right,2,2.2,2.2,,,,,,Blue,444,3,0,74.9,74.9,144,18 Holes,12.9,,12.9,,0,0,4,0,0,,,1,4,4,Par,1,Scottie Scheffler – Pebble Beach Golf Club – 2/14/26,1,1,0,Scottie Scheffler,1,100%,1,0,0,0,1,0,0,0,0,0,0,0,0,0,0,0,0,0,0,1,0,0,0,1,0,0,0,0,0,0,0,0,0,0,0,0,0,0,1,0,0,0,0,0,0,0,0,0,0,0,0,0,0,0,1,,,,,,0,,,,,0,0,0,0,0,1,0,0,0,0,0,0,0,1,1,0,1,0,1,0,0,0,0,0,0,0,0,0,1,0,0,0,0,0,0,0,0,0,0,0,0,0,0,0,0,0,0,0,1,0,0,0,0,0,1,0,1,0,1,0,0,0,1,0,0,0,,0,0,0,,0,0,0,0,0,0,0,0,0,0,0,0,0,0,0,0,0,0,0,0,0,0,0,1,0,0,0,0,0,0,0,0,0,0,0,0,0,0,0,0,0,0,0,0,0,0,0,0,0,0,0,0,0,0,TRUE,TRUE,TRUE,,Hole High Right,,,
Pebble Beach - Blue,11,2/14/2026,Pebble Beach Golf Club,Pebble Beach - Blue- 11,,Scottie Scheffler,,Scottie Scheffler - Pebble Beach - Round 3 -2/14/26,Scottie Scheffler – Pebble Beach Golf Club – 2/14/26,,4,4,,,checked,275,,checked,checked,98,,,,,,,,,,,,,,,,,,,,,,,,,24,⬅️ Hole High Left,2,1.2,1.2,,,,,,Blue,370,9,0,74.9,74.9,144,18 Holes,24,,24,,0,0,4,0,0,,,1,4,4,Par,1,Scottie Scheffler – Pebble Beach Golf Club – 2/14/26,1,1,0,Scottie Scheffler,1,100%,1,0,0,0,1,0,0,0,0,0,0,0,0,0,0,0,0,0,0,1,0,0,0,1,0,0,0,0,0,0,0,0,0,0,0,0,0,0,1,0,0,0,0,0,0,0,0,0,0,0,0,0,0,0,1,,,,,,0,,,,,0,0,0,0,0,1,0,0,0,0,0,0,0,1,1,0,1,0,1,0,0,0,0,0,0,0,0,0,1,0,0,0,0,0,0,0,0,0,0,0,0,0,0,0,0,0,0,0,1,0,0,0,0,0,1,0,1,0,0,0,0,0,0,0,0,0,,0,0,0,,0,0,0,0,0,0,0,0,0,0,0,0,0,0,0,0,0,0,0,0,0,0,0,1,0,0,0,0,0,0,0,0,0,0,0,0,0,0,0,0,0,0,0,0,0,0,0,0,0,0,0,0,0,0,TRUE,TRUE,TRUE,,Hole High Left,,,
Pebble Beach - Blue,12,2/14/2026,Pebble Beach Golf Club,Pebble Beach - Blue- 12,,Scottie Scheffler,,Scottie Scheffler - Pebble Beach - Round 3 -2/14/26,Scottie Scheffler – Pebble Beach Golf Club – 2/14/26,,3,3,,,,,,,,203,,,↖️ Long Left,,,,,,,,,,,,,,,,60 Degree Wedge,,,,,,5.1,⬅️ Hole High Left,1,5.1,,,,,,,Blue,202,17,0,74.9,74.9,144,18 Holes,,,,,1,1,3,0,0,,,1,3,3,Par,0,Scottie Scheffler – Pebble Beach Golf Club – 2/14/26,0,0,0,Scottie Scheffler,0,N/A,0,0,0,0,1,0,0,0,0,0,0,0,0,0,1,1,1,0,1,0,0,0,0,0,0,0,1,0,0,0,0,0,1,0,0,0,0,0,0,0,0,0,0,0,0,0,0,0,0,0,0,0,0,0,1,,0,,,,,,,,,0,1,0,0,0,0,0,0,0,0,0,0,0,0,0,1,0,1,0,0,0,0,1,0,0,0,0,0,0,0,0,0,0,0,0,0,0,0,0,0,1,1,0,0,0,0,0,0,1,0,0,0,0,0,0,0,0,0,0,0,0,0,0,0,0,0,,1,0,0,,0,1,0,0,0,0,0,0,0,0,0,0,0,0,0,0,0,0,0,0,0,0,0,0,0,0,0,0,0,0,0,0,0,0,0,0,0,0,0,0,0,0,0,0,0,0,0,0,0,0,0,0,0,0,FALSE,FALSE,FALSE,Long Left,Hole High Left,,,
Pebble Beach - Blue,13,2/14/2026,Pebble Beach Golf Club,Pebble Beach - Blue- 13,,Scottie Scheffler,,Scottie Scheffler - Pebble Beach - Round 3 -2/14/26,Scottie Scheffler – Pebble Beach Golf Club – 2/14/26,,4,4,,,checked,292,,checked,checked,144,,,,,,,,,,,,,,,,,,,,,,,,,28.5,➡️ Hole High Right,2,1.6,1.6,,,,,,Blue,401,7,0,74.9,74.9,144,18 Holes,28.5,,28.5,,0,0,4,0,0,,,1,4,4,Par,1,Scottie Scheffler – Pebble Beach Golf Club – 2/14/26,1,1,0,Scottie Scheffler,1,100%,1,0,0,0,1,0,0,0,0,0,0,0,0,0,0,0,0,0,0,1,0,0,0,1,0,0,0,0,0,0,0,0,0,0,0,0,0,0,1,0,0,0,0,0,0,0,0,0,0,0,0,0,0,0,1,,,,,,0,,,,,0,0,0,0,0,1,0,0,0,0,0,0,0,1,1,0,1,0,1,0,0,0,0,0,0,0,0,0,1,0,0,0,0,0,0,0,0,0,0,0,0,0,0,0,0,0,0,0,0,0,0,0,1,0,1,0,1,0,0,0,0,0,0,0,0,0,,0,0,0,,0,0,0,0,0,0,0,0,0,0,0,0,0,0,0,0,0,0,0,0,0,0,0,1,0,0,0,0,0,0,0,0,0,0,0,0,0,0,0,0,0,0,0,0,0,0,0,0,0,0,0,0,0,0,TRUE,TRUE,TRUE,,Hole High Right,,,
Pebble Beach - Blue,14,2/14/2026,Pebble Beach Golf Club,Pebble Beach - Blue- 14,,Scottie Scheffler,,Scottie Scheffler - Pebble Beach - Round 3 -2/14/26,Scottie Scheffler – Pebble Beach Golf Club – 2/14/26,,5,5,,,checked,299,,checked,checked,18,,,,,,,,255,,↘️ Short Right,,,,,,,1,,,1,,,,60 Degree Wedge,1.8,➡️ Hole High Right,2,1.8,1.8,,,,,,Blue,582,1,0,74.9,74.9,144,18 Holes,1.8,,,1.8,1,0,5,0,0,,,1,5,5,Par,1,Scottie Scheffler – Pebble Beach Golf Club – 2/14/26,1,1,0,Scottie Scheffler,1,100%,1,0,0,0,1,0,0,0,0,0,0,0,0,0,0,0,0,1,0,1,0,0,0,1,0,0,0,0,1,1,0,0,0,0,0,0,0,0,1,0,0,0,0,0,0,0,0,0,0,0,0,0,0,0,1,,,,,,,,,,0,0,0,0,0,0,0,1,0,0,0,0,0,0,1,1,0,1,0,1,0,0,0,0,0,0,0,0,0,0,0,0,0,0,0,1,0,0,0,0,0,0,0,0,0,0,0,0,0,0,0,0,0,1,0,0,1,0,1,1,1,0,0,0,0,1,1,,0,0,0,,0,0,0,0,0,0,0,0,0,0,0,0,0,0,0,0,0,0,0,0,0,0,0,0,0,0,0,0,0,1,0,0,0,0,0,0,0,0,0,0,0,0,0,0,0,0,0,0,0,0,0,0,0,0,TRUE,TRUE,TRUE,,Hole High Right,,,
Pebble Beach - Blue,15,2/14/2026,Pebble Beach Golf Club,Pebble Beach - Blue- 15,,Scottie Scheffler,,Scottie Scheffler - Pebble Beach - Round 3 -2/14/26,Scottie Scheffler – Pebble Beach Golf Club – 2/14/26,,4,4,,,,265,➡️ Right,checked,checked,135,,,,,,,,,,,,,,,,,,,,,,,,,25.9,⬇️ Short,2,1.4,1.4,,,,,,Blue,393,13,0,74.9,74.9,144,18 Holes,25.9,,25.9,,0,0,4,0,0,,,1,4,4,Par,0,Scottie Scheffler – Pebble Beach Golf Club – 2/14/26,1,1,0,Scottie Scheffler,1,0%,0,0,0,0,1,0,0,0,0,0,0,0,0,0,0,0,0,0,0,1,0,0,0,0,0,0,0,0,0,0,0,0,0,0,0,0,0,0,1,0,0,0,0,0,0,0,0,0,0,0,0,0,0,0,1,,,0,,,,,,,,0,0,1,0,0,0,0,0,0,0,1,0,0,0,0,0,0,0,0,0,0,0,0,0,0,0,0,0,1,0,0,0,0,0,0,0,0,0,0,0,0,0,0,0,0,0,0,0,0,0,0,0,1,0,1,0,0,0,0,0,0,0,0,0,0,0,,0,0,0,,0,0,0,0,0,0,0,0,0,0,0,0,0,0,0,0,0,0,0,0,0,0,0,1,0,0,0,0,0,0,0,0,0,0,0,0,0,0,0,0,0,0,0,0,0,0,0,0,0,0,0,0,0,0,FALSE,TRUE,TRUE,,Short,Right,,
Pebble Beach - Blue,16,2/14/2026,Pebble Beach Golf Club,Pebble Beach - Blue- 16,,Scottie Scheffler,,Scottie Scheffler - Pebble Beach - Round 3 -2/14/26,Scottie Scheffler – Pebble Beach Golf Club – 2/14/26,,4,3,,,,291,⬅️ Left,checked,checked,110,,,,,,,,,,,,,,,,,,,,,,,,,17.5,⬇️ Short,1,17.5,,,,,,,Blue,400,11,-1,74.9,74.9,144,18 Holes,17.5,,17.5,,0,0,4,-1,0,,,1,3,4,Birdie,0,Scottie Scheffler – Pebble Beach Golf Club – 2/14/26,1,1,0,Scottie Scheffler,1,0%,0,0,0,1,0,0,0,0,0,0,0,0,0,0,0,0,0,0,1,0,0,0,0,0,0,0,0,1,0,0,0,1,0,0,0,0,0,0,0,0,0,0,0,0,0,0,0,0,0,0,0,0,0,0,1,,,-1,,,,,,,,0,0,1,0,0,0,0,0,0,0,1,0,0,0,0,0,0,0,0,0,0,0,0,0,0,0,0,1,0,0,0,0,0,0,0,0,0,0,0,0,0,0,1,0,0,0,0,0,0,0,0,0,0,0,1,0,0,0,1,0,0,0,1,0,0,0,,0,0,0,,0,0,0,0,0,0,1,0,0,0,0,0,0,0,0,0,0,0,0,0,0,0,0,0,0,0,0,0,0,0,0,0,0,0,0,0,0,0,0,0,0,0,0,0,0,0,0,0,0,0,0,0,0,0,FALSE,TRUE,TRUE,,Short,Left,,
Pebble Beach - Blue,17,2/14/2026,Pebble Beach Golf Club,Pebble Beach - Blue- 17,,Scottie Scheffler,,Scottie Scheffler - Pebble Beach - Round 3 -2/14/26,Scottie Scheffler – Pebble Beach Golf Club – 2/14/26,,3,3,,,,,,checked,checked,169,,,,,,,,,,,,,,,,,,,,,,,,,18.5,⬆️ Long,2,2.6,2.6,,,,,,Blue,182,15,0,74.9,74.9,144,18 Holes,18.5,18.5,,,0,0,3,0,0,,,1,3,3,Par,0,Scottie Scheffler – Pebble Beach Golf Club – 2/14/26,1,1,0,Scottie Scheffler,0,N/A,0,0,0,0,1,0,0,0,0,0,0,0,0,0,0,0,0,0,0,1,0,0,0,1,0,0,0,0,0,0,0,0,0,0,0,0,0,0,1,0,0,0,0,0,0,0,0,0,0,0,0,0,0,0,1,0,,,,,,,,,,1,0,0,0,0,0,0,0,0,0,0,0,0,0,1,0,1,0,0,0,0,0,1,0,0,0,0,0,0,0,0,0,0,0,0,0,0,0,0,0,0,0,1,0,0,0,0,0,0,0,0,0,0,0,0,0,0,0,1,0,1,0,0,0,0,0,,0,0,0,,0,0,0,0,0,0,0,0,0,0,0,0,0,0,0,0,0,0,1,0,0,0,0,0,0,0,0,0,0,0,0,0,0,0,0,0,0,0,0,0,0,0,0,0,0,0,0,0,0,0,0,0,0,0,FALSE,TRUE,TRUE,,Long,,,
Pebble Beach - Blue,18,2/14/2026,Pebble Beach Golf Club,Pebble Beach - Blue- 18,,Scottie Scheffler,,Scottie Scheffler - Pebble Beach - Round 3 -2/14/26,Scottie Scheffler – Pebble Beach Golf Club – 2/14/26,,5,4,,,,306,➡️ Right,checked,checked,48,,,,,,,,244,,⬇️ Short,,,,,,,,,,,,,,,3.4,Tight (3 feet or less) ,1,3.4,,,,,,,Blue,536,5,-1,74.9,74.9,144,18 Holes,3.4,,,3.4,1,1,5,-1,0,,,1,4,5,Birdie,0,Scottie Scheffler – Pebble Beach Golf Club – 2/14/26,1,1,0,Scottie Scheffler,1,0%,0,0,0,1,0,0,0,0,0,0,0,0,0,0,0,0,0,0,1,0,0,0,0,0,0,0,0,1,0,0,0,1,0,0,0,0,0,0,0,0,0,0,0,0,0,0,0,0,0,0,0,0,0,0,1,,,,,,,-1,,,,0,0,0,0,0,0,0,0,1,0,1,0,0,0,0,0,0,0,0,0,0,0,0,0,0,0,0,0,0,0,0,0,0,1,0,0,0,0,0,0,0,0,1,0,0,0,0,0,0,0,0,0,0,0,0,1,0,0,1,1,0,0,0,0,1,1,,0,0,0,,0,0,0,0,0,0,0,0,0,0,0,0,0,1,0,0,0,0,0,0,0,0,0,0,0,0,0,0,0,0,0,0,0,0,0,0,0,0,0,0,0,0,0,0,0,0,0,0,0,0,0,0,0,0,FALSE,TRUE,TRUE,,Tight (3 feet or less),Right,,
Pebble Beach - Blue,1,2/15/2026,Pebble Beach Golf Club,Pebble Beach - Blue- 1,,Scottie Scheffler,,Scottie Scheffler - Pebble Beach - Round 4 -2/15/26,Scottie Scheffler – Pebble Beach Golf Club – 2/15/26,,4,3,,,checked,277,,checked,checked,95,,,,,,,,,,,,,,,,,,,,,,,,,14.9,⬇️ Short,1,14.9,,,,,,,Blue,378,6,-1,74.9,74.9,144,18 Holes,14.9,,14.9,,0,0,4,-1,1,3,4,0,,,Birdie,1,Scottie Scheffler – Pebble Beach Golf Club – 2/15/26,1,1,0,Scottie Scheffler,1,100%,1,0,0,1,0,0,0,0,0,0,0,0,0,0,0,0,0,0,1,0,0,0,0,0,1,0,0,0,0,0,0,1,0,0,0,0,0,0,0,0,0,0,0,0,0,0,0,0,0,0,0,0,0,0,1,,,,,,-1,,,,,0,0,0,0,0,1,0,0,0,0,0,0,0,1,1,0,1,0,1,0,0,0,0,0,0,0,0,1,0,0,0,0,0,0,0,0,0,0,0,0,0,0,0,0,1,0,0,0,0,0,0,0,0,0,1,0,1,0,1,0,0,0,1,0,0,0,,0,0,0,,0,0,0,0,0,0,1,0,0,0,0,0,0,0,0,0,0,0,0,0,0,0,0,0,0,0,0,0,0,0,0,0,0,0,0,0,0,0,0,0,0,0,0,0,0,0,0,0,0,0,0,0,0,0,TRUE,TRUE,TRUE,,Short,,,
Pebble Beach - Blue,2,2/15/2026,Pebble Beach Golf Club,Pebble Beach - Blue- 2,,Scottie Scheffler,,Scottie Scheffler - Pebble Beach - Round 4 -2/15/26,Scottie Scheffler – Pebble Beach Golf Club – 2/15/26,,5,3,,,checked,282,,checked,checked,234,,,,,checked,,,,,,,,,,,,,,,,,,,,4.5,➡️ Hole High Right,1,4.5,,,,,,,Blue,507,10,-2,74.9,74.9,144,18 Holes,4.5,,,4.5,1,1,5,-2,1,3,5,0,,,Eagle,1,Scottie Scheffler – Pebble Beach Golf Club – 2/15/26,1,1,1,Scottie Scheffler,1,100%,1,0,1,0,0,0,0,0,0,0,0,0,0,0,0,0,0,0,1,0,0,0,0,0,0,1,0,0,0,0,1,0,0,0,0,0,0,0,0,0,0,0,0,0,0,0,0,0,0,0,0,0,0,0,1,,,,,,,,,,-2,0,0,0,0,0,0,1,0,0,0,0,0,0,1,1,0,1,0,1,0,0,0,0,0,0,0,0,0,0,0,0,0,1,0,0,0,0,0,0,0,0,0,0,0,1,0,0,0,0,0,0,0,0,0,0,1,0,1,1,1,0,0,0,0,1,1,,0,0,0,,0,0,0,0,0,0,0,0,0,0,0,0,1,0,0,0,0,0,0,0,0,0,0,0,0,0,0,0,0,0,0,0,0,0,0,0,0,0,0,0,0,0,0,0,0,0,0,0,0,0,0,0,0,0,TRUE,TRUE,TRUE,,Hole High Right,,,
Pebble Beach - Blue,3,2/15/2026,Pebble Beach Golf Club,Pebble Beach - Blue- 3,,Scottie Scheffler,,Scottie Scheffler - Pebble Beach - Round 4 -2/15/26,Scottie Scheffler – Pebble Beach Golf Club – 2/15/26,,4,3,,,,292,⬅️ Left,checked,checked,100,,,,,,,,,,,,,,,,,,,,,,,,,10.2,⬇️ Short,1,10.2,,,,,,,Blue,397,12,-1,74.9,74.9,144,18 Holes,10.2,,10.2,,0,0,4,-1,1,3,4,0,,,Birdie,0,Scottie Scheffler – Pebble Beach Golf Club – 2/15/26,1,1,0,Scottie Scheffler,1,0%,0,0,0,1,0,0,0,0,0,0,0,0,0,0,0,0,0,0,1,0,0,0,0,0,0,0,0,1,0,0,0,1,0,0,0,0,0,0,0,0,0,0,0,0,0,0,0,0,0,0,0,0,0,0,1,,,-1,,,,,,,,0,0,1,0,0,0,0,0,0,0,1,0,0,0,0,0,0,0,0,0,0,0,0,0,0,0,0,1,0,0,0,0,0,0,0,0,0,0,0,0,0,0,0,0,1,0,0,0,0,0,0,0,0,0,1,0,0,0,1,0,0,0,1,0,0,0,,0,0,0,,0,0,0,0,0,0,1,0,0,0,0,0,0,0,0,0,0,0,0,0,0,0,0,0,0,0,0,0,0,0,0,0,0,0,0,0,0,0,0,0,0,0,0,0,0,0,0,0,0,0,0,0,0,0,FALSE,TRUE,TRUE,,Short,Left,,
Pebble Beach - Blue,4,2/15/2026,Pebble Beach Golf Club,Pebble Beach - Blue- 4,,Scottie Scheffler,,Scottie Scheffler - Pebble Beach - Round 4 -2/15/26,Scottie Scheffler – Pebble Beach Golf Club – 2/15/26,,4,4,,,checked,266,,checked,checked,68,,,,,,,,,,,,,,,,,,,,,,,,,4.4,⬅️ Hole High Left,2,1.5,1.5,,,,,,Blue,333,16,0,74.9,74.9,144,18 Holes,4.4,,4.4,,1,0,4,0,1,4,4,0,,,Par,1,Scottie Scheffler – Pebble Beach Golf Club – 2/15/26,1,1,0,Scottie Scheffler,1,100%,1,0,0,0,1,0,0,0,0,0,0,0,0,0,0,0,0,0,0,1,0,0,0,1,0,0,0,0,0,0,0,0,0,0,0,0,0,0,1,0,0,0,0,0,0,0,0,0,0,0,0,0,0,0,1,,,,,,0,,,,,0,0,0,0,0,1,0,0,0,0,0,0,0,1,1,0,1,0,1,0,0,0,0,0,0,0,0,0,1,0,0,0,0,0,0,0,0,0,0,0,0,0,0,0,0,0,0,0,0,0,1,0,0,0,1,0,1,0,1,1,0,0,1,1,0,0,,0,0,0,,0,0,0,0,0,0,0,0,0,0,0,0,0,0,0,0,0,0,0,0,0,0,0,1,0,0,0,0,0,0,0,0,0,0,0,0,0,0,0,0,0,0,0,0,0,0,0,0,0,0,0,0,0,0,TRUE,TRUE,TRUE,,Hole High Left,,,
Pebble Beach - Blue,5,2/15/2026,Pebble Beach Golf Club,Pebble Beach - Blue- 5,,Scottie Scheffler,,Scottie Scheffler - Pebble Beach - Round 4 -2/15/26,Scottie Scheffler – Pebble Beach Golf Club – 2/15/26,,3,3,,,,,,,,141,,,↖️ Long Left,,,,,,,,,,,,,,1,1,60 Degree Wedge,,,,,,14.3,➡️ Hole High Right,1,14.3,,,,,,,Blue,189,14,0,74.9,74.9,144,18 Holes,,,,,0,0,3,0,1,3,3,0,,,Par,0,Scottie Scheffler – Pebble Beach Golf Club – 2/15/26,0,0,0,Scottie Scheffler,0,N/A,0,0,0,0,1,0,0,0,1,1,0,0,0,0,1,1,1,1,1,0,0,0,0,0,0,0,1,0,1,1,0,0,1,0,0,0,0,0,0,0,0,0,0,0,0,0,0,0,0,0,0,0,0,0,1,,0,,,,,,,,,0,1,0,0,0,0,0,0,0,0,0,0,0,0,0,1,0,1,0,0,0,0,1,0,0,0,0,0,0,0,0,0,0,0,0,0,0,0,0,0,1,1,0,0,0,0,0,0,0,0,1,0,0,0,0,0,0,0,0,0,0,0,0,0,0,0,,1,0,0,,0,1,0,0,0,0,0,0,0,0,0,0,0,0,0,0,0,0,0,0,0,0,0,0,0,0,0,0,0,0,0,0,0,0,0,0,0,0,0,0,0,0,0,0,0,0,0,0,0,0,0,0,0,0,FALSE,FALSE,FALSE,Long Left,Hole High Right,,,
Pebble Beach - Blue,6,2/15/2026,Pebble Beach Golf Club,Pebble Beach - Blue- 6,,Scottie Scheffler,,Scottie Scheffler - Pebble Beach - Round 4 -2/15/26,Scottie Scheffler – Pebble Beach Golf Club – 2/15/26,,5,3,,,checked,286,,checked,checked,256,,,,,checked,,,,,,,,,,,,,,,,,,,,25.7,⬆️ Long,1,25.7,,,,,,,Blue,498,2,-2,74.9,74.9,144,18 Holes,25.7,,,25.7,0,0,5,-2,1,3,5,0,,,Eagle,1,Scottie Scheffler – Pebble Beach Golf Club – 2/15/26,1,1,1,Scottie Scheffler,1,100%,1,0,1,0,0,0,0,0,0,0,0,0,0,0,0,0,0,0,1,0,0,0,0,0,0,1,0,0,0,0,1,0,0,0,0,0,0,0,0,0,0,0,0,0,0,0,0,0,0,0,0,0,0,0,1,,,,,,,,,,-2,0,0,0,0,0,0,1,0,0,0,0,0,0,1,1,0,1,0,1,0,0,0,0,0,0,0,0,0,0,0,0,0,1,0,0,0,0,0,0,0,0,0,0,0,0,0,0,0,0,0,1,0,0,0,0,1,0,1,0,0,0,0,0,0,0,0,,0,0,0,,0,0,0,0,0,0,0,0,0,0,0,0,1,0,0,0,0,0,0,0,0,0,0,0,0,0,0,0,0,0,0,0,0,0,0,0,0,0,0,0,0,0,0,0,0,0,0,0,0,0,0,0,0,0,TRUE,TRUE,TRUE,,Long,,,
Pebble Beach - Blue,7,2/15/2026,Pebble Beach Golf Club,Pebble Beach - Blue- 7,,Scottie Scheffler,,Scottie Scheffler - Pebble Beach - Round 4 -2/15/26,Scottie Scheffler – Pebble Beach Golf Club – 2/15/26,,3,2,,,,,,checked,checked,109,,,,,,,,,,,,,,,,,,,,,,,,,9.9,⬆️ Long,1,9.9,,,,,,,Blue,106,18,-1,74.9,74.9,144,18 Holes,9.9,9.9,,,1,1,3,-1,1,2,3,0,,,Birdie,0,Scottie Scheffler – Pebble Beach Golf Club – 2/15/26,1,1,0,Scottie Scheffler,0,N/A,0,0,0,1,0,0,0,0,0,0,0,0,0,0,0,0,0,0,1,0,0,0,0,0,1,0,0,0,0,0,0,1,0,0,0,0,0,0,0,0,0,0,0,0,0,0,0,0,0,0,0,0,0,0,1,-1,,,,,,,,,,1,0,0,0,0,0,0,0,0,0,0,0,0,0,1,0,1,0,0,0,0,1,0,0,0,0,0,0,0,0,0,0,0,0,0,0,0,0,0,0,0,0,0,1,0,0,0,0,0,0,0,0,0,0,0,0,0,0,1,1,1,1,0,0,0,0,,0,0,0,,1,0,0,0,0,0,0,0,0,0,0,0,0,0,0,0,0,0,0,0,0,0,0,0,0,0,0,0,0,0,0,0,0,0,0,0,0,0,0,0,0,0,0,0,0,0,0,0,0,0,0,0,0,0,FALSE,TRUE,TRUE,,Long,,,
Pebble Beach - Blue,8,2/15/2026,Pebble Beach Golf Club,Pebble Beach - Blue- 8,,Scottie Scheffler,,Scottie Scheffler - Pebble Beach - Round 4 -2/15/26,Scottie Scheffler – Pebble Beach Golf Club – 2/15/26,,4,5,,,,248,⬅️ Left,,,186,,,⬇️ Short,,,,,,,,,,,,,,,1,60 Degree Wedge,,,,,,5.5,⬅️ Hole High Left,2,0.8,0.8,,,,,,Blue,416,4,1,74.9,74.9,144,18 Holes,,,,,1,0,4,1,1,5,4,0,,,Bogey,0,Scottie Scheffler – Pebble Beach Golf Club – 2/15/26,0,0,0,Scottie Scheffler,1,0%,0,0,0,0,0,1,0,0,1,1,1,0,0,0,1,0,0,0,0,1,0,0,0,0,0,0,0,0,0,0,0,0,0,0,0,0,0,0,0,1,0,0,0,0,0,0,0,0,0,0,0,0,0,0,1,,,,,1,,,,,,0,0,0,1,0,0,0,0,0,0,0,1,0,0,0,1,0,1,0,1,0,0,0,0,0,0,0,0,0,1,0,0,0,0,0,0,0,0,0,0,0,0,0,0,0,0,0,1,0,0,0,0,0,0,0,0,0,0,0,0,0,0,0,0,0,0,,0,0,0,,0,0,0,0,0,0,0,0,0,0,0,0,0,0,0,0,0,0,0,0,0,0,0,0,1,0,0,0,0,0,0,0,0,0,0,0,0,0,0,0,0,0,0,0,0,0,0,0,0,0,0,0,0,0,FALSE,FALSE,FALSE,Short,Hole High Left,Left,,
Pebble Beach - Blue,9,2/15/2026,Pebble Beach Golf Club,Pebble Beach - Blue- 9,,Scottie Scheffler,,Scottie Scheffler - Pebble Beach - Round 4 -2/15/26,Scottie Scheffler – Pebble Beach Golf Club – 2/15/26,,4,4,,,,297,⬅️ Left,checked,checked,185,,,,,,,,,,,,,,,,,,,,,,,,,34.8,⬆️ Long,2,3.8,3.8,,,,,,Blue,483,8,0,74.9,74.9,144,18 Holes,34.8,,34.8,,0,0,4,0,1,4,4,0,,,Par,0,Scottie Scheffler – Pebble Beach Golf Club – 2/15/26,1,1,0,Scottie Scheffler,1,0%,0,0,0,0,1,0,0,0,0,0,0,0,0,0,0,0,0,0,0,1,0,0,0,0,0,0,0,0,0,0,0,0,0,0,0,0,0,0,1,0,0,0,0,0,0,0,0,0,0,0,0,0,0,0,1,,,0,,,,,,,,0,0,1,0,0,0,0,0,0,0,1,0,0,0,0,0,0,0,0,0,0,0,0,0,0,0,0,0,1,0,0,0,0,0,0,0,0,0,0,0,0,0,0,1,0,0,0,0,0,0,0,0,0,0,1,0,0,0,0,0,0,0,0,0,0,0,,0,0,0,,0,0,0,0,0,0,0,0,0,0,0,0,0,0,0,0,0,0,0,0,0,0,0,1,0,0,0,0,0,0,0,0,0,0,0,0,0,0,0,0,0,0,0,0,0,0,0,0,0,0,0,0,0,0,FALSE,TRUE,TRUE,,Long,Left,,
Pebble Beach - Blue,10,2/15/2026,Pebble Beach Golf Club,Pebble Beach - Blue- 10,,Scottie Scheffler,,Scottie Scheffler - Pebble Beach - Round 4 -2/15/26,Scottie Scheffler – Pebble Beach Golf Club – 2/15/26,,4,3,,,checked,278,,checked,checked,161,,,,,,,,,,,,,,,,,,,,,,,,,22.2,⬅️ Hole High Left,1,22.2,,,,,,,Blue,444,3,-1,74.9,74.9,144,18 Holes,22.2,,22.2,,0,0,4,-1,0,,,1,3,4,Birdie,1,Scottie Scheffler – Pebble Beach Golf Club – 2/15/26,1,1,0,Scottie Scheffler,1,100%,1,0,0,1,0,0,0,0,0,0,0,0,0,0,0,0,0,0,1,0,0,0,0,0,1,0,0,0,0,0,0,1,0,0,0,0,0,0,0,0,0,0,0,0,0,0,0,0,0,0,0,0,0,0,1,,,,,,-1,,,,,0,0,0,0,0,1,0,0,0,0,0,0,0,1,1,0,1,0,1,0,0,0,0,0,0,0,0,1,0,0,0,0,0,0,0,0,0,0,0,0,0,0,0,0,0,0,0,0,1,0,0,0,0,0,1,0,1,0,0,0,0,0,0,0,0,0,,0,0,0,,0,0,0,0,0,0,1,0,0,0,0,0,0,0,0,0,0,0,0,0,0,0,0,0,0,0,0,0,0,0,0,0,0,0,0,0,0,0,0,0,0,0,0,0,0,0,0,0,0,0,0,0,0,0,TRUE,TRUE,TRUE,,Hole High Left,,,
Pebble Beach - Blue,11,2/15/2026,Pebble Beach Golf Club,Pebble Beach - Blue- 11,,Scottie Scheffler,,Scottie Scheffler - Pebble Beach - Round 4 -2/15/26,Scottie Scheffler – Pebble Beach Golf Club – 2/15/26,,4,3,,,checked,295,,checked,checked,83,,,,,,,,,,,,,,,,,,,,,,,,,9.8,⬅️ Hole High Left,1,9.8,,,,,,,Blue,370,9,-1,74.9,74.9,144,18 Holes,9.8,,9.8,,1,1,4,-1,0,,,1,3,4,Birdie,1,Scottie Scheffler – Pebble Beach Golf Club – 2/15/26,1,1,0,Scottie Scheffler,1,100%,1,0,0,1,0,0,0,0,0,0,0,0,0,0,0,0,0,0,1,0,0,0,0,0,1,0,0,0,0,0,0,1,0,0,0,0,0,0,0,0,0,0,0,0,0,0,0,0,0,0,0,0,0,0,1,,,,,,-1,,,,,0,0,0,0,0,1,0,0,0,0,0,0,0,1,1,0,1,0,1,0,0,0,0,0,0,0,0,1,0,0,0,0,0,0,0,0,0,0,0,0,0,0,0,0,0,0,0,0,1,0,0,0,0,0,1,0,1,0,1,1,0,0,1,1,0,0,,0,0,0,,0,0,0,0,0,0,1,0,0,0,0,0,0,0,0,0,0,0,0,0,0,0,0,0,0,0,0,0,0,0,0,0,0,0,0,0,0,0,0,0,0,0,0,0,0,0,0,0,0,0,0,0,0,0,TRUE,TRUE,TRUE,,Hole High Left,,,
Pebble Beach - Blue,12,2/15/2026,Pebble Beach Golf Club,Pebble Beach - Blue- 12,,Scottie Scheffler,,Scottie Scheffler - Pebble Beach - Round 4 -2/15/26,Scottie Scheffler – Pebble Beach Golf Club – 2/15/26,,3,4,,,,,,,,213,,,⬆️ Long,,,,,,,,,,,,,,1,1,60 Degree Wedge,,,,,,7.1,⬅️ Hole High Left,2,0.5,0.5,,,,,,Blue,202,17,1,74.9,74.9,144,18 Holes,,,,,1,0,3,1,0,,,1,4,3,Bogey,0,Scottie Scheffler – Pebble Beach Golf Club – 2/15/26,0,0,0,Scottie Scheffler,0,N/A,0,0,0,0,0,1,0,0,1,1,1,0,0,0,1,0,0,1,0,1,0,0,0,0,0,0,0,0,0,1,0,0,0,0,0,0,0,0,0,1,0,0,0,0,0,0,0,0,0,0,0,0,0,0,1,,1,,,,,,,,,0,1,0,0,0,0,0,0,0,0,0,0,0,0,0,1,0,1,0,0,0,0,0,1,0,0,0,0,0,0,0,0,0,0,0,0,0,0,0,0,0,0,0,0,0,0,0,0,0,1,0,0,0,0,0,0,0,0,0,0,0,0,0,0,0,0,,0,0,0,,0,0,0,0,0,0,0,0,0,0,0,0,0,0,0,0,0,0,0,1,0,0,0,0,0,0,0,0,0,0,0,0,0,0,0,0,0,0,0,0,0,0,0,0,0,0,0,0,0,0,0,0,0,0,FALSE,FALSE,FALSE,Long,Hole High Left,,,
Pebble Beach - Blue,13,2/15/2026,Pebble Beach Golf Club,Pebble Beach - Blue- 13,,Scottie Scheffler,,Scottie Scheffler - Pebble Beach - Round 4 -2/15/26,Scottie Scheffler – Pebble Beach Golf Club – 2/15/26,,4,4,,,,305,➡️ Right,,,148,,,↗️ Long Right,,,,,,,,,,,,,,,1,60 Degree Wedge,,,,,,14.1,⬅️ Hole High Left,1,14.1,,,,,,,Blue,401,7,0,74.9,74.9,144,18 Holes,,,,,0,0,4,0,0,,,1,4,4,Par,0,Scottie Scheffler – Pebble Beach Golf Club – 2/15/26,0,0,0,Scottie Scheffler,1,0%,0,0,0,0,1,0,0,0,1,1,0,0,0,0,1,1,1,0,1,0,0,0,0,0,0,0,1,0,0,0,0,0,1,0,0,0,0,0,0,0,0,0,0,0,0,0,0,0,0,0,0,0,0,0,1,,,,,0,,,,,,0,0,0,1,0,0,0,0,0,0,0,1,0,0,0,1,0,1,0,1,0,0,0,0,0,0,0,0,1,0,0,0,0,0,0,0,0,0,0,0,1,1,0,0,0,0,0,0,0,0,0,0,1,0,0,0,0,0,0,0,0,0,0,0,0,0,,0,1,0,,0,0,0,0,0,0,0,1,0,0,0,0,0,0,0,0,0,0,0,0,0,0,0,0,0,0,0,0,0,0,0,0,0,0,0,0,0,0,0,0,0,0,0,0,0,0,0,0,0,0,0,0,0,0,FALSE,FALSE,FALSE,Long Right,Hole High Left,Right,,
Pebble Beach - Blue,14,2/15/2026,Pebble Beach Golf Club,Pebble Beach - Blue- 14,,Scottie Scheffler,,Scottie Scheffler - Pebble Beach - Round 4 -2/15/26,Scottie Scheffler – Pebble Beach Golf Club – 2/15/26,,5,4,,,checked,308,,checked,checked,15,,,,,,,,264,,⬆️ Long,,,,,,,,,,1,,,,60 Degree Wedge,12,⬅️ Hole High Left,1,12,,,,,,,Blue,582,1,-1,74.9,74.9,144,18 Holes,12,,,12,0,0,5,-1,0,,,1,4,5,Birdie,1,Scottie Scheffler – Pebble Beach Golf Club – 2/15/26,1,1,0,Scottie Scheffler,1,100%,1,0,0,1,0,0,0,0,0,0,0,0,0,0,0,0,0,0,1,0,0,0,0,0,1,0,0,0,0,0,0,1,0,0,0,0,0,0,0,0,0,0,0,0,0,0,0,0,0,0,0,0,0,0,1,,,,,,,,,,-1,0,0,0,0,0,0,1,0,0,0,0,0,0,1,1,0,1,0,1,0,0,0,0,0,0,0,0,0,0,0,0,0,0,1,0,0,0,0,0,0,0,0,0,0,0,0,0,0,0,0,0,0,1,0,0,1,0,1,1,0,0,0,0,0,1,0,,0,0,0,,0,0,0,0,0,0,0,0,0,0,0,0,0,1,0,0,0,0,0,0,0,0,0,0,0,0,0,0,0,0,0,0,0,0,0,0,0,0,0,0,0,0,0,0,0,0,0,0,0,0,0,0,0,0,TRUE,TRUE,TRUE,,Hole High Left,,,
Pebble Beach - Blue,15,2/15/2026,Pebble Beach Golf Club,Pebble Beach - Blue- 15,,Scottie Scheffler,,Scottie Scheffler - Pebble Beach - Round 4 -2/15/26,Scottie Scheffler – Pebble Beach Golf Club – 2/15/26,,4,5,,,checked,282,,,,117,,,↖️ Long Left,,,,,,,,,,,,,,,1,60 Degree Wedge,,,,,,6.1,⬅️ Hole High Left,2,0.8,0.8,,,,,,Blue,393,13,1,74.9,74.9,144,18 Holes,,,,,1,0,4,1,0,,,1,5,4,Bogey,1,Scottie Scheffler – Pebble Beach Golf Club – 2/15/26,0,0,0,Scottie Scheffler,1,100%,0,0,0,0,0,1,0,0,1,1,1,0,0,0,1,0,0,0,0,1,0,0,0,0,0,0,0,0,0,0,0,0,0,0,0,0,0,0,0,1,0,0,0,0,0,0,0,0,0,0,0,0,0,0,1,,,,1,,,,,,,0,0,0,0,1,0,0,0,0,0,0,0,1,0,0,0,0,0,0,0,0,0,0,0,0,0,0,0,0,1,0,0,0,0,0,0,0,0,0,0,0,0,0,0,0,0,0,0,0,0,0,0,0,1,0,0,1,0,0,0,0,0,0,0,0,0,,0,0,0,,0,0,0,0,0,0,0,0,0,0,0,0,0,0,0,0,0,0,0,0,0,0,0,0,1,0,0,0,0,0,0,0,0,0,0,0,0,0,0,0,0,0,0,0,0,0,0,0,0,0,0,0,0,0,TRUE,FALSE,FALSE,Long Left,Hole High Left,,,
Pebble Beach - Blue,16,2/15/2026,Pebble Beach Golf Club,Pebble Beach - Blue- 16,,Scottie Scheffler,,Scottie Scheffler - Pebble Beach - Round 4 -2/15/26,Scottie Scheffler – Pebble Beach Golf Club – 2/15/26,,4,4,,,checked,308,,checked,checked,89,,,,,,,,,,,,,,,,,,,,,,,,,18.5,⬇️ Short,2,2.5,2.5,,,,,,Blue,400,11,0,74.9,74.9,144,18 Holes,18.5,,18.5,,0,0,4,0,0,,,1,4,4,Par,1,Scottie Scheffler – Pebble Beach Golf Club – 2/15/26,1,1,0,Scottie Scheffler,1,100%,1,0,0,0,1,0,0,0,0,0,0,0,0,0,0,0,0,0,0,1,0,0,0,1,0,0,0,0,0,0,0,0,0,0,0,0,0,0,1,0,0,0,0,0,0,0,0,0,0,0,0,0,0,0,1,,,,,,0,,,,,0,0,0,0,0,1,0,0,0,0,0,0,0,1,1,0,1,0,1,0,0,0,0,0,0,0,0,0,1,0,0,0,0,0,0,0,0,0,0,0,0,0,1,0,0,0,0,0,0,0,0,0,0,0,1,0,1,0,1,0,0,0,1,0,0,0,,0,0,0,,0,0,0,0,0,0,0,0,0,0,0,0,0,0,0,0,0,0,0,0,0,0,0,1,0,0,0,0,0,0,0,0,0,0,0,0,0,0,0,0,0,0,0,0,0,0,0,0,0,0,0,0,0,0,TRUE,TRUE,TRUE,,Short,,,
Pebble Beach - Blue,17,2/15/2026,Pebble Beach Golf Club,Pebble Beach - Blue- 17,,Scottie Scheffler,,Scottie Scheffler - Pebble Beach - Round 4 -2/15/26,Scottie Scheffler – Pebble Beach Golf Club – 2/15/26,,3,3,,,,,,checked,checked,185,,,,,,,,,,,,,,,,,,,,,,,,,21.5,⬇️ Short,2,1.5,1.5,,,,,,Blue,182,15,0,74.9,74.9,144,18 Holes,21.5,21.5,,,0,0,3,0,0,,,1,3,3,Par,0,Scottie Scheffler – Pebble Beach Golf Club – 2/15/26,1,1,0,Scottie Scheffler,0,N/A,0,0,0,0,1,0,0,0,0,0,0,0,0,0,0,0,0,0,0,1,0,0,0,1,0,0,0,0,0,0,0,0,0,0,0,0,0,0,1,0,0,0,0,0,0,0,0,0,0,0,0,0,0,0,1,0,,,,,,,,,,1,0,0,0,0,0,0,0,0,0,0,0,0,0,1,0,1,0,0,0,0,0,1,0,0,0,0,0,0,0,0,0,0,0,0,0,0,0,0,0,0,0,1,0,0,0,0,0,0,0,0,0,0,0,0,0,0,0,0,0,0,0,0,0,0,0,,0,0,0,,0,0,0,0,0,0,0,0,0,0,0,0,0,0,0,0,0,0,1,0,0,0,0,0,0,0,0,0,0,0,0,0,0,0,0,0,0,0,0,0,0,0,0,0,0,0,0,0,0,0,0,0,0,0,FALSE,TRUE,TRUE,,Short,,,
Pebble Beach - Blue,18,2/15/2026,Pebble Beach Golf Club,Pebble Beach - Blue- 18,,Scottie Scheffler,,Scottie Scheffler - Pebble Beach - Round 4 -2/15/26,Scottie Scheffler – Pebble Beach Golf Club – 2/15/26,,5,3,,,checked,329,,checked,checked,186,,,,,checked,,,,,,,,,,,,,,,,,,,,2.6,Tight (3 feet or less) ,1,2.6,,,,,,,Blue,536,5,-2,74.9,74.9,144,18 Holes,2.6,,,2.6,1,1,5,-2,0,,,1,3,5,Eagle,1,Scottie Scheffler – Pebble Beach Golf Club – 2/15/26,1,1,1,Scottie Scheffler,1,100%,1,0,1,0,0,0,0,0,0,0,0,0,0,0,0,0,0,0,1,0,0,0,0,0,0,1,0,0,0,0,1,0,0,0,0,0,0,0,0,0,0,0,0,0,0,0,0,0,0,0,0,0,0,0,1,,,,,,,,,,-2,0,0,0,0,0,0,1,0,0,0,0,0,0,1,1,0,1,0,1,0,0,0,0,0,0,0,0,0,0,0,0,0,1,0,0,0,0,0,0,0,0,0,1,0,0,0,0,0,0,0,0,0,0,0,0,1,0,1,1,1,0,0,0,0,1,1,,0,0,0,,0,0,0,0,0,0,0,0,0,0,0,0,1,0,0,0,0,0,0,0,0,0,0,0,0,0,0,0,0,0,0,0,0,0,0,0,0,0,0,0,0,0,0,0,0,0,0,0,0,0,0,0,0,0,TRUE,TRUE,TRUE,,Tight (3 feet or less),,,
Riviera - Blue,1,2/19/2026,Riviera Country Club,Riviera - Blue- 1,,Scottie Scheffler,,Scottie Scheffler - Riviera - Round 1 -2/19/26,Scottie Scheffler – Riviera Country Club – 2/19/26,,5,5,,,checked,315,,checked,checked,200,,,,,checked,,,,,,,,,,,,,,,,,,⬇️ Short,,29.5,⬇️ Short,3,2.4,4.8,2.4,,,,,Blue,503,17,0,74.6,74.6,135,18 Holes,29.5,,,29.5,0,0,5,0,1,5,5,0,,,Par,1,Scottie Scheffler – Riviera Country Club – 2/19/26,1,1,1,Scottie Scheffler,1,100%,1,0,0,0,1,0,0,0,0,0,0,0,0,0,0,0,0,0,0,0,1,0,0,1,0,0,0,0,0,0,0,0,0,0,0,0,0,0,0,0,0,0,0,0,1,0,0,0,0,0,0,0,0,0,1,,,,,,,,,,0,0,0,0,0,0,0,1,0,0,0,0,0,0,1,1,0,1,0,1,0,0,0,0,0,0,0,0,0,0,0,0,0,0,0,1,0,0,0,0,0,0,0,0,0,1,0,0,0,0,0,0,0,0,0,0,1,0,1,0,0,0,0,0,0,0,0,,0,0,0,,0,0,0,0,0,0,0,0,0,0,0,0,0,0,0,0,0,0,0,0,0,0,0,0,0,0,0,0,0,0,0,0,0,0,0,0,0,0,0,0,0,1,0,0,0,0,0,0,0,0,0,0,0,0,TRUE,TRUE,TRUE,,Short,,Short,
Riviera - Blue,2,2/19/2026,Riviera Country Club,Riviera - Blue- 2,,Scottie Scheffler,,Scottie Scheffler - Riviera - Round 1 -2/19/26,Scottie Scheffler – Riviera Country Club – 2/19/26,,4,5,,,,270,⬅️ Left,,,200,,,↘️ Short Right,,,,,,,,,,,,,,,1,60 Degree Wedge,,,,,,11.2,➡️ Hole High Right,2,4.3,4.3,,,,,,Blue,463,1,1,74.6,74.6,135,18 Holes,,,,,0,0,4,1,1,5,4,0,,,Bogey,0,Scottie Scheffler – Riviera Country Club – 2/19/26,0,0,0,Scottie Scheffler,1,0%,0,0,0,0,0,1,0,0,1,1,0,0,0,0,1,0,0,0,0,1,0,0,0,0,0,0,0,0,0,0,0,0,0,0,0,0,0,0,0,1,0,0,0,0,0,0,0,0,0,0,0,0,0,0,1,,,,,1,,,,,,0,0,0,1,0,0,0,0,0,0,0,1,0,0,0,1,0,1,0,1,0,0,0,0,0,0,0,0,0,1,0,0,0,0,0,0,0,0,0,0,0,0,0,0,0,1,0,0,0,0,0,0,0,0,0,0,0,0,0,0,0,0,0,0,0,0,,0,0,0,,0,0,0,0,0,0,0,0,0,0,0,0,0,0,0,0,0,0,0,0,0,0,0,0,1,0,0,0,0,0,0,0,0,0,0,0,0,0,0,0,0,0,0,0,0,0,0,0,0,0,0,0,0,0,FALSE,FALSE,FALSE,Short Right,Hole High Right,Left,,
Riviera - Blue,3,2/19/2026,Riviera Country Club,Riviera - Blue- 3,,Scottie Scheffler,,Scottie Scheffler - Riviera - Round 1 -2/19/26,Scottie Scheffler – Riviera Country Club – 2/19/26,,4,4,,,,256,➡️ Right,checked,checked,180,,,,,,,,,,,,,,,,,,,,,,,,,36.5,↘️ Short Right,2,2.7,2.7,,,,,,Blue,434,5,0,74.6,74.6,135,18 Holes,36.5,,36.5,,0,0,4,0,1,4,4,0,,,Par,0,Scottie Scheffler – Riviera Country Club – 2/19/26,1,1,0,Scottie Scheffler,1,0%,0,0,0,0,1,0,0,0,0,0,0,0,0,0,0,0,0,0,0,1,0,0,0,0,0,0,0,0,0,0,0,0,0,0,0,0,0,0,1,0,0,0,0,0,0,0,0,0,0,0,0,0,0,0,1,,,0,,,,,,,,0,0,1,0,0,0,0,0,0,0,1,0,0,0,0,0,0,0,0,0,0,0,0,0,0,0,0,0,1,0,0,0,0,0,0,0,0,0,0,0,0,0,0,0,1,0,0,0,0,0,0,0,0,0,1,0,0,0,0,0,0,0,0,0,0,0,,0,0,0,,0,0,0,0,0,0,0,0,0,0,0,0,0,0,0,0,0,0,0,0,0,0,0,1,0,0,0,0,0,0,0,0,0,0,0,0,0,0,0,0,0,0,0,0,0,0,0,0,0,0,0,0,0,0,FALSE,TRUE,TRUE,,Short Right,Right,,
Riviera - Blue,4,2/19/2026,Riviera Country Club,Riviera - Blue- 4,,Scottie Scheffler,,Scottie Scheffler - Riviera - Round 1 -2/19/26,Scottie Scheffler – Riviera Country Club – 2/19/26,,3,3,,,,,,checked,checked,220,,,,,,,,,,,,,,,,,,,,,,,,,57.1,↖️ Long Left,2,1.2,1.2,,,,,,Blue,236,7,0,74.6,74.6,135,18 Holes,57.1,57.1,,,0,0,3,0,1,3,3,0,,,Par,0,Scottie Scheffler – Riviera Country Club – 2/19/26,1,1,0,Scottie Scheffler,0,N/A,0,0,0,0,1,0,0,0,0,0,0,0,0,0,0,0,0,0,0,1,0,0,0,1,0,0,0,0,0,0,0,0,0,0,0,0,0,0,1,0,0,0,0,0,0,0,0,0,0,0,0,0,0,0,1,0,,,,,,,,,,1,0,0,0,0,0,0,0,0,0,0,0,0,0,1,0,1,0,0,0,0,0,1,0,0,0,0,0,0,0,0,0,0,0,0,0,0,0,0,0,0,0,0,0,0,0,0,0,0,0,1,0,0,0,0,0,0,0,0,0,0,0,0,0,0,0,,0,0,0,,0,0,0,0,0,0,0,0,0,0,0,0,0,0,0,0,0,0,1,0,0,0,0,0,0,0,0,0,0,0,0,0,0,0,0,0,0,0,0,0,0,0,0,0,0,0,0,0,0,0,0,0,0,0,FALSE,TRUE,TRUE,,Long Left,,,
Riviera - Blue,5,2/19/2026,Riviera Country Club,Riviera - Blue- 5,,Scottie Scheffler,,Scottie Scheffler - Riviera - Round 1 -2/19/26,Scottie Scheffler – Riviera Country Club – 2/19/26,,4,4,,,checked,278,,checked,checked,138,,,,,,,,,,,,,,,,,,,,,,,,,34.1,⬇️ Short,2,1,1,,,,,,Blue,419,11,0,74.6,74.6,135,18 Holes,34.1,,34.1,,0,0,4,0,1,4,4,0,,,Par,1,Scottie Scheffler – Riviera Country Club – 2/19/26,1,1,0,Scottie Scheffler,1,100%,1,0,0,0,1,0,0,0,0,0,0,0,0,0,0,0,0,0,0,1,0,0,0,1,0,0,0,0,0,0,0,0,0,0,0,0,0,0,1,0,0,0,0,0,0,0,0,0,0,0,0,0,0,0,1,,,,,,0,,,,,0,0,0,0,0,1,0,0,0,0,0,0,0,1,1,0,1,0,1,0,0,0,0,0,0,0,0,0,1,0,0,0,0,0,0,0,0,0,0,0,0,0,0,0,0,0,0,0,0,0,1,0,0,0,1,0,1,0,0,0,0,0,0,0,0,0,,0,0,0,,0,0,0,0,0,0,0,0,0,0,0,0,0,0,0,0,0,0,0,0,0,0,0,1,0,0,0,0,0,0,0,0,0,0,0,0,0,0,0,0,0,0,0,0,0,0,0,0,0,0,0,0,0,0,TRUE,TRUE,TRUE,,Short,,,
Riviera - Blue,6,2/19/2026,Riviera Country Club,Riviera - Blue- 6,,Scottie Scheffler,,Scottie Scheffler - Riviera - Round 1 -2/19/26,Scottie Scheffler – Riviera Country Club – 2/19/26,,3,4,,,,,,,,201,,,↙️ Short Left,,,,,,,,,,,,,,,1,60 Degree Wedge,,,,,,5.8,➡️ Hole High Right,2,1.1,1.1,,,,,,Blue,175,15,1,74.6,74.6,135,18 Holes,,,,,1,0,3,1,1,4,3,0,,,Bogey,0,Scottie Scheffler – Riviera Country Club – 2/19/26,0,0,0,Scottie Scheffler,0,N/A,0,0,0,0,0,1,0,0,1,1,1,0,0,0,1,0,0,0,0,1,0,0,0,0,0,0,0,0,0,0,0,0,0,0,0,0,0,0,0,1,0,0,0,0,0,0,0,0,0,0,0,0,0,0,1,,1,,,,,,,,,0,1,0,0,0,0,0,0,0,0,0,0,0,0,0,1,0,1,0,0,0,0,0,1,0,0,0,0,0,0,0,0,0,0,0,0,0,0,0,0,0,0,0,0,0,0,0,0,0,0,0,1,0,0,0,0,0,0,0,0,0,0,0,0,0,0,,0,0,0,,0,0,0,0,0,0,0,0,0,0,0,0,0,0,0,0,0,0,0,1,0,0,0,0,0,0,0,0,0,0,0,0,0,0,0,0,0,0,0,0,0,0,0,0,0,0,0,0,0,0,0,0,0,0,FALSE,FALSE,FALSE,Short Left,Hole High Right,,,
Riviera - Blue,7,2/19/2026,Riviera Country Club,Riviera - Blue- 7,,Scottie Scheffler,,Scottie Scheffler - Riviera - Round 1 -2/19/26,Scottie Scheffler – Riviera Country Club – 2/19/26,,4,4,,,checked,271,,,,137,,,⬇️ Short,,,,,,,,,,,,,,,1,60 Degree Wedge,,,,,,2,Tight (3 feet or less) ,1,2,,,,,,,Blue,408,9,0,74.6,74.6,135,18 Holes,,,,,1,1,4,0,1,4,4,0,,,Par,1,Scottie Scheffler – Riviera Country Club – 2/19/26,0,0,0,Scottie Scheffler,1,100%,0,0,0,0,1,0,0,0,1,1,1,1,1,1,1,1,1,0,1,0,0,0,0,0,0,0,0,0,0,0,0,0,1,0,0,0,0,0,0,0,0,0,0,0,0,0,0,0,0,0,0,0,0,0,1,,,,0,,,,,,,0,0,0,0,1,0,0,0,0,0,0,0,1,0,0,0,0,0,0,0,0,0,0,0,0,0,0,0,1,0,0,0,0,0,0,0,0,0,0,0,1,1,0,1,0,0,0,0,0,0,0,0,0,0,0,0,1,0,0,0,0,0,0,0,0,0,,0,1,0,,0,0,0,0,0,0,0,1,0,0,0,0,0,0,0,0,0,0,0,0,0,0,0,0,0,0,0,0,0,0,0,0,0,0,0,0,0,0,0,0,0,0,0,0,0,0,0,0,0,0,0,0,0,0,TRUE,FALSE,FALSE,Short,Tight (3 feet or less),,,
Riviera - Blue,8,2/19/2026,Riviera Country Club,Riviera - Blue- 8,,Scottie Scheffler,,Scottie Scheffler - Riviera - Round 1 -2/19/26,Scottie Scheffler – Riviera Country Club – 2/19/26,,4,6,,,,322,➡️ Right,,,107,,,⬆️ Long,,,,,,,,,,,,,,,1,60 Degree Wedge,,,,,,20.7,⬆️ Long,3,1.2,5,1.2,,,,,Blue,416,13,2,74.6,74.6,135,18 Holes,,,,,0,0,4,2,1,6,4,0,,,Double Bogey,0,Scottie Scheffler – Riviera Country Club – 2/19/26,0,0,0,Scottie Scheffler,1,0%,0,0,0,0,0,0,1,0,1,1,0,0,0,0,1,0,0,0,0,0,1,0,0,0,0,0,0,0,0,0,0,0,0,0,0,0,0,0,0,0,0,0,0,0,0,0,1,0,0,0,0,0,0,0,1,,,,,2,,,,,,0,0,0,1,0,0,0,0,0,0,0,1,0,0,0,1,0,1,0,1,0,0,0,0,0,0,0,0,0,0,1,0,0,0,0,0,0,0,0,0,0,0,0,0,0,0,0,1,0,0,0,0,0,0,0,0,0,0,0,0,0,0,0,0,0,0,,0,0,0,,0,0,0,0,0,0,0,0,0,0,0,0,0,0,0,0,0,0,0,0,0,0,0,0,0,0,0,0,0,0,0,0,0,0,0,0,0,0,1,0,0,0,0,0,0,0,0,0,0,0,0,0,0,0,FALSE,FALSE,FALSE,Long,Long,Right,,
Riviera - Blue,9,2/19/2026,Riviera Country Club,Riviera - Blue- 9,,Scottie Scheffler,,Scottie Scheffler - Riviera - Round 1 -2/19/26,Scottie Scheffler – Riviera Country Club – 2/19/26,,4,4,,,,312,⬅️ Left,checked,checked,159,,,,,,,,,,,,,,,,,,,,,,,,,27.5,⬇️ Short,2,4.4,4.4,,,,,,Blue,420,3,0,74.6,74.6,135,18 Holes,27.5,,27.5,,0,0,4,0,1,4,4,0,,,Par,0,Scottie Scheffler – Riviera Country Club – 2/19/26,1,1,0,Scottie Scheffler,1,0%,0,0,0,0,1,0,0,0,0,0,0,0,0,0,0,0,0,0,0,1,0,0,0,0,0,0,0,0,0,0,0,0,0,0,0,0,0,0,1,0,0,0,0,0,0,0,0,0,0,0,0,0,0,0,1,,,0,,,,,,,,0,0,1,0,0,0,0,0,0,0,1,0,0,0,0,0,0,0,0,0,0,0,0,0,0,0,0,0,1,0,0,0,0,0,0,0,0,0,0,0,0,0,0,1,0,0,0,0,0,0,0,0,0,0,1,0,0,0,0,0,0,0,0,0,0,0,,0,0,0,,0,0,0,0,0,0,0,0,0,0,0,0,0,0,0,0,0,0,0,0,0,0,0,1,0,0,0,0,0,0,0,0,0,0,0,0,0,0,0,0,0,0,0,0,0,0,0,0,0,0,0,0,0,0,FALSE,TRUE,TRUE,,Short,Left,,
Riviera - Blue,10,2/19/2026,Riviera Country Club,Riviera - Blue- 10,,Scottie Scheffler,,Scottie Scheffler - Riviera - Round 1 -2/19/26,Scottie Scheffler – Riviera Country Club – 2/19/26,,4,5,,,,289,⬅️ Left,,,49,,,↙️ Short Left,,,,,,,,,,,,,,1,1,60 Degree Wedge,,,,,,4.2,⬅️ Hole High Left,2,1.2,1.2,,,,,,Blue,315,16,1,74.6,74.6,135,18 Holes,,,,,1,0,4,1,0,,,1,5,4,Bogey,0,Scottie Scheffler – Riviera Country Club – 2/19/26,0,0,0,Scottie Scheffler,1,0%,0,0,0,0,0,1,0,0,1,1,1,0,1,0,1,0,0,1,0,1,0,0,0,0,0,0,0,0,0,1,0,0,0,0,0,0,0,0,0,1,0,0,0,0,0,0,0,0,0,0,0,0,0,0,1,,,,,1,,,,,,0,0,0,1,0,0,0,0,0,0,0,1,0,0,0,1,0,1,0,1,0,0,0,0,0,0,0,0,0,1,0,0,0,0,0,0,0,0,0,0,0,0,0,0,0,0,0,0,0,1,0,0,0,0,0,0,0,0,0,0,0,0,0,0,0,0,,0,0,0,,0,0,0,0,0,0,0,0,0,0,0,0,0,0,0,0,0,0,0,0,0,0,0,0,1,0,0,0,0,0,0,0,0,0,0,0,0,0,0,0,0,0,0,0,0,0,0,0,0,0,0,0,0,0,FALSE,FALSE,FALSE,Short Left,Hole High Left,Left,,
Riviera - Blue,11,2/19/2026,Riviera Country Club,Riviera - Blue- 11,,Scottie Scheffler,,Scottie Scheffler - Riviera - Round 1 -2/19/26,Scottie Scheffler – Riviera Country Club – 2/19/26,,5,5,,,,310,⬅️ Left,checked,checked,40,,,,,,,,279,,↘️ Short Right,,,,,,,,,,1,,,,60 Degree Wedge,8.8,⬅️ Hole High Left,2,2,2,,,,,,Blue,583,10,0,74.6,74.6,135,18 Holes,8.8,,,8.8,1,0,5,0,0,,,1,5,5,Par,0,Scottie Scheffler – Riviera Country Club – 2/19/26,1,1,0,Scottie Scheffler,1,0%,0,0,0,0,1,0,0,0,0,0,0,0,0,0,0,0,0,0,0,1,0,0,0,0,0,0,0,0,0,0,0,0,0,0,0,0,0,0,1,0,0,0,0,0,0,0,0,0,0,0,0,0,0,0,1,,,,,,,0,,,,0,0,0,0,0,0,0,0,1,0,1,0,0,0,0,0,0,0,0,0,0,0,0,0,0,0,0,0,0,0,0,0,0,0,1,0,0,0,0,0,0,0,0,0,0,0,0,0,1,0,0,0,0,0,0,1,0,0,1,1,0,0,0,0,1,1,,0,0,0,,0,0,0,0,0,0,0,0,0,0,0,0,0,0,0,0,0,0,0,0,0,0,0,0,0,0,0,0,0,1,0,0,0,0,0,0,0,0,0,0,0,0,0,0,0,0,0,0,0,0,0,0,0,0,FALSE,TRUE,TRUE,,Hole High Left,Left,,
Riviera - Blue,12,2/19/2026,Riviera Country Club,Riviera - Blue- 12,,Scottie Scheffler,,Scottie Scheffler - Riviera - Round 1 -2/19/26,Scottie Scheffler – Riviera Country Club – 2/19/26,,4,4,,,checked,315,,,,132,,,↖️ Long Left,,,,,,,,,,,,,,,1,60 Degree Wedge,,,,,,8.4,➡️ Hole High Right,1,8.4,,,,,,,Blue,410,8,0,74.6,74.6,135,18 Holes,,,,,1,1,4,0,0,,,1,4,4,Par,1,Scottie Scheffler – Riviera Country Club – 2/19/26,0,0,0,Scottie Scheffler,1,100%,0,0,0,0,1,0,0,0,1,1,1,1,0,0,1,1,1,0,1,0,0,0,0,0,0,0,0,0,0,0,0,0,1,0,0,0,0,0,0,0,0,0,0,0,0,0,0,0,0,0,0,0,0,0,1,,,,0,,,,,,,0,0,0,0,1,0,0,0,0,0,0,0,1,0,0,0,0,0,0,0,0,0,0,0,0,0,0,0,1,0,0,0,0,0,0,0,0,0,0,0,1,1,0,0,0,0,0,0,1,0,0,0,0,0,0,0,1,0,0,0,0,0,0,0,0,0,,0,1,0,,0,0,0,0,0,0,0,1,0,0,0,0,0,0,0,0,0,0,0,0,0,0,0,0,0,0,0,0,0,0,0,0,0,0,0,0,0,0,0,0,0,0,0,0,0,0,0,0,0,0,0,0,0,0,TRUE,FALSE,FALSE,Long Left,Hole High Right,,,
Riviera - Blue,13,2/19/2026,Riviera Country Club,Riviera - Blue- 13,,Scottie Scheffler,,Scottie Scheffler - Riviera - Round 1 -2/19/26,Scottie Scheffler – Riviera Country Club – 2/19/26,,4,3,,,checked,323,,checked,checked,122,,,,,,,,,,,,,,,,,,,,,,,,,7.2,⬇️ Short,1,7.2,,,,,,,Blue,438,6,-1,74.6,74.6,135,18 Holes,7.2,,7.2,,1,1,4,-1,0,,,1,3,4,Birdie,1,Scottie Scheffler – Riviera Country Club – 2/19/26,1,1,0,Scottie Scheffler,1,100%,1,0,0,1,0,0,0,0,0,0,0,0,0,0,0,0,0,0,1,0,0,0,0,0,1,0,0,0,0,0,0,1,0,0,0,0,0,0,0,0,0,0,0,0,0,0,0,0,0,0,0,0,0,0,1,,,,,,-1,,,,,0,0,0,0,0,1,0,0,0,0,0,0,0,1,1,0,1,0,1,0,0,0,0,0,0,0,0,1,0,0,0,0,0,0,0,0,0,0,0,0,0,0,0,0,0,0,0,0,0,0,0,0,1,0,1,0,1,0,1,1,0,0,1,1,0,0,,0,0,0,,0,0,0,0,0,0,1,0,0,0,0,0,0,0,0,0,0,0,0,0,0,0,0,0,0,0,0,0,0,0,0,0,0,0,0,0,0,0,0,0,0,0,0,0,0,0,0,0,0,0,0,0,0,0,TRUE,TRUE,TRUE,,Short,,,
Riviera - Blue,14,2/19/2026,Riviera Country Club,Riviera - Blue- 14,,Scottie Scheffler,,Scottie Scheffler - Riviera - Round 1 -2/19/26,Scottie Scheffler – Riviera Country Club – 2/19/26,,3,2,,,,,,checked,checked,181,,,,,,,,,,,,,,,,,,,,,,,,,20.7,⬅️ Hole High Left,1,20.7,,,,,,,Blue,176,18,-1,74.6,74.6,135,18 Holes,20.7,20.7,,,0,0,3,-1,0,,,1,2,3,Birdie,0,Scottie Scheffler – Riviera Country Club – 2/19/26,1,1,0,Scottie Scheffler,0,N/A,0,0,0,1,0,0,0,0,0,0,0,0,0,0,0,0,0,0,1,0,0,0,0,0,1,0,0,0,0,0,0,1,0,0,0,0,0,0,0,0,0,0,0,0,0,0,0,0,0,0,0,0,0,0,1,-1,,,,,,,,,,1,0,0,0,0,0,0,0,0,0,0,0,0,0,1,0,1,0,0,0,0,1,0,0,0,0,0,0,0,0,0,0,0,0,0,0,0,0,0,0,0,0,0,0,0,0,0,0,0,0,0,0,1,0,0,0,0,0,0,0,0,0,0,0,0,0,,0,0,0,,1,0,0,0,0,0,0,0,0,0,0,0,0,0,0,0,0,0,0,0,0,0,0,0,0,0,0,0,0,0,0,0,0,0,0,0,0,0,0,0,0,0,0,0,0,0,0,0,0,0,0,0,0,0,FALSE,TRUE,TRUE,,Hole High Left,,,
Riviera - Blue,15,2/19/2026,Riviera Country Club,Riviera - Blue- 15,,Scottie Scheffler,,Scottie Scheffler - Riviera - Round 1 -2/19/26,Scottie Scheffler – Riviera Country Club – 2/19/26,,4,4,,,,298,➡️ Right,,,161,,,⬅️ Left,,,,,,,,,,,,,,,1,60 Degree Wedge,,,,,,5.9,➡️ Hole High Right,1,5.9,,,,,,,Blue,443,2,0,74.6,74.6,135,18 Holes,,,,,1,1,4,0,0,,,1,4,4,Par,0,Scottie Scheffler – Riviera Country Club – 2/19/26,0,0,0,Scottie Scheffler,1,0%,0,0,0,0,1,0,0,0,1,1,1,1,0,0,1,1,1,0,1,0,0,0,0,0,0,0,1,0,0,0,0,0,1,0,0,0,0,0,0,0,0,0,0,0,0,0,0,0,0,0,0,0,0,0,1,,,,,0,,,,,,0,0,0,1,0,0,0,0,0,0,0,1,0,0,0,1,0,1,0,1,0,0,0,0,0,0,0,0,1,0,0,0,0,0,0,0,0,0,0,0,1,1,0,0,0,0,0,0,0,0,0,0,1,0,0,0,0,0,0,0,0,0,0,0,0,0,,0,1,0,,0,0,0,0,0,0,0,1,0,0,0,0,0,0,0,0,0,0,0,0,0,0,0,0,0,0,0,0,0,0,0,0,0,0,0,0,0,0,0,0,0,0,0,0,0,0,0,0,0,0,0,0,0,0,FALSE,FALSE,FALSE,Left,Hole High Right,Right,,
Riviera - Blue,16,2/19/2026,Riviera Country Club,Riviera - Blue- 16,,Scottie Scheffler,,Scottie Scheffler - Riviera - Round 1 -2/19/26,Scottie Scheffler – Riviera Country Club – 2/19/26,,3,3,,,,,,checked,checked,165,,,,,,,,,,,,,,,,,,,,,,,,,16.2,⬇️ Short,2,0.8,0.8,,,,,,Blue,166,14,0,74.6,74.6,135,18 Holes,16.2,16.2,,,0,0,3,0,0,,,1,3,3,Par,0,Scottie Scheffler – Riviera Country Club – 2/19/26,1,1,0,Scottie Scheffler,0,N/A,0,0,0,0,1,0,0,0,0,0,0,0,0,0,0,0,0,0,0,1,0,0,0,1,0,0,0,0,0,0,0,0,0,0,0,0,0,0,1,0,0,0,0,0,0,0,0,0,0,0,0,0,0,0,1,0,,,,,,,,,,1,0,0,0,0,0,0,0,0,0,0,0,0,0,1,0,1,0,0,0,0,0,1,0,0,0,0,0,0,0,0,0,0,0,0,0,0,0,0,0,0,0,1,0,0,0,0,0,0,0,0,0,0,0,0,0,0,0,1,0,1,0,0,0,0,0,,0,0,0,,0,0,0,0,0,0,0,0,0,0,0,0,0,0,0,0,0,0,1,0,0,0,0,0,0,0,0,0,0,0,0,0,0,0,0,0,0,0,0,0,0,0,0,0,0,0,0,0,0,0,0,0,0,0,FALSE,TRUE,TRUE,,Short,,,
Riviera - Blue,17,2/19/2026,Riviera Country Club,Riviera - Blue- 17,,Scottie Scheffler,,Scottie Scheffler - Riviera - Round 1 -2/19/26,Scottie Scheffler – Riviera Country Club – 2/19/26,,5,5,checked,,checked,269,,checked,checked,72,,,,,,,,308,,⬇️ Short,,,,,,,,,,,,,,,10.5,⬅️ Hole High Left,2,2.5,2.5,,,,,,Blue,576,12,0,74.6,74.6,135,18 Holes,10.5,,,10.5,0,0,5,0,0,,,1,5,5,Par,1,Scottie Scheffler – Riviera Country Club – 2/19/26,1,1,0,Scottie Scheffler,1,100%,1,0,0,0,1,0,0,0,0,0,0,0,0,0,0,0,0,0,0,1,0,0,0,1,0,0,0,0,0,0,0,0,0,0,0,0,0,0,1,0,0,0,0,0,0,0,0,0,0,0,0,0,0,0,1,,,,,,,,,,0,0,0,0,0,0,0,1,0,0,0,0,0,0,1,1,0,1,0,1,0,0,0,0,0,0,0,0,0,0,0,0,0,0,0,1,0,0,0,0,0,0,0,1,0,0,0,0,0,0,0,0,0,0,0,0,1,0,1,1,0,0,0,0,0,1,0,,0,0,0,,0,0,0,0,0,0,0,0,0,0,0,0,0,0,0,0,0,0,0,0,0,0,0,0,0,0,0,0,0,1,0,0,0,0,0,0,0,0,0,0,0,0,0,0,0,0,0,0,0,0,0,0,0,0,TRUE,TRUE,TRUE,,Hole High Left,,,
Riviera - Blue,18,2/19/2026,Riviera Country Club,Riviera - Blue- 18,,Scottie Scheffler,,Scottie Scheffler - Riviera - Round 1 -2/19/26,Scottie Scheffler – Riviera Country Club – 2/19/26,,4,4,,,checked,281,,checked,checked,208,,,,,,,,,,,,,,,,,,,,,,,,,36.3,⬅️ Hole High Left,2,1.8,1.8,,,,,,Blue,451,4,0,74.6,74.6,135,18 Holes,36.3,,36.3,,0,0,4,0,0,,,1,4,4,Par,1,Scottie Scheffler – Riviera Country Club – 2/19/26,1,1,0,Scottie Scheffler,1,100%,1,0,0,0,1,0,0,0,0,0,0,0,0,0,0,0,0,0,0,1,0,0,0,1,0,0,0,0,0,0,0,0,0,0,0,0,0,0,1,0,0,0,0,0,0,0,0,0,0,0,0,0,0,0,1,,,,,,0,,,,,0,0,0,0,0,1,0,0,0,0,0,0,0,1,1,0,1,0,1,0,0,0,0,0,0,0,0,0,1,0,0,0,0,0,0,0,0,0,0,0,0,0,1,0,0,0,0,0,0,0,0,0,0,0,1,0,1,0,0,0,0,0,0,0,0,0,,0,0,0,,0,0,0,0,0,0,0,0,0,0,0,0,0,0,0,0,0,0,0,0,0,0,0,1,0,0,0,0,0,0,0,0,0,0,0,0,0,0,0,0,0,0,0,0,0,0,0,0,0,0,0,0,0,0,TRUE,TRUE,TRUE,,Hole High Left,,,
Riviera - Blue,1,2/20/2026,Riviera Country Club,Riviera - Blue- 1,,Scottie Scheffler,,Scottie Scheffler - Riviera - Round 2 -2/20/26,Scottie Scheffler – Riviera Country Club – 2/20/26,,5,4,,,checked,303,,checked,checked,192,,,,,checked,,,,,,,,,,,,,,,,,,,,24.7,⬅️ Hole High Left,2,1.2,1.2,,,,,,Blue,503,17,-1,74.6,74.6,135,18 Holes,24.7,,,24.7,0,0,5,-1,1,4,5,0,,,Birdie,1,Scottie Scheffler – Riviera Country Club – 2/20/26,1,1,1,Scottie Scheffler,1,100%,1,0,0,1,0,0,0,0,0,0,0,0,0,0,0,0,0,0,0,1,0,0,0,0,1,0,0,0,0,0,0,0,0,0,0,0,0,1,0,0,0,0,0,0,0,0,0,0,0,0,0,0,0,0,1,,,,,,,,,,-1,0,0,0,0,0,0,1,0,0,0,0,0,0,1,1,0,1,0,1,0,0,0,0,0,0,0,0,0,0,0,0,0,0,1,0,0,0,0,0,0,0,0,0,0,1,0,0,0,0,0,0,0,0,0,0,1,0,1,0,0,0,0,0,0,0,0,,0,0,0,,0,0,0,0,0,0,0,0,0,0,0,0,0,0,0,0,0,0,0,0,0,0,0,0,0,0,0,0,1,0,0,0,0,0,0,0,0,0,0,0,0,0,0,0,0,0,0,0,0,0,0,0,0,0,TRUE,TRUE,TRUE,,Hole High Left,,,
Riviera - Blue,2,2/20/2026,Riviera Country Club,Riviera - Blue- 2,,Scottie Scheffler,,Scottie Scheffler - Riviera - Round 2 -2/20/26,Scottie Scheffler – Riviera Country Club – 2/20/26,,4,5,,,,274,➡️ Right,,,204,,,↗️ Long Right,,,,,,,,,,,,,,,2,60 Degree Wedge,,,,,,4.4,⬅️ Hole High Left,1,4.4,,,,,,,Blue,463,1,1,74.6,74.6,135,18 Holes,,,,,1,1,4,1,1,5,4,0,,,Bogey,0,Scottie Scheffler – Riviera Country Club – 2/20/26,0,0,0,Scottie Scheffler,1,0%,0,0,0,0,0,1,0,0,2,1,0,0,0,0,1,0,1,0,1,0,0,0,0,0,0,0,0,0,0,0,0,0,0,1,0,0,0,0,0,0,0,0,0,0,0,0,0,0,0,0,0,0,0,0,1,,,,,1,,,,,,0,0,0,1,0,0,0,0,0,0,0,1,0,0,0,1,0,1,0,1,0,0,0,0,0,0,0,0,0,1,0,0,0,0,0,0,0,0,0,0,0,1,0,0,0,1,0,0,0,0,0,0,0,0,0,0,0,0,0,0,0,0,0,0,0,0,,0,0,0,,0,0,0,0,0,0,0,0,1,0,0,0,0,0,0,0,0,0,0,0,0,0,0,0,0,0,0,0,0,0,0,0,0,0,0,0,0,0,0,0,0,0,0,0,0,0,0,0,0,0,0,0,0,0,FALSE,FALSE,FALSE,Long Right,Hole High Left,Right,,
Riviera - Blue,3,2/20/2026,Riviera Country Club,Riviera - Blue- 3,,Scottie Scheffler,,Scottie Scheffler - Riviera - Round 2 -2/20/26,Scottie Scheffler – Riviera Country Club – 2/20/26,,4,4,,,,320,⬅️ Left,checked,checked,111,,,,,,,,,,,,,,,,,,,,,,,,,17,⬅️ Hole High Left,2,2.3,2.3,,,,,,Blue,434,5,0,74.6,74.6,135,18 Holes,17,,17,,0,0,4,0,1,4,4,0,,,Par,0,Scottie Scheffler – Riviera Country Club – 2/20/26,1,1,0,Scottie Scheffler,1,0%,0,0,0,0,1,0,0,0,0,0,0,0,0,0,0,0,0,0,0,1,0,0,0,0,0,0,0,0,0,0,0,0,0,0,0,0,0,0,1,0,0,0,0,0,0,0,0,0,0,0,0,0,0,0,1,,,0,,,,,,,,0,0,1,0,0,0,0,0,0,0,1,0,0,0,0,0,0,0,0,0,0,0,0,0,0,0,0,0,1,0,0,0,0,0,0,0,0,0,0,0,0,0,0,0,1,0,0,0,0,0,0,0,0,0,1,0,0,0,1,0,0,0,1,0,0,0,,0,0,0,,0,0,0,0,0,0,0,0,0,0,0,0,0,0,0,0,0,0,0,0,0,0,0,1,0,0,0,0,0,0,0,0,0,0,0,0,0,0,0,0,0,0,0,0,0,0,0,0,0,0,0,0,0,0,FALSE,TRUE,TRUE,,Hole High Left,Left,,
Riviera - Blue,4,2/20/2026,Riviera Country Club,Riviera - Blue- 4,,Scottie Scheffler,,Scottie Scheffler - Riviera - Round 2 -2/20/26,Scottie Scheffler – Riviera Country Club – 2/20/26,,3,3,,,,,,checked,checked,232,,,,,,,,,,,,,,,,,,,,,,,,,12.5,↙️ Short Left,2,5.3,5.3,,,,,,Blue,236,7,0,74.6,74.6,135,18 Holes,12.5,12.5,,,0,0,3,0,1,3,3,0,,,Par,0,Scottie Scheffler – Riviera Country Club – 2/20/26,1,1,0,Scottie Scheffler,0,N/A,0,0,0,0,1,0,0,0,0,0,0,0,0,0,0,0,0,0,0,1,0,0,0,1,0,0,0,0,0,0,0,0,0,0,0,0,0,0,1,0,0,0,0,0,0,0,0,0,0,0,0,0,0,0,1,0,,,,,,,,,,1,0,0,0,0,0,0,0,0,0,0,0,0,0,1,0,1,0,0,0,0,0,1,0,0,0,0,0,0,0,0,0,0,0,0,0,0,0,0,0,0,0,0,0,0,0,0,0,0,0,1,0,0,0,0,0,0,0,1,0,1,0,0,0,0,0,,0,0,0,,0,0,0,0,0,0,0,0,0,0,0,0,0,0,0,0,0,0,1,0,0,0,0,0,0,0,0,0,0,0,0,0,0,0,0,0,0,0,0,0,0,0,0,0,0,0,0,0,0,0,0,0,0,0,FALSE,TRUE,TRUE,,Short Left,,,
Riviera - Blue,5,2/20/2026,Riviera Country Club,Riviera - Blue- 5,,Scottie Scheffler,,Scottie Scheffler - Riviera - Round 2 -2/20/26,Scottie Scheffler – Riviera Country Club – 2/20/26,,4,4,,,,270,⬅️ Left,checked,checked,169,,,,,,,,,,,,,,,,,,,,,,,,,22.8,⬇️ Short,2,0.8,0.8,,,,,,Blue,419,11,0,74.6,74.6,135,18 Holes,22.8,,22.8,,0,0,4,0,1,4,4,0,,,Par,0,Scottie Scheffler – Riviera Country Club – 2/20/26,1,1,0,Scottie Scheffler,1,0%,0,0,0,0,1,0,0,0,0,0,0,0,0,0,0,0,0,0,0,1,0,0,0,0,0,0,0,0,0,0,0,0,0,0,0,0,0,0,1,0,0,0,0,0,0,0,0,0,0,0,0,0,0,0,1,,,0,,,,,,,,0,0,1,0,0,0,0,0,0,0,1,0,0,0,0,0,0,0,0,0,0,0,0,0,0,0,0,0,1,0,0,0,0,0,0,0,0,0,0,0,0,0,0,0,0,0,0,0,0,0,1,0,0,0,1,0,0,0,0,0,0,0,0,0,0,0,,0,0,0,,0,0,0,0,0,0,0,0,0,0,0,0,0,0,0,0,0,0,0,0,0,0,0,1,0,0,0,0,0,0,0,0,0,0,0,0,0,0,0,0,0,0,0,0,0,0,0,0,0,0,0,0,0,0,FALSE,TRUE,TRUE,,Short,Left,,
Riviera - Blue,6,2/20/2026,Riviera Country Club,Riviera - Blue- 6,,Scottie Scheffler,,Scottie Scheffler - Riviera - Round 2 -2/20/26,Scottie Scheffler – Riviera Country Club – 2/20/26,,3,3,,,,,,checked,checked,188,,,,,,,,,,,,,,,,,,,,,,,,,9.5,⬆️ Long,2,0.1,0.1,,,,,,Blue,175,15,0,74.6,74.6,135,18 Holes,9.5,9.5,,,1,0,3,0,1,3,3,0,,,Par,0,Scottie Scheffler – Riviera Country Club – 2/20/26,1,1,0,Scottie Scheffler,0,N/A,0,0,0,0,1,0,0,0,0,0,0,0,0,0,0,0,0,0,0,1,0,0,0,1,0,0,0,0,0,0,0,0,0,0,0,0,0,0,1,0,0,0,0,0,0,0,0,0,0,0,0,0,0,0,1,0,,,,,,,,,,1,0,0,0,0,0,0,0,0,0,0,0,0,0,1,0,1,0,0,0,0,0,1,0,0,0,0,0,0,0,0,0,0,0,0,0,0,0,0,0,0,0,0,0,0,0,0,0,0,0,1,0,0,0,0,0,0,0,1,1,1,1,0,0,0,0,,0,0,0,,0,0,0,0,0,0,0,0,0,0,0,0,0,0,0,0,0,0,1,0,0,0,0,0,0,0,0,0,0,0,0,0,0,0,0,0,0,0,0,0,0,0,0,0,0,0,0,0,0,0,0,0,0,0,FALSE,TRUE,TRUE,,Long,,,
Riviera - Blue,7,2/20/2026,Riviera Country Club,Riviera - Blue- 7,,Scottie Scheffler,,Scottie Scheffler - Riviera - Round 2 -2/20/26,Scottie Scheffler – Riviera Country Club – 2/20/26,,4,5,,,checked,258,,,,144,,,↗️ Long Right,,,,,,,,,,,,,,,1,60 Degree Wedge,,,,,,9.1,⬅️ Hole High Left,2,3,3,,,,,,Blue,408,9,1,74.6,74.6,135,18 Holes,,,,,1,0,4,1,1,5,4,0,,,Bogey,1,Scottie Scheffler – Riviera Country Club – 2/20/26,0,0,0,Scottie Scheffler,1,100%,0,0,0,0,0,1,0,0,1,1,1,0,0,0,1,0,0,0,0,1,0,0,0,0,0,0,0,0,0,0,0,0,0,0,0,0,0,0,0,1,0,0,0,0,0,0,0,0,0,0,0,0,0,0,1,,,,1,,,,,,,0,0,0,0,1,0,0,0,0,0,0,0,1,0,0,0,0,0,0,0,0,0,0,0,0,0,0,0,0,1,0,0,0,0,0,0,0,0,0,0,0,0,0,0,0,0,0,1,0,0,0,0,0,0,0,0,1,0,0,0,0,0,0,0,0,0,,0,0,0,,0,0,0,0,0,0,0,0,0,0,0,0,0,0,0,0,0,0,0,0,0,0,0,0,1,0,0,0,0,0,0,0,0,0,0,0,0,0,0,0,0,0,0,0,0,0,0,0,0,0,0,0,0,0,TRUE,FALSE,FALSE,Long Right,Hole High Left,,,
Riviera - Blue,8,2/20/2026,Riviera Country Club,Riviera - Blue- 8,,Scottie Scheffler,,Scottie Scheffler - Riviera - Round 2 -2/20/26,Scottie Scheffler – Riviera Country Club – 2/20/26,,4,4,,,,288,⬅️ Left,checked,checked,160,,,,,,,,,,,,,,,,,,,,,,,,,50.8,⬇️ Short,2,1.5,1.5,,,,,,Blue,416,13,0,74.6,74.6,135,18 Holes,50.8,,50.8,,0,0,4,0,1,4,4,0,,,Par,0,Scottie Scheffler – Riviera Country Club – 2/20/26,1,1,0,Scottie Scheffler,1,0%,0,0,0,0,1,0,0,0,0,0,0,0,0,0,0,0,0,0,0,1,0,0,0,0,0,0,0,0,0,0,0,0,0,0,0,0,0,0,1,0,0,0,0,0,0,0,0,0,0,0,0,0,0,0,1,,,0,,,,,,,,0,0,1,0,0,0,0,0,0,0,1,0,0,0,0,0,0,0,0,0,0,0,0,0,0,0,0,0,1,0,0,0,0,0,0,0,0,0,0,0,0,0,0,1,0,0,0,0,0,0,0,0,0,0,1,0,0,0,0,0,0,0,0,0,0,0,,0,0,0,,0,0,0,0,0,0,0,0,0,0,0,0,0,0,0,0,0,0,0,0,0,0,0,1,0,0,0,0,0,0,0,0,0,0,0,0,0,0,0,0,0,0,0,0,0,0,0,0,0,0,0,0,0,0,FALSE,TRUE,TRUE,,Short,Left,,
Riviera - Blue,9,2/20/2026,Riviera Country Club,Riviera - Blue- 9,,Scottie Scheffler,,Scottie Scheffler - Riviera - Round 2 -2/20/26,Scottie Scheffler – Riviera Country Club – 2/20/26,,4,3,,,checked,302,,checked,checked,138,,,,,,,,,,,,,,,,,,,,,,,,,3.9,⬇️ Short,1,3.9,,,,,,,Blue,420,3,-1,74.6,74.6,135,18 Holes,3.9,,3.9,,1,1,4,-1,1,3,4,0,,,Birdie,1,Scottie Scheffler – Riviera Country Club – 2/20/26,1,1,0,Scottie Scheffler,1,100%,1,0,0,1,0,0,0,0,0,0,0,0,0,0,0,0,0,0,1,0,0,0,0,0,1,0,0,0,0,0,0,1,0,0,0,0,0,0,0,0,0,0,0,0,0,0,0,0,0,0,0,0,0,0,1,,,,,,-1,,,,,0,0,0,0,0,1,0,0,0,0,0,0,0,1,1,0,1,0,1,0,0,0,0,0,0,0,0,1,0,0,0,0,0,0,0,0,0,0,0,0,0,0,0,1,0,0,0,0,0,0,0,0,0,0,1,0,1,0,1,1,0,0,1,1,0,0,,0,0,0,,0,0,0,0,0,0,1,0,0,0,0,0,0,0,0,0,0,0,0,0,0,0,0,0,0,0,0,0,0,0,0,0,0,0,0,0,0,0,0,0,0,0,0,0,0,0,0,0,0,0,0,0,0,0,TRUE,TRUE,TRUE,,Short,,,
Riviera - Blue,10,2/20/2026,Riviera Country Club,Riviera - Blue- 10,,Scottie Scheffler,,Scottie Scheffler - Riviera - Round 2 -2/20/26,Scottie Scheffler – Riviera Country Club – 2/20/26,,4,3,,,,299,⬅️ Left,checked,checked,25,,,,,,,,,,,,,,,,,,,,,,,,,2.2,Tight (3 feet or less) ,1,2.2,,,,,,,Blue,315,16,-1,74.6,74.6,135,18 Holes,2.2,,2.2,,1,1,4,-1,0,,,1,3,4,Birdie,0,Scottie Scheffler – Riviera Country Club – 2/20/26,1,1,0,Scottie Scheffler,1,0%,0,0,0,1,0,0,0,0,0,0,0,0,0,0,0,0,0,0,1,0,0,0,0,0,0,0,0,1,0,0,0,1,0,0,0,0,0,0,0,0,0,0,0,0,0,0,0,0,0,0,0,0,0,0,1,,,-1,,,,,,,,0,0,1,0,0,0,0,0,0,0,1,0,0,0,0,0,0,0,0,0,0,0,0,0,0,0,0,1,0,0,0,0,0,0,0,0,0,0,0,0,0,0,0,0,0,0,0,0,1,0,0,0,0,0,1,0,0,0,1,1,0,0,1,1,0,0,,0,0,0,,0,0,0,0,0,0,1,0,0,0,0,0,0,0,0,0,0,0,0,0,0,0,0,0,0,0,0,0,0,0,0,0,0,0,0,0,0,0,0,0,0,0,0,0,0,0,0,0,0,0,0,0,0,0,FALSE,TRUE,TRUE,,Tight (3 feet or less),Left,,
Riviera - Blue,11,2/20/2026,Riviera Country Club,Riviera - Blue- 11,,Scottie Scheffler,,Scottie Scheffler - Riviera - Round 2 -2/20/26,Scottie Scheffler – Riviera Country Club – 2/20/26,,5,4,checked,,checked,314,,checked,checked,10,,,,,,,,253,,⬇️ Short,,,,,,,,,,1,,,,60 Degree Wedge,2.5,Tight (3 feet or less) ,1,2.5,,,,,,,Blue,583,10,-1,74.6,74.6,135,18 Holes,2.5,,,2.5,1,1,5,-1,0,,,1,4,5,Birdie,1,Scottie Scheffler – Riviera Country Club – 2/20/26,1,1,0,Scottie Scheffler,1,100%,1,0,0,1,0,0,0,0,0,0,0,0,0,0,0,0,0,0,1,0,0,0,0,0,1,0,0,0,0,0,0,1,0,0,0,0,0,0,0,0,0,0,0,0,0,0,0,0,0,0,0,0,0,0,1,,,,,,,,,,-1,0,0,0,0,0,0,1,0,0,0,0,0,0,1,1,0,1,0,1,0,0,0,0,0,0,0,0,0,0,0,0,0,0,1,0,0,0,0,0,0,0,0,0,0,0,0,0,0,1,0,0,0,0,0,0,1,0,1,1,1,0,0,0,0,1,1,,0,0,0,,0,0,0,0,0,0,0,0,0,0,0,0,0,1,0,0,0,0,0,0,0,0,0,0,0,0,0,0,0,0,0,0,0,0,0,0,0,0,0,0,0,0,0,0,0,0,0,0,0,0,0,0,0,0,TRUE,TRUE,TRUE,,Tight (3 feet or less),,,
Riviera - Blue,12,2/20/2026,Riviera Country Club,Riviera - Blue- 12,,Scottie Scheffler,,Scottie Scheffler - Riviera - Round 2 -2/20/26,Scottie Scheffler – Riviera Country Club – 2/20/26,,4,4,,,checked,283,,checked,checked,210,,,,,,,,,,,,,,,,,,,,,,,,,60.3,⬇️ Short,2,5.4,5.4,,,,,,Blue,410,8,0,74.6,74.6,135,18 Holes,60.3,,60.3,,0,0,4,0,0,,,1,4,4,Par,1,Scottie Scheffler – Riviera Country Club – 2/20/26,1,1,0,Scottie Scheffler,1,100%,1,0,0,0,1,0,0,0,0,0,0,0,0,0,0,0,0,0,0,1,0,0,0,1,0,0,0,0,0,0,0,0,0,0,0,0,0,0,1,0,0,0,0,0,0,0,0,0,0,0,0,0,0,0,1,,,,,,0,,,,,0,0,0,0,0,1,0,0,0,0,0,0,0,1,1,0,1,0,1,0,0,0,0,0,0,0,0,0,1,0,0,0,0,0,0,0,0,0,0,0,0,0,0,0,0,0,0,0,1,0,0,0,0,0,1,0,1,0,0,0,0,0,0,0,0,0,,0,0,0,,0,0,0,0,0,0,0,0,0,0,0,0,0,0,0,0,0,0,0,0,0,0,0,1,0,0,0,0,0,0,0,0,0,0,0,0,0,0,0,0,0,0,0,0,0,0,0,0,0,0,0,0,0,0,TRUE,TRUE,TRUE,,Short,,,
Riviera - Blue,13,2/20/2026,Riviera Country Club,Riviera - Blue- 13,,Scottie Scheffler,,Scottie Scheffler - Riviera - Round 2 -2/20/26,Scottie Scheffler – Riviera Country Club – 2/20/26,,4,4,,,checked,292,,,,180,,,↗️ Long Right,,,,,,,,,,,,,,,1,60 Degree Wedge,,,,,,1.2,Tight (3 feet or less) ,1,1.2,,,,,,,Blue,438,6,0,74.6,74.6,135,18 Holes,,,,,1,1,4,0,0,,,1,4,4,Par,1,Scottie Scheffler – Riviera Country Club – 2/20/26,0,0,0,Scottie Scheffler,1,100%,0,0,0,0,1,0,0,0,1,1,1,1,1,1,1,1,1,0,1,0,0,0,0,0,0,0,0,0,0,0,0,0,1,0,0,0,0,0,0,0,0,0,0,0,0,0,0,0,0,0,0,0,0,0,1,,,,0,,,,,,,0,0,0,0,1,0,0,0,0,0,0,0,1,0,0,0,0,0,0,0,0,0,0,0,0,0,0,0,1,0,0,0,0,0,0,0,0,0,0,0,1,1,0,0,0,0,0,0,0,0,0,0,1,0,0,0,1,0,0,0,0,0,0,0,0,0,,0,1,0,,0,0,0,0,0,0,0,1,0,0,0,0,0,0,0,0,0,0,0,0,0,0,0,0,0,0,0,0,0,0,0,0,0,0,0,0,0,0,0,0,0,0,0,0,0,0,0,0,0,0,0,0,0,0,TRUE,FALSE,FALSE,Long Right,Tight (3 feet or less),,,
Riviera - Blue,14,2/20/2026,Riviera Country Club,Riviera - Blue- 14,,Scottie Scheffler,,Scottie Scheffler - Riviera - Round 2 -2/20/26,Scottie Scheffler – Riviera Country Club – 2/20/26,,3,3,,,,,,checked,checked,186,,,,,,,,,,,,,,,,,,,,,,,,,17.1,⬇️ Short,2,0.5,0.5,,,,,,Blue,176,18,0,74.6,74.6,135,18 Holes,17.1,17.1,,,0,0,3,0,0,,,1,3,3,Par,0,Scottie Scheffler – Riviera Country Club – 2/20/26,1,1,0,Scottie Scheffler,0,N/A,0,0,0,0,1,0,0,0,0,0,0,0,0,0,0,0,0,0,0,1,0,0,0,1,0,0,0,0,0,0,0,0,0,0,0,0,0,0,1,0,0,0,0,0,0,0,0,0,0,0,0,0,0,0,1,0,,,,,,,,,,1,0,0,0,0,0,0,0,0,0,0,0,0,0,1,0,1,0,0,0,0,0,1,0,0,0,0,0,0,0,0,0,0,0,0,0,0,0,0,0,0,0,0,0,0,0,0,0,0,0,0,0,1,0,0,0,0,0,1,0,1,0,0,0,0,0,,0,0,0,,0,0,0,0,0,0,0,0,0,0,0,0,0,0,0,0,0,0,1,0,0,0,0,0,0,0,0,0,0,0,0,0,0,0,0,0,0,0,0,0,0,0,0,0,0,0,0,0,0,0,0,0,0,0,FALSE,TRUE,TRUE,,Short,,,
Riviera - Blue,15,2/20/2026,Riviera Country Club,Riviera - Blue- 15,,Scottie Scheffler,,Scottie Scheffler - Riviera - Round 2 -2/20/26,Scottie Scheffler – Riviera Country Club – 2/20/26,,4,4,,,,274,⬅️ Left,,,228,,,⬇️ Short,,,,,,,,,,,,,,,1,60 Degree Wedge,,,,,,5.9,➡️ Hole High Right,1,5.9,,,,,,,Blue,443,2,0,74.6,74.6,135,18 Holes,,,,,1,1,4,0,0,,,1,4,4,Par,0,Scottie Scheffler – Riviera Country Club – 2/20/26,0,0,0,Scottie Scheffler,1,0%,0,0,0,0,1,0,0,0,1,1,1,1,0,0,1,1,1,0,1,0,0,0,0,0,0,0,1,0,0,0,0,0,1,0,0,0,0,0,0,0,0,0,0,0,0,0,0,0,0,0,0,0,0,0,1,,,,,0,,,,,,0,0,0,1,0,0,0,0,0,0,0,1,0,0,0,1,0,1,0,1,0,0,0,0,0,0,0,0,1,0,0,0,0,0,0,0,0,0,0,0,1,1,0,0,0,0,0,0,0,0,0,0,1,0,0,0,0,0,0,0,0,0,0,0,0,0,,0,1,0,,0,0,0,0,0,0,0,1,0,0,0,0,0,0,0,0,0,0,0,0,0,0,0,0,0,0,0,0,0,0,0,0,0,0,0,0,0,0,0,0,0,0,0,0,0,0,0,0,0,0,0,0,0,0,FALSE,FALSE,FALSE,Short,Hole High Right,Left,,
Riviera - Blue,16,2/20/2026,Riviera Country Club,Riviera - Blue- 16,,Scottie Scheffler,,Scottie Scheffler - Riviera - Round 2 -2/20/26,Scottie Scheffler – Riviera Country Club – 2/20/26,,3,3,,,,,,checked,checked,164,,,,,,,,,,,,,,,,,,,,,,,,,20.8,⬇️ Short,2,2.2,2.2,,,,,,Blue,166,14,0,74.6,74.6,135,18 Holes,20.8,20.8,,,0,0,3,0,0,,,1,3,3,Par,0,Scottie Scheffler – Riviera Country Club – 2/20/26,1,1,0,Scottie Scheffler,0,N/A,0,0,0,0,1,0,0,0,0,0,0,0,0,0,0,0,0,0,0,1,0,0,0,1,0,0,0,0,0,0,0,0,0,0,0,0,0,0,1,0,0,0,0,0,0,0,0,0,0,0,0,0,0,0,1,0,,,,,,,,,,1,0,0,0,0,0,0,0,0,0,0,0,0,0,1,0,1,0,0,0,0,0,1,0,0,0,0,0,0,0,0,0,0,0,0,0,0,0,0,0,0,0,1,0,0,0,0,0,0,0,0,0,0,0,0,0,0,0,0,0,0,0,0,0,0,0,,0,0,0,,0,0,0,0,0,0,0,0,0,0,0,0,0,0,0,0,0,0,1,0,0,0,0,0,0,0,0,0,0,0,0,0,0,0,0,0,0,0,0,0,0,0,0,0,0,0,0,0,0,0,0,0,0,0,FALSE,TRUE,TRUE,,Short,,,
Riviera - Blue,17,2/20/2026,Riviera Country Club,Riviera - Blue- 17,,Scottie Scheffler,,Scottie Scheffler - Riviera - Round 2 -2/20/26,Scottie Scheffler – Riviera Country Club – 2/20/26,,5,4,,,checked,303,,checked,checked,21,,,,,,,,286,,↘️ Short Right,,,,,,,1,,,1,,,,60 Degree Wedge,4,➡️ Hole High Right,1,4,,,,,,,Blue,576,12,-1,74.6,74.6,135,18 Holes,4,,,4,1,1,5,-1,0,,,1,4,5,Birdie,1,Scottie Scheffler – Riviera Country Club – 2/20/26,1,1,0,Scottie Scheffler,1,100%,1,0,0,1,0,0,0,0,0,0,0,0,0,0,0,0,0,1,1,0,0,0,0,0,1,0,0,0,1,1,0,1,0,0,0,0,0,0,0,0,0,0,0,0,0,0,0,0,0,0,0,0,0,0,1,,,,,,,,,,-1,0,0,0,0,0,0,1,0,0,0,0,0,0,1,1,0,1,0,1,0,0,0,0,0,0,0,0,0,0,0,0,0,0,1,0,0,0,0,0,0,0,0,1,0,0,0,0,0,0,0,0,0,0,0,0,1,0,1,1,1,0,0,0,0,1,1,,0,0,0,,0,0,0,0,0,0,0,0,0,0,0,0,0,1,0,0,0,0,0,0,0,0,0,0,0,0,0,0,0,0,0,0,0,0,0,0,0,0,0,0,0,0,0,0,0,0,0,0,0,0,0,0,0,0,TRUE,TRUE,TRUE,,Hole High Right,,,
Riviera - Blue,18,2/20/2026,Riviera Country Club,Riviera - Blue- 18,,Scottie Scheffler,,Scottie Scheffler - Riviera - Round 2 -2/20/26,Scottie Scheffler – Riviera Country Club – 2/20/26,,4,4,,,,284,⬅️ Left,,,206,,,↙️ Short Left,,,,,,,,,,,,,,,1,60 Degree Wedge,,,,,,7.2,↙️ Short Left,1,7.2,,,,,,,Blue,451,4,0,74.6,74.6,135,18 Holes,,,,,1,1,4,0,0,,,1,4,4,Par,0,Scottie Scheffler – Riviera Country Club – 2/20/26,0,0,0,Scottie Scheffler,1,0%,0,0,0,0,1,0,0,0,1,1,1,1,0,0,1,1,1,0,1,0,0,0,0,0,0,0,1,0,0,0,0,0,1,0,0,0,0,0,0,0,0,0,0,0,0,0,0,0,0,0,0,0,0,0,1,,,,,0,,,,,,0,0,0,1,0,0,0,0,0,0,0,1,0,0,0,1,0,1,0,1,0,0,0,0,0,0,0,0,1,0,0,0,0,0,0,0,0,0,0,0,1,1,1,0,0,0,0,0,0,0,0,0,0,0,0,0,0,0,0,0,0,0,0,0,0,0,,0,1,0,,0,0,0,0,0,0,0,1,0,0,0,0,0,0,0,0,0,0,0,0,0,0,0,0,0,0,0,0,0,0,0,0,0,0,0,0,0,0,0,0,0,0,0,0,0,0,0,0,0,0,0,0,0,0,FALSE,FALSE,FALSE,Short Left,Short Left,Left,,
Riviera - Blue,1,2/21/2026,Riviera Country Club,Riviera - Blue- 1,,Scottie Scheffler,,Scottie Scheffler - Riviera - Round 3 -2/21/26,Scottie Scheffler – Riviera Country Club – 2/21/26,,5,5,,,,295,➡️ Right,checked,checked,8,,,,,,,,209,,↘️ Short Right,,,,,,,,,,1,,,,60 Degree Wedge,22.8,⬇️ Short,2,2,2,,,,,,Blue,503,17,0,74.6,74.6,135,18 Holes,22.8,,,22.8,0,0,5,0,1,5,5,0,,,Par,0,Scottie Scheffler – Riviera Country Club – 2/21/26,1,1,0,Scottie Scheffler,1,0%,0,0,0,0,1,0,0,0,0,0,0,0,0,0,0,0,0,0,0,1,0,0,0,0,0,0,0,0,0,0,0,0,0,0,0,0,0,0,1,0,0,0,0,0,0,0,0,0,0,0,0,0,0,0,1,,,,,,,0,,,,0,0,0,0,0,0,0,0,1,0,1,0,0,0,0,0,0,0,0,0,0,0,0,0,0,0,0,0,0,0,0,0,0,0,1,0,0,0,0,0,0,0,0,0,1,0,0,0,0,0,0,0,0,0,0,1,0,0,0,0,0,0,0,0,0,0,,0,0,0,,0,0,0,0,0,0,0,0,0,0,0,0,0,0,0,0,0,0,0,0,0,0,0,0,0,0,0,0,0,1,0,0,0,0,0,0,0,0,0,0,0,0,0,0,0,0,0,0,0,0,0,0,0,0,FALSE,TRUE,TRUE,,Short,Right,,
Riviera - Blue,2,2/21/2026,Riviera Country Club,Riviera - Blue- 2,,Scottie Scheffler,,Scottie Scheffler - Riviera - Round 3 -2/21/26,Scottie Scheffler – Riviera Country Club – 2/21/26,,4,3,,,,299,⬅️ Left,,,177,,,⬇️ Short,,,,,,,,,,,,,,,1,Putter,,,,,,0,Hole Out,0,0,,,,8,Fairway,Putter,Blue,463,1,-1,74.6,74.6,135,18 Holes,,,,,1,0,4,-1,1,3,4,0,,,Birdie,0,Scottie Scheffler – Riviera Country Club – 2/21/26,0,0,0,Scottie Scheffler,1,0%,0,0,0,1,0,0,0,0,1,1,1,1,1,1,1,1,1,0,0,0,0,0,1,0,0,0,0,1,0,0,0,0,0,0,0,0,0,0,0,0,0,0,0,0,0,0,0,0,0,0,0,0,0,0,0,,,,,-1,,,,,,0,0,0,1,0,0,0,0,0,0,0,1,0,0,0,1,0,1,0,1,0,0,0,0,0,0,0,1,0,0,0,0,0,0,0,0,0,0,0,0,0,0,0,0,1,0,0,0,0,0,0,0,0,0,0,0,0,0,0,0,0,0,0,0,0,0,,0,0,0,,0,0,0,0,0,0,0,0,0,0,0,0,0,0,0,0,0,0,0,0,0,0,0,0,0,0,0,0,0,0,0,0,0,0,0,0,0,0,0,0,0,0,0,0,0,0,0,0,0,0,0,0,0,0,FALSE,FALSE,FALSE,Short,Hole Out,Left,,
Riviera - Blue,3,2/21/2026,Riviera Country Club,Riviera - Blue- 3,,Scottie Scheffler,,Scottie Scheffler - Riviera - Round 3 -2/21/26,Scottie Scheffler – Riviera Country Club – 2/21/26,,4,4,,,checked,328,,checked,checked,115,,,,,,,,,,,,,,,,,,,,,,,,,24.7,↙️ Short Left,2,5.8,5.8,,,,,,Blue,434,5,0,74.6,74.6,135,18 Holes,24.7,,24.7,,0,0,4,0,1,4,4,0,,,Par,1,Scottie Scheffler – Riviera Country Club – 2/21/26,1,1,0,Scottie Scheffler,1,100%,1,0,0,0,1,0,0,0,0,0,0,0,0,0,0,0,0,0,0,1,0,0,0,1,0,0,0,0,0,0,0,0,0,0,0,0,0,0,1,0,0,0,0,0,0,0,0,0,0,0,0,0,0,0,1,,,,,,0,,,,,0,0,0,0,0,1,0,0,0,0,0,0,0,1,1,0,1,0,1,0,0,0,0,0,0,0,0,0,1,0,0,0,0,0,0,0,0,0,0,0,0,0,0,0,1,0,0,0,0,0,0,0,0,0,1,0,1,0,0,0,0,0,0,0,0,0,,0,0,0,,0,0,0,0,0,0,0,0,0,0,0,0,0,0,0,0,0,0,0,0,0,0,0,1,0,0,0,0,0,0,0,0,0,0,0,0,0,0,0,0,0,0,0,0,0,0,0,0,0,0,0,0,0,0,TRUE,TRUE,TRUE,,Short Left,,,
Riviera - Blue,4,2/21/2026,Riviera Country Club,Riviera - Blue- 4,,Scottie Scheffler,,Scottie Scheffler - Riviera - Round 3 -2/21/26,Scottie Scheffler – Riviera Country Club – 2/21/26,,3,3,,,,,,checked,checked,262,,,,,,,,,,,,,,,,,,,,,,,,,36.9,↘️ Short Right,2,4.9,4.9,,,,,,Blue,236,7,0,74.6,74.6,135,18 Holes,36.9,36.9,,,0,0,3,0,1,3,3,0,,,Par,0,Scottie Scheffler – Riviera Country Club – 2/21/26,1,1,0,Scottie Scheffler,0,N/A,0,0,0,0,1,0,0,0,0,0,0,0,0,0,0,0,0,0,0,1,0,0,0,1,0,0,0,0,0,0,0,0,0,0,0,0,0,0,1,0,0,0,0,0,0,0,0,0,0,0,0,0,0,0,1,0,,,,,,,,,,1,0,0,0,0,0,0,0,0,0,0,0,0,0,1,0,1,0,0,0,0,0,1,0,0,0,0,0,0,0,0,0,0,0,0,0,0,0,0,0,0,0,0,0,0,0,0,0,0,0,1,0,0,0,0,0,0,0,0,0,0,0,0,0,0,0,,0,0,0,,0,0,0,0,0,0,0,0,0,0,0,0,0,0,0,0,0,0,1,0,0,0,0,0,0,0,0,0,0,0,0,0,0,0,0,0,0,0,0,0,0,0,0,0,0,0,0,0,0,0,0,0,0,0,FALSE,TRUE,TRUE,,Short Right,,,
Riviera - Blue,5,2/21/2026,Riviera Country Club,Riviera - Blue- 5,,Scottie Scheffler,,Scottie Scheffler - Riviera - Round 3 -2/21/26,Scottie Scheffler – Riviera Country Club – 2/21/26,,4,4,,,checked,262,,checked,checked,146,5W,,,,,,,,,,,,,,,,,,,,,,,,6.7,⬇️ Short,2,1.2,1.2,,,,,,Blue,419,11,0,74.6,74.6,135,18 Holes,6.7,,6.7,,1,0,4,0,1,4,4,0,,,Par,1,Scottie Scheffler – Riviera Country Club – 2/21/26,1,1,0,Scottie Scheffler,1,100%,1,0,0,0,1,0,0,0,0,0,0,0,0,0,0,0,0,0,0,1,0,0,0,1,0,0,0,0,0,0,0,0,0,0,0,0,0,0,1,0,0,0,0,0,0,0,0,0,0,0,0,0,0,0,1,,,,,,0,,,,,0,0,0,0,0,1,0,0,0,0,0,0,0,1,1,0,1,0,1,0,0,0,0,0,0,0,0,0,1,0,0,0,0,0,0,0,0,0,0,0,0,0,0,0,0,0,0,0,0,0,1,0,0,0,1,0,1,0,1,1,0,0,1,1,0,0,,0,0,0,,0,0,0,0,0,0,0,0,0,0,0,0,0,0,0,0,0,0,0,0,0,0,0,1,0,0,0,0,0,0,0,0,0,0,0,0,0,0,0,0,0,0,0,0,0,0,0,0,0,0,0,0,0,0,TRUE,TRUE,TRUE,,Short,,,
Riviera - Blue,6,2/21/2026,Riviera Country Club,Riviera - Blue- 6,,Scottie Scheffler,,Scottie Scheffler - Riviera - Round 3 -2/21/26,Scottie Scheffler – Riviera Country Club – 2/21/26,,3,2,,,,,,checked,checked,171,,,,,,,,,,,,,,,,,,,,,,,,,9.8,⬇️ Short,1,9.8,,,,,,,Blue,175,15,-1,74.6,74.6,135,18 Holes,9.8,9.8,,,1,1,3,-1,1,2,3,0,,,Birdie,0,Scottie Scheffler – Riviera Country Club – 2/21/26,1,1,0,Scottie Scheffler,0,N/A,0,0,0,1,0,0,0,0,0,0,0,0,0,0,0,0,0,0,1,0,0,0,0,0,1,0,0,0,0,0,0,1,0,0,0,0,0,0,0,0,0,0,0,0,0,0,0,0,0,0,0,0,0,0,1,-1,,,,,,,,,,1,0,0,0,0,0,0,0,0,0,0,0,0,0,1,0,1,0,0,0,0,1,0,0,0,0,0,0,0,0,0,0,0,0,0,0,0,0,0,0,0,0,0,0,0,0,0,0,0,0,1,0,0,0,0,0,0,0,1,1,1,1,0,0,0,0,,0,0,0,,1,0,0,0,0,0,0,0,0,0,0,0,0,0,0,0,0,0,0,0,0,0,0,0,0,0,0,0,0,0,0,0,0,0,0,0,0,0,0,0,0,0,0,0,0,0,0,0,0,0,0,0,0,0,FALSE,TRUE,TRUE,,Short,,,
Riviera - Blue,7,2/21/2026,Riviera Country Club,Riviera - Blue- 7,,Scottie Scheffler,,Scottie Scheffler - Riviera - Round 3 -2/21/26,Scottie Scheffler – Riviera Country Club – 2/21/26,,4,4,,,checked,258,,checked,checked,155,,,,,,,,,,,,,,,,,,,,,,,,,18.7,⬆️ Long,2,2.2,2.2,,,,,,Blue,408,9,0,74.6,74.6,135,18 Holes,18.7,,18.7,,0,0,4,0,1,4,4,0,,,Par,1,Scottie Scheffler – Riviera Country Club – 2/21/26,1,1,0,Scottie Scheffler,1,100%,1,0,0,0,1,0,0,0,0,0,0,0,0,0,0,0,0,0,0,1,0,0,0,1,0,0,0,0,0,0,0,0,0,0,0,0,0,0,1,0,0,0,0,0,0,0,0,0,0,0,0,0,0,0,1,,,,,,0,,,,,0,0,0,0,0,1,0,0,0,0,0,0,0,1,1,0,1,0,1,0,0,0,0,0,0,0,0,0,1,0,0,0,0,0,0,0,0,0,0,0,0,0,0,1,0,0,0,0,0,0,0,0,0,0,1,0,1,0,1,0,0,0,1,0,0,0,,0,0,0,,0,0,0,0,0,0,0,0,0,0,0,0,0,0,0,0,0,0,0,0,0,0,0,1,0,0,0,0,0,0,0,0,0,0,0,0,0,0,0,0,0,0,0,0,0,0,0,0,0,0,0,0,0,0,TRUE,TRUE,TRUE,,Long,,,
Riviera - Blue,8,2/21/2026,Riviera Country Club,Riviera - Blue- 8,,Scottie Scheffler,,Scottie Scheffler - Riviera - Round 3 -2/21/26,Scottie Scheffler – Riviera Country Club – 2/21/26,,4,4,,,,277,⬅️ Left,,,125,,,↙️ Short Left,,,,,,,,,,,,,,,1,60 Degree Wedge,,,,,,5.5,⬅️ Hole High Left,1,5.5,,,,,,,Blue,416,13,0,74.6,74.6,135,18 Holes,,,,,1,1,4,0,1,4,4,0,,,Par,0,Scottie Scheffler – Riviera Country Club – 2/21/26,0,0,0,Scottie Scheffler,1,0%,0,0,0,0,1,0,0,0,1,1,1,1,0,0,1,1,1,0,1,0,0,0,0,0,0,0,1,0,0,0,0,0,1,0,0,0,0,0,0,0,0,0,0,0,0,0,0,0,0,0,0,0,0,0,1,,,,,0,,,,,,0,0,0,1,0,0,0,0,0,0,0,1,0,0,0,1,0,1,0,1,0,0,0,0,0,0,0,0,1,0,0,0,0,0,0,0,0,0,0,0,1,1,0,1,0,0,0,0,0,0,0,0,0,0,0,0,0,0,0,0,0,0,0,0,0,0,,0,1,0,,0,0,0,0,0,0,0,1,0,0,0,0,0,0,0,0,0,0,0,0,0,0,0,0,0,0,0,0,0,0,0,0,0,0,0,0,0,0,0,0,0,0,0,0,0,0,0,0,0,0,0,0,0,0,FALSE,FALSE,FALSE,Short Left,Hole High Left,Left,,
Riviera - Blue,9,2/21/2026,Riviera Country Club,Riviera - Blue- 9,,Scottie Scheffler,,Scottie Scheffler - Riviera - Round 3 -2/21/26,Scottie Scheffler – Riviera Country Club – 2/21/26,,4,5,,,,281,⬅️ Left,,checked,77,,,,,,,,,,,,,,,,1,,1,,,,,,,18.3,⬆️ Long,2,0.2,0.2,,,,,,Blue,420,3,1,74.6,74.6,135,18 Holes,,,,,0,0,4,1,1,5,4,0,,,Bogey,0,Scottie Scheffler – Riviera Country Club – 2/21/26,0,1,0,Scottie Scheffler,1,0%,0,0,0,0,0,1,0,0,1,1,0,0,0,0,1,0,0,1,0,1,0,0,0,0,0,0,0,0,0,1,0,0,0,0,0,0,0,0,0,1,0,0,0,0,0,0,0,0,0,0,0,0,0,0,1,,,,,1,,,,,,0,0,0,1,0,0,0,0,0,0,0,1,0,0,0,1,0,1,0,1,0,0,0,0,0,0,0,0,0,1,0,0,0,0,0,0,0,0,0,0,0,0,0,0,0,0,0,1,0,0,0,0,0,0,0,0,0,0,0,0,0,0,0,0,0,0,,0,0,0,,0,0,0,0,0,0,0,0,0,0,0,0,0,0,0,0,0,0,0,0,0,0,0,0,1,0,0,0,0,0,0,0,0,0,0,0,0,0,0,0,0,0,0,0,0,0,0,0,0,0,0,0,0,0,FALSE,FALSE,TRUE,,Long,Left,,
Riviera - Blue,10,2/21/2026,Riviera Country Club,Riviera - Blue- 10,,Scottie Scheffler,,Scottie Scheffler - Riviera - Round 3 -2/21/26,Scottie Scheffler – Riviera Country Club – 2/21/26,,4,3,,,checked,283,,checked,checked,8,,Ptr,,,,,,,,,,,,,,,,,,,,,,,4.6,➡️ Hole High Right,1,4.6,,,,,,,Blue,315,16,-1,74.6,74.6,135,18 Holes,4.6,,4.6,,1,1,4,-1,0,,,1,3,4,Birdie,1,Scottie Scheffler – Riviera Country Club – 2/21/26,1,1,0,Scottie Scheffler,1,100%,1,0,0,1,0,0,0,0,0,0,0,0,0,0,0,0,0,0,1,0,0,0,0,0,1,0,0,0,0,0,0,1,0,0,0,0,0,0,0,0,0,0,0,0,0,0,0,0,0,0,0,0,0,0,1,,,,,,-1,,,,,0,0,0,0,0,1,0,0,0,0,0,0,0,1,1,0,1,0,1,0,0,0,0,0,0,0,0,1,0,0,0,0,0,0,0,0,0,0,0,0,0,0,0,0,0,0,0,0,1,0,0,0,0,0,1,0,1,0,1,1,0,0,1,1,0,0,,0,0,0,,0,0,0,0,0,0,1,0,0,0,0,0,0,0,0,0,0,0,0,0,0,0,0,0,0,0,0,0,0,0,0,0,0,0,0,0,0,0,0,0,0,0,0,0,0,0,0,0,0,0,0,0,0,0,TRUE,TRUE,TRUE,,Hole High Right,,,
Riviera - Blue,11,2/21/2026,Riviera Country Club,Riviera - Blue- 11,,Scottie Scheffler,,Scottie Scheffler - Riviera - Round 3 -2/21/26,Scottie Scheffler – Riviera Country Club – 2/21/26,,5,4,,,,274,➡️ Right,checked,checked,88,,,,,,,,311,,↙️ Short Left,,,,,,,,,,,,,,,3.2,Tight (3 feet or less) ,1,3.2,,,,,,,Blue,583,10,-1,74.6,74.6,135,18 Holes,3.2,,,3.2,1,1,5,-1,0,,,1,4,5,Birdie,0,Scottie Scheffler – Riviera Country Club – 2/21/26,1,1,0,Scottie Scheffler,1,0%,0,0,0,1,0,0,0,0,0,0,0,0,0,0,0,0,0,0,1,0,0,0,0,0,0,0,0,1,0,0,0,1,0,0,0,0,0,0,0,0,0,0,0,0,0,0,0,0,0,0,0,0,0,0,1,,,,,,,-1,,,,0,0,0,0,0,0,0,0,1,0,1,0,0,0,0,0,0,0,0,0,0,0,0,0,0,0,0,0,0,0,0,0,0,1,0,0,0,0,0,0,0,0,0,0,0,0,0,0,1,0,0,0,0,0,0,1,0,0,1,1,0,0,0,0,1,1,,0,0,0,,0,0,0,0,0,0,0,0,0,0,0,0,0,1,0,0,0,0,0,0,0,0,0,0,0,0,0,0,0,0,0,0,0,0,0,0,0,0,0,0,0,0,0,0,0,0,0,0,0,0,0,0,0,0,FALSE,TRUE,TRUE,,Tight (3 feet or less),Right,,
Riviera - Blue,12,2/21/2026,Riviera Country Club,Riviera - Blue- 12,,Scottie Scheffler,,Scottie Scheffler - Riviera - Round 3 -2/21/26,Scottie Scheffler – Riviera Country Club – 2/21/26,,4,3,,,checked,324,,checked,checked,150,,,,,,,,,,,,,,,,,,,,,,,,,16.7,↙️ Short Left,1,16.7,,,,,,,Blue,410,8,-1,74.6,74.6,135,18 Holes,16.7,,16.7,,0,0,4,-1,0,,,1,3,4,Birdie,1,Scottie Scheffler – Riviera Country Club – 2/21/26,1,1,0,Scottie Scheffler,1,100%,1,0,0,1,0,0,0,0,0,0,0,0,0,0,0,0,0,0,1,0,0,0,0,0,1,0,0,0,0,0,0,1,0,0,0,0,0,0,0,0,0,0,0,0,0,0,0,0,0,0,0,0,0,0,1,,,,,,-1,,,,,0,0,0,0,0,1,0,0,0,0,0,0,0,1,1,0,1,0,1,0,0,0,0,0,0,0,0,1,0,0,0,0,0,0,0,0,0,0,0,0,0,0,0,0,0,0,0,0,1,0,0,0,0,0,1,0,1,0,1,0,0,0,1,0,0,0,,0,0,0,,0,0,0,0,0,0,1,0,0,0,0,0,0,0,0,0,0,0,0,0,0,0,0,0,0,0,0,0,0,0,0,0,0,0,0,0,0,0,0,0,0,0,0,0,0,0,0,0,0,0,0,0,0,0,TRUE,TRUE,TRUE,,Short Left,,,
Riviera - Blue,13,2/21/2026,Riviera Country Club,Riviera - Blue- 13,,Scottie Scheffler,,Scottie Scheffler - Riviera - Round 3 -2/21/26,Scottie Scheffler – Riviera Country Club – 2/21/26,,4,4,,,checked,345,,checked,checked,113,,,,,,,,,,,,,,,,,,,,,,,,,25,⬇️ Short,2,1.5,1.5,,,,,,Blue,438,6,0,74.6,74.6,135,18 Holes,25,,25,,0,0,4,0,0,,,1,4,4,Par,1,Scottie Scheffler – Riviera Country Club – 2/21/26,1,1,0,Scottie Scheffler,1,100%,1,0,0,0,1,0,0,0,0,0,0,0,0,0,0,0,0,0,0,1,0,0,0,1,0,0,0,0,0,0,0,0,0,0,0,0,0,0,1,0,0,0,0,0,0,0,0,0,0,0,0,0,0,0,1,,,,,,0,,,,,0,0,0,0,0,1,0,0,0,0,0,0,0,1,1,0,1,0,1,0,0,0,0,0,0,0,0,0,1,0,0,0,0,0,0,0,0,0,0,0,0,0,0,0,0,0,0,0,0,0,0,0,1,0,1,0,1,0,0,0,0,0,0,0,0,0,,0,0,0,,0,0,0,0,0,0,0,0,0,0,0,0,0,0,0,0,0,0,0,0,0,0,0,1,0,0,0,0,0,0,0,0,0,0,0,0,0,0,0,0,0,0,0,0,0,0,0,0,0,0,0,0,0,0,TRUE,TRUE,TRUE,,Short,,,
Riviera - Blue,14,2/21/2026,Riviera Country Club,Riviera - Blue- 14,,Scottie Scheffler,,Scottie Scheffler - Riviera - Round 3 -2/21/26,Scottie Scheffler – Riviera Country Club – 2/21/26,,3,3,,,,,,checked,checked,195,,,,,,,,,,,,,,,,,,,,,,,,,11.7,↙️ Short Left,2,0.8,0.8,,,,,,Blue,176,18,0,74.6,74.6,135,18 Holes,11.7,11.7,,,0,0,3,0,0,,,1,3,3,Par,0,Scottie Scheffler – Riviera Country Club – 2/21/26,1,1,0,Scottie Scheffler,0,N/A,0,0,0,0,1,0,0,0,0,0,0,0,0,0,0,0,0,0,0,1,0,0,0,1,0,0,0,0,0,0,0,0,0,0,0,0,0,0,1,0,0,0,0,0,0,0,0,0,0,0,0,0,0,0,1,0,,,,,,,,,,1,0,0,0,0,0,0,0,0,0,0,0,0,0,1,0,1,0,0,0,0,0,1,0,0,0,0,0,0,0,0,0,0,0,0,0,0,0,0,0,0,0,0,0,0,0,0,0,0,0,0,0,1,0,0,0,0,0,1,0,1,0,0,0,0,0,,0,0,0,,0,0,0,0,0,0,0,0,0,0,0,0,0,0,0,0,0,0,1,0,0,0,0,0,0,0,0,0,0,0,0,0,0,0,0,0,0,0,0,0,0,0,0,0,0,0,0,0,0,0,0,0,0,0,FALSE,TRUE,TRUE,,Short Left,,,
Riviera - Blue,15,2/21/2026,Riviera Country Club,Riviera - Blue- 15,,Scottie Scheffler,,Scottie Scheffler - Riviera - Round 3 -2/21/26,Scottie Scheffler – Riviera Country Club – 2/21/26,,4,4,,,checked,328,,,,162,,,⬆️ Long,,,,,,,,,,,,,,,1,Putter,,,,,,4.2,⬆️ Long,1,4.2,,,,,,,Blue,443,2,0,74.6,74.6,135,18 Holes,,,,,1,1,4,0,0,,,1,4,4,Par,1,Scottie Scheffler – Riviera Country Club – 2/21/26,0,0,0,Scottie Scheffler,1,100%,0,0,0,0,1,0,0,0,1,1,1,1,1,1,1,1,1,0,1,0,0,0,0,0,0,0,0,0,0,0,0,0,1,0,0,0,0,0,0,0,0,0,0,0,0,0,0,0,0,0,0,0,0,0,1,,,,0,,,,,,,0,0,0,0,1,0,0,0,0,0,0,0,1,0,0,0,0,0,0,0,0,0,0,0,0,0,0,0,1,0,0,0,0,0,0,0,0,0,0,0,1,1,0,0,0,0,0,0,0,0,0,0,1,0,0,0,1,0,0,0,0,0,0,0,0,0,,0,1,0,,0,0,0,0,0,0,0,1,0,0,0,0,0,0,0,0,0,0,0,0,0,0,0,0,0,0,0,0,0,0,0,0,0,0,0,0,0,0,0,0,0,0,0,0,0,0,0,0,0,0,0,0,0,0,TRUE,FALSE,FALSE,Long,Long,,,
Riviera - Blue,16,2/21/2026,Riviera Country Club,Riviera - Blue- 16,,Scottie Scheffler,,Scottie Scheffler - Riviera - Round 3 -2/21/26,Scottie Scheffler – Riviera Country Club – 2/21/26,,3,2,,,,,,checked,checked,160,,9,,,,,,,,,,,,,,,,,,,,,,,6,⬆️ Long,1,6,,,,,,,Blue,166,14,-1,74.6,74.6,135,18 Holes,6,6,,,1,1,3,-1,0,,,1,2,3,Birdie,0,Scottie Scheffler – Riviera Country Club – 2/21/26,1,1,0,Scottie Scheffler,0,N/A,0,0,0,1,0,0,0,0,0,0,0,0,0,0,0,0,0,0,1,0,0,0,0,0,1,0,0,0,0,0,0,1,0,0,0,0,0,0,0,0,0,0,0,0,0,0,0,0,0,0,0,0,0,0,1,-1,,,,,,,,,,1,0,0,0,0,0,0,0,0,0,0,0,0,0,1,0,1,0,0,0,0,1,0,0,0,0,0,0,0,0,0,0,0,0,0,0,0,0,0,0,0,0,1,0,0,0,0,0,0,0,0,0,0,0,0,0,0,0,1,1,1,1,0,0,0,0,,0,0,0,,1,0,0,0,0,0,0,0,0,0,0,0,0,0,0,0,0,0,0,0,0,0,0,0,0,0,0,0,0,0,0,0,0,0,0,0,0,0,0,0,0,0,0,0,0,0,0,0,0,0,0,0,0,0,FALSE,TRUE,TRUE,,Long,,,
Riviera - Blue,17,2/21/2026,Riviera Country Club,Riviera - Blue- 17,,Scottie Scheffler,,Scottie Scheffler - Riviera - Round 3 -2/21/26,Scottie Scheffler – Riviera Country Club – 2/21/26,,5,5,checked,,checked,,,,,78,,,⬆️ Long,,,,,,,,,,,,,,,1,60 Degree Wedge,,,,,,10,⬇️ Short,1,10,,,,,,,Blue,576,12,0,74.6,74.6,135,18 Holes,,,,,1,1,5,0,0,,,1,5,5,Par,1,Scottie Scheffler – Riviera Country Club – 2/21/26,0,0,0,Scottie Scheffler,1,100%,0,0,0,0,1,0,0,0,1,1,1,1,0,0,1,1,1,0,1,0,0,0,0,0,0,0,0,0,0,0,0,0,1,0,0,0,0,0,0,0,0,0,0,0,0,0,0,0,0,0,0,0,0,0,1,,,,,,,,0,,,0,0,0,0,0,0,0,1,0,0,0,0,1,0,0,0,0,0,0,0,0,0,0,0,0,0,0,0,0,0,0,0,0,0,1,0,0,0,0,0,1,1,1,0,0,0,0,0,0,0,0,0,0,0,0,0,0,1,0,0,0,0,0,0,0,0,,0,0,1,,0,0,0,0,0,0,0,0,0,0,0,0,0,0,1,0,0,0,0,0,0,0,0,0,0,0,0,0,0,0,0,0,0,0,0,0,0,0,0,0,0,0,0,0,0,0,0,0,0,0,0,0,0,0,TRUE,FALSE,FALSE,Long,Short,,,
Riviera - Blue,18,2/21/2026,Riviera Country Club,Riviera - Blue- 18,,Scottie Scheffler,,Scottie Scheffler - Riviera - Round 3 -2/21/26,Scottie Scheffler – Riviera Country Club – 2/21/26,,4,4,,,,269,➡️ Right,checked,checked,209,,,,,,,,,,,,,,,,,,,,,,,,,39.1,↖️ Long Left,2,3.2,3.2,,,,,,Blue,451,4,0,74.6,74.6,135,18 Holes,39.1,,39.1,,0,0,4,0,0,,,1,4,4,Par,0,Scottie Scheffler – Riviera Country Club – 2/21/26,1,1,0,Scottie Scheffler,1,0%,0,0,0,0,1,0,0,0,0,0,0,0,0,0,0,0,0,0,0,1,0,0,0,0,0,0,0,0,0,0,0,0,0,0,0,0,0,0,1,0,0,0,0,0,0,0,0,0,0,0,0,0,0,0,1,,,0,,,,,,,,0,0,1,0,0,0,0,0,0,0,1,0,0,0,0,0,0,0,0,0,0,0,0,0,0,0,0,0,1,0,0,0,0,0,0,0,0,0,0,0,0,0,1,0,0,0,0,0,0,0,0,0,0,0,1,0,0,0,0,0,0,0,0,0,0,0,,0,0,0,,0,0,0,0,0,0,0,0,0,0,0,0,0,0,0,0,0,0,0,0,0,0,0,1,0,0,0,0,0,0,0,0,0,0,0,0,0,0,0,0,0,0,0,0,0,0,0,0,0,0,0,0,0,0,FALSE,TRUE,TRUE,,Long Left,Right,,
Riviera - Blue,1,2/22/2026,Riviera Country Club,Riviera - Blue- 1,,Scottie Scheffler,,Scottie Scheffler - Riviera - Round 4 -2/22/26,Scottie Scheffler – Riviera Country Club – 2/22/26,,5,5,,,,288,⬅️ Left,checked,checked,29,,,,,,,,204,,↘️ Short Right,,,,,,,1,,60 Degree Wedge,1,,,,,8.9,➡️ Hole High Right,2,1.5,1.5,,,,,,Blue,503,17,0,74.6,74.6,135,18 Holes,8.9,,,8.9,1,0,5,0,1,5,5,0,,,Par,0,Scottie Scheffler – Riviera Country Club – 2/22/26,1,1,0,Scottie Scheffler,1,0%,0,0,0,0,1,0,0,0,0,0,0,0,0,0,0,0,0,1,0,1,0,0,0,0,0,0,0,0,1,1,0,0,0,0,0,0,0,0,1,0,0,0,0,0,0,0,0,0,0,0,0,0,0,0,1,,,,,,,0,,,,0,0,0,0,0,0,0,0,1,0,1,0,0,0,0,0,0,0,0,0,0,0,0,0,0,0,0,0,0,0,0,0,0,0,1,0,0,0,0,0,0,0,0,0,1,0,0,0,0,0,0,0,0,0,0,1,0,0,1,1,0,0,0,0,1,1,,0,0,0,,0,0,0,0,0,0,0,0,0,0,0,0,0,0,0,0,0,0,0,0,0,0,0,0,0,0,0,0,0,1,0,0,0,0,0,0,0,0,0,0,0,0,0,0,0,0,0,0,0,0,0,0,0,0,FALSE,TRUE,TRUE,,Hole High Right,Left,,
Riviera - Blue,2,2/22/2026,Riviera Country Club,Riviera - Blue- 2,,Scottie Scheffler,,Scottie Scheffler - Riviera - Round 4 -2/22/26,Scottie Scheffler – Riviera Country Club – 2/22/26,,4,3,,,,290,⬅️ Left,checked,checked,205,,,,,,,,,,,,,,,,,,,,,,,,,11.4,➡️ Hole High Right,1,11.4,,,,,,,Blue,463,1,-1,74.6,74.6,135,18 Holes,11.4,,11.4,,0,0,4,-1,1,3,4,0,,,Birdie,0,Scottie Scheffler – Riviera Country Club – 2/22/26,1,1,0,Scottie Scheffler,1,0%,0,0,0,1,0,0,0,0,0,0,0,0,0,0,0,0,0,0,1,0,0,0,0,0,0,0,0,1,0,0,0,1,0,0,0,0,0,0,0,0,0,0,0,0,0,0,0,0,0,0,0,0,0,0,1,,,-1,,,,,,,,0,0,1,0,0,0,0,0,0,0,1,0,0,0,0,0,0,0,0,0,0,0,0,0,0,0,0,1,0,0,0,0,0,0,0,0,0,0,0,0,0,0,0,0,1,0,0,0,0,0,0,0,0,0,1,0,0,0,1,0,0,0,1,0,0,0,,0,0,0,,0,0,0,0,0,0,1,0,0,0,0,0,0,0,0,0,0,0,0,0,0,0,0,0,0,0,0,0,0,0,0,0,0,0,0,0,0,0,0,0,0,0,0,0,0,0,0,0,0,0,0,0,0,0,FALSE,TRUE,TRUE,,Hole High Right,Left,,
Riviera - Blue,3,2/22/2026,Riviera Country Club,Riviera - Blue- 3,,Scottie Scheffler,,Scottie Scheffler - Riviera - Round 4 -2/22/26,Scottie Scheffler – Riviera Country Club – 2/22/26,,4,4,,,checked,310,,checked,checked,138,,,,,,,,,,,,,,,,,,,,,,,,,23.1,⬅️ Hole High Left,2,0.1,0.1,,,,,,Blue,434,5,0,74.6,74.6,135,18 Holes,23.1,,23.1,,0,0,4,0,1,4,4,0,,,Par,1,Scottie Scheffler – Riviera Country Club – 2/22/26,1,1,0,Scottie Scheffler,1,100%,1,0,0,0,1,0,0,0,0,0,0,0,0,0,0,0,0,0,0,1,0,0,0,1,0,0,0,0,0,0,0,0,0,0,0,0,0,0,1,0,0,0,0,0,0,0,0,0,0,0,0,0,0,0,1,,,,,,0,,,,,0,0,0,0,0,1,0,0,0,0,0,0,0,1,1,0,1,0,1,0,0,0,0,0,0,0,0,0,1,0,0,0,0,0,0,0,0,0,0,0,0,0,0,0,1,0,0,0,0,0,0,0,0,0,1,0,1,0,0,0,0,0,0,0,0,0,,0,0,0,,0,0,0,0,0,0,0,0,0,0,0,0,0,0,0,0,0,0,0,0,0,0,0,1,0,0,0,0,0,0,0,0,0,0,0,0,0,0,0,0,0,0,0,0,0,0,0,0,0,0,0,0,0,0,TRUE,TRUE,TRUE,,Hole High Left,,,
Riviera - Blue,4,2/22/2026,Riviera Country Club,Riviera - Blue- 4,,Scottie Scheffler,,Scottie Scheffler - Riviera - Round 4 -2/22/26,Scottie Scheffler – Riviera Country Club – 2/22/26,,3,4,,,,,,,,244,,,↖️ Long Left,,,,,,,,,,,,,,,1,60 Degree Wedge,,,,,,4.5,➡️ Hole High Right,2,1.5,1.5,,,,,,Blue,236,7,1,74.6,74.6,135,18 Holes,,,,,1,0,3,1,1,4,3,0,,,Bogey,0,Scottie Scheffler – Riviera Country Club – 2/22/26,0,0,0,Scottie Scheffler,0,N/A,0,0,0,0,0,1,0,0,1,1,1,0,1,0,1,0,0,0,0,1,0,0,0,0,0,0,0,0,0,0,0,0,0,0,0,0,0,0,0,1,0,0,0,0,0,0,0,0,0,0,0,0,0,0,1,,1,,,,,,,,,0,1,0,0,0,0,0,0,0,0,0,0,0,0,0,1,0,1,0,0,0,0,0,1,0,0,0,0,0,0,0,0,0,0,0,0,0,0,0,0,0,0,0,0,0,0,0,0,0,0,0,1,0,0,0,0,0,0,0,0,0,0,0,0,0,0,,0,0,0,,0,0,0,0,0,0,0,0,0,0,0,0,0,0,0,0,0,0,0,1,0,0,0,0,0,0,0,0,0,0,0,0,0,0,0,0,0,0,0,0,0,0,0,0,0,0,0,0,0,0,0,0,0,0,FALSE,FALSE,FALSE,Long Left,Hole High Right,,,
Riviera - Blue,5,2/22/2026,Riviera Country Club,Riviera - Blue- 5,,Scottie Scheffler,,Scottie Scheffler - Riviera - Round 4 -2/22/26,Scottie Scheffler – Riviera Country Club – 2/22/26,,4,4,,,,310,➡️ Right,checked,checked,124,,,,,,,,,,,,,,,,,,,,,,,,,14.9,➡️ Hole High Right,2,0.5,0.5,,,,,,Blue,419,11,0,74.6,74.6,135,18 Holes,14.9,,14.9,,0,0,4,0,1,4,4,0,,,Par,0,Scottie Scheffler – Riviera Country Club – 2/22/26,1,1,0,Scottie Scheffler,1,0%,0,0,0,0,1,0,0,0,0,0,0,0,0,0,0,0,0,0,0,1,0,0,0,0,0,0,0,0,0,0,0,0,0,0,0,0,0,0,1,0,0,0,0,0,0,0,0,0,0,0,0,0,0,0,1,,,0,,,,,,,,0,0,1,0,0,0,0,0,0,0,1,0,0,0,0,0,0,0,0,0,0,0,0,0,0,0,0,0,1,0,0,0,0,0,0,0,0,0,0,0,0,0,0,0,0,0,0,0,0,0,1,0,0,0,1,0,0,0,1,0,0,0,1,0,0,0,,0,0,0,,0,0,0,0,0,0,0,0,0,0,0,0,0,0,0,0,0,0,0,0,0,0,0,1,0,0,0,0,0,0,0,0,0,0,0,0,0,0,0,0,0,0,0,0,0,0,0,0,0,0,0,0,0,0,FALSE,TRUE,TRUE,,Hole High Right,Right,,
Riviera - Blue,6,2/22/2026,Riviera Country Club,Riviera - Blue- 6,,Scottie Scheffler,,Scottie Scheffler - Riviera - Round 4 -2/22/26,Scottie Scheffler – Riviera Country Club – 2/22/26,,3,3,,,,,,checked,checked,193,,,,,,,,,,,,,,,,,,,,,,,,,28.2,↙️ Short Left,2,1.1,1.1,,,,,,Blue,175,15,0,74.6,74.6,135,18 Holes,28.2,28.2,,,0,0,3,0,1,3,3,0,,,Par,0,Scottie Scheffler – Riviera Country Club – 2/22/26,1,1,0,Scottie Scheffler,0,N/A,0,0,0,0,1,0,0,0,0,0,0,0,0,0,0,0,0,0,0,1,0,0,0,1,0,0,0,0,0,0,0,0,0,0,0,0,0,0,1,0,0,0,0,0,0,0,0,0,0,0,0,0,0,0,1,0,,,,,,,,,,1,0,0,0,0,0,0,0,0,0,0,0,0,0,1,0,1,0,0,0,0,0,1,0,0,0,0,0,0,0,0,0,0,0,0,0,0,0,0,0,0,0,0,0,0,0,0,0,0,0,1,0,0,0,0,0,0,0,0,0,0,0,0,0,0,0,,0,0,0,,0,0,0,0,0,0,0,0,0,0,0,0,0,0,0,0,0,0,1,0,0,0,0,0,0,0,0,0,0,0,0,0,0,0,0,0,0,0,0,0,0,0,0,0,0,0,0,0,0,0,0,0,0,0,FALSE,TRUE,TRUE,,Short Left,,,
Riviera - Blue,7,2/22/2026,Riviera Country Club,Riviera - Blue- 7,,Scottie Scheffler,,Scottie Scheffler - Riviera - Round 4 -2/22/26,Scottie Scheffler – Riviera Country Club – 2/22/26,,4,4,,,checked,277,,checked,checked,140,,,,,,,,,,,,,,,,,,,,,,,,,13.5,↖️ Long Left,2,4.8,4.8,,,,,,Blue,408,9,0,74.6,74.6,135,18 Holes,13.5,,13.5,,0,0,4,0,1,4,4,0,,,Par,1,Scottie Scheffler – Riviera Country Club – 2/22/26,1,1,0,Scottie Scheffler,1,100%,1,0,0,0,1,0,0,0,0,0,0,0,0,0,0,0,0,0,0,1,0,0,0,1,0,0,0,0,0,0,0,0,0,0,0,0,0,0,1,0,0,0,0,0,0,0,0,0,0,0,0,0,0,0,1,,,,,,0,,,,,0,0,0,0,0,1,0,0,0,0,0,0,0,1,1,0,1,0,1,0,0,0,0,0,0,0,0,0,1,0,0,0,0,0,0,0,0,0,0,0,0,0,0,1,0,0,0,0,0,0,0,0,0,0,1,0,1,0,1,0,0,0,1,0,0,0,,0,0,0,,0,0,0,0,0,0,0,0,0,0,0,0,0,0,0,0,0,0,0,0,0,0,0,1,0,0,0,0,0,0,0,0,0,0,0,0,0,0,0,0,0,0,0,0,0,0,0,0,0,0,0,0,0,0,TRUE,TRUE,TRUE,,Long Left,,,
Riviera - Blue,8,2/22/2026,Riviera Country Club,Riviera - Blue- 8,,Scottie Scheffler,,Scottie Scheffler - Riviera - Round 4 -2/22/26,Scottie Scheffler – Riviera Country Club – 2/22/26,,4,3,,,checked,294,,checked,checked,137,,,,,,,,,,,,,,,,,,,,,,,,,14,↘️ Short Right,1,14,,,,,,,Blue,416,13,-1,74.6,74.6,135,18 Holes,14,,14,,0,0,4,-1,1,3,4,0,,,Birdie,1,Scottie Scheffler – Riviera Country Club – 2/22/26,1,1,0,Scottie Scheffler,1,100%,1,0,0,1,0,0,0,0,0,0,0,0,0,0,0,0,0,0,1,0,0,0,0,0,1,0,0,0,0,0,0,1,0,0,0,0,0,0,0,0,0,0,0,0,0,0,0,0,0,0,0,0,0,0,1,,,,,,-1,,,,,0,0,0,0,0,1,0,0,0,0,0,0,0,1,1,0,1,0,1,0,0,0,0,0,0,0,0,1,0,0,0,0,0,0,0,0,0,0,0,0,0,0,0,1,0,0,0,0,0,0,0,0,0,0,1,0,1,0,1,0,0,0,1,0,0,0,,0,0,0,,0,0,0,0,0,0,1,0,0,0,0,0,0,0,0,0,0,0,0,0,0,0,0,0,0,0,0,0,0,0,0,0,0,0,0,0,0,0,0,0,0,0,0,0,0,0,0,0,0,0,0,0,0,0,TRUE,TRUE,TRUE,,Short Right,,,
Riviera - Blue,9,2/22/2026,Riviera Country Club,Riviera - Blue- 9,,Scottie Scheffler,,Scottie Scheffler - Riviera - Round 4 -2/22/26,Scottie Scheffler – Riviera Country Club – 2/22/26,,4,4,,,checked,304,,checked,checked,142,,,,,,,,,,,,,,,,,,,,,,,,,22.5,⬇️ Short,2,1.2,1.2,,,,,,Blue,420,3,0,74.6,74.6,135,18 Holes,22.5,,22.5,,0,0,4,0,1,4,4,0,,,Par,1,Scottie Scheffler – Riviera Country Club – 2/22/26,1,1,0,Scottie Scheffler,1,100%,1,0,0,0,1,0,0,0,0,0,0,0,0,0,0,0,0,0,0,1,0,0,0,1,0,0,0,0,0,0,0,0,0,0,0,0,0,0,1,0,0,0,0,0,0,0,0,0,0,0,0,0,0,0,1,,,,,,0,,,,,0,0,0,0,0,1,0,0,0,0,0,0,0,1,1,0,1,0,1,0,0,0,0,0,0,0,0,0,1,0,0,0,0,0,0,0,0,0,0,0,0,0,0,1,0,0,0,0,0,0,0,0,0,0,1,0,1,0,0,0,0,0,0,0,0,0,,0,0,0,,0,0,0,0,0,0,0,0,0,0,0,0,0,0,0,0,0,0,0,0,0,0,0,1,0,0,0,0,0,0,0,0,0,0,0,0,0,0,0,0,0,0,0,0,0,0,0,0,0,0,0,0,0,0,TRUE,TRUE,TRUE,,Short,,,
Riviera - Blue,10,2/22/2026,Riviera Country Club,Riviera - Blue- 10,,Scottie Scheffler,,Scottie Scheffler - Riviera - Round 4 -2/22/26,Scottie Scheffler – Riviera Country Club – 2/22/26,,4,3,,,checked,277,,checked,checked,33,,,,,,,,,,,,,,,,,,,,,,,,,9.2,⬅️ Hole High Left,1,9.2,,,,,,,Blue,315,16,-1,74.6,74.6,135,18 Holes,9.2,,9.2,,1,1,4,-1,0,,,1,3,4,Birdie,1,Scottie Scheffler – Riviera Country Club – 2/22/26,1,1,0,Scottie Scheffler,1,100%,1,0,0,1,0,0,0,0,0,0,0,0,0,0,0,0,0,0,1,0,0,0,0,0,1,0,0,0,0,0,0,1,0,0,0,0,0,0,0,0,0,0,0,0,0,0,0,0,0,0,0,0,0,0,1,,,,,,-1,,,,,0,0,0,0,0,1,0,0,0,0,0,0,0,1,1,0,1,0,1,0,0,0,0,0,0,0,0,1,0,0,0,0,0,0,0,0,0,0,0,0,0,0,0,0,0,0,0,0,1,0,0,0,0,0,1,0,1,0,1,1,0,0,1,1,0,0,,0,0,0,,0,0,0,0,0,0,1,0,0,0,0,0,0,0,0,0,0,0,0,0,0,0,0,0,0,0,0,0,0,0,0,0,0,0,0,0,0,0,0,0,0,0,0,0,0,0,0,0,0,0,0,0,0,0,TRUE,TRUE,TRUE,,Hole High Left,,,
Riviera - Blue,11,2/22/2026,Riviera Country Club,Riviera - Blue- 11,,Scottie Scheffler,,Scottie Scheffler - Riviera - Round 4 -2/22/26,Scottie Scheffler – Riviera Country Club – 2/22/26,,5,4,checked,,checked,306,,checked,checked,18,,,,,,,,266,,⬇️ Short,,,,,,,,,,1,,,,60 Degree Wedge,2.9,Tight (3 feet or less) ,1,2.9,,,,,,,Blue,583,10,-1,74.6,74.6,135,18 Holes,2.9,,,2.9,1,1,5,-1,0,,,1,4,5,Birdie,1,Scottie Scheffler – Riviera Country Club – 2/22/26,1,1,0,Scottie Scheffler,1,100%,1,0,0,1,0,0,0,0,0,0,0,0,0,0,0,0,0,0,1,0,0,0,0,0,1,0,0,0,0,0,0,1,0,0,0,0,0,0,0,0,0,0,0,0,0,0,0,0,0,0,0,0,0,0,1,,,,,,,,,,-1,0,0,0,0,0,0,1,0,0,0,0,0,0,1,1,0,1,0,1,0,0,0,0,0,0,0,0,0,0,0,0,0,0,1,0,0,0,0,0,0,0,0,0,0,0,0,0,0,1,0,0,0,0,0,0,1,0,1,1,1,0,0,0,0,1,1,,0,0,0,,0,0,0,0,0,0,0,0,0,0,0,0,0,1,0,0,0,0,0,0,0,0,0,0,0,0,0,0,0,0,0,0,0,0,0,0,0,0,0,0,0,0,0,0,0,0,0,0,0,0,0,0,0,0,TRUE,TRUE,TRUE,,Tight (3 feet or less),,,
Riviera - Blue,12,2/22/2026,Riviera Country Club,Riviera - Blue- 12,,Scottie Scheffler,,Scottie Scheffler - Riviera - Round 4 -2/22/26,Scottie Scheffler – Riviera Country Club – 2/22/26,,4,4,,,checked,297,,,,198,,,↘️ Short Right,,,,,,,,,,,,,,,1,60 Degree Wedge,,,,,,1.5,Tight (3 feet or less) ,1,1.5,,,,,,,Blue,410,8,0,74.6,74.6,135,18 Holes,,,,,1,1,4,0,0,,,1,4,4,Par,1,Scottie Scheffler – Riviera Country Club – 2/22/26,0,0,0,Scottie Scheffler,1,100%,0,0,0,0,1,0,0,0,1,1,1,1,1,1,1,1,1,0,1,0,0,0,0,0,0,0,0,0,0,0,0,0,1,0,0,0,0,0,0,0,0,0,0,0,0,0,0,0,0,0,0,0,0,0,1,,,,0,,,,,,,0,0,0,0,1,0,0,0,0,0,0,0,1,0,0,0,0,0,0,0,0,0,0,0,0,0,0,0,1,0,0,0,0,0,0,0,0,0,0,0,1,1,0,0,0,0,0,0,1,0,0,0,0,0,0,0,1,0,0,0,0,0,0,0,0,0,,0,1,0,,0,0,0,0,0,0,0,1,0,0,0,0,0,0,0,0,0,0,0,0,0,0,0,0,0,0,0,0,0,0,0,0,0,0,0,0,0,0,0,0,0,0,0,0,0,0,0,0,0,0,0,0,0,0,TRUE,FALSE,FALSE,Short Right,Tight (3 feet or less),,,
Riviera - Blue,13,2/22/2026,Riviera Country Club,Riviera - Blue- 13,,Scottie Scheffler,,Scottie Scheffler - Riviera - Round 4 -2/22/26,Scottie Scheffler – Riviera Country Club – 2/22/26,,4,3,,,checked,303,,checked,checked,168,,,,,,,,,,,,,,,,,,,,,,,,,29.7,↘️ Short Right,1,29.7,,,,,,,Blue,438,6,-1,74.6,74.6,135,18 Holes,29.7,,29.7,,0,0,4,-1,0,,,1,3,4,Birdie,1,Scottie Scheffler – Riviera Country Club – 2/22/26,1,1,0,Scottie Scheffler,1,100%,1,0,0,1,0,0,0,0,0,0,0,0,0,0,0,0,0,0,1,0,0,0,0,0,1,0,0,0,0,0,0,1,0,0,0,0,0,0,0,0,0,0,0,0,0,0,0,0,0,0,0,0,0,0,1,,,,,,-1,,,,,0,0,0,0,0,1,0,0,0,0,0,0,0,1,1,0,1,0,1,0,0,0,0,0,0,0,0,1,0,0,0,0,0,0,0,0,0,0,0,0,0,0,0,0,0,0,0,0,0,0,0,0,1,0,1,0,1,0,0,0,0,0,0,0,0,0,,0,0,0,,0,0,0,0,0,0,1,0,0,0,0,0,0,0,0,0,0,0,0,0,0,0,0,0,0,0,0,0,0,0,0,0,0,0,0,0,0,0,0,0,0,0,0,0,0,0,0,0,0,0,0,0,0,0,TRUE,TRUE,TRUE,,Short Right,,,
Riviera - Blue,14,2/22/2026,Riviera Country Club,Riviera - Blue- 14,,Scottie Scheffler,,Scottie Scheffler - Riviera - Round 4 -2/22/26,Scottie Scheffler – Riviera Country Club – 2/22/26,,3,3,,,,,,checked,checked,175,,,,,,,,,,,,,,,,,,,,,,,,,17.7,➡️ Hole High Right,2,4.3,4.3,,,,,,Blue,176,18,0,74.6,74.6,135,18 Holes,17.7,17.7,,,0,0,3,0,0,,,1,3,3,Par,0,Scottie Scheffler – Riviera Country Club – 2/22/26,1,1,0,Scottie Scheffler,0,N/A,0,0,0,0,1,0,0,0,0,0,0,0,0,0,0,0,0,0,0,1,0,0,0,1,0,0,0,0,0,0,0,0,0,0,0,0,0,0,1,0,0,0,0,0,0,0,0,0,0,0,0,0,0,0,1,0,,,,,,,,,,1,0,0,0,0,0,0,0,0,0,0,0,0,0,1,0,1,0,0,0,0,0,1,0,0,0,0,0,0,0,0,0,0,0,0,0,0,0,0,0,0,0,0,0,0,0,0,0,0,0,0,0,1,0,0,0,0,0,1,0,1,0,0,0,0,0,,0,0,0,,0,0,0,0,0,0,0,0,0,0,0,0,0,0,0,0,0,0,1,0,0,0,0,0,0,0,0,0,0,0,0,0,0,0,0,0,0,0,0,0,0,0,0,0,0,0,0,0,0,0,0,0,0,0,FALSE,TRUE,TRUE,,Hole High Right,,,
Riviera - Blue,15,2/22/2026,Riviera Country Club,Riviera - Blue- 15,,Scottie Scheffler,,Scottie Scheffler - Riviera - Round 4 -2/22/26,Scottie Scheffler – Riviera Country Club – 2/22/26,,4,3,,,,291,↘️ Short Right,checked,checked,181,,,,,,,,,,,,,,,,,,,,,,,,,11.3,➡️ Hole High Right,1,11.3,,,,,,,Blue,443,2,-1,74.6,74.6,135,18 Holes,11.3,,11.3,,0,0,4,-1,0,,,1,3,4,Birdie,0,Scottie Scheffler – Riviera Country Club – 2/22/26,1,1,0,Scottie Scheffler,1,0%,0,0,0,1,0,0,0,0,0,0,0,0,0,0,0,0,0,0,1,0,0,0,0,0,0,0,0,1,0,0,0,1,0,0,0,0,0,0,0,0,0,0,0,0,0,0,0,0,0,0,0,0,0,0,1,,,-1,,,,,,,,0,0,1,0,0,0,0,0,0,0,1,0,0,0,0,0,0,0,0,0,0,0,0,0,0,0,0,1,0,0,0,0,0,0,0,0,0,0,0,0,0,0,0,0,0,0,0,0,0,0,0,0,1,0,1,0,0,0,1,0,0,0,1,0,0,0,,0,0,0,,0,0,0,0,0,0,1,0,0,0,0,0,0,0,0,0,0,0,0,0,0,0,0,0,0,0,0,0,0,0,0,0,0,0,0,0,0,0,0,0,0,0,0,0,0,0,0,0,0,0,0,0,0,0,FALSE,TRUE,TRUE,,Hole High Right,Short Right,,
Riviera - Blue,16,2/22/2026,Riviera Country Club,Riviera - Blue- 16,,Scottie Scheffler,,Scottie Scheffler - Riviera - Round 4 -2/22/26,Scottie Scheffler – Riviera Country Club – 2/22/26,,3,3,,,,,,,,151,,,⬇️ Short,,,,,,,,,,,,,,,1,60 Degree Wedge,,,,,,1.8,Tight (3 feet or less) ,1,1.8,,,,,,,Blue,166,14,0,74.6,74.6,135,18 Holes,,,,,1,1,3,0,0,,,1,3,3,Par,0,Scottie Scheffler – Riviera Country Club – 2/22/26,0,0,0,Scottie Scheffler,0,N/A,0,0,0,0,1,0,0,0,1,1,1,1,1,1,1,1,1,0,1,0,0,0,0,0,0,0,1,0,0,0,0,0,1,0,0,0,0,0,0,0,0,0,0,0,0,0,0,0,0,0,0,0,0,0,1,,0,,,,,,,,,0,1,0,0,0,0,0,0,0,0,0,0,0,0,0,1,0,1,0,0,0,0,1,0,0,0,0,0,0,0,0,0,0,0,0,0,0,0,0,0,1,1,1,0,0,0,0,0,0,0,0,0,0,0,0,0,0,0,0,0,0,0,0,0,0,0,,1,0,0,,0,1,0,0,0,0,0,0,0,0,0,0,0,0,0,0,0,0,0,0,0,0,0,0,0,0,0,0,0,0,0,0,0,0,0,0,0,0,0,0,0,0,0,0,0,0,0,0,0,0,0,0,0,0,FALSE,FALSE,FALSE,Short,Tight (3 feet or less),,,
Riviera - Blue,17,2/22/2026,Riviera Country Club,Riviera - Blue- 17,,Scottie Scheffler,,Scottie Scheffler - Riviera - Round 4 -2/22/26,Scottie Scheffler – Riviera Country Club – 2/22/26,,5,4,,,checked,318,,checked,checked,25,,,,,,,,290,,↙️ Short Left,,,,,,,,,,1,,,,60 Degree Wedge,7.7,➡️ Hole High Right,1,7.7,,,,,,,Blue,576,12,-1,74.6,74.6,135,18 Holes,7.7,,,7.7,1,1,5,-1,0,,,1,4,5,Birdie,1,Scottie Scheffler – Riviera Country Club – 2/22/26,1,1,0,Scottie Scheffler,1,100%,1,0,0,1,0,0,0,0,0,0,0,0,0,0,0,0,0,0,1,0,0,0,0,0,1,0,0,0,0,0,0,1,0,0,0,0,0,0,0,0,0,0,0,0,0,0,0,0,0,0,0,0,0,0,1,,,,,,,,,,-1,0,0,0,0,0,0,1,0,0,0,0,0,0,1,1,0,1,0,1,0,0,0,0,0,0,0,0,0,0,0,0,0,0,1,0,0,0,0,0,0,0,0,1,0,0,0,0,0,0,0,0,0,0,0,0,1,0,1,1,1,0,0,0,0,1,1,,0,0,0,,0,0,0,0,0,0,0,0,0,0,0,0,0,1,0,0,0,0,0,0,0,0,0,0,0,0,0,0,0,0,0,0,0,0,0,0,0,0,0,0,0,0,0,0,0,0,0,0,0,0,0,0,0,0,TRUE,TRUE,TRUE,,Hole High Right,,,
Riviera - Blue,18,2/22/2026,Riviera Country Club,Riviera - Blue- 18,,Scottie Scheffler,,Scottie Scheffler - Riviera - Round 4 -2/22/26,Scottie Scheffler – Riviera Country Club – 2/22/26,,4,4,,,checked,322,,checked,checked,177,,,,,,,,,,,,,,,,,,,,,,,,,21.1,⬇️ Short,2,0.3,0.3,,,,,,Blue,451,4,0,74.6,74.6,135,18 Holes,21.1,,21.1,,0,0,4,0,0,,,1,4,4,Par,1,Scottie Scheffler – Riviera Country Club – 2/22/26,1,1,0,Scottie Scheffler,1,100%,1,0,0,0,1,0,0,0,0,0,0,0,0,0,0,0,0,0,0,1,0,0,0,1,0,0,0,0,0,0,0,0,0,0,0,0,0,0,1,0,0,0,0,0,0,0,0,0,0,0,0,0,0,0,1,,,,,,0,,,,,0,0,0,0,0,1,0,0,0,0,0,0,0,1,1,0,1,0,1,0,0,0,0,0,0,0,0,0,1,0,0,0,0,0,0,0,0,0,0,0,0,0,1,0,0,0,0,0,0,0,0,0,0,0,1,0,1,0,0,0,0,0,0,0,0,0,,0,0,0,,0,0,0,0,0,0,0,0,0,0,0,0,0,0,0,0,0,0,0,0,0,0,0,1,0,0,0,0,0,0,0,0,0,0,0,0,0,0,0,0,0,0,0,0,0,0,0,0,0,0,0,0,0,0,TRUE,TRUE,TRUE,,Short,,,
Riviera - Blue,1,2/19/2026,Riviera Country Club,Riviera - Blue- 1,,Jason Day,,Jason Day - Riviera - Round 1 -2/19/26,Jason Day – Riviera Country Club – 2/19/26,,5,5,,,checked,305,,checked,checked,25,,,,,,,,209,,↖️ Long Left,,,,,,,,,,1,,,,60 Degree Wedge,4.2,➡️ Hole High Right,2,1.5,1.5,,,,,,Blue,503,17,0,74.6,74.6,135,18 Holes,4.2,,,4.2,1,0,5,0,1,5,5,0,,,Par,1,Jason Day – Riviera Country Club – 2/19/26,1,1,0,Jason Day,1,100%,1,0,0,0,1,0,0,0,0,0,0,0,0,0,0,0,0,0,0,1,0,0,0,1,0,0,0,0,0,0,0,0,0,0,0,0,0,0,1,0,0,0,0,0,0,0,0,0,0,0,0,0,0,0,1,,,,,,,,,,0,0,0,0,0,0,0,1,0,0,0,0,0,0,1,1,0,1,0,1,0,0,0,0,0,0,0,0,0,0,0,0,0,0,0,1,0,0,0,0,0,0,0,0,0,1,0,0,0,0,0,0,0,0,0,0,1,0,1,1,1,0,0,0,0,1,1,,0,0,0,,0,0,0,0,0,0,0,0,0,0,0,0,0,0,0,0,0,0,0,0,0,0,0,0,0,0,0,0,0,1,0,0,0,0,0,0,0,0,0,0,0,0,0,0,0,0,0,0,0,0,0,0,0,0,TRUE,TRUE,TRUE,,Hole High Right,,,
Riviera - Blue,2,2/19/2026,Riviera Country Club,Riviera - Blue- 2,,Jason Day,,Jason Day - Riviera - Round 1 -2/19/26,Jason Day – Riviera Country Club – 2/19/26,,4,4,,,checked,294,,,,178,,,↙️ Short Left,,,,,,,,,,,,,,,1,60 Degree Wedge,,,,,,1,Tight (3 feet or less) ,1,1,,,,,,,Blue,463,1,0,74.6,74.6,135,18 Holes,,,,,1,1,4,0,1,4,4,0,,,Par,1,Jason Day – Riviera Country Club – 2/19/26,0,0,0,Jason Day,1,100%,0,0,0,0,1,0,0,0,1,1,1,1,1,1,1,1,1,0,1,0,0,0,0,0,0,0,0,0,0,0,0,0,1,0,0,0,0,0,0,0,0,0,0,0,0,0,0,0,0,0,0,0,0,0,1,,,,0,,,,,,,0,0,0,0,1,0,0,0,0,0,0,0,1,0,0,0,0,0,0,0,0,0,0,0,0,0,0,0,1,0,0,0,0,0,0,0,0,0,0,0,1,1,0,0,1,0,0,0,0,0,0,0,0,0,0,0,1,0,0,0,0,0,0,0,0,0,,0,1,0,,0,0,0,0,0,0,0,1,0,0,0,0,0,0,0,0,0,0,0,0,0,0,0,0,0,0,0,0,0,0,0,0,0,0,0,0,0,0,0,0,0,0,0,0,0,0,0,0,0,0,0,0,0,0,TRUE,FALSE,FALSE,Short Left,Tight (3 feet or less),,,
Riviera - Blue,3,2/19/2026,Riviera Country Club,Riviera - Blue- 3,,Jason Day,,Jason Day - Riviera - Round 1 -2/19/26,Jason Day – Riviera Country Club – 2/19/26,,4,4,,,checked,300,,,,141,,,⬅️ Left,,,,,,,,,,,,,,,1,60 Degree Wedge,,,,,,5.3,➡️ Hole High Right,1,5.3,,,,,,,Blue,434,5,0,74.6,74.6,135,18 Holes,,,,,1,1,4,0,1,4,4,0,,,Par,1,Jason Day – Riviera Country Club – 2/19/26,0,0,0,Jason Day,1,100%,0,0,0,0,1,0,0,0,1,1,1,1,0,0,1,1,1,0,1,0,0,0,0,0,0,0,0,0,0,0,0,0,1,0,0,0,0,0,0,0,0,0,0,0,0,0,0,0,0,0,0,0,0,0,1,,,,0,,,,,,,0,0,0,0,1,0,0,0,0,0,0,0,1,0,0,0,0,0,0,0,0,0,0,0,0,0,0,0,1,0,0,0,0,0,0,0,0,0,0,0,1,1,0,0,1,0,0,0,0,0,0,0,0,0,0,0,1,0,0,0,0,0,0,0,0,0,,0,1,0,,0,0,0,0,0,0,0,1,0,0,0,0,0,0,0,0,0,0,0,0,0,0,0,0,0,0,0,0,0,0,0,0,0,0,0,0,0,0,0,0,0,0,0,0,0,0,0,0,0,0,0,0,0,0,TRUE,FALSE,FALSE,Left,Hole High Right,,,
Riviera - Blue,4,2/19/2026,Riviera Country Club,Riviera - Blue- 4,,Jason Day,,Jason Day - Riviera - Round 1 -2/19/26,Jason Day – Riviera Country Club – 2/19/26,,3,3,,,,,,checked,checked,220,,,,,,,,,,,,,,,,,,,,,,,,,32.2,⬆️ Long,2,2.4,2.4,,,,,,Blue,236,7,0,74.6,74.6,135,18 Holes,32.2,32.2,,,0,0,3,0,1,3,3,0,,,Par,0,Jason Day – Riviera Country Club – 2/19/26,1,1,0,Jason Day,0,N/A,0,0,0,0,1,0,0,0,0,0,0,0,0,0,0,0,0,0,0,1,0,0,0,1,0,0,0,0,0,0,0,0,0,0,0,0,0,0,1,0,0,0,0,0,0,0,0,0,0,0,0,0,0,0,1,0,,,,,,,,,,1,0,0,0,0,0,0,0,0,0,0,0,0,0,1,0,1,0,0,0,0,0,1,0,0,0,0,0,0,0,0,0,0,0,0,0,0,0,0,0,0,0,0,0,0,0,0,0,0,0,1,0,0,0,0,0,0,0,0,0,0,0,0,0,0,0,,0,0,0,,0,0,0,0,0,0,0,0,0,0,0,0,0,0,0,0,0,0,1,0,0,0,0,0,0,0,0,0,0,0,0,0,0,0,0,0,0,0,0,0,0,0,0,0,0,0,0,0,0,0,0,0,0,0,FALSE,TRUE,TRUE,,Long,,,
Riviera - Blue,5,2/19/2026,Riviera Country Club,Riviera - Blue- 5,,Jason Day,,Jason Day - Riviera - Round 1 -2/19/26,Jason Day – Riviera Country Club – 2/19/26,,4,4,,,checked,247,,,,173,,,↖️ Long Left,,,,,,,,,,,,,,,1,60 Degree Wedge,,,,,,4.8,⬅️ Hole High Left,1,4.8,,,,,,,Blue,419,11,0,74.6,74.6,135,18 Holes,,,,,1,1,4,0,1,4,4,0,,,Par,1,Jason Day – Riviera Country Club – 2/19/26,0,0,0,Jason Day,1,100%,0,0,0,0,1,0,0,0,1,1,1,1,1,1,1,1,1,0,1,0,0,0,0,0,0,0,0,0,0,0,0,0,1,0,0,0,0,0,0,0,0,0,0,0,0,0,0,0,0,0,0,0,0,0,1,,,,0,,,,,,,0,0,0,0,1,0,0,0,0,0,0,0,1,0,0,0,0,0,0,0,0,0,0,0,0,0,0,0,1,0,0,0,0,0,0,0,0,0,0,0,1,1,0,0,0,0,0,0,0,0,1,0,0,0,0,0,1,0,0,0,0,0,0,0,0,0,,0,1,0,,0,0,0,0,0,0,0,1,0,0,0,0,0,0,0,0,0,0,0,0,0,0,0,0,0,0,0,0,0,0,0,0,0,0,0,0,0,0,0,0,0,0,0,0,0,0,0,0,0,0,0,0,0,0,TRUE,FALSE,FALSE,Long Left,Hole High Left,,,
Riviera - Blue,6,2/19/2026,Riviera Country Club,Riviera - Blue- 6,,Jason Day,,Jason Day - Riviera - Round 1 -2/19/26,Jason Day – Riviera Country Club – 2/19/26,,3,3,,,,,,checked,checked,201,,,,,,,,,,,,,,,,,,,,,,,,,22.8,⬅️ Hole High Left,2,2,2,,,,,,Blue,175,15,0,74.6,74.6,135,18 Holes,22.8,22.8,,,0,0,3,0,1,3,3,0,,,Par,0,Jason Day – Riviera Country Club – 2/19/26,1,1,0,Jason Day,0,N/A,0,0,0,0,1,0,0,0,0,0,0,0,0,0,0,0,0,0,0,1,0,0,0,1,0,0,0,0,0,0,0,0,0,0,0,0,0,0,1,0,0,0,0,0,0,0,0,0,0,0,0,0,0,0,1,0,,,,,,,,,,1,0,0,0,0,0,0,0,0,0,0,0,0,0,1,0,1,0,0,0,0,0,1,0,0,0,0,0,0,0,0,0,0,0,0,0,0,0,0,0,0,0,0,0,0,0,0,0,0,0,1,0,0,0,0,0,0,0,0,0,0,0,0,0,0,0,,0,0,0,,0,0,0,0,0,0,0,0,0,0,0,0,0,0,0,0,0,0,1,0,0,0,0,0,0,0,0,0,0,0,0,0,0,0,0,0,0,0,0,0,0,0,0,0,0,0,0,0,0,0,0,0,0,0,FALSE,TRUE,TRUE,,Hole High Left,,,
Riviera - Blue,7,2/19/2026,Riviera Country Club,Riviera - Blue- 7,,Jason Day,,Jason Day - Riviera - Round 1 -2/19/26,Jason Day – Riviera Country Club – 2/19/26,,4,4,,,checked,250,,checked,checked,152,,,,,,,,,,,,,,,,,,,,,,,,,45.3,⬇️ Short,2,4,4,,,,,,Blue,408,9,0,74.6,74.6,135,18 Holes,45.3,,45.3,,0,0,4,0,1,4,4,0,,,Par,1,Jason Day – Riviera Country Club – 2/19/26,1,1,0,Jason Day,1,100%,1,0,0,0,1,0,0,0,0,0,0,0,0,0,0,0,0,0,0,1,0,0,0,1,0,0,0,0,0,0,0,0,0,0,0,0,0,0,1,0,0,0,0,0,0,0,0,0,0,0,0,0,0,0,1,,,,,,0,,,,,0,0,0,0,0,1,0,0,0,0,0,0,0,1,1,0,1,0,1,0,0,0,0,0,0,0,0,0,1,0,0,0,0,0,0,0,0,0,0,0,0,0,0,1,0,0,0,0,0,0,0,0,0,0,1,0,1,0,0,0,0,0,0,0,0,0,,0,0,0,,0,0,0,0,0,0,0,0,0,0,0,0,0,0,0,0,0,0,0,0,0,0,0,1,0,0,0,0,0,0,0,0,0,0,0,0,0,0,0,0,0,0,0,0,0,0,0,0,0,0,0,0,0,0,TRUE,TRUE,TRUE,,Short,,,
Riviera - Blue,8,2/19/2026,Riviera Country Club,Riviera - Blue- 8,,Jason Day,,Jason Day - Riviera - Round 1 -2/19/26,Jason Day – Riviera Country Club – 2/19/26,,4,4,,,checked,289,,checked,checked,147,,,,,,,,,,,,,,,,,,,,,,,,,32.8,⬇️ Short,2,3.5,3.5,,,,,,Blue,416,13,0,74.6,74.6,135,18 Holes,32.8,,32.8,,0,0,4,0,1,4,4,0,,,Par,1,Jason Day – Riviera Country Club – 2/19/26,1,1,0,Jason Day,1,100%,1,0,0,0,1,0,0,0,0,0,0,0,0,0,0,0,0,0,0,1,0,0,0,1,0,0,0,0,0,0,0,0,0,0,0,0,0,0,1,0,0,0,0,0,0,0,0,0,0,0,0,0,0,0,1,,,,,,0,,,,,0,0,0,0,0,1,0,0,0,0,0,0,0,1,1,0,1,0,1,0,0,0,0,0,0,0,0,0,1,0,0,0,0,0,0,0,0,0,0,0,0,0,0,1,0,0,0,0,0,0,0,0,0,0,1,0,1,0,0,0,0,0,0,0,0,0,,0,0,0,,0,0,0,0,0,0,0,0,0,0,0,0,0,0,0,0,0,0,0,0,0,0,0,1,0,0,0,0,0,0,0,0,0,0,0,0,0,0,0,0,0,0,0,0,0,0,0,0,0,0,0,0,0,0,TRUE,TRUE,TRUE,,Short,,,
Riviera - Blue,9,2/19/2026,Riviera Country Club,Riviera - Blue- 9,,Jason Day,,Jason Day - Riviera - Round 1 -2/19/26,Jason Day – Riviera Country Club – 2/19/26,,4,4,,,checked,297,,checked,checked,173,,,,,,,,,,,,,,,,,,,,,,,,,11.8,➡️ Hole High Right,2,1.4,1.4,,,,,,Blue,420,3,0,74.6,74.6,135,18 Holes,11.8,,11.8,,0,0,4,0,1,4,4,0,,,Par,1,Jason Day – Riviera Country Club – 2/19/26,1,1,0,Jason Day,1,100%,1,0,0,0,1,0,0,0,0,0,0,0,0,0,0,0,0,0,0,1,0,0,0,1,0,0,0,0,0,0,0,0,0,0,0,0,0,0,1,0,0,0,0,0,0,0,0,0,0,0,0,0,0,0,1,,,,,,0,,,,,0,0,0,0,0,1,0,0,0,0,0,0,0,1,1,0,1,0,1,0,0,0,0,0,0,0,0,0,1,0,0,0,0,0,0,0,0,0,0,0,0,0,0,1,0,0,0,0,0,0,0,0,0,0,1,0,1,0,1,0,0,0,1,0,0,0,,0,0,0,,0,0,0,0,0,0,0,0,0,0,0,0,0,0,0,0,0,0,0,0,0,0,0,1,0,0,0,0,0,0,0,0,0,0,0,0,0,0,0,0,0,0,0,0,0,0,0,0,0,0,0,0,0,0,TRUE,TRUE,TRUE,,Hole High Right,,,
Riviera - Blue,10,2/19/2026,Riviera Country Club,Riviera - Blue- 10,,Jason Day,,Jason Day - Riviera - Round 1 -2/19/26,Jason Day – Riviera Country Club – 2/19/26,,4,3,,,checked,301,,checked,checked,35,,,,,,,,,,,,,,,,,,,,,,,,,4.4,⬅️ Hole High Left,1,4.4,,,,,,,Blue,315,16,-1,74.6,74.6,135,18 Holes,4.4,,4.4,,1,1,4,-1,0,,,1,3,4,Birdie,1,Jason Day – Riviera Country Club – 2/19/26,1,1,0,Jason Day,1,100%,1,0,0,1,0,0,0,0,0,0,0,0,0,0,0,0,0,0,1,0,0,0,0,0,1,0,0,0,0,0,0,1,0,0,0,0,0,0,0,0,0,0,0,0,0,0,0,0,0,0,0,0,0,0,1,,,,,,-1,,,,,0,0,0,0,0,1,0,0,0,0,0,0,0,1,1,0,1,0,1,0,0,0,0,0,0,0,0,1,0,0,0,0,0,0,0,0,0,0,0,0,0,0,0,0,0,0,0,0,1,0,0,0,0,0,1,0,1,0,1,1,0,0,1,1,0,0,,0,0,0,,0,0,0,0,0,0,1,0,0,0,0,0,0,0,0,0,0,0,0,0,0,0,0,0,0,0,0,0,0,0,0,0,0,0,0,0,0,0,0,0,0,0,0,0,0,0,0,0,0,0,0,0,0,0,TRUE,TRUE,TRUE,,Hole High Left,,,
Riviera - Blue,11,2/19/2026,Riviera Country Club,Riviera - Blue- 11,,Jason Day,,Jason Day - Riviera - Round 1 -2/19/26,Jason Day – Riviera Country Club – 2/19/26,,5,5,,,,304,➡️ Right,checked,checked,68,,,,,,,,284,,↘️ Short Right,,,,,,,,,,,,,,,17.2,⬅️ Hole High Left,2,3.4,3.4,,,,,,Blue,583,10,0,74.6,74.6,135,18 Holes,17.2,,,17.2,0,0,5,0,0,,,1,5,5,Par,0,Jason Day – Riviera Country Club – 2/19/26,1,1,0,Jason Day,1,0%,0,0,0,0,1,0,0,0,0,0,0,0,0,0,0,0,0,0,0,1,0,0,0,0,0,0,0,0,0,0,0,0,0,0,0,0,0,0,1,0,0,0,0,0,0,0,0,0,0,0,0,0,0,0,1,,,,,,,0,,,,0,0,0,0,0,0,0,0,1,0,1,0,0,0,0,0,0,0,0,0,0,0,0,0,0,0,0,0,0,0,0,0,0,0,1,0,0,0,0,0,0,0,0,0,0,0,0,0,1,0,0,0,0,0,0,1,0,0,1,0,0,0,0,0,1,0,,0,0,0,,0,0,0,0,0,0,0,0,0,0,0,0,0,0,0,0,0,0,0,0,0,0,0,0,0,0,0,0,0,1,0,0,0,0,0,0,0,0,0,0,0,0,0,0,0,0,0,0,0,0,0,0,0,0,FALSE,TRUE,TRUE,,Hole High Left,Right,,
Riviera - Blue,12,2/19/2026,Riviera Country Club,Riviera - Blue- 12,,Jason Day,,Jason Day - Riviera - Round 1 -2/19/26,Jason Day – Riviera Country Club – 2/19/26,,4,4,,,,246,➡️ Right,,,202,,,⬇️ Short,,,,,,,,,,,,,,,1,60 Degree Wedge,,,,,,4.1,⬅️ Hole High Left,1,4.1,,,,,,,Blue,410,8,0,74.6,74.6,135,18 Holes,,,,,1,1,4,0,0,,,1,4,4,Par,0,Jason Day – Riviera Country Club – 2/19/26,0,0,0,Jason Day,1,0%,0,0,0,0,1,0,0,0,1,1,1,1,1,1,1,1,1,0,1,0,0,0,0,0,0,0,1,0,0,0,0,0,1,0,0,0,0,0,0,0,0,0,0,0,0,0,0,0,0,0,0,0,0,0,1,,,,,0,,,,,,0,0,0,1,0,0,0,0,0,0,0,1,0,0,0,1,0,1,0,1,0,0,0,0,0,0,0,0,1,0,0,0,0,0,0,0,0,0,0,0,1,1,0,0,0,0,0,0,1,0,0,0,0,0,0,0,0,0,0,0,0,0,0,0,0,0,,0,1,0,,0,0,0,0,0,0,0,1,0,0,0,0,0,0,0,0,0,0,0,0,0,0,0,0,0,0,0,0,0,0,0,0,0,0,0,0,0,0,0,0,0,0,0,0,0,0,0,0,0,0,0,0,0,0,FALSE,FALSE,FALSE,Short,Hole High Left,Right,,
Riviera - Blue,13,2/19/2026,Riviera Country Club,Riviera - Blue- 13,,Jason Day,,Jason Day - Riviera - Round 1 -2/19/26,Jason Day – Riviera Country Club – 2/19/26,,4,4,,,,264,⬅️ Left,,,177,,,⬇️ Short,,,,,,,,,,,,,,,1,60 Degree Wedge,,,,,,7.5,⬇️ Short,1,7.5,,,,,,,Blue,438,6,0,74.6,74.6,135,18 Holes,,,,,1,1,4,0,0,,,1,4,4,Par,0,Jason Day – Riviera Country Club – 2/19/26,0,0,0,Jason Day,1,0%,0,0,0,0,1,0,0,0,1,1,1,1,0,0,1,1,1,0,1,0,0,0,0,0,0,0,1,0,0,0,0,0,1,0,0,0,0,0,0,0,0,0,0,0,0,0,0,0,0,0,0,0,0,0,1,,,,,0,,,,,,0,0,0,1,0,0,0,0,0,0,0,1,0,0,0,1,0,1,0,1,0,0,0,0,0,0,0,0,1,0,0,0,0,0,0,0,0,0,0,0,1,1,0,0,0,0,0,0,0,0,0,0,1,0,0,0,0,0,0,0,0,0,0,0,0,0,,0,1,0,,0,0,0,0,0,0,0,1,0,0,0,0,0,0,0,0,0,0,0,0,0,0,0,0,0,0,0,0,0,0,0,0,0,0,0,0,0,0,0,0,0,0,0,0,0,0,0,0,0,0,0,0,0,0,FALSE,FALSE,FALSE,Short,Short,Left,,
Riviera - Blue,14,2/19/2026,Riviera Country Club,Riviera - Blue- 14,,Jason Day,,Jason Day - Riviera - Round 1 -2/19/26,Jason Day – Riviera Country Club – 2/19/26,,3,3,,,,,,checked,checked,181,,,,,,,,,,,,,,,,,,,,,,,,,35,⬇️ Short,2,1,1,,,,,,Blue,176,18,0,74.6,74.6,135,18 Holes,35,35,,,0,0,3,0,0,,,1,3,3,Par,0,Jason Day – Riviera Country Club – 2/19/26,1,1,0,Jason Day,0,N/A,0,0,0,0,1,0,0,0,0,0,0,0,0,0,0,0,0,0,0,1,0,0,0,1,0,0,0,0,0,0,0,0,0,0,0,0,0,0,1,0,0,0,0,0,0,0,0,0,0,0,0,0,0,0,1,0,,,,,,,,,,1,0,0,0,0,0,0,0,0,0,0,0,0,0,1,0,1,0,0,0,0,0,1,0,0,0,0,0,0,0,0,0,0,0,0,0,0,0,0,0,0,0,0,0,0,0,0,0,0,0,0,0,1,0,0,0,0,0,0,0,0,0,0,0,0,0,,0,0,0,,0,0,0,0,0,0,0,0,0,0,0,0,0,0,0,0,0,0,1,0,0,0,0,0,0,0,0,0,0,0,0,0,0,0,0,0,0,0,0,0,0,0,0,0,0,0,0,0,0,0,0,0,0,0,FALSE,TRUE,TRUE,,Short,,,
Riviera - Blue,15,2/19/2026,Riviera Country Club,Riviera - Blue- 15,,Jason Day,,Jason Day - Riviera - Round 1 -2/19/26,Jason Day – Riviera Country Club – 2/19/26,,4,4,,,checked,287,,checked,checked,188,,,,,,,,,,,,,,,,,,,,,,,,,14.7,↙️ Short Left,2,4.5,4.5,,,,,,Blue,443,2,0,74.6,74.6,135,18 Holes,14.7,,14.7,,0,0,4,0,0,,,1,4,4,Par,1,Jason Day – Riviera Country Club – 2/19/26,1,1,0,Jason Day,1,100%,1,0,0,0,1,0,0,0,0,0,0,0,0,0,0,0,0,0,0,1,0,0,0,1,0,0,0,0,0,0,0,0,0,0,0,0,0,0,1,0,0,0,0,0,0,0,0,0,0,0,0,0,0,0,1,,,,,,0,,,,,0,0,0,0,0,1,0,0,0,0,0,0,0,1,1,0,1,0,1,0,0,0,0,0,0,0,0,0,1,0,0,0,0,0,0,0,0,0,0,0,0,0,0,0,0,0,0,0,0,0,0,0,1,0,1,0,1,0,1,0,0,0,1,0,0,0,,0,0,0,,0,0,0,0,0,0,0,0,0,0,0,0,0,0,0,0,0,0,0,0,0,0,0,1,0,0,0,0,0,0,0,0,0,0,0,0,0,0,0,0,0,0,0,0,0,0,0,0,0,0,0,0,0,0,TRUE,TRUE,TRUE,,Short Left,,,
Riviera - Blue,16,2/19/2026,Riviera Country Club,Riviera - Blue- 16,,Jason Day,,Jason Day - Riviera - Round 1 -2/19/26,Jason Day – Riviera Country Club – 2/19/26,,3,4,,,,,,,,165,,,↖️ Long Left,,,,,,,,,,,,,,1,1,60 Degree Wedge,,,,,,17.2,➡️ Hole High Right,2,2.2,2.2,,,,,,Blue,166,14,1,74.6,74.6,135,18 Holes,,,,,0,0,3,1,0,,,1,4,3,Bogey,0,Jason Day – Riviera Country Club – 2/19/26,0,0,0,Jason Day,0,N/A,0,0,0,0,0,1,0,0,1,1,0,0,0,0,1,0,0,1,0,1,0,0,0,0,0,0,0,0,0,1,0,0,0,0,0,0,0,0,0,1,0,0,0,0,0,0,0,0,0,0,0,0,0,0,1,,1,,,,,,,,,0,1,0,0,0,0,0,0,0,0,0,0,0,0,0,1,0,1,0,0,0,0,0,1,0,0,0,0,0,0,0,0,0,0,0,0,0,0,0,0,0,0,0,0,0,0,1,0,0,0,0,0,0,0,0,0,0,0,0,0,0,0,0,0,0,0,,0,0,0,,0,0,0,0,0,0,0,0,0,0,0,0,0,0,0,0,0,0,0,1,0,0,0,0,0,0,0,0,0,0,0,0,0,0,0,0,0,0,0,0,0,0,0,0,0,0,0,0,0,0,0,0,0,0,FALSE,FALSE,FALSE,Long Left,Hole High Right,,,
Riviera - Blue,17,2/19/2026,Riviera Country Club,Riviera - Blue- 17,,Jason Day,,Jason Day - Riviera - Round 1 -2/19/26,Jason Day – Riviera Country Club – 2/19/26,,5,6,,,,243,⬅️ Left,,checked,18,,,,,,,,182,,↙️ Short Left,,,,,,1,,1,60 Degree Wedge,,,,,,6.4,⬅️ Hole High Left,2,0.5,0.5,,,,,,Blue,576,12,1,74.6,74.6,135,18 Holes,,,,,1,0,5,1,0,,,1,6,5,Bogey,0,Jason Day – Riviera Country Club – 2/19/26,0,1,0,Jason Day,1,0%,0,0,0,0,0,1,0,0,1,1,1,0,0,0,1,0,0,1,0,1,0,0,0,0,0,0,0,0,0,1,0,0,0,0,0,0,0,0,0,1,0,0,0,0,0,0,0,0,0,0,0,0,0,0,1,,,,,,,,,1,,0,0,0,0,0,0,0,0,0,1,0,1,0,0,0,1,0,1,0,1,0,0,0,0,0,0,0,0,0,0,0,0,0,0,0,1,0,0,0,0,0,0,0,0,0,0,1,0,0,0,0,0,0,0,0,0,0,0,0,0,0,0,0,0,0,0,,0,0,0,,0,0,0,0,0,0,0,0,0,0,0,0,0,0,0,0,0,0,0,0,0,0,0,0,0,0,0,0,0,0,1,0,0,0,0,0,0,0,0,0,0,0,0,0,0,0,0,0,0,0,0,0,0,0,FALSE,FALSE,TRUE,,Hole High Left,Left,,
Riviera - Blue,18,2/19/2026,Riviera Country Club,Riviera - Blue- 18,,Jason Day,,Jason Day - Riviera - Round 1 -2/19/26,Jason Day – Riviera Country Club – 2/19/26,,4,5,,,checked,252,,,,242,,,↙️ Short Left,,,,,,,,,,,,,,,1,60 Degree Wedge,,,,,,6.9,➡️ Hole High Right,2,1.5,1.5,,,,,,Blue,451,4,1,74.6,74.6,135,18 Holes,,,,,1,0,4,1,0,,,1,5,4,Bogey,1,Jason Day – Riviera Country Club – 2/19/26,0,0,0,Jason Day,1,100%,0,0,0,0,0,1,0,0,1,1,1,0,0,0,1,0,0,0,0,1,0,0,0,0,0,0,0,0,0,0,0,0,0,0,0,0,0,0,0,1,0,0,0,0,0,0,0,0,0,0,0,0,0,0,1,,,,1,,,,,,,0,0,0,0,1,0,0,0,0,0,0,0,1,0,0,0,0,0,0,0,0,0,0,0,0,0,0,0,0,1,0,0,0,0,0,0,0,0,0,0,0,0,0,0,0,0,1,0,0,0,0,0,0,0,0,0,1,0,0,0,0,0,0,0,0,0,,0,0,0,,0,0,0,0,0,0,0,0,0,0,0,0,0,0,0,0,0,0,0,0,0,0,0,0,1,0,0,0,0,0,0,0,0,0,0,0,0,0,0,0,0,0,0,0,0,0,0,0,0,0,0,0,0,0,TRUE,FALSE,FALSE,Short Left,Hole High Right,,,
Riviera - Blue,1,2/20/2026,Riviera Country Club,Riviera - Blue- 1,,Jason Day,,Jason Day - Riviera - Round 2 -2/20/26,Jason Day – Riviera Country Club – 2/20/26,,5,5,,,checked,266,,checked,checked,24,,,,,,,,230,,↘️ Short Right,,,,,,,,,,1,,,,60 Degree Wedge,8.5,↘️ Short Right,2,1.3,1.3,,,,,,Blue,503,17,0,74.6,74.6,135,18 Holes,8.5,,,8.5,1,0,5,0,1,5,5,0,,,Par,1,Jason Day – Riviera Country Club – 2/20/26,1,1,0,Jason Day,1,100%,1,0,0,0,1,0,0,0,0,0,0,0,0,0,0,0,0,0,0,1,0,0,0,1,0,0,0,0,0,0,0,0,0,0,0,0,0,0,1,0,0,0,0,0,0,0,0,0,0,0,0,0,0,0,1,,,,,,,,,,0,0,0,0,0,0,0,1,0,0,0,0,0,0,1,1,0,1,0,1,0,0,0,0,0,0,0,0,0,0,0,0,0,0,0,1,0,0,0,0,0,0,0,0,0,1,0,0,0,0,0,0,0,0,0,0,1,0,1,1,1,0,0,0,0,1,1,,0,0,0,,0,0,0,0,0,0,0,0,0,0,0,0,0,0,0,0,0,0,0,0,0,0,0,0,0,0,0,0,0,1,0,0,0,0,0,0,0,0,0,0,0,0,0,0,0,0,0,0,0,0,0,0,0,0,TRUE,TRUE,TRUE,,Short Right,,,
Riviera - Blue,2,2/20/2026,Riviera Country Club,Riviera - Blue- 2,,Jason Day,,Jason Day - Riviera - Round 2 -2/20/26,Jason Day – Riviera Country Club – 2/20/26,,4,4,,,,291,⬅️ Left,checked,checked,201,,,,,,,,,,,,,,,,,,,,,,,,,57.5,⬇️ Short,2,4.2,4.2,,,,,,Blue,463,1,0,74.6,74.6,135,18 Holes,57.5,,57.5,,0,0,4,0,1,4,4,0,,,Par,0,Jason Day – Riviera Country Club – 2/20/26,1,1,0,Jason Day,1,0%,0,0,0,0,1,0,0,0,0,0,0,0,0,0,0,0,0,0,0,1,0,0,0,0,0,0,0,0,0,0,0,0,0,0,0,0,0,0,1,0,0,0,0,0,0,0,0,0,0,0,0,0,0,0,1,,,0,,,,,,,,0,0,1,0,0,0,0,0,0,0,1,0,0,0,0,0,0,0,0,0,0,0,0,0,0,0,0,0,1,0,0,0,0,0,0,0,0,0,0,0,0,0,0,0,1,0,0,0,0,0,0,0,0,0,1,0,0,0,0,0,0,0,0,0,0,0,,0,0,0,,0,0,0,0,0,0,0,0,0,0,0,0,0,0,0,0,0,0,0,0,0,0,0,1,0,0,0,0,0,0,0,0,0,0,0,0,0,0,0,0,0,0,0,0,0,0,0,0,0,0,0,0,0,0,FALSE,TRUE,TRUE,,Short,Left,,
Riviera - Blue,3,2/20/2026,Riviera Country Club,Riviera - Blue- 3,,Jason Day,,Jason Day - Riviera - Round 2 -2/20/26,Jason Day – Riviera Country Club – 2/20/26,,4,5,,,,320,⬅️ Left,,,130,,,⬇️ Short,,,,,,,,,,,,,,,1,60 Degree Wedge,,,,,,24.1,⬆️ Long,2,0.2,0.2,,,,,,Blue,434,5,1,74.6,74.6,135,18 Holes,,,,,0,0,4,1,1,5,4,0,,,Bogey,0,Jason Day – Riviera Country Club – 2/20/26,0,0,0,Jason Day,1,0%,0,0,0,0,0,1,0,0,1,1,0,0,0,0,1,0,0,0,0,1,0,0,0,0,0,0,0,0,0,0,0,0,0,0,0,0,0,0,0,1,0,0,0,0,0,0,0,0,0,0,0,0,0,0,1,,,,,1,,,,,,0,0,0,1,0,0,0,0,0,0,0,1,0,0,0,1,0,1,0,1,0,0,0,0,0,0,0,0,0,1,0,0,0,0,0,0,0,0,0,0,0,0,0,0,0,1,0,0,0,0,0,0,0,0,0,0,0,0,0,0,0,0,0,0,0,0,,0,0,0,,0,0,0,0,0,0,0,0,0,0,0,0,0,0,0,0,0,0,0,0,0,0,0,0,1,0,0,0,0,0,0,0,0,0,0,0,0,0,0,0,0,0,0,0,0,0,0,0,0,0,0,0,0,0,FALSE,FALSE,FALSE,Short,Long,Left,,
Riviera - Blue,4,2/20/2026,Riviera Country Club,Riviera - Blue- 4,,Jason Day,,Jason Day - Riviera - Round 2 -2/20/26,Jason Day – Riviera Country Club – 2/20/26,,3,3,,,,,,,,232,,,⬅️ Left,,,,,,,,,,,,,,,1,60 Degree Wedge,,,,,,1.8,Tight (3 feet or less) ,1,1.8,,,,,,,Blue,236,7,0,74.6,74.6,135,18 Holes,,,,,1,1,3,0,1,3,3,0,,,Par,0,Jason Day – Riviera Country Club – 2/20/26,0,0,0,Jason Day,0,N/A,0,0,0,0,1,0,0,0,1,1,1,1,1,1,1,1,1,0,1,0,0,0,0,0,0,0,1,0,0,0,0,0,1,0,0,0,0,0,0,0,0,0,0,0,0,0,0,0,0,0,0,0,0,0,1,,0,,,,,,,,,0,1,0,0,0,0,0,0,0,0,0,0,0,0,0,1,0,1,0,0,0,0,1,0,0,0,0,0,0,0,0,0,0,0,0,0,0,0,0,0,1,1,0,0,0,0,0,0,0,0,1,0,0,0,0,0,0,0,0,0,0,0,0,0,0,0,,1,0,0,,0,1,0,0,0,0,0,0,0,0,0,0,0,0,0,0,0,0,0,0,0,0,0,0,0,0,0,0,0,0,0,0,0,0,0,0,0,0,0,0,0,0,0,0,0,0,0,0,0,0,0,0,0,0,FALSE,FALSE,FALSE,Left,Tight (3 feet or less),,,
Riviera - Blue,5,2/20/2026,Riviera Country Club,Riviera - Blue- 5,,Jason Day,,Jason Day - Riviera - Round 2 -2/20/26,Jason Day – Riviera Country Club – 2/20/26,,4,4,,,,274,⬅️ Left,checked,checked,167,,,,,,,,,,,,,,,,,,,,,,,,,25.1,↙️ Short Left,2,1.5,1.5,,,,,,Blue,419,11,0,74.6,74.6,135,18 Holes,25.1,,25.1,,0,0,4,0,1,4,4,0,,,Par,0,Jason Day – Riviera Country Club – 2/20/26,1,1,0,Jason Day,1,0%,0,0,0,0,1,0,0,0,0,0,0,0,0,0,0,0,0,0,0,1,0,0,0,0,0,0,0,0,0,0,0,0,0,0,0,0,0,0,1,0,0,0,0,0,0,0,0,0,0,0,0,0,0,0,1,,,0,,,,,,,,0,0,1,0,0,0,0,0,0,0,1,0,0,0,0,0,0,0,0,0,0,0,0,0,0,0,0,0,1,0,0,0,0,0,0,0,0,0,0,0,0,0,0,0,0,0,0,0,0,0,1,0,0,0,1,0,0,0,0,0,0,0,0,0,0,0,,0,0,0,,0,0,0,0,0,0,0,0,0,0,0,0,0,0,0,0,0,0,0,0,0,0,0,1,0,0,0,0,0,0,0,0,0,0,0,0,0,0,0,0,0,0,0,0,0,0,0,0,0,0,0,0,0,0,FALSE,TRUE,TRUE,,Short Left,Left,,
Riviera - Blue,6,2/20/2026,Riviera Country Club,Riviera - Blue- 6,,Jason Day,,Jason Day - Riviera - Round 2 -2/20/26,Jason Day – Riviera Country Club – 2/20/26,,3,2,,,,,,checked,checked,188,,,,,,,,,,,,,,,,,,,,,,,,,14.1,⬆️ Long,1,14.1,,,,,,,Blue,175,15,-1,74.6,74.6,135,18 Holes,14.1,14.1,,,0,0,3,-1,1,2,3,0,,,Birdie,0,Jason Day – Riviera Country Club – 2/20/26,1,1,0,Jason Day,0,N/A,0,0,0,1,0,0,0,0,0,0,0,0,0,0,0,0,0,0,1,0,0,0,0,0,1,0,0,0,0,0,0,1,0,0,0,0,0,0,0,0,0,0,0,0,0,0,0,0,0,0,0,0,0,0,1,-1,,,,,,,,,,1,0,0,0,0,0,0,0,0,0,0,0,0,0,1,0,1,0,0,0,0,1,0,0,0,0,0,0,0,0,0,0,0,0,0,0,0,0,0,0,0,0,0,0,0,0,0,0,0,0,1,0,0,0,0,0,0,0,1,0,1,0,0,0,0,0,,0,0,0,,1,0,0,0,0,0,0,0,0,0,0,0,0,0,0,0,0,0,0,0,0,0,0,0,0,0,0,0,0,0,0,0,0,0,0,0,0,0,0,0,0,0,0,0,0,0,0,0,0,0,0,0,0,0,FALSE,TRUE,TRUE,,Long,,,
Riviera - Blue,7,2/20/2026,Riviera Country Club,Riviera - Blue- 7,,Jason Day,,Jason Day - Riviera - Round 2 -2/20/26,Jason Day – Riviera Country Club – 2/20/26,,4,5,,,checked,268,,checked,checked,134,,,,,,,,,,,,,,,,,,,,,,,,,19.2,⬆️ Long,3,1.5,4.5,1.5,,,,,Blue,408,9,1,74.6,74.6,135,18 Holes,19.2,,19.2,,0,0,4,1,1,5,4,0,,,Bogey,1,Jason Day – Riviera Country Club – 2/20/26,1,1,0,Jason Day,1,100%,1,0,0,0,0,1,0,0,0,0,0,0,0,0,0,0,0,0,0,0,1,0,0,0,0,0,0,0,0,0,0,0,0,0,0,0,0,0,0,0,0,0,0,0,0,1,0,0,0,0,0,0,0,0,1,,,,,,1,,,,,0,0,0,0,0,1,0,0,0,0,0,0,0,1,1,0,1,0,1,0,0,0,0,0,0,0,0,0,0,1,0,0,0,0,0,0,0,0,0,0,0,0,0,0,0,0,0,1,0,0,0,0,0,0,1,0,1,0,1,0,0,0,1,0,0,0,,0,0,0,,0,0,0,0,0,0,0,0,0,0,0,0,0,0,0,0,0,0,0,0,0,0,0,0,0,0,0,0,0,0,0,0,0,0,0,0,0,1,0,0,0,0,0,0,0,0,0,0,0,0,0,0,0,0,TRUE,TRUE,TRUE,,Long,,,
Riviera - Blue,8,2/20/2026,Riviera Country Club,Riviera - Blue- 8,,Jason Day,,Jason Day - Riviera - Round 2 -2/20/26,Jason Day – Riviera Country Club – 2/20/26,,4,4,,,,271,⬅️ Left,checked,checked,160,,,,,,,,,,,,,,,,,,,,,,,,,67.8,⬇️ Short,2,1.8,1.8,,,,,,Blue,416,13,0,74.6,74.6,135,18 Holes,67.8,,67.8,,0,0,4,0,1,4,4,0,,,Par,0,Jason Day – Riviera Country Club – 2/20/26,1,1,0,Jason Day,1,0%,0,0,0,0,1,0,0,0,0,0,0,0,0,0,0,0,0,0,0,1,0,0,0,0,0,0,0,0,0,0,0,0,0,0,0,0,0,0,1,0,0,0,0,0,0,0,0,0,0,0,0,0,0,0,1,,,0,,,,,,,,0,0,1,0,0,0,0,0,0,0,1,0,0,0,0,0,0,0,0,0,0,0,0,0,0,0,0,0,1,0,0,0,0,0,0,0,0,0,0,0,0,0,0,1,0,0,0,0,0,0,0,0,0,0,1,0,0,0,0,0,0,0,0,0,0,0,,0,0,0,,0,0,0,0,0,0,0,0,0,0,0,0,0,0,0,0,0,0,0,0,0,0,0,1,0,0,0,0,0,0,0,0,0,0,0,0,0,0,0,0,0,0,0,0,0,0,0,0,0,0,0,0,0,0,FALSE,TRUE,TRUE,,Short,Left,,
Riviera - Blue,9,2/20/2026,Riviera Country Club,Riviera - Blue- 9,,Jason Day,,Jason Day - Riviera - Round 2 -2/20/26,Jason Day – Riviera Country Club – 2/20/26,,4,5,,,,271,⬅️ Left,,,95,,,⬇️ Short,,,,,,,,,,,,,1,1,1,60 Degree Wedge,,,,,,3.6,➡️ Hole High Right,1,3.6,,,,,,,Blue,420,3,1,74.6,74.6,135,18 Holes,,,,,1,1,4,1,1,5,4,0,,,Bogey,0,Jason Day – Riviera Country Club – 2/20/26,0,0,0,Jason Day,1,0%,0,0,0,0,0,1,0,0,1,1,1,1,1,1,1,0,1,2,1,0,0,0,0,0,0,0,0,0,0,1,0,0,0,1,0,0,0,0,0,0,0,0,0,0,0,0,0,0,0,0,0,0,0,0,1,,,,,1,,,,,,0,0,0,1,0,0,0,0,0,0,0,1,0,0,0,1,0,1,0,1,0,0,0,0,0,0,0,0,0,1,0,0,0,0,0,0,0,0,0,0,0,1,0,0,0,0,0,1,0,0,0,0,0,0,0,0,0,0,0,0,0,0,0,0,0,0,,0,0,0,,0,0,0,0,0,0,0,0,1,0,0,0,0,0,0,0,0,0,0,0,0,0,0,0,0,0,0,0,0,0,0,0,0,0,0,0,0,0,0,0,0,0,0,0,0,0,0,0,0,0,0,0,0,0,FALSE,FALSE,FALSE,Short,Hole High Right,Left,,
Riviera - Blue,10,2/20/2026,Riviera Country Club,Riviera - Blue- 10,,Jason Day,,Jason Day - Riviera - Round 2 -2/20/26,Jason Day – Riviera Country Club – 2/20/26,,4,4,,,,287,⬅️ Left,,,46,,,⬇️ Short,,,,,,,,,,,,,,,1,60 Degree Wedge,,,,,,8.9,⬅️ Hole High Left,1,8.9,,,,,,,Blue,315,16,0,74.6,74.6,135,18 Holes,,,,,1,1,4,0,0,,,1,4,4,Par,0,Jason Day – Riviera Country Club – 2/20/26,0,0,0,Jason Day,1,0%,0,0,0,0,1,0,0,0,1,1,1,1,0,0,1,1,1,0,1,0,0,0,0,0,0,0,1,0,0,0,0,0,1,0,0,0,0,0,0,0,0,0,0,0,0,0,0,0,0,0,0,0,0,0,1,,,,,0,,,,,,0,0,0,1,0,0,0,0,0,0,0,1,0,0,0,1,0,1,0,1,0,0,0,0,0,0,0,0,1,0,0,0,0,0,0,0,0,0,0,0,1,1,0,0,0,0,0,0,1,0,0,0,0,0,0,0,0,0,0,0,0,0,0,0,0,0,,0,1,0,,0,0,0,0,0,0,0,1,0,0,0,0,0,0,0,0,0,0,0,0,0,0,0,0,0,0,0,0,0,0,0,0,0,0,0,0,0,0,0,0,0,0,0,0,0,0,0,0,0,0,0,0,0,0,FALSE,FALSE,FALSE,Short,Hole High Left,Left,,
Riviera - Blue,11,2/20/2026,Riviera Country Club,Riviera - Blue- 11,,Jason Day,,Jason Day - Riviera - Round 2 -2/20/26,Jason Day – Riviera Country Club – 2/20/26,,5,5,,,checked,269,,checked,checked,59,,,,,,,,298,,↙️ Short Left,,,,,,,,,,,,,,,12.6,⬇️ Short,2,2.5,2.5,,,,,,Blue,583,10,0,74.6,74.6,135,18 Holes,12.6,,,12.6,0,0,5,0,0,,,1,5,5,Par,1,Jason Day – Riviera Country Club – 2/20/26,1,1,0,Jason Day,1,100%,1,0,0,0,1,0,0,0,0,0,0,0,0,0,0,0,0,0,0,1,0,0,0,1,0,0,0,0,0,0,0,0,0,0,0,0,0,0,1,0,0,0,0,0,0,0,0,0,0,0,0,0,0,0,1,,,,,,,,,,0,0,0,0,0,0,0,1,0,0,0,0,0,0,1,1,0,1,0,1,0,0,0,0,0,0,0,0,0,0,0,0,0,0,0,1,0,0,0,0,0,0,0,0,0,0,0,0,0,1,0,0,0,0,0,0,1,0,1,1,0,0,0,0,0,1,0,,0,0,0,,0,0,0,0,0,0,0,0,0,0,0,0,0,0,0,0,0,0,0,0,0,0,0,0,0,0,0,0,0,1,0,0,0,0,0,0,0,0,0,0,0,0,0,0,0,0,0,0,0,0,0,0,0,0,TRUE,TRUE,TRUE,,Short,,,
Riviera - Blue,12,2/20/2026,Riviera Country Club,Riviera - Blue- 12,,Jason Day,,Jason Day - Riviera - Round 2 -2/20/26,Jason Day – Riviera Country Club – 2/20/26,,4,5,,,,299,➡️ Right,,,189,,,↖️ Long Left,,,,,,,,,,,,,,,1,60 Degree Wedge,,,,,,7.9,➡️ Hole High Right,2,2,2,,,,,,Blue,410,8,1,74.6,74.6,135,18 Holes,,,,,1,0,4,1,0,,,1,5,4,Bogey,0,Jason Day – Riviera Country Club – 2/20/26,0,0,0,Jason Day,1,0%,0,0,0,0,0,1,0,0,1,1,1,0,0,0,1,0,0,0,0,1,0,0,0,0,0,0,0,0,0,0,0,0,0,0,0,0,0,0,0,1,0,0,0,0,0,0,0,0,0,0,0,0,0,0,1,,,,,1,,,,,,0,0,0,1,0,0,0,0,0,0,0,1,0,0,0,1,0,1,0,1,0,0,0,0,0,0,0,0,0,1,0,0,0,0,0,0,0,0,0,0,0,0,0,0,0,0,0,0,0,1,0,0,0,0,0,0,0,0,0,0,0,0,0,0,0,0,,0,0,0,,0,0,0,0,0,0,0,0,0,0,0,0,0,0,0,0,0,0,0,0,0,0,0,0,1,0,0,0,0,0,0,0,0,0,0,0,0,0,0,0,0,0,0,0,0,0,0,0,0,0,0,0,0,0,FALSE,FALSE,FALSE,Long Left,Hole High Right,Right,,
Riviera - Blue,13,2/20/2026,Riviera Country Club,Riviera - Blue- 13,,Jason Day,,Jason Day - Riviera - Round 2 -2/20/26,Jason Day – Riviera Country Club – 2/20/26,,4,4,,,checked,291,,checked,checked,179,,,,,,,,,,,,,,,,,,,,,,,,,24.5,⬇️ Short,2,2.1,2.1,,,,,,Blue,438,6,0,74.6,74.6,135,18 Holes,24.5,,24.5,,0,0,4,0,0,,,1,4,4,Par,1,Jason Day – Riviera Country Club – 2/20/26,1,1,0,Jason Day,1,100%,1,0,0,0,1,0,0,0,0,0,0,0,0,0,0,0,0,0,0,1,0,0,0,1,0,0,0,0,0,0,0,0,0,0,0,0,0,0,1,0,0,0,0,0,0,0,0,0,0,0,0,0,0,0,1,,,,,,0,,,,,0,0,0,0,0,1,0,0,0,0,0,0,0,1,1,0,1,0,1,0,0,0,0,0,0,0,0,0,1,0,0,0,0,0,0,0,0,0,0,0,0,0,0,0,0,0,0,0,0,0,0,0,1,0,1,0,1,0,0,0,0,0,0,0,0,0,,0,0,0,,0,0,0,0,0,0,0,0,0,0,0,0,0,0,0,0,0,0,0,0,0,0,0,1,0,0,0,0,0,0,0,0,0,0,0,0,0,0,0,0,0,0,0,0,0,0,0,0,0,0,0,0,0,0,TRUE,TRUE,TRUE,,Short,,,
Riviera - Blue,14,2/20/2026,Riviera Country Club,Riviera - Blue- 14,,Jason Day,,Jason Day - Riviera - Round 2 -2/20/26,Jason Day – Riviera Country Club – 2/20/26,,3,2,,,,,,checked,checked,186,,,,,,,,,,,,,,,,,,,,,,,,,11.8,↙️ Short Left,1,11.8,,,,,,,Blue,176,18,-1,74.6,74.6,135,18 Holes,11.8,11.8,,,0,0,3,-1,0,,,1,2,3,Birdie,0,Jason Day – Riviera Country Club – 2/20/26,1,1,0,Jason Day,0,N/A,0,0,0,1,0,0,0,0,0,0,0,0,0,0,0,0,0,0,1,0,0,0,0,0,1,0,0,0,0,0,0,1,0,0,0,0,0,0,0,0,0,0,0,0,0,0,0,0,0,0,0,0,0,0,1,-1,,,,,,,,,,1,0,0,0,0,0,0,0,0,0,0,0,0,0,1,0,1,0,0,0,0,1,0,0,0,0,0,0,0,0,0,0,0,0,0,0,0,0,0,0,0,0,0,0,0,0,0,0,0,0,0,0,1,0,0,0,0,0,1,0,1,0,0,0,0,0,,0,0,0,,1,0,0,0,0,0,0,0,0,0,0,0,0,0,0,0,0,0,0,0,0,0,0,0,0,0,0,0,0,0,0,0,0,0,0,0,0,0,0,0,0,0,0,0,0,0,0,0,0,0,0,0,0,0,FALSE,TRUE,TRUE,,Short Left,,,
Riviera - Blue,15,2/20/2026,Riviera Country Club,Riviera - Blue- 15,,Jason Day,,Jason Day - Riviera - Round 2 -2/20/26,Jason Day – Riviera Country Club – 2/20/26,,4,4,,,checked,276,,,,220,,,↙️ Short Left,,,,,,,,,,,,,,,1,60 Degree Wedge,,,,,,10.9,➡️ Hole High Right,1,10.9,,,,,,,Blue,443,2,0,74.6,74.6,135,18 Holes,,,,,0,0,4,0,0,,,1,4,4,Par,1,Jason Day – Riviera Country Club – 2/20/26,0,0,0,Jason Day,1,100%,0,0,0,0,1,0,0,0,1,1,0,0,0,0,1,1,1,0,1,0,0,0,0,0,0,0,0,0,0,0,0,0,1,0,0,0,0,0,0,0,0,0,0,0,0,0,0,0,0,0,0,0,0,0,1,,,,0,,,,,,,0,0,0,0,1,0,0,0,0,0,0,0,1,0,0,0,0,0,0,0,0,0,0,0,0,0,0,0,1,0,0,0,0,0,0,0,0,0,0,0,1,1,0,0,0,0,0,0,0,0,0,0,1,0,0,0,1,0,0,0,0,0,0,0,0,0,,0,1,0,,0,0,0,0,0,0,0,1,0,0,0,0,0,0,0,0,0,0,0,0,0,0,0,0,0,0,0,0,0,0,0,0,0,0,0,0,0,0,0,0,0,0,0,0,0,0,0,0,0,0,0,0,0,0,TRUE,FALSE,FALSE,Short Left,Hole High Right,,,
Riviera - Blue,16,2/20/2026,Riviera Country Club,Riviera - Blue- 16,,Jason Day,,Jason Day - Riviera - Round 2 -2/20/26,Jason Day – Riviera Country Club – 2/20/26,,3,3,,,,,,,,164,,,⬅️ Left,,,,,,,,,,,,,,,1,60 Degree Wedge,,,,,,2.2,Tight (3 feet or less) ,1,2.2,,,,,,,Blue,166,14,0,74.6,74.6,135,18 Holes,,,,,1,1,3,0,0,,,1,3,3,Par,0,Jason Day – Riviera Country Club – 2/20/26,0,0,0,Jason Day,0,N/A,0,0,0,0,1,0,0,0,1,1,1,1,1,1,1,1,1,0,1,0,0,0,0,0,0,0,1,0,0,0,0,0,1,0,0,0,0,0,0,0,0,0,0,0,0,0,0,0,0,0,0,0,0,0,1,,0,,,,,,,,,0,1,0,0,0,0,0,0,0,0,0,0,0,0,0,1,0,1,0,0,0,0,1,0,0,0,0,0,0,0,0,0,0,0,0,0,0,0,0,0,1,1,1,0,0,0,0,0,0,0,0,0,0,0,0,0,0,0,0,0,0,0,0,0,0,0,,1,0,0,,0,1,0,0,0,0,0,0,0,0,0,0,0,0,0,0,0,0,0,0,0,0,0,0,0,0,0,0,0,0,0,0,0,0,0,0,0,0,0,0,0,0,0,0,0,0,0,0,0,0,0,0,0,0,FALSE,FALSE,FALSE,Left,Tight (3 feet or less),,,
Riviera - Blue,17,2/20/2026,Riviera Country Club,Riviera - Blue- 17,,Jason Day,,Jason Day - Riviera - Round 2 -2/20/26,Jason Day – Riviera Country Club – 2/20/26,,5,5,,,,281,⬅️ Left,checked,checked,59,,,,,,,,311,,⬇️ Short,,,,,,,,,,,,,,,7.5,↘️ Short Right,2,1.5,1.5,,,,,,Blue,576,12,0,74.6,74.6,135,18 Holes,7.5,,,7.5,1,0,5,0,0,,,1,5,5,Par,0,Jason Day – Riviera Country Club – 2/20/26,1,1,0,Jason Day,1,0%,0,0,0,0,1,0,0,0,0,0,0,0,0,0,0,0,0,0,0,1,0,0,0,0,0,0,0,0,0,0,0,0,0,0,0,0,0,0,1,0,0,0,0,0,0,0,0,0,0,0,0,0,0,0,1,,,,,,,0,,,,0,0,0,0,0,0,0,0,1,0,1,0,0,0,0,0,0,0,0,0,0,0,0,0,0,0,0,0,0,0,0,0,0,0,1,0,0,0,0,0,0,0,1,0,0,0,0,0,0,0,0,0,0,0,0,1,0,0,1,1,0,0,0,0,1,1,,0,0,0,,0,0,0,0,0,0,0,0,0,0,0,0,0,0,0,0,0,0,0,0,0,0,0,0,0,0,0,0,0,1,0,0,0,0,0,0,0,0,0,0,0,0,0,0,0,0,0,0,0,0,0,0,0,0,FALSE,TRUE,TRUE,,Short Right,Left,,
Riviera - Blue,18,2/20/2026,Riviera Country Club,Riviera - Blue- 18,,Jason Day,,Jason Day - Riviera - Round 2 -2/20/26,Jason Day – Riviera Country Club – 2/20/26,,4,5,,,checked,282,,,,212,,,⬇️ Short,,,,,,,,,,,,,,,1,60 Degree Wedge,,,,,,9,➡️ Hole High Right,2,3.8,3.8,,,,,,Blue,451,4,1,74.6,74.6,135,18 Holes,,,,,1,0,4,1,0,,,1,5,4,Bogey,1,Jason Day – Riviera Country Club – 2/20/26,0,0,0,Jason Day,1,100%,0,0,0,0,0,1,0,0,1,1,1,0,0,0,1,0,0,0,0,1,0,0,0,0,0,0,0,0,0,0,0,0,0,0,0,0,0,0,0,1,0,0,0,0,0,0,0,0,0,0,0,0,0,0,1,,,,1,,,,,,,0,0,0,0,1,0,0,0,0,0,0,0,1,0,0,0,0,0,0,0,0,0,0,0,0,0,0,0,0,1,0,0,0,0,0,0,0,0,0,0,0,0,0,0,0,0,1,0,0,0,0,0,0,0,0,0,1,0,0,0,0,0,0,0,0,0,,0,0,0,,0,0,0,0,0,0,0,0,0,0,0,0,0,0,0,0,0,0,0,0,0,0,0,0,1,0,0,0,0,0,0,0,0,0,0,0,0,0,0,0,0,0,0,0,0,0,0,0,0,0,0,0,0,0,TRUE,FALSE,FALSE,Short,Hole High Right,,,
Bay Hill - Green,1,3/5/2026,Bay Hill Club,Bay Hill- Green - 1,,Scottie Scheffler,,Scottie Scheffler - Bay Hill - Round 1 -3/5/26,Scottie Scheffler – Bay Hill Club – 3/5/26,,4,3,,,checked,310,,,,133,,,⬆️ Long,,,,,,,,,,,,,,,1,Putter,,,,,,0,Hole Out,0,0,,,,4,Fringe,Putter,Green,461,4,-1,75.2,75.2,137,18 Holes,,,,,1,0,4,-1,1,3,4,0,,,Birdie,1,Scottie Scheffler – Bay Hill Club – 3/5/26,0,0,0,Scottie Scheffler,1,100%,0,0,0,1,0,0,0,0,1,1,1,1,1,1,1,1,1,0,0,0,0,0,1,0,0,0,0,0,0,0,0,0,0,0,0,0,0,0,0,0,0,0,0,0,0,0,0,0,0,0,0,0,0,0,0,,,,-1,,,,,,,0,0,0,0,1,0,0,0,0,0,0,0,1,0,0,0,0,0,0,0,0,0,0,0,0,0,0,1,0,0,0,0,0,0,0,0,0,0,0,0,0,0,0,0,1,0,0,0,0,0,0,0,0,0,0,0,1,0,0,0,0,0,0,0,0,0,,0,0,0,,0,0,0,0,0,0,0,0,0,0,0,0,0,0,0,0,0,0,0,0,0,0,0,0,0,0,0,0,0,0,0,0,0,0,0,0,0,0,0,0,0,0,0,0,0,0,0,0,0,0,0,0,0,0,TRUE,FALSE,FALSE,Long,Hole Out,,,
Bay Hill - Green,2,3/5/2026,Bay Hill Club,Bay Hill- Green - 2,,Scottie Scheffler,,Scottie Scheffler - Bay Hill - Round 1 -3/5/26,Scottie Scheffler – Bay Hill Club – 3/5/26,,3,3,,,,,,checked,checked,210,,,,,,,,,,,,,,,,,,,,,,,,,24.5,⬆️ Long,2,1.8,1.8,,,,,,Green,231,18,0,75.2,75.2,137,18 Holes,24.5,24.5,,,0,0,3,0,1,3,3,0,,,Par,0,Scottie Scheffler – Bay Hill Club – 3/5/26,1,1,0,Scottie Scheffler,0,N/A,0,0,0,0,1,0,0,0,0,0,0,0,0,0,0,0,0,0,0,1,0,0,0,1,0,0,0,0,0,0,0,0,0,0,0,0,0,0,1,0,0,0,0,0,0,0,0,0,0,0,0,0,0,0,1,0,,,,,,,,,,1,0,0,0,0,0,0,0,0,0,0,0,0,0,1,0,1,0,0,0,0,0,1,0,0,0,0,0,0,0,0,0,0,0,0,0,0,0,0,0,0,0,0,0,1,0,0,0,0,0,0,0,0,0,0,0,0,0,0,0,0,0,0,0,0,0,,0,0,0,,0,0,0,0,0,0,0,0,0,0,0,0,0,0,0,0,0,0,1,0,0,0,0,0,0,0,0,0,0,0,0,0,0,0,0,0,0,0,0,0,0,0,0,0,0,0,0,0,0,0,0,0,0,0,FALSE,TRUE,TRUE,,Long,,,
Bay Hill - Green,3,3/5/2026,Bay Hill Club,Bay Hill- Green - 3,,Scottie Scheffler,,Scottie Scheffler - Bay Hill - Round 1 -3/5/26,Scottie Scheffler – Bay Hill Club – 3/5/26,,4,4,,,,300,➡️ Right,,,181,,,⬇️ Short,,,,,,,,,,,,,,1,1,60 Degree Wedge,,,,,,4.2,➡️ Hole High Right,1,4.2,,,,,,,Green,434,14,0,75.2,75.2,137,18 Holes,,,,,1,1,4,0,1,4,4,0,,,Par,0,Scottie Scheffler – Bay Hill Club – 3/5/26,0,0,0,Scottie Scheffler,1,0%,0,0,0,0,1,0,0,0,1,1,1,1,1,1,1,1,1,1,1,0,0,0,0,0,0,0,1,0,1,1,0,0,1,0,0,0,0,0,0,0,0,0,0,0,0,0,0,0,0,0,0,0,0,0,1,,,,,0,,,,,,0,0,0,1,0,0,0,0,0,0,0,1,0,0,0,1,0,1,0,1,0,0,0,0,0,0,0,0,1,0,0,0,0,0,0,0,0,0,0,0,1,1,0,0,1,0,0,0,0,0,0,0,0,0,0,0,0,0,0,0,0,0,0,0,0,0,,0,1,0,,0,0,0,0,0,0,0,1,0,0,0,0,0,0,0,0,0,0,0,0,0,0,0,0,0,0,0,0,0,0,0,0,0,0,0,0,0,0,0,0,0,0,0,0,0,0,0,0,0,0,0,0,0,0,FALSE,FALSE,FALSE,Short,Hole High Right,Right,,
Bay Hill - Green,4,3/5/2026,Bay Hill Club,Bay Hill- Green - 4,,Scottie Scheffler,,Scottie Scheffler - Bay Hill - Round 1 -3/5/26,Scottie Scheffler – Bay Hill Club – 3/5/26,,5,4,,,checked,351,,checked,checked,8,,,,,,,,237,,↖️ Long Left,,,,,,,,,,1,,,,60 Degree Wedge,2.2,Tight (3 feet or less) ,1,2.2,,,,,,,Green,561,10,-1,75.2,75.2,137,18 Holes,2.2,,,2.2,1,1,5,-1,1,4,5,0,,,Birdie,1,Scottie Scheffler – Bay Hill Club – 3/5/26,1,1,0,Scottie Scheffler,1,100%,1,0,0,1,0,0,0,0,0,0,0,0,0,0,0,0,0,0,1,0,0,0,0,0,1,0,0,0,0,0,0,1,0,0,0,0,0,0,0,0,0,0,0,0,0,0,0,0,0,0,0,0,0,0,1,,,,,,,,,,-1,0,0,0,0,0,0,1,0,0,0,0,0,0,1,1,0,1,0,1,0,0,0,0,0,0,0,0,0,0,0,0,0,0,1,0,0,0,0,0,0,0,0,0,0,0,0,0,0,0,0,1,0,0,0,0,1,0,1,1,1,0,0,0,0,1,1,,0,0,0,,0,0,0,0,0,0,0,0,0,0,0,0,0,1,0,0,0,0,0,0,0,0,0,0,0,0,0,0,0,0,0,0,0,0,0,0,0,0,0,0,0,0,0,0,0,0,0,0,0,0,0,0,0,0,TRUE,TRUE,TRUE,,Tight (3 feet or less),,,
Bay Hill - Green,5,3/5/2026,Bay Hill Club,Bay Hill- Green - 5,,Scottie Scheffler,,Scottie Scheffler - Bay Hill - Round 1 -3/5/26,Scottie Scheffler – Bay Hill Club – 3/5/26,,4,5,,,,251,➡️ Right,,,137,,,⬆️ Long,,,,,,,,,,,,,1,,1,60 Degree Wedge,,,,,,5.9,➡️ Hole High Right,2,1.1,1.1,,,,,,Green,390,8,1,75.2,75.2,137,18 Holes,,,,,1,0,4,1,1,5,4,0,,,Bogey,0,Scottie Scheffler – Bay Hill Club – 3/5/26,0,0,0,Scottie Scheffler,1,0%,0,0,0,0,0,1,0,0,1,1,1,0,0,0,1,0,0,1,0,1,0,0,0,0,0,0,0,0,0,1,0,0,0,0,0,0,0,0,0,1,0,0,0,0,0,0,0,0,0,0,0,0,0,0,1,,,,,1,,,,,,0,0,0,1,0,0,0,0,0,0,0,1,0,0,0,1,0,1,0,1,0,0,0,0,0,0,0,0,0,1,0,0,0,0,0,0,0,0,0,0,0,0,0,0,0,0,0,0,0,0,0,1,0,0,0,0,0,0,0,0,0,0,0,0,0,0,,0,0,0,,0,0,0,0,0,0,0,0,0,0,0,0,0,0,0,0,0,0,0,0,0,0,0,0,1,0,0,0,0,0,0,0,0,0,0,0,0,0,0,0,0,0,0,0,0,0,0,0,0,0,0,0,0,0,FALSE,FALSE,FALSE,Long,Hole High Right,Right,,
Bay Hill - Green,6,3/5/2026,Bay Hill Club,Bay Hill- Green - 6,,Scottie Scheffler,,Scottie Scheffler - Bay Hill - Round 1 -3/5/26,Scottie Scheffler – Bay Hill Club – 3/5/26,,5,5,checked,,,333,➡️ Right,checked,checked,62,,,,,,,,209,,⬇️ Short,,,,,,,,,,,,,,,6.1,⬇️ Short,2,1,1,,,,,,Green,555,2,0,75.2,75.2,137,18 Holes,6.1,,,6.1,1,0,5,0,1,5,5,0,,,Par,0,Scottie Scheffler – Bay Hill Club – 3/5/26,1,1,0,Scottie Scheffler,1,0%,0,0,0,0,1,0,0,0,0,0,0,0,0,0,0,0,0,0,0,1,0,0,0,0,0,0,0,0,0,0,0,0,0,0,0,0,0,0,1,0,0,0,0,0,0,0,0,0,0,0,0,0,0,0,1,,,,,,,0,,,,0,0,0,0,0,0,0,0,1,0,1,0,0,0,0,0,0,0,0,0,0,0,0,0,0,0,0,0,0,0,0,0,0,0,1,0,0,0,0,0,0,0,0,0,0,0,0,0,0,0,1,0,0,0,0,1,0,0,1,1,0,0,0,0,1,1,,0,0,0,,0,0,0,0,0,0,0,0,0,0,0,0,0,0,0,0,0,0,0,0,0,0,0,0,0,0,0,0,0,1,0,0,0,0,0,0,0,0,0,0,0,0,0,0,0,0,0,0,0,0,0,0,0,0,FALSE,TRUE,TRUE,,Short,Right,,
Bay Hill - Green,7,3/5/2026,Bay Hill Club,Bay Hill- Green - 7,,Scottie Scheffler,,Scottie Scheffler - Bay Hill - Round 1 -3/5/26,Scottie Scheffler – Bay Hill Club – 3/5/26,,3,3,,,,,,checked,checked,197,,,,,,,,,,,,,,,,,,,,,,,,,30,↘️ Short Right,2,2.1,2.1,,,,,,Green,199,16,0,75.2,75.2,137,18 Holes,30,30,,,0,0,3,0,1,3,3,0,,,Par,0,Scottie Scheffler – Bay Hill Club – 3/5/26,1,1,0,Scottie Scheffler,0,N/A,0,0,0,0,1,0,0,0,0,0,0,0,0,0,0,0,0,0,0,1,0,0,0,1,0,0,0,0,0,0,0,0,0,0,0,0,0,0,1,0,0,0,0,0,0,0,0,0,0,0,0,0,0,0,1,0,,,,,,,,,,1,0,0,0,0,0,0,0,0,0,0,0,0,0,1,0,1,0,0,0,0,0,1,0,0,0,0,0,0,0,0,0,0,0,0,0,0,0,0,0,0,0,0,1,0,0,0,0,0,0,0,0,0,0,0,0,0,0,0,0,0,0,0,0,0,0,,0,0,0,,0,0,0,0,0,0,0,0,0,0,0,0,0,0,0,0,0,0,1,0,0,0,0,0,0,0,0,0,0,0,0,0,0,0,0,0,0,0,0,0,0,0,0,0,0,0,0,0,0,0,0,0,0,0,FALSE,TRUE,TRUE,,Short Right,,,
Bay Hill - Green,8,3/5/2026,Bay Hill Club,Bay Hill- Green - 8,,Scottie Scheffler,,Scottie Scheffler - Bay Hill - Round 1 -3/5/26,Scottie Scheffler – Bay Hill Club – 3/5/26,,4,4,,checked,,300,⬅️ Left,,checked,61,,,,,,,,,,,,,,,,,,,,,,,,,9.3,⬇️ Short,1,9.3,,,,,,,Green,460,6,0,75.2,75.2,137,18 Holes,,,,,1,1,4,0,1,4,4,0,,,Par,0,Scottie Scheffler – Bay Hill Club – 3/5/26,0,1,0,Scottie Scheffler,1,0%,0,0,0,0,1,0,0,0,0,0,0,0,0,0,1,1,1,0,1,0,0,0,0,0,0,0,1,0,0,0,0,0,1,0,0,0,0,0,0,0,0,0,0,0,0,0,0,0,0,0,0,0,0,0,1,,,,,0,,,,,,0,0,0,1,0,0,0,0,0,0,0,1,0,0,0,1,0,1,0,1,0,0,0,0,0,0,0,0,1,0,0,0,0,0,0,0,0,0,0,0,1,1,0,1,0,0,0,0,0,0,0,0,0,0,0,0,0,0,0,0,0,0,0,0,0,0,,0,1,0,,0,0,0,0,0,0,0,1,0,0,0,0,0,0,0,0,0,0,0,0,0,0,0,0,0,0,0,0,0,0,0,0,0,0,0,0,0,0,0,0,0,0,0,0,0,0,0,0,0,0,0,0,0,0,FALSE,FALSE,TRUE,,Short,Left,,
Bay Hill - Green,9,3/5/2026,Bay Hill Club,Bay Hill- Green - 9,,Scottie Scheffler,,Scottie Scheffler - Bay Hill - Round 1 -3/5/26,Scottie Scheffler – Bay Hill Club – 3/5/26,,4,4,,,checked,295,,checked,checked,185,,,,,,,,,,,,,,,,,,,,,,,,,58.5,⬇️ Short,2,3.7,3.7,,,,,,Green,474,12,0,75.2,75.2,137,18 Holes,58.5,,58.5,,0,0,4,0,1,4,4,0,,,Par,1,Scottie Scheffler – Bay Hill Club – 3/5/26,1,1,0,Scottie Scheffler,1,100%,1,0,0,0,1,0,0,0,0,0,0,0,0,0,0,0,0,0,0,1,0,0,0,1,0,0,0,0,0,0,0,0,0,0,0,0,0,0,1,0,0,0,0,0,0,0,0,0,0,0,0,0,0,0,1,,,,,,0,,,,,0,0,0,0,0,1,0,0,0,0,0,0,0,1,1,0,1,0,1,0,0,0,0,0,0,0,0,0,1,0,0,0,0,0,0,0,0,0,0,0,0,0,0,1,0,0,0,0,0,0,0,0,0,0,1,0,1,0,0,0,0,0,0,0,0,0,,0,0,0,,0,0,0,0,0,0,0,0,0,0,0,0,0,0,0,0,0,0,0,0,0,0,0,1,0,0,0,0,0,0,0,0,0,0,0,0,0,0,0,0,0,0,0,0,0,0,0,0,0,0,0,0,0,0,TRUE,TRUE,TRUE,,Short,,,
Bay Hill - Green,10,3/5/2026,Bay Hill Club,Bay Hill- Green - 10,,Scottie Scheffler,,Scottie Scheffler - Bay Hill - Round 1 -3/5/26,Scottie Scheffler – Bay Hill Club – 3/5/26,,4,4,,,,305,⬅️ Left,,,105,,,⬆️ Long,,,,,,,,,,,,,,,1,60 Degree Wedge,,,,,,9.5,⬇️ Short,1,9.5,,,,,,,Green,400,13,0,75.2,75.2,137,18 Holes,,,,,1,1,4,0,0,,,1,4,4,Par,0,Scottie Scheffler – Bay Hill Club – 3/5/26,0,0,0,Scottie Scheffler,1,0%,0,0,0,0,1,0,0,0,1,1,1,1,0,0,1,1,1,0,1,0,0,0,0,0,0,0,1,0,0,0,0,0,1,0,0,0,0,0,0,0,0,0,0,0,0,0,0,0,0,0,0,0,0,0,1,,,,,0,,,,,,0,0,0,1,0,0,0,0,0,0,0,1,0,0,0,1,0,1,0,1,0,0,0,0,0,0,0,0,1,0,0,0,0,0,0,0,0,0,0,0,1,1,0,0,0,0,0,0,1,0,0,0,0,0,0,0,0,0,0,0,0,0,0,0,0,0,,0,1,0,,0,0,0,0,0,0,0,1,0,0,0,0,0,0,0,0,0,0,0,0,0,0,0,0,0,0,0,0,0,0,0,0,0,0,0,0,0,0,0,0,0,0,0,0,0,0,0,0,0,0,0,0,0,0,FALSE,FALSE,FALSE,Long,Short,Left,,
Bay Hill - Green,11,3/5/2026,Bay Hill Club,Bay Hill- Green - 11,,Scottie Scheffler,,Scottie Scheffler - Bay Hill - Round 1 -3/5/26,Scottie Scheffler – Bay Hill Club – 3/5/26,,4,4,,,checked,305,,checked,checked,132,,,,,,,,,,,,,,,,,,,,,,,,,31.1,↙️ Short Left,2,1,1,,,,,,Green,438,9,0,75.2,75.2,137,18 Holes,31.1,,31.1,,0,0,4,0,0,,,1,4,4,Par,1,Scottie Scheffler – Bay Hill Club – 3/5/26,1,1,0,Scottie Scheffler,1,100%,1,0,0,0,1,0,0,0,0,0,0,0,0,0,0,0,0,0,0,1,0,0,0,1,0,0,0,0,0,0,0,0,0,0,0,0,0,0,1,0,0,0,0,0,0,0,0,0,0,0,0,0,0,0,1,,,,,,0,,,,,0,0,0,0,0,1,0,0,0,0,0,0,0,1,1,0,1,0,1,0,0,0,0,0,0,0,0,0,1,0,0,0,0,0,0,0,0,0,0,0,0,0,0,0,0,0,0,0,1,0,0,0,0,0,1,0,1,0,0,0,0,0,0,0,0,0,,0,0,0,,0,0,0,0,0,0,0,0,0,0,0,0,0,0,0,0,0,0,0,0,0,0,0,1,0,0,0,0,0,0,0,0,0,0,0,0,0,0,0,0,0,0,0,0,0,0,0,0,0,0,0,0,0,0,TRUE,TRUE,TRUE,,Short Left,,,
Bay Hill - Green,12,3/5/2026,Bay Hill Club,Bay Hill- Green - 12,,Scottie Scheffler,,Scottie Scheffler - Bay Hill - Round 1 -3/5/26,Scottie Scheffler – Bay Hill Club – 3/5/26,,5,5,,,checked,308,,,,10,,,⬇️ Short,,,,,243,,⬇️ Short,,,,,,,1,1,60 Degree Wedge,1,,,,60 Degree Wedge,0.9,Tight (3 feet or less) ,1,0.9,,,,,,,Green,574,3,0,75.2,75.2,137,18 Holes,,,,,1,1,5,0,0,,,1,5,5,Par,1,Scottie Scheffler – Bay Hill Club – 3/5/26,0,0,0,Scottie Scheffler,1,100%,0,0,0,0,1,0,0,0,1,1,1,1,1,1,1,1,1,1,1,0,0,0,0,0,0,0,0,0,1,1,0,0,1,0,0,0,0,0,0,0,0,0,0,0,0,0,0,0,0,0,0,0,0,0,1,,,,,,,,0,,,0,0,0,0,0,0,0,1,0,0,0,0,1,0,0,0,0,0,0,0,0,0,0,0,0,0,0,0,0,0,0,0,0,0,1,0,0,0,0,0,1,1,0,0,0,0,0,0,1,0,0,0,0,0,0,0,0,1,0,0,0,0,0,0,0,0,,0,0,1,,0,0,0,0,0,0,0,0,0,0,0,0,0,0,1,0,0,0,0,0,0,0,0,0,0,0,0,0,0,0,0,0,0,0,0,0,0,0,0,0,0,0,0,0,0,0,0,0,0,0,0,0,0,0,TRUE,FALSE,FALSE,Short,Tight (3 feet or less),,,
Bay Hill - Green,13,3/5/2026,Bay Hill Club,Bay Hill- Green - 13,,Scottie Scheffler,,Scottie Scheffler - Bay Hill - Round 1 -3/5/26,Scottie Scheffler – Bay Hill Club – 3/5/26,,4,3,,,checked,258,,checked,checked,132,,,,,,,,,,,,,,,,,,,,,,,,,32.1,⬇️ Short,1,32.1,,,,,,,Green,370,1,-1,75.2,75.2,137,18 Holes,32.1,,32.1,,0,0,4,-1,0,,,1,3,4,Birdie,1,Scottie Scheffler – Bay Hill Club – 3/5/26,1,1,0,Scottie Scheffler,1,100%,1,0,0,1,0,0,0,0,0,0,0,0,0,0,0,0,0,0,1,0,0,0,0,0,1,0,0,0,0,0,0,1,0,0,0,0,0,0,0,0,0,0,0,0,0,0,0,0,0,0,0,0,0,0,1,,,,,,-1,,,,,0,0,0,0,0,1,0,0,0,0,0,0,0,1,1,0,1,0,1,0,0,0,0,0,0,0,0,1,0,0,0,0,0,0,0,0,0,0,0,0,0,0,0,0,0,0,0,0,0,0,0,0,1,0,1,0,1,0,0,0,0,0,0,0,0,0,,0,0,0,,0,0,0,0,0,0,1,0,0,0,0,0,0,0,0,0,0,0,0,0,0,0,0,0,0,0,0,0,0,0,0,0,0,0,0,0,0,0,0,0,0,0,0,0,0,0,0,0,0,0,0,0,0,0,TRUE,TRUE,TRUE,,Short,,,
Bay Hill - Green,14,3/5/2026,Bay Hill Club,Bay Hill- Green - 14,,Scottie Scheffler,,Scottie Scheffler - Bay Hill - Round 1 -3/5/26,Scottie Scheffler – Bay Hill Club – 3/5/26,,3,3,,,,,,,,208,,,⬇️ Short,,,,,,,,,,,,,,,1,60 Degree Wedge,,,,,,6,⬆️ Long,1,6,,,,,,,Green,215,17,0,75.2,75.2,137,18 Holes,,,,,1,1,3,0,0,,,1,3,3,Par,0,Scottie Scheffler – Bay Hill Club – 3/5/26,0,0,0,Scottie Scheffler,0,N/A,0,0,0,0,1,0,0,0,1,1,1,1,0,0,1,1,1,0,1,0,0,0,0,0,0,0,1,0,0,0,0,0,1,0,0,0,0,0,0,0,0,0,0,0,0,0,0,0,0,0,0,0,0,0,1,,0,,,,,,,,,0,1,0,0,0,0,0,0,0,0,0,0,0,0,0,1,0,1,0,0,0,0,1,0,0,0,0,0,0,0,0,0,0,0,0,0,0,0,0,0,1,1,0,0,0,0,0,0,0,0,0,0,1,0,0,0,0,0,0,0,0,0,0,0,0,0,,1,0,0,,0,1,0,0,0,0,0,0,0,0,0,0,0,0,0,0,0,0,0,0,0,0,0,0,0,0,0,0,0,0,0,0,0,0,0,0,0,0,0,0,0,0,0,0,0,0,0,0,0,0,0,0,0,0,FALSE,FALSE,FALSE,Short,Long,,,
Bay Hill - Green,15,3/5/2026,Bay Hill Club,Bay Hill- Green - 15,,Scottie Scheffler,,Scottie Scheffler - Bay Hill - Round 1 -3/5/26,Scottie Scheffler – Bay Hill Club – 3/5/26,,4,5,,,,324,⬅️ Left,,,159,,,↗️ Long Right,,,,,,,,,,,,,,,1,60 Degree Wedge,,,,,,7.8,⬇️ Short,2,1.7,1.7,,,,,,Green,429,5,1,75.2,75.2,137,18 Holes,,,,,1,0,4,1,0,,,1,5,4,Bogey,0,Scottie Scheffler – Bay Hill Club – 3/5/26,0,0,0,Scottie Scheffler,1,0%,0,0,0,0,0,1,0,0,1,1,1,0,0,0,1,0,0,0,0,1,0,0,0,0,0,0,0,0,0,0,0,0,0,0,0,0,0,0,0,1,0,0,0,0,0,0,0,0,0,0,0,0,0,0,1,,,,,1,,,,,,0,0,0,1,0,0,0,0,0,0,0,1,0,0,0,1,0,1,0,1,0,0,0,0,0,0,0,0,0,1,0,0,0,0,0,0,0,0,0,0,0,0,0,0,0,0,0,0,0,0,0,0,0,1,0,0,0,0,0,0,0,0,0,0,0,0,,0,0,0,,0,0,0,0,0,0,0,0,0,0,0,0,0,0,0,0,0,0,0,0,0,0,0,0,1,0,0,0,0,0,0,0,0,0,0,0,0,0,0,0,0,0,0,0,0,0,0,0,0,0,0,0,0,0,FALSE,FALSE,FALSE,Long Right,Short,Left,,
Bay Hill - Green,16,3/5/2026,Bay Hill Club,Bay Hill- Green - 16,,Scottie Scheffler,,Scottie Scheffler - Bay Hill - Round 1 -3/5/26,Scottie Scheffler – Bay Hill Club – 3/5/26,,5,4,,,checked,324,,checked,checked,180,,,,,checked,,,,,,,,,,,,,,,,,,,,21.7,↙️ Short Left,2,0.2,0.2,,,,,,Green,511,7,-1,75.2,75.2,137,18 Holes,21.7,,,21.7,0,0,5,-1,0,,,1,4,5,Birdie,1,Scottie Scheffler – Bay Hill Club – 3/5/26,1,1,1,Scottie Scheffler,1,100%,1,0,0,1,0,0,0,0,0,0,0,0,0,0,0,0,0,0,0,1,0,0,0,0,1,0,0,0,0,0,0,0,0,0,0,0,0,1,0,0,0,0,0,0,0,0,0,0,0,0,0,0,0,0,1,,,,,,,,,,-1,0,0,0,0,0,0,1,0,0,0,0,0,0,1,1,0,1,0,1,0,0,0,0,0,0,0,0,0,0,0,0,0,0,1,0,0,0,0,0,0,0,0,1,0,0,0,0,0,0,0,0,0,0,0,0,1,0,1,0,0,0,0,0,0,0,0,,0,0,0,,0,0,0,0,0,0,0,0,0,0,0,0,0,0,0,0,0,0,0,0,0,0,0,0,0,0,0,0,1,0,0,0,0,0,0,0,0,0,0,0,0,0,0,0,0,0,0,0,0,0,0,0,0,0,TRUE,TRUE,TRUE,,Short Left,,,
Bay Hill - Green,17,3/5/2026,Bay Hill Club,Bay Hill- Green - 17,,Scottie Scheffler,,Scottie Scheffler - Bay Hill - Round 1 -3/5/26,Scottie Scheffler – Bay Hill Club – 3/5/26,,3,3,,,,,,checked,checked,180,,,,,,,,,,,,,,,,,,,,,,,,,23.1,⬅️ Hole High Left,2,2.2,2.2,,,,,,Green,221,15,0,75.2,75.2,137,18 Holes,23.1,23.1,,,0,0,3,0,0,,,1,3,3,Par,0,Scottie Scheffler – Bay Hill Club – 3/5/26,1,1,0,Scottie Scheffler,0,N/A,0,0,0,0,1,0,0,0,0,0,0,0,0,0,0,0,0,0,0,1,0,0,0,1,0,0,0,0,0,0,0,0,0,0,0,0,0,0,1,0,0,0,0,0,0,0,0,0,0,0,0,0,0,0,1,0,,,,,,,,,,1,0,0,0,0,0,0,0,0,0,0,0,0,0,1,0,1,0,0,0,0,0,1,0,0,0,0,0,0,0,0,0,0,0,0,0,0,0,0,0,0,0,1,0,0,0,0,0,0,0,0,0,0,0,0,0,0,0,0,0,0,0,0,0,0,0,,0,0,0,,0,0,0,0,0,0,0,0,0,0,0,0,0,0,0,0,0,0,1,0,0,0,0,0,0,0,0,0,0,0,0,0,0,0,0,0,0,0,0,0,0,0,0,0,0,0,0,0,0,0,0,0,0,0,FALSE,TRUE,TRUE,,Hole High Left,,,
Bay Hill - Green,18,3/5/2026,Bay Hill Club,Bay Hill- Green - 18,,Scottie Scheffler,,Scottie Scheffler - Bay Hill - Round 1 -3/5/26,Scottie Scheffler – Bay Hill Club – 3/5/26,,4,4,,,checked,285,,checked,checked,177,,,,,,,,,,,,,,,,,,,,,,,,,8.5,⬆️ Long,2,1.8,1.8,,,,,,Green,458,11,0,75.2,75.2,137,18 Holes,8.5,,8.5,,1,0,4,0,0,,,1,4,4,Par,1,Scottie Scheffler – Bay Hill Club – 3/5/26,1,1,0,Scottie Scheffler,1,100%,1,0,0,0,1,0,0,0,0,0,0,0,0,0,0,0,0,0,0,1,0,0,0,1,0,0,0,0,0,0,0,0,0,0,0,0,0,0,1,0,0,0,0,0,0,0,0,0,0,0,0,0,0,0,1,,,,,,0,,,,,0,0,0,0,0,1,0,0,0,0,0,0,0,1,1,0,1,0,1,0,0,0,0,0,0,0,0,0,1,0,0,0,0,0,0,0,0,0,0,0,0,0,1,0,0,0,0,0,0,0,0,0,0,0,1,0,1,0,1,1,0,0,1,1,0,0,,0,0,0,,0,0,0,0,0,0,0,0,0,0,0,0,0,0,0,0,0,0,0,0,0,0,0,1,0,0,0,0,0,0,0,0,0,0,0,0,0,0,0,0,0,0,0,0,0,0,0,0,0,0,0,0,0,0,TRUE,TRUE,TRUE,,Long,,,
Bay Hill - Green,1,3/6/2026,Bay Hill Club,Bay Hill- Green - 1,,Scottie Scheffler,,Scottie Scheffler - Bay Hill - Round 2 -3/6/26,Scottie Scheffler – Bay Hill Club – 3/6/26,,4,4,,,,301,➡️ Right,,,159,,,↘️ Short Right,,,,,,,,,,,,,1,,1,60 Degree Wedge,,,,,,1.2,Tight (3 feet or less) ,1,1.2,,,,,,,Green,461,4,0,75.2,75.2,137,18 Holes,,,,,1,1,4,0,1,4,4,0,,,Par,0,Scottie Scheffler – Bay Hill Club – 3/6/26,0,0,0,Scottie Scheffler,1,0%,0,0,0,0,1,0,0,0,1,1,1,1,1,1,1,1,1,1,1,0,0,0,0,0,0,0,1,0,1,1,0,0,1,0,0,0,0,0,0,0,0,0,0,0,0,0,0,0,0,0,0,0,0,0,1,,,,,0,,,,,,0,0,0,1,0,0,0,0,0,0,0,1,0,0,0,1,0,1,0,1,0,0,0,0,0,0,0,0,1,0,0,0,0,0,0,0,0,0,0,0,1,1,0,0,1,0,0,0,0,0,0,0,0,0,0,0,0,0,0,0,0,0,0,0,0,0,,0,1,0,,0,0,0,0,0,0,0,1,0,0,0,0,0,0,0,0,0,0,0,0,0,0,0,0,0,0,0,0,0,0,0,0,0,0,0,0,0,0,0,0,0,0,0,0,0,0,0,0,0,0,0,0,0,0,FALSE,FALSE,FALSE,Short Right,Tight (3 feet or less),Right,,
Bay Hill - Green,2,3/6/2026,Bay Hill Club,Bay Hill- Green - 2,,Scottie Scheffler,,Scottie Scheffler - Bay Hill - Round 2 -3/6/26,Scottie Scheffler – Bay Hill Club – 3/6/26,,3,4,,,,,,,,200,,,⬆️ Long,,,,,,,,,,,,,,,1,60 Degree Wedge,,,,,,26.4,⬆️ Long,2,2.9,2.9,,,,,,Green,231,18,1,75.2,75.2,137,18 Holes,,,,,0,0,3,1,1,4,3,0,,,Bogey,0,Scottie Scheffler – Bay Hill Club – 3/6/26,0,0,0,Scottie Scheffler,0,N/A,0,0,0,0,0,1,0,0,1,1,0,0,0,0,1,0,0,0,0,1,0,0,0,0,0,0,0,0,0,0,0,0,0,0,0,0,0,0,0,1,0,0,0,0,0,0,0,0,0,0,0,0,0,0,1,,1,,,,,,,,,0,1,0,0,0,0,0,0,0,0,0,0,0,0,0,1,0,1,0,0,0,0,0,1,0,0,0,0,0,0,0,0,0,0,0,0,0,0,0,0,0,0,0,0,0,1,0,0,0,0,0,0,0,0,0,0,0,0,0,0,0,0,0,0,0,0,,0,0,0,,0,0,0,0,0,0,0,0,0,0,0,0,0,0,0,0,0,0,0,1,0,0,0,0,0,0,0,0,0,0,0,0,0,0,0,0,0,0,0,0,0,0,0,0,0,0,0,0,0,0,0,0,0,0,FALSE,FALSE,FALSE,Long,Long,,,
Bay Hill - Green,3,3/6/2026,Bay Hill Club,Bay Hill- Green - 3,,Scottie Scheffler,,Scottie Scheffler - Bay Hill - Round 2 -3/6/26,Scottie Scheffler – Bay Hill Club – 3/6/26,,4,4,,,,312,➡️ Right,checked,checked,153,,,,,,,,,,,,,,,,1,,,,,,,,,10.3,⬇️ Short,2,0.8,0.8,,,,,,Green,434,14,0,75.2,75.2,137,18 Holes,10.3,,10.3,,0,0,4,0,1,4,4,0,,,Par,0,Scottie Scheffler – Bay Hill Club – 3/6/26,1,1,0,Scottie Scheffler,1,0%,0,0,0,0,1,0,0,0,0,0,0,0,0,0,0,0,0,1,0,1,0,0,0,0,0,0,0,0,1,1,0,0,0,0,0,0,0,0,1,0,0,0,0,0,0,0,0,0,0,0,0,0,0,0,1,,,0,,,,,,,,0,0,1,0,0,0,0,0,0,0,1,0,0,0,0,0,0,0,0,0,0,0,0,0,0,0,0,0,1,0,0,0,0,0,0,0,0,0,0,0,0,0,0,0,1,0,0,0,0,0,0,0,0,0,1,0,0,0,1,0,0,0,1,0,0,0,,0,0,0,,0,0,0,0,0,0,0,0,0,0,0,0,0,0,0,0,0,0,0,0,0,0,0,1,0,0,0,0,0,0,0,0,0,0,0,0,0,0,0,0,0,0,0,0,0,0,0,0,0,0,0,0,0,0,FALSE,TRUE,TRUE,,Short,Right,,
Bay Hill - Green,4,3/6/2026,Bay Hill Club,Bay Hill- Green - 4,,Scottie Scheffler,,Scottie Scheffler - Bay Hill - Round 2 -3/6/26,Scottie Scheffler – Bay Hill Club – 3/6/26,,5,4,checked,checked,checked,346,,checked,checked,13,,,,,,,,230,,,,,,,,,,,,1,,,,60 Degree Wedge,4.8,➡️ Hole High Right,1,4.8,,,,,,,Green,561,10,-1,75.2,75.2,137,18 Holes,4.8,,,4.8,1,1,5,-1,1,4,5,0,,,Birdie,1,Scottie Scheffler – Bay Hill Club – 3/6/26,1,1,0,Scottie Scheffler,1,100%,1,0,0,1,0,0,0,0,0,0,0,0,0,0,0,0,0,0,1,0,0,0,0,0,1,0,0,0,0,0,0,1,0,0,0,0,0,0,0,0,0,0,0,0,0,0,0,0,0,0,0,0,0,0,1,,,,,,,,,,-1,0,0,0,0,0,0,1,0,0,0,0,0,0,1,1,0,1,0,1,0,0,0,0,0,0,0,0,0,0,0,0,0,0,1,0,0,0,0,0,0,0,0,0,0,0,0,0,0,0,0,1,0,0,0,0,1,0,1,1,1,0,0,0,0,1,1,,0,0,0,,0,0,0,0,0,0,0,0,0,0,0,0,0,1,0,0,0,0,0,0,0,0,0,0,0,0,0,0,0,0,0,0,0,0,0,0,0,0,0,0,0,0,0,0,0,0,0,0,0,0,0,0,0,0,TRUE,TRUE,TRUE,,Hole High Right,,,
Bay Hill - Green,5,3/6/2026,Bay Hill Club,Bay Hill- Green - 5,,Scottie Scheffler,,Scottie Scheffler - Bay Hill - Round 2 -3/6/26,Scottie Scheffler – Bay Hill Club – 3/6/26,,4,3,,,checked,232,,checked,checked,152,,,,,,,,,,,,,,,,,,,,,,,,,38.7,➡️ Hole High Right,1,38.7,,,,,,,Green,390,8,-1,75.2,75.2,137,18 Holes,38.7,,38.7,,0,0,4,-1,1,3,4,0,,,Birdie,1,Scottie Scheffler – Bay Hill Club – 3/6/26,1,1,0,Scottie Scheffler,1,100%,1,0,0,1,0,0,0,0,0,0,0,0,0,0,0,0,0,0,1,0,0,0,0,0,1,0,0,0,0,0,0,1,0,0,0,0,0,0,0,0,0,0,0,0,0,0,0,0,0,0,0,0,0,0,1,,,,,,-1,,,,,0,0,0,0,0,1,0,0,0,0,0,0,0,1,1,0,1,0,1,0,0,0,0,0,0,0,0,1,0,0,0,0,0,0,0,0,0,0,0,0,0,0,0,0,0,0,0,0,0,0,1,0,0,0,1,0,1,0,0,0,0,0,0,0,0,0,,0,0,0,,0,0,0,0,0,0,1,0,0,0,0,0,0,0,0,0,0,0,0,0,0,0,0,0,0,0,0,0,0,0,0,0,0,0,0,0,0,0,0,0,0,0,0,0,0,0,0,0,0,0,0,0,0,0,TRUE,TRUE,TRUE,,Hole High Right,,,
Bay Hill - Green,6,3/6/2026,Bay Hill Club,Bay Hill- Green - 6,,Scottie Scheffler,,Scottie Scheffler - Bay Hill - Round 2 -3/6/26,Scottie Scheffler – Bay Hill Club – 3/6/26,,5,5,checked,checked,,354,↗️ Long Right,checked,checked,69,,,,,,,,211,,,,,,,,,,,,,,,,,11.7,⬆️ Long,2,2.9,2.9,,,,,,Green,555,2,0,75.2,75.2,137,18 Holes,11.7,,,11.7,0,0,5,0,1,5,5,0,,,Par,0,Scottie Scheffler – Bay Hill Club – 3/6/26,1,1,0,Scottie Scheffler,1,0%,0,0,0,0,1,0,0,0,0,0,0,0,0,0,0,0,0,0,0,1,0,0,0,0,0,0,0,0,0,0,0,0,0,0,0,0,0,0,1,0,0,0,0,0,0,0,0,0,0,0,0,0,0,0,1,,,,,,,0,,,,0,0,0,0,0,0,0,0,1,0,1,0,0,0,0,0,0,0,0,0,0,0,0,0,0,0,0,0,0,0,0,0,0,0,1,0,0,0,0,0,0,0,0,0,0,0,0,0,0,0,1,0,0,0,0,1,0,0,1,0,0,0,0,0,1,0,,0,0,0,,0,0,0,0,0,0,0,0,0,0,0,0,0,0,0,0,0,0,0,0,0,0,0,0,0,0,0,0,0,1,0,0,0,0,0,0,0,0,0,0,0,0,0,0,0,0,0,0,0,0,0,0,0,0,FALSE,TRUE,TRUE,,Long,Long Right,,
Bay Hill - Green,7,3/6/2026,Bay Hill Club,Bay Hill- Green - 7,,Scottie Scheffler,,Scottie Scheffler - Bay Hill - Round 2 -3/6/26,Scottie Scheffler – Bay Hill Club – 3/6/26,,3,3,,checked,,,,checked,checked,200,,,,,,,,,,,,,,,,,,,,,,,,,22,⬇️ Short,2,0.8,0.8,,,,,,Green,199,16,0,75.2,75.2,137,18 Holes,22,22,,,0,0,3,0,1,3,3,0,,,Par,0,Scottie Scheffler – Bay Hill Club – 3/6/26,1,1,0,Scottie Scheffler,0,N/A,0,0,0,0,1,0,0,0,0,0,0,0,0,0,0,0,0,0,0,1,0,0,0,1,0,0,0,0,0,0,0,0,0,0,0,0,0,0,1,0,0,0,0,0,0,0,0,0,0,0,0,0,0,0,1,0,,,,,,,,,,1,0,0,0,0,0,0,0,0,0,0,0,0,0,1,0,1,0,0,0,0,0,1,0,0,0,0,0,0,0,0,0,0,0,0,0,0,0,0,0,0,0,0,1,0,0,0,0,0,0,0,0,0,0,0,0,0,0,0,0,0,0,0,0,0,0,,0,0,0,,0,0,0,0,0,0,0,0,0,0,0,0,0,0,0,0,0,0,1,0,0,0,0,0,0,0,0,0,0,0,0,0,0,0,0,0,0,0,0,0,0,0,0,0,0,0,0,0,0,0,0,0,0,0,FALSE,TRUE,TRUE,,Short,,,
Bay Hill - Green,8,3/6/2026,Bay Hill Club,Bay Hill- Green - 8,,Scottie Scheffler,,Scottie Scheffler - Bay Hill - Round 2 -3/6/26,Scottie Scheffler – Bay Hill Club – 3/6/26,,4,4,,,checked,288,,,,152,,,⬆️ Long,,,,,,,,,,,,,,,1,60 Degree Wedge,,,,,,3.5,⬅️ Hole High Left,1,3.5,,,,,,,Green,460,6,0,75.2,75.2,137,18 Holes,,,,,1,1,4,0,1,4,4,0,,,Par,1,Scottie Scheffler – Bay Hill Club – 3/6/26,0,0,0,Scottie Scheffler,1,100%,0,0,0,0,1,0,0,0,1,1,1,1,1,1,1,1,1,0,1,0,0,0,0,0,0,0,0,0,0,0,0,0,1,0,0,0,0,0,0,0,0,0,0,0,0,0,0,0,0,0,0,0,0,0,1,,,,0,,,,,,,0,0,0,0,1,0,0,0,0,0,0,0,1,0,0,0,0,0,0,0,0,0,0,0,0,0,0,0,1,0,0,0,0,0,0,0,0,0,0,0,1,1,0,1,0,0,0,0,0,0,0,0,0,0,0,0,1,0,0,0,0,0,0,0,0,0,,0,1,0,,0,0,0,0,0,0,0,1,0,0,0,0,0,0,0,0,0,0,0,0,0,0,0,0,0,0,0,0,0,0,0,0,0,0,0,0,0,0,0,0,0,0,0,0,0,0,0,0,0,0,0,0,0,0,TRUE,FALSE,FALSE,Long,Hole High Left,,,
Bay Hill - Green,9,3/6/2026,Bay Hill Club,Bay Hill- Green - 9,,Scottie Scheffler,,Scottie Scheffler - Bay Hill - Round 2 -3/6/26,Scottie Scheffler – Bay Hill Club – 3/6/26,,4,4,,,,300,↙️ Short Left,,,179,,,⬆️ Long,,,,,,,,,,,,,,,1,60 Degree Wedge,,,,,,15.7,➡️ Hole High Right,1,15.7,,,,,,,Green,474,12,0,75.2,75.2,137,18 Holes,,,,,0,0,4,0,1,4,4,0,,,Par,0,Scottie Scheffler – Bay Hill Club – 3/6/26,0,0,0,Scottie Scheffler,1,0%,0,0,0,0,1,0,0,0,1,1,0,0,0,0,1,1,1,0,1,0,0,0,0,0,0,0,1,0,0,0,0,0,1,0,0,0,0,0,0,0,0,0,0,0,0,0,0,0,0,0,0,0,0,0,1,,,,,0,,,,,,0,0,0,1,0,0,0,0,0,0,0,1,0,0,0,1,0,1,0,1,0,0,0,0,0,0,0,0,1,0,0,0,0,0,0,0,0,0,0,0,1,1,0,1,0,0,0,0,0,0,0,0,0,0,0,0,0,0,0,0,0,0,0,0,0,0,,0,1,0,,0,0,0,0,0,0,0,1,0,0,0,0,0,0,0,0,0,0,0,0,0,0,0,0,0,0,0,0,0,0,0,0,0,0,0,0,0,0,0,0,0,0,0,0,0,0,0,0,0,0,0,0,0,0,FALSE,FALSE,FALSE,Long,Hole High Right,Short Left,,
Bay Hill - Green,10,3/6/2026,Bay Hill Club,Bay Hill- Green - 10,,Scottie Scheffler,,Scottie Scheffler - Bay Hill - Round 2 -3/6/26,Scottie Scheffler – Bay Hill Club – 3/6/26,,4,4,,,checked,309,,checked,checked,71,,,,,,,,,,,,,,,,,,,,,,,,,9.7,⬇️ Short,2,0.3,0.3,,,,,,Green,400,13,0,75.2,75.2,137,18 Holes,9.7,,9.7,,1,0,4,0,0,,,1,4,4,Par,1,Scottie Scheffler – Bay Hill Club – 3/6/26,1,1,0,Scottie Scheffler,1,100%,1,0,0,0,1,0,0,0,0,0,0,0,0,0,0,0,0,0,0,1,0,0,0,1,0,0,0,0,0,0,0,0,0,0,0,0,0,0,1,0,0,0,0,0,0,0,0,0,0,0,0,0,0,0,1,,,,,,0,,,,,0,0,0,0,0,1,0,0,0,0,0,0,0,1,1,0,1,0,1,0,0,0,0,0,0,0,0,0,1,0,0,0,0,0,0,0,0,0,0,0,0,0,0,0,0,0,0,0,1,0,0,0,0,0,1,0,1,0,1,1,0,0,1,1,0,0,,0,0,0,,0,0,0,0,0,0,0,0,0,0,0,0,0,0,0,0,0,0,0,0,0,0,0,1,0,0,0,0,0,0,0,0,0,0,0,0,0,0,0,0,0,0,0,0,0,0,0,0,0,0,0,0,0,0,TRUE,TRUE,TRUE,,Short,,,
Bay Hill - Green,11,3/6/2026,Bay Hill Club,Bay Hill- Green - 11,,Scottie Scheffler,,Scottie Scheffler - Bay Hill - Round 2 -3/6/26,Scottie Scheffler – Bay Hill Club – 3/6/26,,4,4,,,,285,➡️ Right,checked,checked,183,,,,,,,,,,,,,,,,,,,,,,,,,51.8,⬇️ Short,2,2.2,2.2,,,,,,Green,438,9,0,75.2,75.2,137,18 Holes,51.8,,51.8,,0,0,4,0,0,,,1,4,4,Par,0,Scottie Scheffler – Bay Hill Club – 3/6/26,1,1,0,Scottie Scheffler,1,0%,0,0,0,0,1,0,0,0,0,0,0,0,0,0,0,0,0,0,0,1,0,0,0,0,0,0,0,0,0,0,0,0,0,0,0,0,0,0,1,0,0,0,0,0,0,0,0,0,0,0,0,0,0,0,1,,,0,,,,,,,,0,0,1,0,0,0,0,0,0,0,1,0,0,0,0,0,0,0,0,0,0,0,0,0,0,0,0,0,1,0,0,0,0,0,0,0,0,0,0,0,0,0,0,0,0,0,0,0,1,0,0,0,0,0,1,0,0,0,0,0,0,0,0,0,0,0,,0,0,0,,0,0,0,0,0,0,0,0,0,0,0,0,0,0,0,0,0,0,0,0,0,0,0,1,0,0,0,0,0,0,0,0,0,0,0,0,0,0,0,0,0,0,0,0,0,0,0,0,0,0,0,0,0,0,FALSE,TRUE,TRUE,,Short,Right,,
Bay Hill - Green,12,3/6/2026,Bay Hill Club,Bay Hill- Green - 12,,Scottie Scheffler,,Scottie Scheffler - Bay Hill - Round 2 -3/6/26,Scottie Scheffler – Bay Hill Club – 3/6/26,,5,5,,,checked,236,,checked,checked,236,,,,,checked,,,,,,,,,,,,,,,,,,⬆️ Long,,57.4,⬇️ Short,3,3.2,7.2,3.2,,,,,Green,574,3,0,75.2,75.2,137,18 Holes,57.4,,,57.4,0,0,5,0,0,,,1,5,5,Par,1,Scottie Scheffler – Bay Hill Club – 3/6/26,1,1,1,Scottie Scheffler,1,100%,1,0,0,0,1,0,0,0,0,0,0,0,0,0,0,0,0,0,0,0,1,0,0,1,0,0,0,0,0,0,0,0,0,0,0,0,0,0,0,0,0,0,0,0,1,0,0,0,0,0,0,0,0,0,1,,,,,,,,,,0,0,0,0,0,0,0,1,0,0,0,0,0,0,1,1,0,1,0,1,0,0,0,0,0,0,0,0,0,0,0,0,0,0,0,1,0,0,0,0,0,0,0,0,0,0,0,0,0,1,0,0,0,0,0,0,1,0,1,0,0,0,0,0,0,0,0,,0,0,0,,0,0,0,0,0,0,0,0,0,0,0,0,0,0,0,0,0,0,0,0,0,0,0,0,0,0,0,0,0,0,0,0,0,0,0,0,0,0,0,0,0,1,0,0,0,0,0,0,0,0,0,0,0,0,TRUE,TRUE,TRUE,,Short,,Long,
Bay Hill - Green,13,3/6/2026,Bay Hill Club,Bay Hill- Green - 13,,Scottie Scheffler,,Scottie Scheffler - Bay Hill - Round 2 -3/6/26,Scottie Scheffler – Bay Hill Club – 3/6/26,,4,4,,,checked,230,,checked,checked,144,,,,,,,,,,,,,,,,,,,,,,,,,29.4,⬇️ Short,2,1.7,,,,,,,Green,370,1,0,75.2,75.2,137,18 Holes,29.4,,29.4,,0,0,4,0,0,,,1,4,4,Par,1,Scottie Scheffler – Bay Hill Club – 3/6/26,1,1,0,Scottie Scheffler,1,100%,1,0,0,0,1,0,0,0,0,0,0,0,0,0,0,0,0,0,0,1,0,0,0,1,0,0,0,0,0,0,0,0,0,0,0,0,0,0,1,0,0,0,0,0,0,0,0,0,0,0,0,0,0,0,1,,,,,,0,,,,,0,0,0,0,0,1,0,0,0,0,0,0,0,1,1,0,1,0,1,0,0,0,0,0,0,0,0,0,1,0,0,0,0,0,0,0,0,0,0,0,0,0,0,0,0,0,0,0,0,0,0,0,1,0,1,0,1,0,0,0,0,0,0,0,0,0,,0,0,0,,0,0,0,0,0,0,0,0,0,0,0,0,0,0,0,0,0,0,0,0,0,0,0,1,0,0,0,0,0,0,0,0,0,0,0,0,0,0,0,0,0,0,0,0,0,0,0,0,0,0,0,0,0,0,TRUE,TRUE,TRUE,,Short,,,
Bay Hill - Green,14,3/6/2026,Bay Hill Club,Bay Hill- Green - 14,,Scottie Scheffler,,Scottie Scheffler - Bay Hill - Round 2 -3/6/26,Scottie Scheffler – Bay Hill Club – 3/6/26,,3,3,,,,,,checked,checked,182,,,,,,,,,,,,,,,,,,,,,,,,,25.5,⬅️ Hole High Left,2,3.1,,,,,,,Green,215,17,0,75.2,75.2,137,18 Holes,25.5,25.5,,,0,0,3,0,0,,,1,3,3,Par,0,Scottie Scheffler – Bay Hill Club – 3/6/26,1,1,0,Scottie Scheffler,0,N/A,0,0,0,0,1,0,0,0,0,0,0,0,0,0,0,0,0,0,0,1,0,0,0,1,0,0,0,0,0,0,0,0,0,0,0,0,0,0,1,0,0,0,0,0,0,0,0,0,0,0,0,0,0,0,1,0,,,,,,,,,,1,0,0,0,0,0,0,0,0,0,0,0,0,0,1,0,1,0,0,0,0,0,1,0,0,0,0,0,0,0,0,0,0,0,0,0,0,0,0,0,0,0,0,0,0,0,0,0,0,0,0,0,1,0,0,0,0,0,0,0,0,0,0,0,0,0,,0,0,0,,0,0,0,0,0,0,0,0,0,0,0,0,0,0,0,0,0,0,1,0,0,0,0,0,0,0,0,0,0,0,0,0,0,0,0,0,0,0,0,0,0,0,0,0,0,0,0,0,0,0,0,0,0,0,FALSE,TRUE,TRUE,,Hole High Left,,,
Bay Hill - Green,15,3/6/2026,Bay Hill Club,Bay Hill- Green - 15,,Scottie Scheffler,,Scottie Scheffler - Bay Hill - Round 2 -3/6/26,Scottie Scheffler – Bay Hill Club – 3/6/26,,4,4,,,,312,➡️ Right,,,142,,,↙️ Short Left,,,,,,,,,,,,,,1,2,60 Degree Wedge,,,,,,0,Hole Out,0,0,,,,10,Fairway,60,Green,429,5,0,75.2,75.2,137,18 Holes,,,,,1,0,4,0,0,,,1,4,4,Par,0,Scottie Scheffler – Bay Hill Club – 3/6/26,0,0,0,Scottie Scheffler,1,0%,0,0,0,0,1,0,0,0,2,1,0,0,0,0,1,1,1,1,0,0,0,0,1,0,0,0,1,0,1,1,0,0,0,0,0,0,0,0,0,0,0,0,0,0,0,0,0,0,0,0,0,0,0,0,0,,,,,0,,,,,,0,0,0,1,0,0,0,0,0,0,0,1,0,0,0,1,0,1,0,1,0,0,0,0,0,0,0,0,1,0,0,0,0,0,0,0,0,0,0,0,1,0,0,0,0,0,0,0,0,0,0,0,1,0,0,0,0,0,0,0,0,0,0,0,0,0,,0,1,0,,0,0,0,0,0,0,0,0,0,0,0,0,0,0,0,0,0,0,0,0,0,0,0,0,0,0,0,0,0,0,0,0,0,0,0,0,0,0,0,0,0,0,0,0,0,0,0,0,0,0,0,0,0,0,FALSE,FALSE,FALSE,Short Left,Hole Out,Right,,
Bay Hill - Green,16,3/6/2026,Bay Hill Club,Bay Hill- Green - 16,,Scottie Scheffler,,Scottie Scheffler - Bay Hill - Round 2 -3/6/26,Scottie Scheffler – Bay Hill Club – 3/6/26,,5,4,,,checked,303,,checked,checked,208,,,,,checked,,,,,,,,,,,,,,,,,,,,46.5,➡️ Hole High Right,2,0.5,0.5,,,,,,Green,511,7,-1,75.2,75.2,137,18 Holes,46.5,,,46.5,0,0,5,-1,0,,,1,4,5,Birdie,1,Scottie Scheffler – Bay Hill Club – 3/6/26,1,1,1,Scottie Scheffler,1,100%,1,0,0,1,0,0,0,0,0,0,0,0,0,0,0,0,0,0,0,1,0,0,0,0,1,0,0,0,0,0,0,0,0,0,0,0,0,1,0,0,0,0,0,0,0,0,0,0,0,0,0,0,0,0,1,,,,,,,,,,-1,0,0,0,0,0,0,1,0,0,0,0,0,0,1,1,0,1,0,1,0,0,0,0,0,0,0,0,0,0,0,0,0,0,1,0,0,0,0,0,0,0,0,1,0,0,0,0,0,0,0,0,0,0,0,0,1,0,1,0,0,0,0,0,0,0,0,,0,0,0,,0,0,0,0,0,0,0,0,0,0,0,0,0,0,0,0,0,0,0,0,0,0,0,0,0,0,0,0,1,0,0,0,0,0,0,0,0,0,0,0,0,0,0,0,0,0,0,0,0,0,0,0,0,0,TRUE,TRUE,TRUE,,Hole High Right,,,
Bay Hill - Green,17,3/6/2026,Bay Hill Club,Bay Hill- Green - 17,,Scottie Scheffler,,Scottie Scheffler - Bay Hill - Round 2 -3/6/26,Scottie Scheffler – Bay Hill Club – 3/6/26,,3,3,,,,,,,,205,,,↙️ Short Left,,,,,,,,,,,,,,,1,60 Degree Wedge,,,,,,2.8,Tight (3 feet or less) ,1,2.8,,,,,,,Green,221,15,0,75.2,75.2,137,18 Holes,,,,,1,1,3,0,0,,,1,3,3,Par,0,Scottie Scheffler – Bay Hill Club – 3/6/26,0,0,0,Scottie Scheffler,0,N/A,0,0,0,0,1,0,0,0,1,1,1,1,1,1,1,1,1,0,1,0,0,0,0,0,0,0,1,0,0,0,0,0,1,0,0,0,0,0,0,0,0,0,0,0,0,0,0,0,0,0,0,0,0,0,1,,0,,,,,,,,,0,1,0,0,0,0,0,0,0,0,0,0,0,0,0,1,0,1,0,0,0,0,1,0,0,0,0,0,0,0,0,0,0,0,0,0,0,0,0,0,1,1,1,0,0,0,0,0,0,0,0,0,0,0,0,0,0,0,0,0,0,0,0,0,0,0,,1,0,0,,0,1,0,0,0,0,0,0,0,0,0,0,0,0,0,0,0,0,0,0,0,0,0,0,0,0,0,0,0,0,0,0,0,0,0,0,0,0,0,0,0,0,0,0,0,0,0,0,0,0,0,0,0,0,FALSE,FALSE,FALSE,Short Left,Tight (3 feet or less),,,
Bay Hill - Green,18,3/6/2026,Bay Hill Club,Bay Hill- Green - 18,,Scottie Scheffler,,Scottie Scheffler - Bay Hill - Round 2 -3/6/26,Scottie Scheffler – Bay Hill Club – 3/6/26,,4,5,,,checked,311,,,,153,,,⬆️ Long,,,,,,,,,,,,,,,1,Putter,,,,,,9,⬇️ Short,2,0.9,0.9,,,,,,Green,458,11,1,75.2,75.2,137,18 Holes,,,,,1,0,4,1,0,,,1,5,4,Bogey,1,Scottie Scheffler – Bay Hill Club – 3/6/26,0,0,0,Scottie Scheffler,1,100%,0,0,0,0,0,1,0,0,1,1,1,0,0,0,1,0,0,0,0,1,0,0,0,0,0,0,0,0,0,0,0,0,0,0,0,0,0,0,0,1,0,0,0,0,0,0,0,0,0,0,0,0,0,0,1,,,,1,,,,,,,0,0,0,0,1,0,0,0,0,0,0,0,1,0,0,0,0,0,0,0,0,0,0,0,0,0,0,0,0,1,0,0,0,0,0,0,0,0,0,0,0,0,0,0,0,0,1,0,0,0,0,0,0,0,0,0,1,0,0,0,0,0,0,0,0,0,,0,0,0,,0,0,0,0,0,0,0,0,0,0,0,0,0,0,0,0,0,0,0,0,0,0,0,0,1,0,0,0,0,0,0,0,0,0,0,0,0,0,0,0,0,0,0,0,0,0,0,0,0,0,0,0,0,0,TRUE,FALSE,FALSE,Long,Short,,,
Bay Hill - Green,1,3/7/2026,Bay Hill Club,Bay Hill- Green - 1,,Scottie Scheffler,,Scottie Scheffler - Bay Hill - Round 3 -3/7/26,Scottie Scheffler – Bay Hill Club – 3/7/26,,4,5,,checked,,310,➡️ Right,,checked,40,,,,,,,,,,,,,,,,,,,,,,,,,5.1,➡️ Hole High Right,2,3.3,3.3,,,,,,Green,461,4,1,75.2,75.2,137,18 Holes,,,,,1,0,4,1,1,5,4,0,,,Bogey,0,Scottie Scheffler – Bay Hill Club – 3/7/26,0,1,0,Scottie Scheffler,1,0%,0,0,0,0,0,1,0,0,0,0,0,0,0,0,1,0,0,0,0,1,0,0,0,0,0,0,0,0,0,0,0,0,0,0,0,0,0,0,0,1,0,0,0,0,0,0,0,0,0,0,0,0,0,0,1,,,,,1,,,,,,0,0,0,1,0,0,0,0,0,0,0,1,0,0,0,1,0,1,0,1,0,0,0,0,0,0,0,0,0,1,0,0,0,0,0,0,0,0,0,0,0,0,0,0,0,1,0,0,0,0,0,0,0,0,0,0,0,0,0,0,0,0,0,0,0,0,,0,0,0,,0,0,0,0,0,0,0,0,0,0,0,0,0,0,0,0,0,0,0,0,0,0,0,0,1,0,0,0,0,0,0,0,0,0,0,0,0,0,0,0,0,0,0,0,0,0,0,0,0,0,0,0,0,0,FALSE,FALSE,TRUE,,Hole High Right,Right,,
Bay Hill - Green,2,3/7/2026,Bay Hill Club,Bay Hill- Green - 2,,Scottie Scheffler,,Scottie Scheffler - Bay Hill - Round 3 -3/7/26,Scottie Scheffler – Bay Hill Club – 3/7/26,,3,4,,,,,,,,188,,,⬇️ Short,,,,,,,,,,,,,,,1,60 Degree Wedge,,,,,,8.3,⬇️ Short,2,1.2,1.2,,,,,,Green,231,18,1,75.2,75.2,137,18 Holes,,,,,1,0,3,1,1,4,3,0,,,Bogey,0,Scottie Scheffler – Bay Hill Club – 3/7/26,0,0,0,Scottie Scheffler,0,N/A,0,0,0,0,0,1,0,0,1,1,1,0,0,0,1,0,0,0,0,1,0,0,0,0,0,0,0,0,0,0,0,0,0,0,0,0,0,0,0,1,0,0,0,0,0,0,0,0,0,0,0,0,0,0,1,,1,,,,,,,,,0,1,0,0,0,0,0,0,0,0,0,0,0,0,0,1,0,1,0,0,0,0,0,1,0,0,0,0,0,0,0,0,0,0,0,0,0,0,0,0,0,0,0,0,0,1,0,0,0,0,0,0,0,0,0,0,0,0,0,0,0,0,0,0,0,0,,0,0,0,,0,0,0,0,0,0,0,0,0,0,0,0,0,0,0,0,0,0,0,1,0,0,0,0,0,0,0,0,0,0,0,0,0,0,0,0,0,0,0,0,0,0,0,0,0,0,0,0,0,0,0,0,0,0,FALSE,FALSE,FALSE,Short,Short,,,
Bay Hill - Green,3,3/7/2026,Bay Hill Club,Bay Hill- Green - 3,,Scottie Scheffler,,Scottie Scheffler - Bay Hill - Round 3 -3/7/26,Scottie Scheffler – Bay Hill Club – 3/7/26,,4,4,,checked,,309,➡️ Right,,,160,,,⬇️ Short,,,,,,,,,,,,,,,1,60 Degree Wedge,,,,,,3,Tight (3 feet or less) ,1,3,,,,,,,Green,434,14,0,75.2,75.2,137,18 Holes,,,,,1,1,4,0,1,4,4,0,,,Par,0,Scottie Scheffler – Bay Hill Club – 3/7/26,0,0,0,Scottie Scheffler,1,0%,0,0,0,0,1,0,0,0,1,1,1,1,1,1,1,1,1,0,1,0,0,0,0,0,0,0,1,0,0,0,0,0,1,0,0,0,0,0,0,0,0,0,0,0,0,0,0,0,0,0,0,0,0,0,1,,,,,0,,,,,,0,0,0,1,0,0,0,0,0,0,0,1,0,0,0,1,0,1,0,1,0,0,0,0,0,0,0,0,1,0,0,0,0,0,0,0,0,0,0,0,1,1,0,0,1,0,0,0,0,0,0,0,0,0,0,0,0,0,0,0,0,0,0,0,0,0,,0,1,0,,0,0,0,0,0,0,0,1,0,0,0,0,0,0,0,0,0,0,0,0,0,0,0,0,0,0,0,0,0,0,0,0,0,0,0,0,0,0,0,0,0,0,0,0,0,0,0,0,0,0,0,0,0,0,FALSE,FALSE,FALSE,Short,Tight (3 feet or less),Right,,
Bay Hill - Green,4,3/7/2026,Bay Hill Club,Bay Hill- Green - 4,,Scottie Scheffler,,Scottie Scheffler - Bay Hill - Round 3 -3/7/26,Scottie Scheffler – Bay Hill Club – 3/7/26,,5,5,,,checked,338,,,,40,,,⬆️ Long,,,,,242,,⬇️ Short,,,,,,,1,1,Putter,1,,,,60 Degree Wedge,1.5,Tight (3 feet or less) ,1,1.5,,,,,,,Green,561,10,0,75.2,75.2,137,18 Holes,,,,,1,1,5,0,1,5,5,0,,,Par,1,Scottie Scheffler – Bay Hill Club – 3/7/26,0,0,0,Scottie Scheffler,1,100%,0,0,0,0,1,0,0,0,1,1,1,1,1,1,1,1,1,1,1,0,0,0,0,0,0,0,0,0,1,1,0,0,1,0,0,0,0,0,0,0,0,0,0,0,0,0,0,0,0,0,0,0,0,0,1,,,,,,,,0,,,0,0,0,0,0,0,0,1,0,0,0,0,1,0,0,0,0,0,0,0,0,0,0,0,0,0,0,0,0,0,0,0,0,0,1,0,0,0,0,0,1,1,0,0,0,0,0,0,0,0,1,0,0,0,0,0,0,1,0,0,0,0,0,0,0,0,,0,0,1,,0,0,0,0,0,0,0,0,0,0,0,0,0,0,1,0,0,0,0,0,0,0,0,0,0,0,0,0,0,0,0,0,0,0,0,0,0,0,0,0,0,0,0,0,0,0,0,0,0,0,0,0,0,0,TRUE,FALSE,FALSE,Long,Tight (3 feet or less),,,
Bay Hill - Green,5,3/7/2026,Bay Hill Club,Bay Hill- Green - 5,,Scottie Scheffler,,Scottie Scheffler - Bay Hill - Round 3 -3/7/26,Scottie Scheffler – Bay Hill Club – 3/7/26,,4,5,,,checked,229,,,,159,,,↘️ Short Right,,,,,,,,,,,,,,1,1,60 Degree Wedge,,,,,,7.5,⬅️ Hole High Left,2,1.2,1.2,,,,,,Green,390,8,1,75.2,75.2,137,18 Holes,,,,,1,0,4,1,1,5,4,0,,,Bogey,1,Scottie Scheffler – Bay Hill Club – 3/7/26,0,0,0,Scottie Scheffler,1,100%,0,0,0,0,0,1,0,0,1,1,1,0,0,0,1,0,0,1,0,1,0,0,0,0,0,0,0,0,0,1,0,0,0,0,0,0,0,0,0,1,0,0,0,0,0,0,0,0,0,0,0,0,0,0,1,,,,1,,,,,,,0,0,0,0,1,0,0,0,0,0,0,0,1,0,0,0,0,0,0,0,0,0,0,0,0,0,0,0,0,1,0,0,0,0,0,0,0,0,0,0,0,0,0,0,0,0,0,0,0,0,0,1,0,0,0,0,1,0,0,0,0,0,0,0,0,0,,0,0,0,,0,0,0,0,0,0,0,0,0,0,0,0,0,0,0,0,0,0,0,0,0,0,0,0,1,0,0,0,0,0,0,0,0,0,0,0,0,0,0,0,0,0,0,0,0,0,0,0,0,0,0,0,0,0,TRUE,FALSE,FALSE,Short Right,Hole High Left,,,
Bay Hill - Green,6,3/7/2026,Bay Hill Club,Bay Hill- Green - 6,,Scottie Scheffler,,Scottie Scheffler - Bay Hill - Round 3 -3/7/26,Scottie Scheffler – Bay Hill Club – 3/7/26,,5,4,checked,checked,,337,➡️ Right,checked,checked,39,,,,,,,,215,,,,,,,,,,,,,,,,,4.5,➡️ Hole High Right,1,4.5,,,,,,,Green,555,2,-1,75.2,75.2,137,18 Holes,4.5,,,4.5,1,1,5,-1,1,4,5,0,,,Birdie,0,Scottie Scheffler – Bay Hill Club – 3/7/26,1,1,0,Scottie Scheffler,1,0%,0,0,0,1,0,0,0,0,0,0,0,0,0,0,0,0,0,0,1,0,0,0,0,0,0,0,0,1,0,0,0,1,0,0,0,0,0,0,0,0,0,0,0,0,0,0,0,0,0,0,0,0,0,0,1,,,,,,,-1,,,,0,0,0,0,0,0,0,0,1,0,1,0,0,0,0,0,0,0,0,0,0,0,0,0,0,0,0,0,0,0,0,0,0,1,0,0,0,0,0,0,0,0,0,0,0,0,0,0,0,0,1,0,0,0,0,1,0,0,1,1,0,0,0,0,1,1,,0,0,0,,0,0,0,0,0,0,0,0,0,0,0,0,0,1,0,0,0,0,0,0,0,0,0,0,0,0,0,0,0,0,0,0,0,0,0,0,0,0,0,0,0,0,0,0,0,0,0,0,0,0,0,0,0,0,FALSE,TRUE,TRUE,,Hole High Right,Right,,
Bay Hill - Green,7,3/7/2026,Bay Hill Club,Bay Hill- Green - 7,,Scottie Scheffler,,Scottie Scheffler - Bay Hill - Round 3 -3/7/26,Scottie Scheffler – Bay Hill Club – 3/7/26,,3,4,,,,,,checked,checked,183,,,,,,,,,,,,,,,,,,,,,,,,,16.5,↖️ Long Left,3,0.3,5.8,0.3,,,,,Green,199,16,1,75.2,75.2,137,18 Holes,16.5,16.5,,,0,0,3,1,1,4,3,0,,,Bogey,0,Scottie Scheffler – Bay Hill Club – 3/7/26,1,1,0,Scottie Scheffler,0,N/A,0,0,0,0,0,1,0,0,0,0,0,0,0,0,0,0,0,0,0,0,1,0,0,0,0,0,0,0,0,0,0,0,0,0,0,0,0,0,0,0,0,0,0,0,0,1,0,0,0,0,0,0,0,0,1,1,,,,,,,,,,1,0,0,0,0,0,0,0,0,0,0,0,0,0,1,0,1,0,0,0,0,0,0,1,0,0,0,0,0,0,0,0,0,0,0,0,0,0,0,0,0,0,0,0,0,0,0,1,0,0,0,0,0,0,0,0,0,0,1,0,1,0,0,0,0,0,,0,0,0,,0,0,0,0,0,0,0,0,0,0,0,0,0,0,0,0,0,0,0,0,0,0,0,0,0,0,0,0,0,0,0,0,0,1,0,0,0,0,0,0,0,0,0,0,0,0,0,0,0,0,0,0,0,0,FALSE,TRUE,TRUE,,Long Left,,,
Bay Hill - Green,8,3/7/2026,Bay Hill Club,Bay Hill- Green - 8,,Scottie Scheffler,,Scottie Scheffler - Bay Hill - Round 3 -3/7/26,Scottie Scheffler – Bay Hill Club – 3/7/26,,4,4,,,,301,↖️ Long Left,checked,checked,160,,,,,,,,,,,,,,,,1,,,,,,,,,70.2,↘️ Short Right,2,10.1,10.1,,,,,,Green,460,6,0,75.2,75.2,137,18 Holes,70.2,,70.2,,0,0,4,0,1,4,4,0,,,Par,0,Scottie Scheffler – Bay Hill Club – 3/7/26,1,1,0,Scottie Scheffler,1,0%,0,0,0,0,1,0,0,0,0,0,0,0,0,0,0,0,0,1,0,1,0,0,0,0,0,0,0,0,1,1,0,0,0,0,0,0,0,0,1,0,0,0,0,0,0,0,0,0,0,0,0,0,0,0,1,,,0,,,,,,,,0,0,1,0,0,0,0,0,0,0,1,0,0,0,0,0,0,0,0,0,0,0,0,0,0,0,0,0,1,0,0,0,0,0,0,0,0,0,0,0,0,0,0,1,0,0,0,0,0,0,0,0,0,0,1,0,0,0,0,0,0,0,0,0,0,0,,0,0,0,,0,0,0,0,0,0,0,0,0,0,0,0,0,0,0,0,0,0,0,0,0,0,0,1,0,0,0,0,0,0,0,0,0,0,0,0,0,0,0,0,0,0,0,0,0,0,0,0,0,0,0,0,0,0,FALSE,TRUE,TRUE,,Short Right,Long Left,,
Bay Hill - Green,9,3/7/2026,Bay Hill Club,Bay Hill- Green - 9,,Scottie Scheffler,,Scottie Scheffler - Bay Hill - Round 3 -3/7/26,Scottie Scheffler – Bay Hill Club – 3/7/26,,4,4,,checked,,297,↖️ Long Left,,checked,86,,,,,,,,,,,,,,,,1,,,,,,,,,6.1,⬅️ Hole High Left,1,6.3,,,,,,,Green,474,12,0,75.2,75.2,137,18 Holes,,,,,1,1,4,0,1,4,4,0,,,Par,0,Scottie Scheffler – Bay Hill Club – 3/7/26,0,1,0,Scottie Scheffler,1,0%,0,0,0,0,1,0,0,0,0,0,0,0,0,0,1,1,1,1,1,0,0,0,0,0,0,0,1,0,1,1,0,0,1,0,0,0,0,0,0,0,0,0,0,0,0,0,0,0,0,0,0,0,0,0,1,,,,,0,,,,,,0,0,0,1,0,0,0,0,0,0,0,1,0,0,0,1,0,1,0,1,0,0,0,0,0,0,0,0,1,0,0,0,0,0,0,0,0,0,0,0,1,1,0,1,0,0,0,0,0,0,0,0,0,0,0,0,0,0,0,0,0,0,0,0,0,0,,0,1,0,,0,0,0,0,0,0,0,1,0,0,0,0,0,0,0,0,0,0,0,0,0,0,0,0,0,0,0,0,0,0,0,0,0,0,0,0,0,0,0,0,0,0,0,0,0,0,0,0,0,0,0,0,0,0,FALSE,FALSE,TRUE,,Hole High Left,Long Left,,
Bay Hill - Green,10,3/7/2026,Bay Hill Club,Bay Hill- Green - 10,,Scottie Scheffler,,Scottie Scheffler - Bay Hill - Round 3 -3/7/26,Scottie Scheffler – Bay Hill Club – 3/7/26,,4,4,,,checked,319,,checked,checked,62,,,,,,,,,,,,,,,,,,,,,,,,,7.1,⬆️ Long,2,2.3,2.3,,,,,,Green,400,13,0,75.2,75.2,137,18 Holes,7.1,,7.1,,1,0,4,0,0,,,1,4,4,Par,1,Scottie Scheffler – Bay Hill Club – 3/7/26,1,1,0,Scottie Scheffler,1,100%,1,0,0,0,1,0,0,0,0,0,0,0,0,0,0,0,0,0,0,1,0,0,0,1,0,0,0,0,0,0,0,0,0,0,0,0,0,0,1,0,0,0,0,0,0,0,0,0,0,0,0,0,0,0,1,,,,,,0,,,,,0,0,0,0,0,1,0,0,0,0,0,0,0,1,1,0,1,0,1,0,0,0,0,0,0,0,0,0,1,0,0,0,0,0,0,0,0,0,0,0,0,0,0,0,0,0,0,0,1,0,0,0,0,0,1,0,1,0,1,1,0,0,1,1,0,0,,0,0,0,,0,0,0,0,0,0,0,0,0,0,0,0,0,0,0,0,0,0,0,0,0,0,0,1,0,0,0,0,0,0,0,0,0,0,0,0,0,0,0,0,0,0,0,0,0,0,0,0,0,0,0,0,0,0,TRUE,TRUE,TRUE,,Long,,,
Bay Hill - Green,11,3/7/2026,Bay Hill Club,Bay Hill- Green - 11,,Scottie Scheffler,,Scottie Scheffler - Bay Hill - Round 3 -3/7/26,Scottie Scheffler – Bay Hill Club – 3/7/26,,4,3,,,checked,296,,checked,checked,159,,,,,,,,,,,,,,,,,,,,,,,,,16,⬇️ Short,1,16,,,,,,,Green,438,9,-1,75.2,75.2,137,18 Holes,16,,16,,0,0,4,-1,0,,,1,3,4,Birdie,1,Scottie Scheffler – Bay Hill Club – 3/7/26,1,1,0,Scottie Scheffler,1,100%,1,0,0,1,0,0,0,0,0,0,0,0,0,0,0,0,0,0,1,0,0,0,0,0,1,0,0,0,0,0,0,1,0,0,0,0,0,0,0,0,0,0,0,0,0,0,0,0,0,0,0,0,0,0,1,,,,,,-1,,,,,0,0,0,0,0,1,0,0,0,0,0,0,0,1,1,0,1,0,1,0,0,0,0,0,0,0,0,1,0,0,0,0,0,0,0,0,0,0,0,0,0,0,0,0,0,0,0,0,1,0,0,0,0,0,1,0,1,0,1,0,0,0,1,0,0,0,,0,0,0,,0,0,0,0,0,0,1,0,0,0,0,0,0,0,0,0,0,0,0,0,0,0,0,0,0,0,0,0,0,0,0,0,0,0,0,0,0,0,0,0,0,0,0,0,0,0,0,0,0,0,0,0,0,0,TRUE,TRUE,TRUE,,Short,,,
Bay Hill - Green,12,3/7/2026,Bay Hill Club,Bay Hill- Green - 12,,Scottie Scheffler,,Scottie Scheffler - Bay Hill - Round 3 -3/7/26,Scottie Scheffler – Bay Hill Club – 3/7/26,,5,4,,,,328,⬅️ Left,checked,checked,45,,,,,,,,248,,↘️ Short Right,,,,,,,,,,,,,,,2.4,Tight (3 feet or less) ,1,2.4,,,,,,,Green,574,3,-1,75.2,75.2,137,18 Holes,2.4,,,2.4,1,1,5,-1,0,,,1,4,5,Birdie,0,Scottie Scheffler – Bay Hill Club – 3/7/26,1,1,0,Scottie Scheffler,1,0%,0,0,0,1,0,0,0,0,0,0,0,0,0,0,0,0,0,0,1,0,0,0,0,0,0,0,0,1,0,0,0,1,0,0,0,0,0,0,0,0,0,0,0,0,0,0,0,0,0,0,0,0,0,0,1,,,,,,,-1,,,,0,0,0,0,0,0,0,0,1,0,1,0,0,0,0,0,0,0,0,0,0,0,0,0,0,0,0,0,0,0,0,0,0,1,0,0,0,0,0,0,0,0,0,0,0,0,0,0,1,0,0,0,0,0,0,1,0,0,1,1,0,0,0,0,1,1,,0,0,0,,0,0,0,0,0,0,0,0,0,0,0,0,0,1,0,0,0,0,0,0,0,0,0,0,0,0,0,0,0,0,0,0,0,0,0,0,0,0,0,0,0,0,0,0,0,0,0,0,0,0,0,0,0,0,FALSE,TRUE,TRUE,,Tight (3 feet or less),Left,,
Bay Hill - Green,13,3/7/2026,Bay Hill Club,Bay Hill- Green - 13,,Scottie Scheffler,,Scottie Scheffler - Bay Hill - Round 3 -3/7/26,Scottie Scheffler – Bay Hill Club – 3/7/26,,4,3,,,,296,⬅️ Left,checked,checked,85,,,,,,,,,,,,,,,,,,,,,,,,,8.5,⬇️ Short,1,8.5,,,,,,,Green,370,1,-1,75.2,75.2,137,18 Holes,8.5,,8.5,,1,1,4,-1,0,,,1,3,4,Birdie,0,Scottie Scheffler – Bay Hill Club – 3/7/26,1,1,0,Scottie Scheffler,1,0%,0,0,0,1,0,0,0,0,0,0,0,0,0,0,0,0,0,0,1,0,0,0,0,0,0,0,0,1,0,0,0,1,0,0,0,0,0,0,0,0,0,0,0,0,0,0,0,0,0,0,0,0,0,0,1,,,-1,,,,,,,,0,0,1,0,0,0,0,0,0,0,1,0,0,0,0,0,0,0,0,0,0,0,0,0,0,0,0,1,0,0,0,0,0,0,0,0,0,0,0,0,0,0,0,0,0,0,0,0,0,0,0,0,1,0,1,0,0,0,1,1,0,0,1,1,0,0,,0,0,0,,0,0,0,0,0,0,1,0,0,0,0,0,0,0,0,0,0,0,0,0,0,0,0,0,0,0,0,0,0,0,0,0,0,0,0,0,0,0,0,0,0,0,0,0,0,0,0,0,0,0,0,0,0,0,FALSE,TRUE,TRUE,,Short,Left,,
Bay Hill - Green,14,3/7/2026,Bay Hill Club,Bay Hill- Green - 14,,Scottie Scheffler,,Scottie Scheffler - Bay Hill - Round 3 -3/7/26,Scottie Scheffler – Bay Hill Club – 3/7/26,,3,2,,,,,,,,212,,,,,,,,,,,,,,,,,,1,60 Degree Wedge,,,,,,0,Hole Out,0,0,,,,8,Fairway,60,Green,215,17,-1,75.2,75.2,137,18 Holes,,,,,1,0,3,-1,0,,,1,2,3,Birdie,0,Scottie Scheffler – Bay Hill Club – 3/7/26,0,0,0,Scottie Scheffler,0,N/A,0,0,0,1,0,0,0,0,1,1,1,1,1,1,1,1,1,0,0,0,0,0,1,0,0,0,0,1,0,0,0,0,0,0,0,0,0,0,0,0,0,0,0,0,0,0,0,0,0,0,0,0,0,0,0,,-1,,,,,,,,,0,1,0,0,0,0,0,0,0,0,0,0,0,0,0,1,0,1,0,0,0,1,0,0,0,0,0,0,0,0,0,0,0,0,0,0,0,0,0,0,0,0,0,0,0,0,0,0,0,0,0,0,1,0,0,0,0,0,0,0,0,0,0,0,0,0,,0,0,0,,0,0,0,0,0,0,0,0,0,0,0,0,0,0,0,0,0,0,0,0,0,0,0,0,0,0,0,0,0,0,0,0,0,0,0,0,0,0,0,0,0,0,0,0,0,0,0,0,0,0,0,0,0,0,FALSE,FALSE,FALSE,,Hole Out,,,
Bay Hill - Green,15,3/7/2026,Bay Hill Club,Bay Hill- Green - 15,,Scottie Scheffler,,Scottie Scheffler - Bay Hill - Round 3 -3/7/26,Scottie Scheffler – Bay Hill Club – 3/7/26,,4,4,,,checked,302,,checked,checked,175,,,,,,,,,,,,,,,,,,,,,,,,,18.8,↙️ Short Left,2,1.5,1.5,,,,,,Green,429,5,0,75.2,75.2,137,18 Holes,18.8,,18.8,,0,0,4,0,0,,,1,4,4,Par,1,Scottie Scheffler – Bay Hill Club – 3/7/26,1,1,0,Scottie Scheffler,1,100%,1,0,0,0,1,0,0,0,0,0,0,0,0,0,0,0,0,0,0,1,0,0,0,1,0,0,0,0,0,0,0,0,0,0,0,0,0,0,1,0,0,0,0,0,0,0,0,0,0,0,0,0,0,0,1,,,,,,0,,,,,0,0,0,0,0,1,0,0,0,0,0,0,0,1,1,0,1,0,1,0,0,0,0,0,0,0,0,0,1,0,0,0,0,0,0,0,0,0,0,0,0,0,0,0,0,0,0,0,0,0,0,0,1,0,1,0,1,0,1,0,0,0,1,0,0,0,,0,0,0,,0,0,0,0,0,0,0,0,0,0,0,0,0,0,0,0,0,0,0,0,0,0,0,1,0,0,0,0,0,0,0,0,0,0,0,0,0,0,0,0,0,0,0,0,0,0,0,0,0,0,0,0,0,0,TRUE,TRUE,TRUE,,Short Left,,,
Bay Hill - Green,16,3/7/2026,Bay Hill Club,Bay Hill- Green - 16,,Scottie Scheffler,,Scottie Scheffler - Bay Hill - Round 3 -3/7/26,Scottie Scheffler – Bay Hill Club – 3/7/26,,5,4,,,,289,↘️ Short Right,checked,checked,11,,,,,,,,216,,⬆️ Long,,,,,,,,,,1,,,,60 Degree Wedge,3.7,⬇️ Short,1,3.7,,,,,,,Green,511,7,-1,75.2,75.2,137,18 Holes,3.7,,,3.7,1,1,5,-1,0,,,1,4,5,Birdie,0,Scottie Scheffler – Bay Hill Club – 3/7/26,1,1,0,Scottie Scheffler,1,0%,0,0,0,1,0,0,0,0,0,0,0,0,0,0,0,0,0,0,1,0,0,0,0,0,0,0,0,1,0,0,0,1,0,0,0,0,0,0,0,0,0,0,0,0,0,0,0,0,0,0,0,0,0,0,1,,,,,,,-1,,,,0,0,0,0,0,0,0,0,1,0,1,0,0,0,0,0,0,0,0,0,0,0,0,0,0,0,0,0,0,0,0,0,0,1,0,0,0,0,0,0,0,0,1,0,0,0,0,0,0,0,0,0,0,0,0,1,0,0,1,1,0,0,0,0,1,1,,0,0,0,,0,0,0,0,0,0,0,0,0,0,0,0,0,1,0,0,0,0,0,0,0,0,0,0,0,0,0,0,0,0,0,0,0,0,0,0,0,0,0,0,0,0,0,0,0,0,0,0,0,0,0,0,0,0,FALSE,TRUE,TRUE,,Short,Short Right,,
Bay Hill - Green,17,3/7/2026,Bay Hill Club,Bay Hill- Green - 17,,Scottie Scheffler,,Scottie Scheffler - Bay Hill - Round 3 -3/7/26,Scottie Scheffler – Bay Hill Club – 3/7/26,,3,3,,,,,,,,218,,,↖️ Long Left,,,,,,,,,,,,,,,1,60 Degree Wedge,,,,,,3.8,⬅️ Hole High Left,1,3.8,,,,,,,Green,221,15,0,75.2,75.2,137,18 Holes,,,,,1,1,3,0,0,,,1,3,3,Par,0,Scottie Scheffler – Bay Hill Club – 3/7/26,0,0,0,Scottie Scheffler,0,N/A,0,0,0,0,1,0,0,0,1,1,1,1,1,1,1,1,1,0,1,0,0,0,0,0,0,0,1,0,0,0,0,0,1,0,0,0,0,0,0,0,0,0,0,0,0,0,0,0,0,0,0,0,0,0,1,,0,,,,,,,,,0,1,0,0,0,0,0,0,0,0,0,0,0,0,0,1,0,1,0,0,0,0,1,0,0,0,0,0,0,0,0,0,0,0,0,0,0,0,0,0,1,1,1,0,0,0,0,0,0,0,0,0,0,0,0,0,0,0,0,0,0,0,0,0,0,0,,1,0,0,,0,1,0,0,0,0,0,0,0,0,0,0,0,0,0,0,0,0,0,0,0,0,0,0,0,0,0,0,0,0,0,0,0,0,0,0,0,0,0,0,0,0,0,0,0,0,0,0,0,0,0,0,0,0,FALSE,FALSE,FALSE,Long Left,Hole High Left,,,
Bay Hill - Green,18,3/7/2026,Bay Hill Club,Bay Hill- Green - 18,,Scottie Scheffler,,Scottie Scheffler - Bay Hill - Round 3 -3/7/26,Scottie Scheffler – Bay Hill Club – 3/7/26,,4,6,,,,282,➡️ Right,,,159,,,⬇️ Short,,,,,,,,,,1,,Hazard - Water,,1,1,60 Degree Wedge,,,,,,2.9,Tight (3 feet or less) ,1,2.9,,,,,,,Green,458,11,2,75.2,75.2,137,18 Holes,,,,,1,1,4,2,0,,,1,6,4,Double Bogey,0,Scottie Scheffler – Bay Hill Club – 3/7/26,0,0,0,Scottie Scheffler,1,0%,0,0,0,0,0,0,1,0,1,1,1,1,1,1,1,0,1,1,1,0,0,0,0,0,0,0,0,0,0,1,0,0,0,0,1,0,0,0,0,0,0,0,0,0,0,0,0,0,0,0,0,0,0,0,1,,,,,2,,,,,,0,0,0,1,0,0,0,0,0,0,0,1,0,0,0,1,0,1,0,1,0,0,0,0,0,0,0,0,0,0,1,0,0,0,0,0,0,0,0,0,0,1,0,0,0,0,1,0,0,0,0,0,0,0,0,0,0,0,0,0,0,0,0,0,0,0,,0,0,0,,0,0,0,0,0,0,0,0,0,1,0,0,0,0,0,0,0,0,0,0,0,0,0,0,0,0,0,0,0,0,0,0,0,0,0,0,0,0,0,0,0,0,0,0,0,0,0,0,0,0,0,0,0,0,FALSE,FALSE,FALSE,Short,Tight (3 feet or less),Right,,
Bay Hill - Green,1,3/8/2026,Bay Hill Club,Bay Hill- Green - 1,,Scottie Scheffler,,Scottie Scheffler - Bay Hill - Round 4 -3/8/26,Scottie Scheffler – Bay Hill Club – 3/8/26,,4,4,,,checked,315,,checked,checked,128,,,,,,,,,,,,,,,,,,,,,,,,,17.5,⬅️ Hole High Left,2,2.2,2.2,,,,,,Green,461,4,0,75.2,75.2,137,18 Holes,17.5,,17.5,,0,0,4,0,1,4,4,0,,,Par,1,Scottie Scheffler – Bay Hill Club – 3/8/26,1,1,0,Scottie Scheffler,1,100%,1,0,0,0,1,0,0,0,0,0,0,0,0,0,0,0,0,0,0,1,0,0,0,1,0,0,0,0,0,0,0,0,0,0,0,0,0,0,1,0,0,0,0,0,0,0,0,0,0,0,0,0,0,0,1,,,,,,0,,,,,0,0,0,0,0,1,0,0,0,0,0,0,0,1,1,0,1,0,1,0,0,0,0,0,0,0,0,0,1,0,0,0,0,0,0,0,0,0,0,0,0,0,0,0,1,0,0,0,0,0,0,0,0,0,1,0,1,0,1,0,0,0,1,0,0,0,,0,0,0,,0,0,0,0,0,0,0,0,0,0,0,0,0,0,0,0,0,0,0,0,0,0,0,1,0,0,0,0,0,0,0,0,0,0,0,0,0,0,0,0,0,0,0,0,0,0,0,0,0,0,0,0,0,0,TRUE,TRUE,TRUE,,Hole High Left,,,
Bay Hill - Green,2,3/8/2026,Bay Hill Club,Bay Hill- Green - 2,,Scottie Scheffler,,Scottie Scheffler - Bay Hill - Round 4 -3/8/26,Scottie Scheffler – Bay Hill Club – 3/8/26,,3,3,,,,,,checked,checked,231,,,,,,,,,,,,,,,,,,,,,,,,,18.4,➡️ Hole High Right,2,2.8,2.8,,,,,,Green,231,18,0,75.2,75.2,137,18 Holes,18.4,18.4,,,0,0,3,0,1,3,3,0,,,Par,0,Scottie Scheffler – Bay Hill Club – 3/8/26,1,1,0,Scottie Scheffler,0,N/A,0,0,0,0,1,0,0,0,0,0,0,0,0,0,0,0,0,0,0,1,0,0,0,1,0,0,0,0,0,0,0,0,0,0,0,0,0,0,1,0,0,0,0,0,0,0,0,0,0,0,0,0,0,0,1,0,,,,,,,,,,1,0,0,0,0,0,0,0,0,0,0,0,0,0,1,0,1,0,0,0,0,0,1,0,0,0,0,0,0,0,0,0,0,0,0,0,0,0,0,0,0,0,0,0,1,0,0,0,0,0,0,0,0,0,0,0,0,0,1,0,1,0,0,0,0,0,,0,0,0,,0,0,0,0,0,0,0,0,0,0,0,0,0,0,0,0,0,0,1,0,0,0,0,0,0,0,0,0,0,0,0,0,0,0,0,0,0,0,0,0,0,0,0,0,0,0,0,0,0,0,0,0,0,0,FALSE,TRUE,TRUE,,Hole High Right,,,
Bay Hill - Green,3,3/8/2026,Bay Hill Club,Bay Hill- Green - 3,,Scottie Scheffler,,Scottie Scheffler - Bay Hill - Round 4 -3/8/26,Scottie Scheffler – Bay Hill Club – 3/8/26,,4,5,,checked,,309,⬅️ Left,,checked,210,,,,,,,,,,,1,Driver,,,Hazard - Water,,,,,,,,,,28.6,↘️ Short Right,2,2.5,2.5,,,,,,Green,434,14,1,75.2,75.2,137,18 Holes,,,,,0,0,4,1,1,5,4,0,,,Bogey,0,Scottie Scheffler – Bay Hill Club – 3/8/26,0,1,0,Scottie Scheffler,1,0%,0,0,0,0,0,1,0,0,0,0,0,0,0,0,1,0,0,0,0,1,0,0,0,0,0,0,0,0,0,0,0,0,0,0,0,0,0,0,0,1,0,0,0,0,0,0,0,0,0,0,0,0,0,0,1,,,,,1,,,,,,0,0,0,1,0,0,0,0,0,0,0,1,0,0,0,1,0,1,0,1,0,0,0,0,0,0,0,0,0,1,0,0,0,0,0,0,0,0,0,0,0,0,0,0,0,1,0,0,0,0,0,0,0,0,0,0,0,0,0,0,0,0,0,0,0,0,,0,0,0,,0,0,0,0,0,0,0,0,0,0,0,0,0,0,0,0,0,0,0,0,0,0,0,0,1,0,0,0,0,0,0,0,0,0,0,0,0,0,0,0,0,0,0,0,0,0,0,0,0,0,0,0,0,0,FALSE,FALSE,TRUE,,Short Right,Left,,
Bay Hill - Green,4,3/8/2026,Bay Hill Club,Bay Hill- Green - 4,,Scottie Scheffler,,Scottie Scheffler - Bay Hill - Round 4 -3/8/26,Scottie Scheffler – Bay Hill Club – 3/8/26,,5,4,,,,310,➡️ Right,checked,checked,169,,,,,,,,287,,⬅️ Left,,,,,,,,,,,,,,,13.1,↘️ Short Right,1,13.1,,,,,,,Green,561,10,-1,75.2,75.2,137,18 Holes,13.1,,,13.1,0,0,5,-1,1,4,5,0,,,Birdie,0,Scottie Scheffler – Bay Hill Club – 3/8/26,1,1,0,Scottie Scheffler,1,0%,0,0,0,1,0,0,0,0,0,0,0,0,0,0,0,0,0,0,1,0,0,0,0,0,0,0,0,1,0,0,0,1,0,0,0,0,0,0,0,0,0,0,0,0,0,0,0,0,0,0,0,0,0,0,1,,,,,,,-1,,,,0,0,0,0,0,0,0,0,1,0,1,0,0,0,0,0,0,0,0,0,0,0,0,0,0,0,0,0,0,0,0,0,0,1,0,0,0,0,0,0,0,0,0,0,0,0,0,0,0,0,1,0,0,0,0,1,0,0,1,0,0,0,0,0,1,0,,0,0,0,,0,0,0,0,0,0,0,0,0,0,0,0,0,1,0,0,0,0,0,0,0,0,0,0,0,0,0,0,0,0,0,0,0,0,0,0,0,0,0,0,0,0,0,0,0,0,0,0,0,0,0,0,0,0,FALSE,TRUE,TRUE,,Short Right,Right,,
Bay Hill - Green,5,3/8/2026,Bay Hill Club,Bay Hill- Green - 5,,Scottie Scheffler,,Scottie Scheffler - Bay Hill - Round 4 -3/8/26,Scottie Scheffler – Bay Hill Club – 3/8/26,,4,3,,,checked,239,,checked,checked,133,,,,,,,,,,,,,,,,,,,,,,,,,10.3,↘️ Short Right,1,10.3,,,,,,,Green,390,8,-1,75.2,75.2,137,18 Holes,10.3,,10.3,,0,0,4,-1,1,3,4,0,,,Birdie,1,Scottie Scheffler – Bay Hill Club – 3/8/26,1,1,0,Scottie Scheffler,1,100%,1,0,0,1,0,0,0,0,0,0,0,0,0,0,0,0,0,0,1,0,0,0,0,0,1,0,0,0,0,0,0,1,0,0,0,0,0,0,0,0,0,0,0,0,0,0,0,0,0,0,0,0,0,0,1,,,,,,-1,,,,,0,0,0,0,0,1,0,0,0,0,0,0,0,1,1,0,1,0,1,0,0,0,0,0,0,0,0,1,0,0,0,0,0,0,0,0,0,0,0,0,0,0,0,0,0,0,0,0,0,0,1,0,0,0,1,0,1,0,1,0,0,0,1,0,0,0,,0,0,0,,0,0,0,0,0,0,1,0,0,0,0,0,0,0,0,0,0,0,0,0,0,0,0,0,0,0,0,0,0,0,0,0,0,0,0,0,0,0,0,0,0,0,0,0,0,0,0,0,0,0,0,0,0,0,TRUE,TRUE,TRUE,,Short Right,,,
Bay Hill - Green,6,3/8/2026,Bay Hill Club,Bay Hill- Green - 6,,Scottie Scheffler,,Scottie Scheffler - Bay Hill - Round 4 -3/8/26,Scottie Scheffler – Bay Hill Club – 3/8/26,,5,5,checked,checked,,312,↗️ Long Right,checked,checked,94,,,,,,,,266,,,,,,,,,,,,,,,,,13.3,➡️ Hole High Right,2,2.9,2.9,,,,,,Green,555,2,0,75.2,75.2,137,18 Holes,13.3,,,13.3,0,0,5,0,1,5,5,0,,,Par,0,Scottie Scheffler – Bay Hill Club – 3/8/26,1,1,0,Scottie Scheffler,1,0%,0,0,0,0,1,0,0,0,0,0,0,0,0,0,0,0,0,0,0,1,0,0,0,0,0,0,0,0,0,0,0,0,0,0,0,0,0,0,1,0,0,0,0,0,0,0,0,0,0,0,0,0,0,0,1,,,,,,,0,,,,0,0,0,0,0,0,0,0,1,0,1,0,0,0,0,0,0,0,0,0,0,0,0,0,0,0,0,0,0,0,0,0,0,0,1,0,0,0,0,0,0,0,0,0,0,0,0,0,0,0,1,0,0,0,0,1,0,0,1,0,0,0,0,0,1,0,,0,0,0,,0,0,0,0,0,0,0,0,0,0,0,0,0,0,0,0,0,0,0,0,0,0,0,0,0,0,0,0,0,1,0,0,0,0,0,0,0,0,0,0,0,0,0,0,0,0,0,0,0,0,0,0,0,0,FALSE,TRUE,TRUE,,Hole High Right,Long Right,,
Bay Hill - Green,7,3/8/2026,Bay Hill Club,Bay Hill- Green - 7,,Scottie Scheffler,,Scottie Scheffler - Bay Hill - Round 4 -3/8/26,Scottie Scheffler – Bay Hill Club – 3/8/26,,3,3,,,,,,checked,checked,180,,,,,,,,,,,,,,,,,,,,,,,,,9.7,⬅️ Hole High Left,2,0.8,0.8,,,,,,Green,199,16,0,75.2,75.2,137,18 Holes,9.7,9.7,,,1,0,3,0,1,3,3,0,,,Par,0,Scottie Scheffler – Bay Hill Club – 3/8/26,1,1,0,Scottie Scheffler,0,N/A,0,0,0,0,1,0,0,0,0,0,0,0,0,0,0,0,0,0,0,1,0,0,0,1,0,0,0,0,0,0,0,0,0,0,0,0,0,0,1,0,0,0,0,0,0,0,0,0,0,0,0,0,0,0,1,0,,,,,,,,,,1,0,0,0,0,0,0,0,0,0,0,0,0,0,1,0,1,0,0,0,0,0,1,0,0,0,0,0,0,0,0,0,0,0,0,0,0,0,0,0,0,0,0,1,0,0,0,0,0,0,0,0,0,0,0,0,0,0,1,1,1,1,0,0,0,0,,0,0,0,,0,0,0,0,0,0,0,0,0,0,0,0,0,0,0,0,0,0,1,0,0,0,0,0,0,0,0,0,0,0,0,0,0,0,0,0,0,0,0,0,0,0,0,0,0,0,0,0,0,0,0,0,0,0,FALSE,TRUE,TRUE,,Hole High Left,,,
Bay Hill - Green,8,3/8/2026,Bay Hill Club,Bay Hill- Green - 8,,Scottie Scheffler,,Scottie Scheffler - Bay Hill - Round 4 -3/8/26,Scottie Scheffler – Bay Hill Club – 3/8/26,,4,4,,,checked,276,,checked,checked,169,,,,,,,,,,,,,,,,,,,,,,,,,26.9,↗️ Long Right,2,2.3,2.3,,,,,,Green,460,6,0,75.2,75.2,137,18 Holes,26.9,,26.9,,0,0,4,0,1,4,4,0,,,Par,1,Scottie Scheffler – Bay Hill Club – 3/8/26,1,1,0,Scottie Scheffler,1,100%,1,0,0,0,1,0,0,0,0,0,0,0,0,0,0,0,0,0,0,1,0,0,0,1,0,0,0,0,0,0,0,0,0,0,0,0,0,0,1,0,0,0,0,0,0,0,0,0,0,0,0,0,0,0,1,,,,,,0,,,,,0,0,0,0,0,1,0,0,0,0,0,0,0,1,1,0,1,0,1,0,0,0,0,0,0,0,0,0,1,0,0,0,0,0,0,0,0,0,0,0,0,0,0,1,0,0,0,0,0,0,0,0,0,0,1,0,1,0,0,0,0,0,0,0,0,0,,0,0,0,,0,0,0,0,0,0,0,0,0,0,0,0,0,0,0,0,0,0,0,0,0,0,0,1,0,0,0,0,0,0,0,0,0,0,0,0,0,0,0,0,0,0,0,0,0,0,0,0,0,0,0,0,0,0,TRUE,TRUE,TRUE,,Long Right,,,
Bay Hill - Green,9,3/8/2026,Bay Hill Club,Bay Hill- Green - 9,,Scottie Scheffler,,Scottie Scheffler - Bay Hill - Round 4 -3/8/26,Scottie Scheffler – Bay Hill Club – 3/8/26,,4,4,,,checked,306,,checked,checked,156,,,,,,,,,,,,,,,,,,,,,,,,,17.9,⬅️ Hole High Left,2,3.9,3.9,,,,,,Green,474,12,0,75.2,75.2,137,18 Holes,17.9,,17.9,,0,0,4,0,1,4,4,0,,,Par,1,Scottie Scheffler – Bay Hill Club – 3/8/26,1,1,0,Scottie Scheffler,1,100%,1,0,0,0,1,0,0,0,0,0,0,0,0,0,0,0,0,0,0,1,0,0,0,1,0,0,0,0,0,0,0,0,0,0,0,0,0,0,1,0,0,0,0,0,0,0,0,0,0,0,0,0,0,0,1,,,,,,0,,,,,0,0,0,0,0,1,0,0,0,0,0,0,0,1,1,0,1,0,1,0,0,0,0,0,0,0,0,0,1,0,0,0,0,0,0,0,0,0,0,0,0,0,0,1,0,0,0,0,0,0,0,0,0,0,1,0,1,0,1,0,0,0,1,0,0,0,,0,0,0,,0,0,0,0,0,0,0,0,0,0,0,0,0,0,0,0,0,0,0,0,0,0,0,1,0,0,0,0,0,0,0,0,0,0,0,0,0,0,0,0,0,0,0,0,0,0,0,0,0,0,0,0,0,0,TRUE,TRUE,TRUE,,Hole High Left,,,
Bay Hill - Green,10,3/8/2026,Bay Hill Club,Bay Hill- Green - 10,,Scottie Scheffler,,Scottie Scheffler - Bay Hill - Round 4 -3/8/26,Scottie Scheffler – Bay Hill Club – 3/8/26,,4,3,,,checked,324,,checked,checked,74,,,,,,,,,,,,,,,,,,,,,,,,,4.9,⬅️ Hole High Left,1,4.9,,,,,,,Green,400,13,-1,75.2,75.2,137,18 Holes,4.9,,4.9,,1,1,4,-1,0,,,1,3,4,Birdie,1,Scottie Scheffler – Bay Hill Club – 3/8/26,1,1,0,Scottie Scheffler,1,100%,1,0,0,1,0,0,0,0,0,0,0,0,0,0,0,0,0,0,1,0,0,0,0,0,1,0,0,0,0,0,0,1,0,0,0,0,0,0,0,0,0,0,0,0,0,0,0,0,0,0,0,0,0,0,1,,,,,,-1,,,,,0,0,0,0,0,1,0,0,0,0,0,0,0,1,1,0,1,0,1,0,0,0,0,0,0,0,0,1,0,0,0,0,0,0,0,0,0,0,0,0,0,0,0,0,0,0,0,0,1,0,0,0,0,0,1,0,1,0,1,1,0,0,1,1,0,0,,0,0,0,,0,0,0,0,0,0,1,0,0,0,0,0,0,0,0,0,0,0,0,0,0,0,0,0,0,0,0,0,0,0,0,0,0,0,0,0,0,0,0,0,0,0,0,0,0,0,0,0,0,0,0,0,0,0,TRUE,TRUE,TRUE,,Hole High Left,,,
Bay Hill - Green,11,3/8/2026,Bay Hill Club,Bay Hill- Green - 11,,Scottie Scheffler,,Scottie Scheffler - Bay Hill - Round 4 -3/8/26,Scottie Scheffler – Bay Hill Club – 3/8/26,,4,4,,,,313,➡️ Right,checked,checked,170,,,,,,,,,,,,,,,,,,,,,,,,,9.5,➡️ Hole High Right,2,1.9,1.9,,,,,,Green,438,9,0,75.2,75.2,137,18 Holes,9.5,,9.5,,1,0,4,0,0,,,1,4,4,Par,0,Scottie Scheffler – Bay Hill Club – 3/8/26,1,1,0,Scottie Scheffler,1,0%,0,0,0,0,1,0,0,0,0,0,0,0,0,0,0,0,0,0,0,1,0,0,0,0,0,0,0,0,0,0,0,0,0,0,0,0,0,0,1,0,0,0,0,0,0,0,0,0,0,0,0,0,0,0,1,,,0,,,,,,,,0,0,1,0,0,0,0,0,0,0,1,0,0,0,0,0,0,0,0,0,0,0,0,0,0,0,0,0,1,0,0,0,0,0,0,0,0,0,0,0,0,0,0,0,0,0,0,0,1,0,0,0,0,0,1,0,0,0,1,1,0,0,1,1,0,0,,0,0,0,,0,0,0,0,0,0,0,0,0,0,0,0,0,0,0,0,0,0,0,0,0,0,0,1,0,0,0,0,0,0,0,0,0,0,0,0,0,0,0,0,0,0,0,0,0,0,0,0,0,0,0,0,0,0,FALSE,TRUE,TRUE,,Hole High Right,Right,,
Bay Hill - Green,12,3/8/2026,Bay Hill Club,Bay Hill- Green - 12,,Scottie Scheffler,,Scottie Scheffler - Bay Hill - Round 4 -3/8/26,Scottie Scheffler – Bay Hill Club – 3/8/26,,5,5,,,checked,330,,checked,checked,23,,,,,,,,228,,↙️ Short Left,,,,,,,1,,,1,,,,60 Degree Wedge,21.8,↙️ Short Left,2,1.8,1.8,,,,,,Green,574,3,0,75.2,75.2,137,18 Holes,21.8,,,21.8,0,0,5,0,0,,,1,5,5,Par,1,Scottie Scheffler – Bay Hill Club – 3/8/26,1,1,0,Scottie Scheffler,1,100%,1,0,0,0,1,0,0,0,0,0,0,0,0,0,0,0,0,1,0,1,0,0,0,1,0,0,0,0,1,1,0,0,0,0,0,0,0,0,1,0,0,0,0,0,0,0,0,0,0,0,0,0,0,0,1,,,,,,,,,,0,0,0,0,0,0,0,1,0,0,0,0,0,0,1,1,0,1,0,1,0,0,0,0,0,0,0,0,0,0,0,0,0,0,0,1,0,0,0,0,0,0,0,0,0,0,0,0,0,1,0,0,0,0,0,0,1,0,1,0,0,0,0,0,0,0,0,,0,0,0,,0,0,0,0,0,0,0,0,0,0,0,0,0,0,0,0,0,0,0,0,0,0,0,0,0,0,0,0,0,1,0,0,0,0,0,0,0,0,0,0,0,0,0,0,0,0,0,0,0,0,0,0,0,0,TRUE,TRUE,TRUE,,Short Left,,,
Bay Hill - Green,13,3/8/2026,Bay Hill Club,Bay Hill- Green - 13,,Scottie Scheffler,,Scottie Scheffler - Bay Hill - Round 4 -3/8/26,Scottie Scheffler – Bay Hill Club – 3/8/26,,4,4,,,checked,251,,,,109,,,↙️ Short Left,,,,,,,,,,,,,,,1,60 Degree Wedge,,,,,,2.9,Tight (3 feet or less) ,1,2.9,,,,,,,Green,370,1,0,75.2,75.2,137,18 Holes,,,,,1,1,4,0,0,,,1,4,4,Par,1,Scottie Scheffler – Bay Hill Club – 3/8/26,0,0,0,Scottie Scheffler,1,100%,0,0,0,0,1,0,0,0,1,1,1,1,1,1,1,1,1,0,1,0,0,0,0,0,0,0,0,0,0,0,0,0,1,0,0,0,0,0,0,0,0,0,0,0,0,0,0,0,0,0,0,0,0,0,1,,,,0,,,,,,,0,0,0,0,1,0,0,0,0,0,0,0,1,0,0,0,0,0,0,0,0,0,0,0,0,0,0,0,1,0,0,0,0,0,0,0,0,0,0,0,1,1,0,0,0,0,0,0,0,0,0,0,1,0,0,0,1,0,0,0,0,0,0,0,0,0,,0,1,0,,0,0,0,0,0,0,0,1,0,0,0,0,0,0,0,0,0,0,0,0,0,0,0,0,0,0,0,0,0,0,0,0,0,0,0,0,0,0,0,0,0,0,0,0,0,0,0,0,0,0,0,0,0,0,TRUE,FALSE,FALSE,Short Left,Tight (3 feet or less),,,
Bay Hill - Green,14,3/8/2026,Bay Hill Club,Bay Hill- Green - 14,,Scottie Scheffler,,Scottie Scheffler - Bay Hill - Round 4 -3/8/26,Scottie Scheffler – Bay Hill Club – 3/8/26,,3,5,,,,202,⬇️ Short,,,216,,,,,,,,,,,1,,,,Hazard - Water,,,,,,,,,,43.8,⬇️ Short,2,2.9,2.8,,,,,,Green,215,17,2,75.2,75.2,137,18 Holes,,,,,0,0,3,2,0,,,1,5,3,Double Bogey,0,Scottie Scheffler – Bay Hill Club – 3/8/26,0,0,0,Scottie Scheffler,0,N/A,0,0,0,0,0,0,1,0,0,0,0,0,0,0,1,0,0,0,0,1,0,0,0,0,0,0,0,0,0,0,0,0,0,0,0,0,0,0,0,0,1,0,0,0,0,0,0,0,0,0,0,0,0,0,1,,2,,,,,,,,,0,1,0,0,0,0,0,0,0,0,0,0,0,0,0,1,0,1,0,0,0,0,0,0,1,0,0,0,0,0,0,0,0,0,0,0,0,0,0,0,0,0,0,0,0,0,0,0,0,0,0,0,0,1,0,0,0,0,0,0,0,0,0,0,0,0,,0,0,0,,0,0,0,0,0,0,0,0,0,0,0,0,0,0,0,0,0,0,0,0,1,0,0,0,0,0,0,0,0,0,0,0,0,0,0,0,0,0,0,0,0,0,0,0,0,0,0,0,0,0,0,0,0,0,FALSE,FALSE,FALSE,,Short,Short,,
Bay Hill - Green,15,3/8/2026,Bay Hill Club,Bay Hill- Green - 15,,Scottie Scheffler,,Scottie Scheffler - Bay Hill - Round 4 -3/8/26,Scottie Scheffler – Bay Hill Club – 3/8/26,,4,3,,,checked,318,,checked,checked,153,,,,,,,,,,,,,,,,,,,,,,,,,3.9,⬅️ Hole High Left,1,3.9,,,,,,,Green,429,5,-1,75.2,75.2,137,18 Holes,3.9,,3.9,,1,1,4,-1,0,,,1,3,4,Birdie,1,Scottie Scheffler – Bay Hill Club – 3/8/26,1,1,0,Scottie Scheffler,1,100%,1,0,0,1,0,0,0,0,0,0,0,0,0,0,0,0,0,0,1,0,0,0,0,0,1,0,0,0,0,0,0,1,0,0,0,0,0,0,0,0,0,0,0,0,0,0,0,0,0,0,0,0,0,0,1,,,,,,-1,,,,,0,0,0,0,0,1,0,0,0,0,0,0,0,1,1,0,1,0,1,0,0,0,0,0,0,0,0,1,0,0,0,0,0,0,0,0,0,0,0,0,0,0,0,0,0,0,0,0,0,0,0,0,1,0,1,0,1,0,1,1,0,0,1,1,0,0,,0,0,0,,0,0,0,0,0,0,1,0,0,0,0,0,0,0,0,0,0,0,0,0,0,0,0,0,0,0,0,0,0,0,0,0,0,0,0,0,0,0,0,0,0,0,0,0,0,0,0,0,0,0,0,0,0,0,TRUE,TRUE,TRUE,,Hole High Left,,,
Bay Hill - Green,16,3/8/2026,Bay Hill Club,Bay Hill- Green - 16,,Scottie Scheffler,,Scottie Scheffler - Bay Hill - Round 4 -3/8/26,Scottie Scheffler – Bay Hill Club – 3/8/26,,5,6,checked,checked,,301,↘️ Short Right,checked,checked,64,,,,,,,,195,,,,,,,,,,,,,,,⬇️ Short,,20.9,↗️ Long Right,3,2.8,2.9,2.8,,,,,Green,511,7,1,75.2,75.2,137,18 Holes,20.9,,,20.9,0,0,5,1,0,,,1,6,5,Bogey,0,Scottie Scheffler – Bay Hill Club – 3/8/26,1,1,0,Scottie Scheffler,1,0%,0,0,0,0,0,1,0,0,0,0,0,0,0,0,0,0,0,0,0,0,1,0,0,0,0,0,0,0,0,0,0,0,0,0,0,0,0,0,0,0,0,0,0,0,0,1,0,0,0,0,0,0,0,0,1,,,,,,,1,,,,0,0,0,0,0,0,0,0,1,0,1,0,0,0,0,0,0,0,0,0,0,0,0,0,0,0,0,0,0,0,0,0,0,0,0,1,0,0,0,0,0,0,0,0,0,0,1,0,0,0,0,0,0,0,0,1,0,0,0,0,0,0,0,0,0,0,,0,0,0,,0,0,0,0,0,0,0,0,0,0,0,0,0,0,0,0,0,0,0,0,0,0,0,0,0,0,0,0,0,0,0,0,0,0,0,0,0,0,0,0,0,0,1,0,0,0,0,0,0,0,0,0,0,0,FALSE,TRUE,TRUE,,Long Right,Short Right,Short,
Bay Hill - Green,17,3/8/2026,Bay Hill Club,Bay Hill- Green - 17,,Scottie Scheffler,,Scottie Scheffler - Bay Hill - Round 4 -3/8/26,Scottie Scheffler – Bay Hill Club – 3/8/26,,3,2,,,,,,checked,checked,184,,,,,,,,,,,,,,,,,,,,,,,,,43.5,↖️ Long Left,1,43.5,,,,,,,Green,221,15,-1,75.2,75.2,137,18 Holes,43.5,43.5,,,0,0,3,-1,0,,,1,2,3,Birdie,0,Scottie Scheffler – Bay Hill Club – 3/8/26,1,1,0,Scottie Scheffler,0,N/A,0,0,0,1,0,0,0,0,0,0,0,0,0,0,0,0,0,0,1,0,0,0,0,0,1,0,0,0,0,0,0,1,0,0,0,0,0,0,0,0,0,0,0,0,0,0,0,0,0,0,0,0,0,0,1,-1,,,,,,,,,,1,0,0,0,0,0,0,0,0,0,0,0,0,0,1,0,1,0,0,0,0,1,0,0,0,0,0,0,0,0,0,0,0,0,0,0,0,0,0,0,0,0,1,0,0,0,0,0,0,0,0,0,0,0,0,0,0,0,0,0,0,0,0,0,0,0,,0,0,0,,1,0,0,0,0,0,0,0,0,0,0,0,0,0,0,0,0,0,0,0,0,0,0,0,0,0,0,0,0,0,0,0,0,0,0,0,0,0,0,0,0,0,0,0,0,0,0,0,0,0,0,0,0,0,FALSE,TRUE,TRUE,,Long Left,,,
Bay Hill - Green,18,3/8/2026,Bay Hill Club,Bay Hill- Green - 18,,Scottie Scheffler,,Scottie Scheffler - Bay Hill - Round 4 -3/8/26,Scottie Scheffler – Bay Hill Club – 3/8/26,,4,6,,,checked,317,,,,148,,,↘️ Short Right,,,,,,,,,,1,,Hazard - Water,,,,,,,,,,43.5,↖️ Long Left,2,5,5,,,,,,Green,458,11,2,75.2,75.2,137,18 Holes,,,,,0,0,4,2,0,,,1,6,4,Double Bogey,1,Scottie Scheffler – Bay Hill Club – 3/8/26,0,0,0,Scottie Scheffler,1,100%,0,0,0,0,0,0,1,0,0,0,0,0,0,0,1,0,0,0,0,1,0,0,0,0,0,0,0,0,0,0,0,0,0,0,0,0,0,0,0,0,1,0,0,0,0,0,0,0,0,0,0,0,0,0,1,,,,2,,,,,,,0,0,0,0,1,0,0,0,0,0,0,0,1,0,0,0,0,0,0,0,0,0,0,0,0,0,0,0,0,0,1,0,0,0,0,0,0,0,0,0,0,0,0,0,0,0,1,0,0,0,0,0,0,0,0,0,1,0,0,0,0,0,0,0,0,0,,0,0,0,,0,0,0,0,0,0,0,0,0,0,0,0,0,0,0,0,0,0,0,0,0,0,0,0,0,1,0,0,0,0,0,0,0,0,0,0,0,0,0,0,0,0,0,0,0,0,0,0,0,0,0,0,0,0,TRUE,FALSE,FALSE,Short Right,Long Left,,,
Bay Hill - Green,1,3/5/2026,Bay Hill Club,Bay Hill- Green - 1,,Jason Day,,Jason Day - Bay Hill - Round 1 -3/5/26,Jason Day – Bay Hill Club – 3/5/26,,4,4,,,checked,292,,,,147,,,↙️ Short Left,,,,,,,,,,,,,,1,1,60 Degree Wedge,,,,,,7.1,⬅️ Hole High Left,1,7.1,,,,,,,Green,461,4,0,75.2,75.2,137,18 Holes,,,,,1,1,4,0,1,4,4,0,,,Par,1,Jason Day – Bay Hill Club – 3/5/26,0,0,0,Jason Day,1,100%,0,0,0,0,1,0,0,0,1,1,1,1,0,0,1,1,1,1,1,0,0,0,0,0,0,0,0,0,1,1,0,0,1,0,0,0,0,0,0,0,0,0,0,0,0,0,0,0,0,0,0,0,0,0,1,,,,0,,,,,,,0,0,0,0,1,0,0,0,0,0,0,0,1,0,0,0,0,0,0,0,0,0,0,0,0,0,0,0,1,0,0,0,0,0,0,0,0,0,0,0,1,1,0,0,1,0,0,0,0,0,0,0,0,0,0,0,1,0,0,0,0,0,0,0,0,0,,0,1,0,,0,0,0,0,0,0,0,1,0,0,0,0,0,0,0,0,0,0,0,0,0,0,0,0,0,0,0,0,0,0,0,0,0,0,0,0,0,0,0,0,0,0,0,0,0,0,0,0,0,0,0,0,0,0,TRUE,FALSE,FALSE,Short Left,Hole High Left,,,
Bay Hill - Green,2,3/5/2026,Bay Hill Club,Bay Hill- Green - 2,,Jason Day,,Jason Day - Bay Hill - Round 1 -3/5/26,Jason Day – Bay Hill Club – 3/5/26,,3,3,,,,,,,,210,,,⬇️ Short,,,,,,,,,,,,,,1,1,60 Degree Wedge,,,,,,10.5,⬇️ Short,1,10.5,,,,,,,Green,231,18,0,75.2,75.2,137,18 Holes,,,,,0,0,3,0,1,3,3,0,,,Par,0,Jason Day – Bay Hill Club – 3/5/26,0,0,0,Jason Day,0,N/A,0,0,0,0,1,0,0,0,1,1,0,0,0,0,1,1,1,1,1,0,0,0,0,0,0,0,1,0,1,1,0,0,1,0,0,0,0,0,0,0,0,0,0,0,0,0,0,0,0,0,0,0,0,0,1,,0,,,,,,,,,0,1,0,0,0,0,0,0,0,0,0,0,0,0,0,1,0,1,0,0,0,0,1,0,0,0,0,0,0,0,0,0,0,0,0,0,0,0,0,0,1,1,0,0,1,0,0,0,0,0,0,0,0,0,0,0,0,0,0,0,0,0,0,0,0,0,,1,0,0,,0,1,0,0,0,0,0,0,0,0,0,0,0,0,0,0,0,0,0,0,0,0,0,0,0,0,0,0,0,0,0,0,0,0,0,0,0,0,0,0,0,0,0,0,0,0,0,0,0,0,0,0,0,0,FALSE,FALSE,FALSE,Short,Short,,,
Bay Hill - Green,3,3/5/2026,Bay Hill Club,Bay Hill- Green - 3,,Jason Day,,Jason Day - Bay Hill - Round 1 -3/5/26,Jason Day – Bay Hill Club – 3/5/26,,4,4,,,checked,304,,checked,checked,148,,,,,,,,,,,,,,,,,,,,,,,,,20.5,⬇️ Short,2,1.5,1.5,,,,,,Green,434,14,0,75.2,75.2,137,18 Holes,20.5,,20.5,,0,0,4,0,1,4,4,0,,,Par,1,Jason Day – Bay Hill Club – 3/5/26,1,1,0,Jason Day,1,100%,1,0,0,0,1,0,0,0,0,0,0,0,0,0,0,0,0,0,0,1,0,0,0,1,0,0,0,0,0,0,0,0,0,0,0,0,0,0,1,0,0,0,0,0,0,0,0,0,0,0,0,0,0,0,1,,,,,,0,,,,,0,0,0,0,0,1,0,0,0,0,0,0,0,1,1,0,1,0,1,0,0,0,0,0,0,0,0,0,1,0,0,0,0,0,0,0,0,0,0,0,0,0,0,0,1,0,0,0,0,0,0,0,0,0,1,0,1,0,0,0,0,0,0,0,0,0,,0,0,0,,0,0,0,0,0,0,0,0,0,0,0,0,0,0,0,0,0,0,0,0,0,0,0,1,0,0,0,0,0,0,0,0,0,0,0,0,0,0,0,0,0,0,0,0,0,0,0,0,0,0,0,0,0,0,TRUE,TRUE,TRUE,,Short,,,
Bay Hill - Green,4,3/5/2026,Bay Hill Club,Bay Hill- Green - 4,,Jason Day,,Jason Day - Bay Hill - Round 1 -3/5/26,Jason Day – Bay Hill Club – 3/5/26,,5,4,checked,checked,checked,327,,checked,checked,30,,,,,,,,259,,↘️ Short Right,,,,,,,1,,,1,,,,60 Degree Wedge,6.8,➡️ Hole High Right,1,6.8,,,,,,,Green,561,10,-1,75.2,75.2,137,18 Holes,6.8,,,6.8,1,1,5,-1,1,4,5,0,,,Birdie,1,Jason Day – Bay Hill Club – 3/5/26,1,1,0,Jason Day,1,100%,1,0,0,1,0,0,0,0,0,0,0,0,0,0,0,0,0,1,1,0,0,0,0,0,1,0,0,0,1,1,0,1,0,0,0,0,0,0,0,0,0,0,0,0,0,0,0,0,0,0,0,0,0,0,1,,,,,,,,,,-1,0,0,0,0,0,0,1,0,0,0,0,0,0,1,1,0,1,0,1,0,0,0,0,0,0,0,0,0,0,0,0,0,0,1,0,0,0,0,0,0,0,0,0,0,0,0,0,0,0,0,1,0,0,0,0,1,0,1,1,1,0,0,0,0,1,1,,0,0,0,,0,0,0,0,0,0,0,0,0,0,0,0,0,1,0,0,0,0,0,0,0,0,0,0,0,0,0,0,0,0,0,0,0,0,0,0,0,0,0,0,0,0,0,0,0,0,0,0,0,0,0,0,0,0,TRUE,TRUE,TRUE,,Hole High Right,,,
Bay Hill - Green,5,3/5/2026,Bay Hill Club,Bay Hill- Green - 5,,Jason Day,,Jason Day - Bay Hill - Round 1 -3/5/26,Jason Day – Bay Hill Club – 3/5/26,,4,4,,,,225,➡️ Right,checked,checked,164,,,,,,,,,,,,,,,,,,,,,,,,,30.2,⬇️ Short,2,2.2,2.2,,,,,,Green,390,8,0,75.2,75.2,137,18 Holes,30.2,,30.2,,0,0,4,0,1,4,4,0,,,Par,0,Jason Day – Bay Hill Club – 3/5/26,1,1,0,Jason Day,1,0%,0,0,0,0,1,0,0,0,0,0,0,0,0,0,0,0,0,0,0,1,0,0,0,0,0,0,0,0,0,0,0,0,0,0,0,0,0,0,1,0,0,0,0,0,0,0,0,0,0,0,0,0,0,0,1,,,0,,,,,,,,0,0,1,0,0,0,0,0,0,0,1,0,0,0,0,0,0,0,0,0,0,0,0,0,0,0,0,0,1,0,0,0,0,0,0,0,0,0,0,0,0,0,0,0,0,0,0,0,0,0,1,0,0,0,1,0,0,0,0,0,0,0,0,0,0,0,,0,0,0,,0,0,0,0,0,0,0,0,0,0,0,0,0,0,0,0,0,0,0,0,0,0,0,1,0,0,0,0,0,0,0,0,0,0,0,0,0,0,0,0,0,0,0,0,0,0,0,0,0,0,0,0,0,0,FALSE,TRUE,TRUE,,Short,Right,,
Bay Hill - Green,6,3/5/2026,Bay Hill Club,Bay Hill- Green - 6,,Jason Day,,Jason Day - Bay Hill - Round 1 -3/5/26,Jason Day – Bay Hill Club – 3/5/26,,5,5,,,,330,➡️ Right,checked,checked,50,,,,,,,,218,,↘️ Short Right,,,,,,,1,,60 Degree Wedge,1,,,,60 Degree Wedge,20.3,⬇️ Short,2,3.8,3.8,,,,,,Green,555,2,0,75.2,75.2,137,18 Holes,20.3,,,20.3,0,0,5,0,1,5,5,0,,,Par,0,Jason Day – Bay Hill Club – 3/5/26,1,1,0,Jason Day,1,0%,0,0,0,0,1,0,0,0,0,0,0,0,0,0,0,0,0,1,0,1,0,0,0,0,0,0,0,0,1,1,0,0,0,0,0,0,0,0,1,0,0,0,0,0,0,0,0,0,0,0,0,0,0,0,1,,,,,,,0,,,,0,0,0,0,0,0,0,0,1,0,1,0,0,0,0,0,0,0,0,0,0,0,0,0,0,0,0,0,0,0,0,0,0,0,1,0,0,0,0,0,0,0,0,0,0,0,0,0,0,0,1,0,0,0,0,1,0,0,0,0,0,0,0,0,0,0,,0,0,0,,0,0,0,0,0,0,0,0,0,0,0,0,0,0,0,0,0,0,0,0,0,0,0,0,0,0,0,0,0,1,0,0,0,0,0,0,0,0,0,0,0,0,0,0,0,0,0,0,0,0,0,0,0,0,FALSE,TRUE,TRUE,,Short,Right,,
Bay Hill - Green,7,3/5/2026,Bay Hill Club,Bay Hill- Green - 7,,Jason Day,,Jason Day - Bay Hill - Round 1 -3/5/26,Jason Day – Bay Hill Club – 3/5/26,,3,4,,,,,,,,197,,,↙️ Short Left,,,,,,,,,,,,,,1,1,60 Degree Wedge,,,,,,8.1,⬇️ Short,2,1.3,1.3,,,,,,Green,199,16,1,75.2,75.2,137,18 Holes,,,,,1,0,3,1,1,4,3,0,,,Bogey,0,Jason Day – Bay Hill Club – 3/5/26,0,0,0,Jason Day,0,N/A,0,0,0,0,0,1,0,0,1,1,1,0,0,0,1,0,0,1,0,1,0,0,0,0,0,0,0,0,0,1,0,0,0,0,0,0,0,0,0,1,0,0,0,0,0,0,0,0,0,0,0,0,0,0,1,,1,,,,,,,,,0,1,0,0,0,0,0,0,0,0,0,0,0,0,0,1,0,1,0,0,0,0,0,1,0,0,0,0,0,0,0,0,0,0,0,0,0,0,0,0,0,0,0,0,0,0,0,1,0,0,0,0,0,0,0,0,0,0,0,0,0,0,0,0,0,0,,0,0,0,,0,0,0,0,0,0,0,0,0,0,0,0,0,0,0,0,0,0,0,1,0,0,0,0,0,0,0,0,0,0,0,0,0,0,0,0,0,0,0,0,0,0,0,0,0,0,0,0,0,0,0,0,0,0,FALSE,FALSE,FALSE,Short Left,Short,,,
Bay Hill - Green,8,3/5/2026,Bay Hill Club,Bay Hill- Green - 8,,Jason Day,,Jason Day - Bay Hill - Round 1 -3/5/26,Jason Day – Bay Hill Club – 3/5/26,,4,4,,,,293,⬅️ Left,,,196,,,↘️ Short Right,,,,,,,,,,,,,,1,1,60 Degree Wedge,,,,,,0.5,Tight (3 feet or less) ,1,0.5,,,,,,,Green,460,6,0,75.2,75.2,137,18 Holes,,,,,1,1,4,0,1,4,4,0,,,Par,0,Jason Day – Bay Hill Club – 3/5/26,0,0,0,Jason Day,1,0%,0,0,0,0,1,0,0,0,1,1,1,1,1,1,1,1,1,1,1,0,0,0,0,0,0,0,1,0,1,1,0,0,1,0,0,0,0,0,0,0,0,0,0,0,0,0,0,0,0,0,0,0,0,0,1,,,,,0,,,,,,0,0,0,1,0,0,0,0,0,0,0,1,0,0,0,1,0,1,0,1,0,0,0,0,0,0,0,0,1,0,0,0,0,0,0,0,0,0,0,0,1,1,0,1,0,0,0,0,0,0,0,0,0,0,0,0,0,0,0,0,0,0,0,0,0,0,,0,1,0,,0,0,0,0,0,0,0,1,0,0,0,0,0,0,0,0,0,0,0,0,0,0,0,0,0,0,0,0,0,0,0,0,0,0,0,0,0,0,0,0,0,0,0,0,0,0,0,0,0,0,0,0,0,0,FALSE,FALSE,FALSE,Short Right,Tight (3 feet or less),Left,,
Bay Hill - Green,9,3/5/2026,Bay Hill Club,Bay Hill- Green - 9,,Jason Day,,Jason Day - Bay Hill - Round 1 -3/5/26,Jason Day – Bay Hill Club – 3/5/26,,4,4,,,checked,304,,checked,checked,178,,,,,,,,,,,,,,,,,,,,,,,,,10.4,↙️ Short Left,2,0.4,0.4,,,,,,Green,474,12,0,75.2,75.2,137,18 Holes,10.4,,10.4,,0,0,4,0,1,4,4,0,,,Par,1,Jason Day – Bay Hill Club – 3/5/26,1,1,0,Jason Day,1,100%,1,0,0,0,1,0,0,0,0,0,0,0,0,0,0,0,0,0,0,1,0,0,0,1,0,0,0,0,0,0,0,0,0,0,0,0,0,0,1,0,0,0,0,0,0,0,0,0,0,0,0,0,0,0,1,,,,,,0,,,,,0,0,0,0,0,1,0,0,0,0,0,0,0,1,1,0,1,0,1,0,0,0,0,0,0,0,0,0,1,0,0,0,0,0,0,0,0,0,0,0,0,0,0,1,0,0,0,0,0,0,0,0,0,0,1,0,1,0,1,0,0,0,1,0,0,0,,0,0,0,,0,0,0,0,0,0,0,0,0,0,0,0,0,0,0,0,0,0,0,0,0,0,0,1,0,0,0,0,0,0,0,0,0,0,0,0,0,0,0,0,0,0,0,0,0,0,0,0,0,0,0,0,0,0,TRUE,TRUE,TRUE,,Short Left,,,
Bay Hill - Green,10,3/5/2026,Bay Hill Club,Bay Hill- Green - 10,,Jason Day,,Jason Day - Bay Hill - Round 1 -3/5/26,Jason Day – Bay Hill Club – 3/5/26,,4,6,,,,310,⬅️ Left,,,98,,,⬇️ Short,,,,,,,,,,,,,,1,1,60 Degree Wedge,,,,,,53.2,⬇️ Short,3,0.9,7.8,0.9,,,,,Green,400,13,2,75.2,75.2,137,18 Holes,,,,,0,0,4,2,0,,,1,6,4,Double Bogey,0,Jason Day – Bay Hill Club – 3/5/26,0,0,0,Jason Day,1,0%,0,0,0,0,0,0,1,0,1,1,0,0,0,0,1,0,0,1,0,0,1,0,0,0,0,0,0,0,0,1,0,0,0,0,0,0,0,0,0,0,0,0,0,0,0,0,1,0,0,0,0,0,0,0,1,,,,,2,,,,,,0,0,0,1,0,0,0,0,0,0,0,1,0,0,0,1,0,1,0,1,0,0,0,0,0,0,0,0,0,0,1,0,0,0,0,0,0,0,0,0,0,0,0,0,0,0,0,0,0,1,0,0,0,0,0,0,0,0,0,0,0,0,0,0,0,0,,0,0,0,,0,0,0,0,0,0,0,0,0,0,0,0,0,0,0,0,0,0,0,0,0,0,0,0,0,0,0,0,0,0,0,0,0,0,0,0,0,0,1,0,0,0,0,0,0,0,0,0,0,0,0,0,0,0,FALSE,FALSE,FALSE,Short,Short,Left,,
Bay Hill - Green,11,3/5/2026,Bay Hill Club,Bay Hill- Green - 11,,Jason Day,,Jason Day - Bay Hill - Round 1 -3/5/26,Jason Day – Bay Hill Club – 3/5/26,,4,4,,,checked,299,,checked,checked,131,,,,,,,,,,,,,,,,,,,,,,,,,29.2,⬆️ Long,2,29.2,1.7,,,,,,Green,438,9,0,75.2,75.2,137,18 Holes,29.2,,29.2,,0,0,4,0,0,,,1,4,4,Par,1,Jason Day – Bay Hill Club – 3/5/26,1,1,0,Jason Day,1,100%,1,0,0,0,1,0,0,0,0,0,0,0,0,0,0,0,0,0,0,1,0,0,0,1,0,0,0,0,0,0,0,0,0,0,0,0,0,0,1,0,0,0,0,0,0,0,0,0,0,0,0,0,0,0,1,,,,,,0,,,,,0,0,0,0,0,1,0,0,0,0,0,0,0,1,1,0,1,0,1,0,0,0,0,0,0,0,0,0,1,0,0,0,0,0,0,0,0,0,0,0,0,0,0,0,0,0,0,0,1,0,0,0,0,0,1,0,1,0,0,0,0,0,0,0,0,0,,0,0,0,,0,0,0,0,0,0,0,0,0,0,0,0,0,0,0,0,0,0,0,0,0,0,0,1,0,0,0,0,0,0,0,0,0,0,0,0,0,0,0,0,0,0,0,0,0,0,0,0,0,0,0,0,0,0,TRUE,TRUE,TRUE,,Long,,,
Bay Hill - Green,12,3/5/2026,Bay Hill Club,Bay Hill- Green - 12,,Jason Day,,Jason Day - Bay Hill - Round 1 -3/5/26,Jason Day – Bay Hill Club – 3/5/26,,5,5,,,checked,304,,checked,checked,15,,,,,,,,247,,↘️ Short Right,,,,,,,1,,,1,,,,60 Degree Wedge,5,➡️ Hole High Right,2,2.2,2.2,,,,,,Green,574,3,0,75.2,75.2,137,18 Holes,5,,,5,1,0,5,0,0,,,1,5,5,Par,1,Jason Day – Bay Hill Club – 3/5/26,1,1,0,Jason Day,1,100%,1,0,0,0,1,0,0,0,0,0,0,0,0,0,0,0,0,1,0,1,0,0,0,1,0,0,0,0,1,1,0,0,0,0,0,0,0,0,1,0,0,0,0,0,0,0,0,0,0,0,0,0,0,0,1,,,,,,,,,,0,0,0,0,0,0,0,1,0,0,0,0,0,0,1,1,0,1,0,1,0,0,0,0,0,0,0,0,0,0,0,0,0,0,0,1,0,0,0,0,0,0,0,0,0,0,0,0,0,1,0,0,0,0,0,0,1,0,1,1,1,0,0,0,0,1,1,,0,0,0,,0,0,0,0,0,0,0,0,0,0,0,0,0,0,0,0,0,0,0,0,0,0,0,0,0,0,0,0,0,1,0,0,0,0,0,0,0,0,0,0,0,0,0,0,0,0,0,0,0,0,0,0,0,0,TRUE,TRUE,TRUE,,Hole High Right,,,
Bay Hill - Green,13,3/5/2026,Bay Hill Club,Bay Hill- Green - 13,,Jason Day,,Jason Day - Bay Hill - Round 1 -3/5/26,Jason Day – Bay Hill Club – 3/5/26,,4,4,,,checked,251,,checked,checked,137,,,,,,,,,,,,,,,,,,,,,,,,,40,↙️ Short Left,2,2.8,2.8,,,,,,Green,370,1,0,75.2,75.2,137,18 Holes,40,,40,,0,0,4,0,0,,,1,4,4,Par,1,Jason Day – Bay Hill Club – 3/5/26,1,1,0,Jason Day,1,100%,1,0,0,0,1,0,0,0,0,0,0,0,0,0,0,0,0,0,0,1,0,0,0,1,0,0,0,0,0,0,0,0,0,0,0,0,0,0,1,0,0,0,0,0,0,0,0,0,0,0,0,0,0,0,1,,,,,,0,,,,,0,0,0,0,0,1,0,0,0,0,0,0,0,1,1,0,1,0,1,0,0,0,0,0,0,0,0,0,1,0,0,0,0,0,0,0,0,0,0,0,0,0,0,0,0,0,0,0,0,0,0,0,1,0,1,0,1,0,0,0,0,0,0,0,0,0,,0,0,0,,0,0,0,0,0,0,0,0,0,0,0,0,0,0,0,0,0,0,0,0,0,0,0,1,0,0,0,0,0,0,0,0,0,0,0,0,0,0,0,0,0,0,0,0,0,0,0,0,0,0,0,0,0,0,TRUE,TRUE,TRUE,,Short Left,,,
Bay Hill - Green,14,3/5/2026,Bay Hill Club,Bay Hill- Green - 14,,Jason Day,,Jason Day - Bay Hill - Round 1 -3/5/26,Jason Day – Bay Hill Club – 3/5/26,,3,3,,,,,,,,208,,,↙️ Short Left,,,,,,,,,,,,,,1,1,60 Degree Wedge,,,,,,13.8,➡️ Hole High Right,1,13.8,,,,,,,Green,215,17,0,75.2,75.2,137,18 Holes,,,,,0,0,3,0,0,,,1,3,3,Par,0,Jason Day – Bay Hill Club – 3/5/26,0,0,0,Jason Day,0,N/A,0,0,0,0,1,0,0,0,1,1,0,0,0,0,1,1,1,1,1,0,0,0,0,0,0,0,1,0,1,1,0,0,1,0,0,0,0,0,0,0,0,0,0,0,0,0,0,0,0,0,0,0,0,0,1,,0,,,,,,,,,0,1,0,0,0,0,0,0,0,0,0,0,0,0,0,1,0,1,0,0,0,0,1,0,0,0,0,0,0,0,0,0,0,0,0,0,0,0,0,0,1,1,0,0,0,0,0,0,0,0,0,0,1,0,0,0,0,0,0,0,0,0,0,0,0,0,,1,0,0,,0,1,0,0,0,0,0,0,0,0,0,0,0,0,0,0,0,0,0,0,0,0,0,0,0,0,0,0,0,0,0,0,0,0,0,0,0,0,0,0,0,0,0,0,0,0,0,0,0,0,0,0,0,0,FALSE,FALSE,FALSE,Short Left,Hole High Right,,,
Bay Hill - Green,15,3/5/2026,Bay Hill Club,Bay Hill- Green - 15,,Jason Day,,Jason Day - Bay Hill - Round 1 -3/5/26,Jason Day – Bay Hill Club – 3/5/26,,4,4,,,checked,308,,checked,checked,178,,,,,,,,,,,,,,,,,,,,,,,,,18.7,➡️ Hole High Right,2,1.8,,,,,,,Green,429,5,0,75.2,75.2,137,18 Holes,18.7,,18.7,,0,0,4,0,0,,,1,4,4,Par,1,Jason Day – Bay Hill Club – 3/5/26,1,1,0,Jason Day,1,100%,1,0,0,0,1,0,0,0,0,0,0,0,0,0,0,0,0,0,0,1,0,0,0,1,0,0,0,0,0,0,0,0,0,0,0,0,0,0,1,0,0,0,0,0,0,0,0,0,0,0,0,0,0,0,1,,,,,,0,,,,,0,0,0,0,0,1,0,0,0,0,0,0,0,1,1,0,1,0,1,0,0,0,0,0,0,0,0,0,1,0,0,0,0,0,0,0,0,0,0,0,0,0,0,0,0,0,0,0,0,0,0,0,1,0,1,0,1,0,1,0,0,0,1,0,0,0,,0,0,0,,0,0,0,0,0,0,0,0,0,0,0,0,0,0,0,0,0,0,0,0,0,0,0,1,0,0,0,0,0,0,0,0,0,0,0,0,0,0,0,0,0,0,0,0,0,0,0,0,0,0,0,0,0,0,TRUE,TRUE,TRUE,,Hole High Right,,,
Bay Hill - Green,16,3/5/2026,Bay Hill Club,Bay Hill- Green - 16,,Jason Day,,Jason Day - Bay Hill - Round 1 -3/5/26,Jason Day – Bay Hill Club – 3/5/26,,5,5,checked,checked,,307,⬅️ Left,,,84,,,⬆️ Long,,,,,210,,⬇️ Short,,,,,,,,1,60 Degree Wedge,,,,,,5.8,⬅️ Hole High Left,1,5.8,,,,,,,Green,511,7,0,75.2,75.2,137,18 Holes,,,,,1,1,5,0,0,,,1,5,5,Par,0,Jason Day – Bay Hill Club – 3/5/26,0,0,0,Jason Day,1,0%,0,0,0,0,1,0,0,0,1,1,1,1,0,0,1,1,1,0,1,0,0,0,0,0,0,0,1,0,0,0,0,0,1,0,0,0,0,0,0,0,0,0,0,0,0,0,0,0,0,0,0,0,0,0,1,,,,,,,,,0,,0,0,0,0,0,0,0,0,0,1,0,1,0,0,0,1,0,1,0,1,0,0,0,0,0,0,0,0,0,0,0,0,0,0,1,0,0,0,0,0,1,1,1,0,0,0,0,0,0,0,0,0,0,0,0,0,0,0,0,0,0,0,0,0,0,0,,0,0,1,,0,0,0,0,0,0,0,0,0,0,0,0,0,0,1,0,0,0,0,0,0,0,0,0,0,0,0,0,0,0,0,0,0,0,0,0,0,0,0,0,0,0,0,0,0,0,0,0,0,0,0,0,0,0,FALSE,FALSE,FALSE,Long,Hole High Left,Left,,
Bay Hill - Green,17,3/5/2026,Bay Hill Club,Bay Hill- Green - 17,,Jason Day,,Jason Day - Bay Hill - Round 1 -3/5/26,Jason Day – Bay Hill Club – 3/5/26,,3,2,,,,,,checked,checked,180,,,,,,,,,,,,,,,,,,,,,,,,,6.6,⬅️ Hole High Left,1,6.6,,,,,,,Green,221,15,-1,75.2,75.2,137,18 Holes,6.6,6.6,,,1,1,3,-1,0,,,1,2,3,Birdie,0,Jason Day – Bay Hill Club – 3/5/26,1,1,0,Jason Day,0,N/A,0,0,0,1,0,0,0,0,0,0,0,0,0,0,0,0,0,0,1,0,0,0,0,0,1,0,0,0,0,0,0,1,0,0,0,0,0,0,0,0,0,0,0,0,0,0,0,0,0,0,0,0,0,0,1,-1,,,,,,,,,,1,0,0,0,0,0,0,0,0,0,0,0,0,0,1,0,1,0,0,0,0,1,0,0,0,0,0,0,0,0,0,0,0,0,0,0,0,0,0,0,0,0,1,0,0,0,0,0,0,0,0,0,0,0,0,0,0,0,1,1,1,1,0,0,0,0,,0,0,0,,1,0,0,0,0,0,0,0,0,0,0,0,0,0,0,0,0,0,0,0,0,0,0,0,0,0,0,0,0,0,0,0,0,0,0,0,0,0,0,0,0,0,0,0,0,0,0,0,0,0,0,0,0,0,FALSE,TRUE,TRUE,,Hole High Left,,,
Bay Hill - Green,18,3/5/2026,Bay Hill Club,Bay Hill- Green - 18,,Jason Day,,Jason Day - Bay Hill - Round 1 -3/5/26,Jason Day – Bay Hill Club – 3/5/26,,4,5,,,checked,298,,checked,checked,163,,,,,,,,,,,,,,,,,,,,,,,⬆️ Long,,26,↖️ Long Left,3,1.3,4.4,1.3,,,,,Green,458,11,1,75.2,75.2,137,18 Holes,26,,26,,0,0,4,1,0,,,1,5,4,Bogey,1,Jason Day – Bay Hill Club – 3/5/26,1,1,0,Jason Day,1,100%,1,0,0,0,0,1,0,0,0,0,0,0,0,0,0,0,0,0,0,0,1,0,0,0,0,0,0,0,0,0,0,0,0,0,0,0,0,0,0,0,0,0,0,0,0,1,0,0,0,0,0,0,0,0,1,,,,,,1,,,,,0,0,0,0,0,1,0,0,0,0,0,0,0,1,1,0,1,0,1,0,0,0,0,0,0,0,0,0,0,1,0,0,0,0,0,0,0,0,0,0,0,0,0,0,0,0,1,0,0,0,0,0,0,0,1,0,1,0,0,0,0,0,0,0,0,0,,0,0,0,,0,0,0,0,0,0,0,0,0,0,0,0,0,0,0,0,0,0,0,0,0,0,0,0,0,0,0,0,0,0,0,0,0,0,0,0,0,1,0,0,0,0,0,0,0,0,0,0,0,0,0,0,0,0,TRUE,TRUE,TRUE,,Long Left,,Long,
Bay Hill - Green,1,3/6/2026,Bay Hill Club,Bay Hill- Green - 1,,Jason Day,,Jason Day - Bay Hill - Round 2 -3/6/26,Jason Day – Bay Hill Club – 3/6/26,,4,6,,,,293,⬅️ Left,,checked,77,,,,,,,,,,,,,,,,,,,,,,,,,27.3,⬇️ Short,2,2.3,2.3,,,,,,Green,461,4,2,75.2,75.2,137,18 Holes,,,,,0,0,4,2,1,6,4,0,,,Double Bogey,0,Jason Day – Bay Hill Club – 3/6/26,0,1,0,Jason Day,1,0%,0,0,0,0,0,0,1,0,0,0,0,0,0,0,1,0,0,0,0,1,0,0,0,0,0,0,0,0,0,0,0,0,0,0,0,0,0,0,0,0,1,0,0,0,0,0,0,0,0,0,0,0,0,0,1,,,,,2,,,,,,0,0,0,1,0,0,0,0,0,0,0,1,0,0,0,1,0,1,0,1,0,0,0,0,0,0,0,0,0,0,1,0,0,0,0,0,0,0,0,0,0,0,0,0,0,1,0,0,0,0,0,0,0,0,0,0,0,0,0,0,0,0,0,0,0,0,,0,0,0,,0,0,0,0,0,0,0,0,0,0,0,0,0,0,0,0,0,0,0,0,0,0,0,0,0,1,0,0,0,0,0,0,0,0,0,0,0,0,0,0,0,0,0,0,0,0,0,0,0,0,0,0,0,0,FALSE,FALSE,TRUE,,Short,Left,,
Bay Hill - Green,2,3/6/2026,Bay Hill Club,Bay Hill- Green - 2,,Jason Day,,Jason Day - Bay Hill - Round 2 -3/6/26,Jason Day – Bay Hill Club – 3/6/26,,3,3,,,,,,,,200,,,↙️ Short Left,,,,,,,,,,,,,,,1,60 Degree Wedge,,,,,,2,Tight (3 feet or less) ,1,2,,,,,,,Green,231,18,0,75.2,75.2,137,18 Holes,,,,,1,1,3,0,1,3,3,0,,,Par,0,Jason Day – Bay Hill Club – 3/6/26,0,0,0,Jason Day,0,N/A,0,0,0,0,1,0,0,0,1,1,1,1,1,1,1,1,1,0,1,0,0,0,0,0,0,0,1,0,0,0,0,0,1,0,0,0,0,0,0,0,0,0,0,0,0,0,0,0,0,0,0,0,0,0,1,,0,,,,,,,,,0,1,0,0,0,0,0,0,0,0,0,0,0,0,0,1,0,1,0,0,0,0,1,0,0,0,0,0,0,0,0,0,0,0,0,0,0,0,0,0,1,1,0,0,1,0,0,0,0,0,0,0,0,0,0,0,0,0,0,0,0,0,0,0,0,0,,1,0,0,,0,1,0,0,0,0,0,0,0,0,0,0,0,0,0,0,0,0,0,0,0,0,0,0,0,0,0,0,0,0,0,0,0,0,0,0,0,0,0,0,0,0,0,0,0,0,0,0,0,0,0,0,0,0,FALSE,FALSE,FALSE,Short Left,Tight (3 feet or less),,,
Bay Hill - Green,3,3/6/2026,Bay Hill Club,Bay Hill- Green - 3,,Jason Day,,Jason Day - Bay Hill - Round 2 -3/6/26,Jason Day – Bay Hill Club – 3/6/26,,4,4,,,checked,301,,,,143,,,↖️ Long Left,,,,,,,,,,,,,,,1,60 Degree Wedge,,,,,,3.4,⬅️ Hole High Left,1,3.4,,,,,,,Green,434,14,0,75.2,75.2,137,18 Holes,,,,,1,1,4,0,1,4,4,0,,,Par,1,Jason Day – Bay Hill Club – 3/6/26,0,0,0,Jason Day,1,100%,0,0,0,0,1,0,0,0,1,1,1,1,1,1,1,1,1,0,1,0,0,0,0,0,0,0,0,0,0,0,0,0,1,0,0,0,0,0,0,0,0,0,0,0,0,0,0,0,0,0,0,0,0,0,1,,,,0,,,,,,,0,0,0,0,1,0,0,0,0,0,0,0,1,0,0,0,0,0,0,0,0,0,0,0,0,0,0,0,1,0,0,0,0,0,0,0,0,0,0,0,1,1,0,0,1,0,0,0,0,0,0,0,0,0,0,0,1,0,0,0,0,0,0,0,0,0,,0,1,0,,0,0,0,0,0,0,0,1,0,0,0,0,0,0,0,0,0,0,0,0,0,0,0,0,0,0,0,0,0,0,0,0,0,0,0,0,0,0,0,0,0,0,0,0,0,0,0,0,0,0,0,0,0,0,TRUE,FALSE,FALSE,Long Left,Hole High Left,,,
Bay Hill - Green,4,3/6/2026,Bay Hill Club,Bay Hill- Green - 4,,Jason Day,,Jason Day - Bay Hill - Round 2 -3/6/26,Jason Day – Bay Hill Club – 3/6/26,,5,5,,,,311,⬅️ Left,checked,checked,86,,,,,,,,,,,,,,,,1,,,,,,,,,38.3,⬆️ Long,2,2.9,2.9,,,,,,Green,561,10,0,75.2,75.2,137,18 Holes,38.3,,,38.3,0,0,5,0,1,5,5,0,,,Par,0,Jason Day – Bay Hill Club – 3/6/26,1,1,0,Jason Day,1,0%,0,0,0,0,1,0,0,0,0,0,0,0,0,0,0,0,0,1,0,1,0,0,0,0,0,0,0,0,1,1,0,0,0,0,0,0,0,0,1,0,0,0,0,0,0,0,0,0,0,0,0,0,0,0,1,,,,,,,0,,,,0,0,0,0,0,0,0,0,1,0,1,0,0,0,0,0,0,0,0,0,0,0,0,0,0,0,0,0,0,0,0,0,0,0,1,0,0,0,0,0,0,0,0,0,0,0,0,0,0,0,1,0,0,0,0,1,0,0,0,0,0,0,0,0,0,0,,0,0,0,,0,0,0,0,0,0,0,0,0,0,0,0,0,0,0,0,0,0,0,0,0,0,0,0,0,0,0,0,0,1,0,0,0,0,0,0,0,0,0,0,0,0,0,0,0,0,0,0,0,0,0,0,0,0,FALSE,TRUE,TRUE,,Long,Left,,
Bay Hill - Green,5,3/6/2026,Bay Hill Club,Bay Hill- Green - 5,,Jason Day,,Jason Day - Bay Hill - Round 2 -3/6/26,Jason Day – Bay Hill Club – 3/6/26,,4,4,,,checked,238,,,,146,,,↖️ Long Left,,,,,,,,,,,,,,1,1,60 Degree Wedge,,,,,,6.7,⬅️ Hole High Left,1,6.7,,,,,,,Green,390,8,0,75.2,75.2,137,18 Holes,,,,,1,1,4,0,1,4,4,0,,,Par,1,Jason Day – Bay Hill Club – 3/6/26,0,0,0,Jason Day,1,100%,0,0,0,0,1,0,0,0,1,1,1,1,0,0,1,1,1,1,1,0,0,0,0,0,0,0,0,0,1,1,0,0,1,0,0,0,0,0,0,0,0,0,0,0,0,0,0,0,0,0,0,0,0,0,1,,,,0,,,,,,,0,0,0,0,1,0,0,0,0,0,0,0,1,0,0,0,0,0,0,0,0,0,0,0,0,0,0,0,1,0,0,0,0,0,0,0,0,0,0,0,1,1,0,0,0,0,0,0,0,0,1,0,0,0,0,0,1,0,0,0,0,0,0,0,0,0,,0,1,0,,0,0,0,0,0,0,0,1,0,0,0,0,0,0,0,0,0,0,0,0,0,0,0,0,0,0,0,0,0,0,0,0,0,0,0,0,0,0,0,0,0,0,0,0,0,0,0,0,0,0,0,0,0,0,TRUE,FALSE,FALSE,Long Left,Hole High Left,,,
Bay Hill - Green,6,3/6/2026,Bay Hill Club,Bay Hill- Green - 6,,Jason Day,,Jason Day - Bay Hill - Round 2 -3/6/26,Jason Day – Bay Hill Club – 3/6/26,,5,5,checked,checked,,326,↗️ Long Right,checked,checked,80,,,,,,,,255,,,,,,,,,,,,,,,,,19.9,⬇️ Short,2,1.6,1.6,,,,,,Green,555,2,0,75.2,75.2,137,18 Holes,19.9,,,19.9,0,0,5,0,1,5,5,0,,,Par,0,Jason Day – Bay Hill Club – 3/6/26,1,1,0,Jason Day,1,0%,0,0,0,0,1,0,0,0,0,0,0,0,0,0,0,0,0,0,0,1,0,0,0,0,0,0,0,0,0,0,0,0,0,0,0,0,0,0,1,0,0,0,0,0,0,0,0,0,0,0,0,0,0,0,1,,,,,,,0,,,,0,0,0,0,0,0,0,0,1,0,1,0,0,0,0,0,0,0,0,0,0,0,0,0,0,0,0,0,0,0,0,0,0,0,1,0,0,0,0,0,0,0,0,0,0,0,0,0,0,0,1,0,0,0,0,1,0,0,1,0,0,0,0,0,1,0,,0,0,0,,0,0,0,0,0,0,0,0,0,0,0,0,0,0,0,0,0,0,0,0,0,0,0,0,0,0,0,0,0,1,0,0,0,0,0,0,0,0,0,0,0,0,0,0,0,0,0,0,0,0,0,0,0,0,FALSE,TRUE,TRUE,,Short,Long Right,,
Bay Hill - Green,7,3/6/2026,Bay Hill Club,Bay Hill- Green - 7,,Jason Day,,Jason Day - Bay Hill - Round 2 -3/6/26,Jason Day – Bay Hill Club – 3/6/26,,3,3,,,,,,checked,checked,200,,,,,,,,,,,,,,,,,,,,,,,,,7.6,,2,2,2,,,,,,Green,199,16,0,75.2,75.2,137,18 Holes,7.6,7.6,,,1,0,3,0,1,3,3,0,,,Par,0,Jason Day – Bay Hill Club – 3/6/26,1,1,0,Jason Day,0,N/A,0,0,0,0,1,0,0,0,0,0,0,0,0,0,0,0,0,0,0,1,0,0,0,1,0,0,0,0,0,0,0,0,0,0,0,0,0,0,1,0,0,0,0,0,0,0,0,0,0,0,0,0,0,0,1,0,,,,,,,,,,1,0,0,0,0,0,0,0,0,0,0,0,0,0,1,0,1,0,0,0,0,0,1,0,0,0,0,0,0,0,0,0,0,0,0,0,0,0,0,0,0,0,0,1,0,0,0,0,0,0,0,0,0,0,0,0,0,0,1,1,1,1,0,0,0,0,,0,0,0,,0,0,0,0,0,0,0,0,0,0,0,0,0,0,0,0,0,0,1,0,0,0,0,0,0,0,0,0,0,0,0,0,0,0,0,0,0,0,0,0,0,0,0,0,0,0,0,0,0,0,0,0,0,0,FALSE,TRUE,TRUE,,,,,
Bay Hill - Green,8,3/6/2026,Bay Hill Club,Bay Hill- Green - 8,,Jason Day,,Jason Day - Bay Hill - Round 2 -3/6/26,Jason Day – Bay Hill Club – 3/6/26,,4,4,,,checked,280,,checked,checked,177,,,,,,,,,,,,,,,,,,,,,,,,,17.8,⬅️ Hole High Left,2,1,1,,,,,,Green,460,6,0,75.2,75.2,137,18 Holes,17.8,,17.8,,0,0,4,0,1,4,4,0,,,Par,1,Jason Day – Bay Hill Club – 3/6/26,1,1,0,Jason Day,1,100%,1,0,0,0,1,0,0,0,0,0,0,0,0,0,0,0,0,0,0,1,0,0,0,1,0,0,0,0,0,0,0,0,0,0,0,0,0,0,1,0,0,0,0,0,0,0,0,0,0,0,0,0,0,0,1,,,,,,0,,,,,0,0,0,0,0,1,0,0,0,0,0,0,0,1,1,0,1,0,1,0,0,0,0,0,0,0,0,0,1,0,0,0,0,0,0,0,0,0,0,0,0,0,0,1,0,0,0,0,0,0,0,0,0,0,1,0,1,0,1,0,0,0,1,0,0,0,,0,0,0,,0,0,0,0,0,0,0,0,0,0,0,0,0,0,0,0,0,0,0,0,0,0,0,1,0,0,0,0,0,0,0,0,0,0,0,0,0,0,0,0,0,0,0,0,0,0,0,0,0,0,0,0,0,0,TRUE,TRUE,TRUE,,Hole High Left,,,
Bay Hill - Green,9,3/6/2026,Bay Hill Club,Bay Hill- Green - 9,,Jason Day,,Jason Day - Bay Hill - Round 2 -3/6/26,Jason Day – Bay Hill Club – 3/6/26,,4,5,,,,297,↙️ Short Left,,,183,,,↘️ Short Right,,,,,,,,,,,,,1,1,1,60 Degree Wedge,,,,,,8.8,➡️ Hole High Right,2,1.3,1.3,,,,,,Green,474,12,1,75.2,75.2,137,18 Holes,,,,,1,0,4,1,1,5,4,0,,,Bogey,0,Jason Day – Bay Hill Club – 3/6/26,0,0,0,Jason Day,1,0%,0,0,0,0,0,1,0,0,1,1,1,0,0,0,1,0,0,2,0,1,0,0,0,0,0,0,0,0,0,1,0,0,0,0,0,0,0,0,0,1,0,0,0,0,0,0,0,0,0,0,0,0,0,0,1,,,,,1,,,,,,0,0,0,1,0,0,0,0,0,0,0,1,0,0,0,1,0,1,0,1,0,0,0,0,0,0,0,0,0,1,0,0,0,0,0,0,0,0,0,0,0,0,0,0,0,0,0,1,0,0,0,0,0,0,0,0,0,0,0,0,0,0,0,0,0,0,,0,0,0,,0,0,0,0,0,0,0,0,0,0,0,0,0,0,0,0,0,0,0,0,0,0,0,0,1,0,0,0,0,0,0,0,0,0,0,0,0,0,0,0,0,0,0,0,0,0,0,0,0,0,0,0,0,0,FALSE,FALSE,FALSE,Short Right,Hole High Right,Short Left,,
Bay Hill - Green,10,3/6/2026,Bay Hill Club,Bay Hill- Green - 10,,Jason Day,,Jason Day - Bay Hill - Round 2 -3/6/26,Jason Day – Bay Hill Club – 3/6/26,,4,3,,,,302,↖️ Long Left,checked,checked,91,,,,,,,,,,,,,,,,,,,,,,,,,19.8,⬅️ Hole High Left,1,19.8,,,,,,,Green,400,13,-1,75.2,75.2,137,18 Holes,19.8,,19.8,,0,0,4,-1,0,,,1,3,4,Birdie,0,Jason Day – Bay Hill Club – 3/6/26,1,1,0,Jason Day,1,0%,0,0,0,1,0,0,0,0,0,0,0,0,0,0,0,0,0,0,1,0,0,0,0,0,0,0,0,1,0,0,0,1,0,0,0,0,0,0,0,0,0,0,0,0,0,0,0,0,0,0,0,0,0,0,1,,,-1,,,,,,,,0,0,1,0,0,0,0,0,0,0,1,0,0,0,0,0,0,0,0,0,0,0,0,0,0,0,0,1,0,0,0,0,0,0,0,0,0,0,0,0,0,0,0,0,0,0,0,0,1,0,0,0,0,0,1,0,0,0,1,0,0,0,1,0,0,0,,0,0,0,,0,0,0,0,0,0,1,0,0,0,0,0,0,0,0,0,0,0,0,0,0,0,0,0,0,0,0,0,0,0,0,0,0,0,0,0,0,0,0,0,0,0,0,0,0,0,0,0,0,0,0,0,0,0,FALSE,TRUE,TRUE,,Hole High Left,Long Left,,
Bay Hill - Green,11,3/6/2026,Bay Hill Club,Bay Hill- Green - 11,,Jason Day,,Jason Day - Bay Hill - Round 2 -3/6/26,Jason Day – Bay Hill Club – 3/6/26,,4,4,,,checked,295,,checked,checked,153,,,,,,,,,,,,,,,,,,,,,,,,,33.7,↘️ Short Right,2,2.7,2.7,,,,,,Green,438,9,0,75.2,75.2,137,18 Holes,33.7,,33.7,,0,0,4,0,0,,,1,4,4,Par,1,Jason Day – Bay Hill Club – 3/6/26,1,1,0,Jason Day,1,100%,1,0,0,0,1,0,0,0,0,0,0,0,0,0,0,0,0,0,0,1,0,0,0,1,0,0,0,0,0,0,0,0,0,0,0,0,0,0,1,0,0,0,0,0,0,0,0,0,0,0,0,0,0,0,1,,,,,,0,,,,,0,0,0,0,0,1,0,0,0,0,0,0,0,1,1,0,1,0,1,0,0,0,0,0,0,0,0,0,1,0,0,0,0,0,0,0,0,0,0,0,0,0,0,0,0,0,0,0,1,0,0,0,0,0,1,0,1,0,0,0,0,0,0,0,0,0,,0,0,0,,0,0,0,0,0,0,0,0,0,0,0,0,0,0,0,0,0,0,0,0,0,0,0,1,0,0,0,0,0,0,0,0,0,0,0,0,0,0,0,0,0,0,0,0,0,0,0,0,0,0,0,0,0,0,TRUE,TRUE,TRUE,,Short Right,,,
Bay Hill - Green,12,3/6/2026,Bay Hill Club,Bay Hill- Green - 12,,Jason Day,,Jason Day - Bay Hill - Round 2 -3/6/26,Jason Day – Bay Hill Club – 3/6/26,,5,5,,,checked,318,,,,33,,,⬆️ Long,,,,,256,,↘️ Short Right,,,,,,,1,1,Putter,1,,,,60 Degree Wedge,0.5,Tight (3 feet or less) ,1,0.5,,,,,,,Green,574,3,0,75.2,75.2,137,18 Holes,,,,,1,1,5,0,0,,,1,5,5,Par,1,Jason Day – Bay Hill Club – 3/6/26,0,0,0,Jason Day,1,100%,0,0,0,0,1,0,0,0,1,1,1,1,1,1,1,1,1,1,1,0,0,0,0,0,0,0,0,0,1,1,0,0,1,0,0,0,0,0,0,0,0,0,0,0,0,0,0,0,0,0,0,0,0,0,1,,,,,,,,0,,,0,0,0,0,0,0,0,1,0,0,0,0,1,0,0,0,0,0,0,0,0,0,0,0,0,0,0,0,0,0,0,0,0,0,1,0,0,0,0,0,1,1,0,0,0,0,0,0,1,0,0,0,0,0,0,0,0,1,0,0,0,0,0,0,0,0,,0,0,1,,0,0,0,0,0,0,0,0,0,0,0,0,0,0,1,0,0,0,0,0,0,0,0,0,0,0,0,0,0,0,0,0,0,0,0,0,0,0,0,0,0,0,0,0,0,0,0,0,0,0,0,0,0,0,TRUE,FALSE,FALSE,Long,Tight (3 feet or less),,,
Bay Hill - Green,13,3/6/2026,Bay Hill Club,Bay Hill- Green - 13,,Jason Day,,Jason Day - Bay Hill - Round 2 -3/6/26,Jason Day – Bay Hill Club – 3/6/26,,4,3,,,checked,236,,checked,checked,136,,,,,,,,,,,,,,,,,,,,,,,,,9.7,⬇️ Short,1,9.7,,,,,,,Green,370,1,-1,75.2,75.2,137,18 Holes,9.7,,9.7,,1,1,4,-1,0,,,1,3,4,Birdie,1,Jason Day – Bay Hill Club – 3/6/26,1,1,0,Jason Day,1,100%,1,0,0,1,0,0,0,0,0,0,0,0,0,0,0,0,0,0,1,0,0,0,0,0,1,0,0,0,0,0,0,1,0,0,0,0,0,0,0,0,0,0,0,0,0,0,0,0,0,0,0,0,0,0,1,,,,,,-1,,,,,0,0,0,0,0,1,0,0,0,0,0,0,0,1,1,0,1,0,1,0,0,0,0,0,0,0,0,1,0,0,0,0,0,0,0,0,0,0,0,0,0,0,0,0,0,0,0,0,0,0,0,0,1,0,1,0,1,0,1,1,0,0,1,1,0,0,,0,0,0,,0,0,0,0,0,0,1,0,0,0,0,0,0,0,0,0,0,0,0,0,0,0,0,0,0,0,0,0,0,0,0,0,0,0,0,0,0,0,0,0,0,0,0,0,0,0,0,0,0,0,0,0,0,0,TRUE,TRUE,TRUE,,Short,,,
Bay Hill - Green,14,3/6/2026,Bay Hill Club,Bay Hill- Green - 14,,Jason Day,,Jason Day - Bay Hill - Round 2 -3/6/26,Jason Day – Bay Hill Club – 3/6/26,,3,3,,,,,,checked,checked,184,,,,,,,,,,,,,,,,,,,,,,,,,33.3,⬅️ Hole High Left,2,2.5,2.5,,,,,,Green,215,17,0,75.2,75.2,137,18 Holes,33.3,33.3,,,0,0,3,0,0,,,1,3,3,Par,0,Jason Day – Bay Hill Club – 3/6/26,1,1,0,Jason Day,0,N/A,0,0,0,0,1,0,0,0,0,0,0,0,0,0,0,0,0,0,0,1,0,0,0,1,0,0,0,0,0,0,0,0,0,0,0,0,0,0,1,0,0,0,0,0,0,0,0,0,0,0,0,0,0,0,1,0,,,,,,,,,,1,0,0,0,0,0,0,0,0,0,0,0,0,0,1,0,1,0,0,0,0,0,1,0,0,0,0,0,0,0,0,0,0,0,0,0,0,0,0,0,0,0,0,0,0,0,0,0,0,0,0,0,1,0,0,0,0,0,0,0,0,0,0,0,0,0,,0,0,0,,0,0,0,0,0,0,0,0,0,0,0,0,0,0,0,0,0,0,1,0,0,0,0,0,0,0,0,0,0,0,0,0,0,0,0,0,0,0,0,0,0,0,0,0,0,0,0,0,0,0,0,0,0,0,FALSE,TRUE,TRUE,,Hole High Left,,,
Bay Hill - Green,15,3/6/2026,Bay Hill Club,Bay Hill- Green - 15,,Jason Day,,Jason Day - Bay Hill - Round 2 -3/6/26,Jason Day – Bay Hill Club – 3/6/26,,4,4,,,checked,299,,,,196,,,⬇️ Short,,,,,,,,,,,,,,,1,60 Degree Wedge,,,,,,3,Tight (3 feet or less) ,1,3,,,,,,,Green,429,5,0,75.2,75.2,137,18 Holes,,,,,1,1,4,0,0,,,1,4,4,Par,1,Jason Day – Bay Hill Club – 3/6/26,0,0,0,Jason Day,1,100%,0,0,0,0,1,0,0,0,1,1,1,1,1,1,1,1,1,0,1,0,0,0,0,0,0,0,0,0,0,0,0,0,1,0,0,0,0,0,0,0,0,0,0,0,0,0,0,0,0,0,0,0,0,0,1,,,,0,,,,,,,0,0,0,0,1,0,0,0,0,0,0,0,1,0,0,0,0,0,0,0,0,0,0,0,0,0,0,0,1,0,0,0,0,0,0,0,0,0,0,0,1,1,0,0,0,0,0,0,0,0,0,0,1,0,0,0,1,0,0,0,0,0,0,0,0,0,,0,1,0,,0,0,0,0,0,0,0,1,0,0,0,0,0,0,0,0,0,0,0,0,0,0,0,0,0,0,0,0,0,0,0,0,0,0,0,0,0,0,0,0,0,0,0,0,0,0,0,0,0,0,0,0,0,0,TRUE,FALSE,FALSE,Short,Tight (3 feet or less),,,
Bay Hill - Green,16,3/6/2026,Bay Hill Club,Bay Hill- Green - 16,,Jason Day,,Jason Day - Bay Hill - Round 2 -3/6/26,Jason Day – Bay Hill Club – 3/6/26,,5,5,,,,290,↘️ Short Right,checked,checked,32,,,,,,,,216,,↘️ Short Right,,,,,,1,,,,1,,,,60 Degree Wedge,10.3,⬇️ Short,2,1,1,,,,,,Green,511,7,0,75.2,75.2,137,18 Holes,10.3,,,10.3,0,0,5,0,0,,,1,5,5,Par,0,Jason Day – Bay Hill Club – 3/6/26,1,1,0,Jason Day,1,0%,0,0,0,0,1,0,0,0,0,0,0,0,0,0,0,0,0,1,0,1,0,0,0,0,0,0,0,0,1,1,0,0,0,0,0,0,0,0,1,0,0,0,0,0,0,0,0,0,0,0,0,0,0,0,1,,,,,,,0,,,,0,0,0,0,0,0,0,0,1,0,1,0,0,0,0,0,0,0,0,0,0,0,0,0,0,0,0,0,0,0,0,0,0,0,1,0,0,0,0,0,0,0,1,0,0,0,0,0,0,0,0,0,0,0,0,1,0,0,1,0,0,0,0,0,1,0,,0,0,0,,0,0,0,0,0,0,0,0,0,0,0,0,0,0,0,0,0,0,0,0,0,0,0,0,0,0,0,0,0,1,0,0,0,0,0,0,0,0,0,0,0,0,0,0,0,0,0,0,0,0,0,0,0,0,FALSE,TRUE,TRUE,,Short,Short Right,,
Bay Hill - Green,17,3/6/2026,Bay Hill Club,Bay Hill- Green - 17,,Jason Day,,Jason Day - Bay Hill - Round 2 -3/6/26,Jason Day – Bay Hill Club – 3/6/26,,3,4,,,,,,,,202,,,↙️ Short Left,,,,,,,,,,,,,,1,,60 Degree Wedge,,,,,,5,⬅️ Hole High Left,2,1,1,,,,,,Green,221,15,1,75.2,75.2,137,18 Holes,,,,,1,0,3,1,0,,,1,4,3,Bogey,0,Jason Day – Bay Hill Club – 3/6/26,0,0,0,Jason Day,0,N/A,0,0,0,0,0,1,0,0,0,0,0,0,0,0,1,0,0,1,0,1,0,0,0,0,0,0,0,0,0,1,0,0,0,0,0,0,0,0,0,1,0,0,0,0,0,0,0,0,0,0,0,0,0,0,1,,1,,,,,,,,,0,1,0,0,0,0,0,0,0,0,0,0,0,0,0,1,0,1,0,0,0,0,0,1,0,0,0,0,0,0,0,0,0,0,0,0,0,0,0,0,0,0,0,0,0,0,1,0,0,0,0,0,0,0,0,0,0,0,0,0,0,0,0,0,0,0,,0,0,0,,0,0,0,0,0,0,0,0,0,0,0,0,0,0,0,0,0,0,0,1,0,0,0,0,0,0,0,0,0,0,0,0,0,0,0,0,0,0,0,0,0,0,0,0,0,0,0,0,0,0,0,0,0,0,FALSE,FALSE,FALSE,Short Left,Hole High Left,,,
Bay Hill - Green,18,3/6/2026,Bay Hill Club,Bay Hill- Green - 18,,Jason Day,,Jason Day - Bay Hill - Round 2 -3/6/26,Jason Day – Bay Hill Club – 3/6/26,,4,4,,,checked,312,,checked,checked,150,,,,,,,,,,,,,,,,,,,,,,,,,8.4,➡️ Hole High Right,2,3.5,3.5,,,,,,Green,458,11,0,75.2,75.2,137,18 Holes,8.4,,8.4,,1,0,4,0,0,,,1,4,4,Par,1,Jason Day – Bay Hill Club – 3/6/26,1,1,0,Jason Day,1,100%,1,0,0,0,1,0,0,0,0,0,0,0,0,0,0,0,0,0,0,1,0,0,0,1,0,0,0,0,0,0,0,0,0,0,0,0,0,0,1,0,0,0,0,0,0,0,0,0,0,0,0,0,0,0,1,,,,,,0,,,,,0,0,0,0,0,1,0,0,0,0,0,0,0,1,1,0,1,0,1,0,0,0,0,0,0,0,0,0,1,0,0,0,0,0,0,0,0,0,0,0,0,0,1,0,0,0,0,0,0,0,0,0,0,0,1,0,1,0,1,1,0,0,1,1,0,0,,0,0,0,,0,0,0,0,0,0,0,0,0,0,0,0,0,0,0,0,0,0,0,0,0,0,0,1,0,0,0,0,0,0,0,0,0,0,0,0,0,0,0,0,0,0,0,0,0,0,0,0,0,0,0,0,0,0,TRUE,TRUE,TRUE,,Hole High Right,,,
TPC Sawgrass - Black,1,3/12/2026,TPC Sawgrass,TPC Sawgrass - Black - 1,,Scottie Scheffler,,Scottie Scheffler - TPC Sawgrass - Round 1 -3/12/26,Scottie Scheffler – TPC Sawgrass – 3/12/26,,4,4,,,checked,292,,checked,checked,120,,,,,,,,,,,,,,,,,,,,,,,,,13.8,⬇️ Short,2,0.3,0.3,,,,,,Black,424,11,0,76.8,76.8,155,18 Holes,13.8,,13.8,,0,0,4,0,1,4,4,0,,,Par,1,Scottie Scheffler – TPC Sawgrass – 3/12/26,1,1,0,Scottie Scheffler,1,100%,1,0,0,0,1,0,0,0,0,0,0,0,0,0,0,0,0,0,0,1,0,0,0,1,0,0,0,0,0,0,0,0,0,0,0,0,0,0,1,0,0,0,0,0,0,0,0,0,0,0,0,0,0,0,1,,,,,,0,,,,,0,0,0,0,0,1,0,0,0,0,0,0,0,1,1,0,1,0,1,0,0,0,0,0,0,0,0,0,1,0,0,0,0,0,0,0,0,0,0,0,0,0,0,0,1,0,0,0,0,0,0,0,0,0,1,0,1,0,1,0,0,0,1,0,0,0,,0,0,0,,0,0,0,0,0,0,0,0,0,0,0,0,0,0,0,0,0,0,0,0,0,0,0,1,0,0,0,0,0,0,0,0,0,0,0,0,0,0,0,0,0,0,0,0,0,0,0,0,0,0,0,0,0,0,TRUE,TRUE,TRUE,,Short,,,
TPC Sawgrass - Black,2,3/12/2026,TPC Sawgrass,TPC Sawgrass - Black - 2,,Scottie Scheffler,,Scottie Scheffler - TPC Sawgrass - Round 1 -3/12/26,Scottie Scheffler – TPC Sawgrass – 3/12/26,,5,6,,,checked,298,,,,28,,,⬇️ Short,,,,,251,,↘️ Short Right,,,,,,,1,1,60 Degree Wedge,1,,,,60 Degree Wedge,8.9,➡️ Hole High Right,2,3.3,3.3,,,,,,Black,555,15,1,76.8,76.8,155,18 Holes,,,,,1,0,5,1,1,6,5,0,,,Bogey,1,Scottie Scheffler – TPC Sawgrass – 3/12/26,0,0,0,Scottie Scheffler,1,100%,0,0,0,0,0,1,0,0,1,1,1,0,0,0,1,0,0,1,0,1,0,0,0,0,0,0,0,0,0,1,0,0,0,0,0,0,0,0,0,1,0,0,0,0,0,0,0,0,0,0,0,0,0,0,1,,,,,,,,1,,,0,0,0,0,0,0,0,1,0,0,0,0,1,0,0,0,0,0,0,0,0,0,0,0,0,0,0,0,0,0,0,0,0,0,0,1,0,0,0,0,0,0,0,0,0,1,0,0,0,0,0,0,0,0,0,0,0,1,0,0,0,0,0,0,0,0,,0,0,0,,0,0,0,0,0,0,0,0,0,0,0,0,0,0,0,0,0,0,0,0,0,0,0,0,0,0,0,0,0,0,1,0,0,0,0,0,0,0,0,0,0,0,0,0,0,0,0,0,0,0,0,0,0,0,TRUE,FALSE,FALSE,Short,Hole High Right,,,
TPC Sawgrass - Black,3,3/12/2026,TPC Sawgrass,TPC Sawgrass - Black - 3,,Scottie Scheffler,,Scottie Scheffler - TPC Sawgrass - Round 1 -3/12/26,Scottie Scheffler – TPC Sawgrass – 3/12/26,,3,3,,,,170,,checked,checked,170,,,,,,,,,,,,,,,,,,,,,,,,,37.5,⬇️ Short,2,2.3,2.3,,,,,,Black,182,17,0,76.8,76.8,155,18 Holes,37.5,37.5,,,0,0,3,0,1,3,3,0,,,Par,0,Scottie Scheffler – TPC Sawgrass – 3/12/26,1,1,0,Scottie Scheffler,0,N/A,0,0,0,0,1,0,0,0,0,0,0,0,0,0,0,0,0,0,0,1,0,0,0,1,0,0,0,0,0,0,0,0,0,0,0,0,0,0,1,0,0,0,0,0,0,0,0,0,0,0,0,0,0,0,1,0,,,,,,,,,,1,0,0,0,0,0,0,0,0,0,0,0,0,0,1,0,1,0,0,0,0,0,1,0,0,0,0,0,0,0,0,0,0,0,0,0,0,0,0,0,0,0,0,0,1,0,0,0,0,0,0,0,0,0,0,0,0,0,0,0,0,0,0,0,0,0,,0,0,0,,0,0,0,0,0,0,0,0,0,0,0,0,0,0,0,0,0,0,1,0,0,0,0,0,0,0,0,0,0,0,0,0,0,0,0,0,0,0,0,0,0,0,0,0,0,0,0,0,0,0,0,0,0,0,FALSE,TRUE,TRUE,,Short,,,
TPC Sawgrass - Black,4,3/12/2026,TPC Sawgrass,TPC Sawgrass - Black - 4,,Scottie Scheffler,,Scottie Scheffler - TPC Sawgrass - Round 1 -3/12/26,Scottie Scheffler – TPC Sawgrass – 3/12/26,,4,4,,,checked,271,,checked,checked,117,,,,,,,,,,,,,,,,,,,,,,,,,30.8,⬇️ Short,2,0.7,0.7,,,,,,Black,387,5,0,76.8,76.8,155,18 Holes,30.8,,30.8,,0,0,4,0,1,4,4,0,,,Par,1,Scottie Scheffler – TPC Sawgrass – 3/12/26,1,1,0,Scottie Scheffler,1,100%,1,0,0,0,1,0,0,0,0,0,0,0,0,0,0,0,0,0,0,1,0,0,0,1,0,0,0,0,0,0,0,0,0,0,0,0,0,0,1,0,0,0,0,0,0,0,0,0,0,0,0,0,0,0,1,,,,,,0,,,,,0,0,0,0,0,1,0,0,0,0,0,0,0,1,1,0,1,0,1,0,0,0,0,0,0,0,0,0,1,0,0,0,0,0,0,0,0,0,0,0,0,0,0,0,0,0,0,0,0,0,1,0,0,0,1,0,1,0,0,0,0,0,0,0,0,0,,0,0,0,,0,0,0,0,0,0,0,0,0,0,0,0,0,0,0,0,0,0,0,0,0,0,0,1,0,0,0,0,0,0,0,0,0,0,0,0,0,0,0,0,0,0,0,0,0,0,0,0,0,0,0,0,0,0,TRUE,TRUE,TRUE,,Short,,,
TPC Sawgrass - Black,5,3/12/2026,TPC Sawgrass,TPC Sawgrass - Black - 5,,Scottie Scheffler,,Scottie Scheffler - TPC Sawgrass - Round 1 -3/12/26,Scottie Scheffler – TPC Sawgrass – 3/12/26,,4,4,,,,307,↘️ Short Right,checked,checked,137,,,,,,,,,,,,,,,,,,,,,,,,,45.1,↗️ Long Right,2,8.8,8.8,,,,,,Black,469,7,0,76.8,76.8,155,18 Holes,45.1,,45.1,,0,0,4,0,1,4,4,0,,,Par,0,Scottie Scheffler – TPC Sawgrass – 3/12/26,1,1,0,Scottie Scheffler,1,0%,0,0,0,0,1,0,0,0,0,0,0,0,0,0,0,0,0,0,0,1,0,0,0,0,0,0,0,0,0,0,0,0,0,0,0,0,0,0,1,0,0,0,0,0,0,0,0,0,0,0,0,0,0,0,1,,,0,,,,,,,,0,0,1,0,0,0,0,0,0,0,1,0,0,0,0,0,0,0,0,0,0,0,0,0,0,0,0,0,1,0,0,0,0,0,0,0,0,0,0,0,0,0,0,0,0,0,0,0,0,0,1,0,0,0,1,0,0,0,0,0,0,0,0,0,0,0,,0,0,0,,0,0,0,0,0,0,0,0,0,0,0,0,0,0,0,0,0,0,0,0,0,0,0,1,0,0,0,0,0,0,0,0,0,0,0,0,0,0,0,0,0,0,0,0,0,0,0,0,0,0,0,0,0,0,FALSE,TRUE,TRUE,,Long Right,Short Right,,
TPC Sawgrass - Black,6,3/12/2026,TPC Sawgrass,TPC Sawgrass - Black - 6,,Scottie Scheffler,,Scottie Scheffler - TPC Sawgrass - Round 1 -3/12/26,Scottie Scheffler – TPC Sawgrass – 3/12/26,,4,3,,,checked,253,,checked,checked,157,,,,,,,,,,,,,,,,,,,,,,,,,2.3,Tight (3 feet or less) ,1,2.3,,,,,,,Black,413,13,-1,76.8,76.8,155,18 Holes,2.3,,2.3,,1,1,4,-1,1,3,4,0,,,Birdie,1,Scottie Scheffler – TPC Sawgrass – 3/12/26,1,1,0,Scottie Scheffler,1,100%,1,0,0,1,0,0,0,0,0,0,0,0,0,0,0,0,0,0,1,0,0,0,0,0,1,0,0,0,0,0,0,1,0,0,0,0,0,0,0,0,0,0,0,0,0,0,0,0,0,0,0,0,0,0,1,,,,,,-1,,,,,0,0,0,0,0,1,0,0,0,0,0,0,0,1,1,0,1,0,1,0,0,0,0,0,0,0,0,1,0,0,0,0,0,0,0,0,0,0,0,0,0,0,0,0,0,0,0,0,0,0,1,0,0,0,1,0,1,0,1,1,0,0,1,1,0,0,,0,0,0,,0,0,0,0,0,0,1,0,0,0,0,0,0,0,0,0,0,0,0,0,0,0,0,0,0,0,0,0,0,0,0,0,0,0,0,0,0,0,0,0,0,0,0,0,0,0,0,0,0,0,0,0,0,0,TRUE,TRUE,TRUE,,Tight (3 feet or less),,,
TPC Sawgrass - Black,7,3/12/2026,TPC Sawgrass,TPC Sawgrass - Black - 7,,Scottie Scheffler,,Scottie Scheffler - TPC Sawgrass - Round 1 -3/12/26,Scottie Scheffler – TPC Sawgrass – 3/12/26,,4,5,,,,297,➡️ Right,,,144,,,↘️ Short Right,,,,,,,,,,,,,,1,1,60 Degree Wedge,,,,,,13.8,⬆️ Long,2,1.5,1.5,,,,,,Black,450,9,1,76.8,76.8,155,18 Holes,,,,,0,0,4,1,1,5,4,0,,,Bogey,0,Scottie Scheffler – TPC Sawgrass – 3/12/26,0,0,0,Scottie Scheffler,1,0%,0,0,0,0,0,1,0,0,1,1,0,0,0,0,1,0,0,1,0,1,0,0,0,0,0,0,0,0,0,1,0,0,0,0,0,0,0,0,0,1,0,0,0,0,0,0,0,0,0,0,0,0,0,0,1,,,,,1,,,,,,0,0,0,1,0,0,0,0,0,0,0,1,0,0,0,1,0,1,0,1,0,0,0,0,0,0,0,0,0,1,0,0,0,0,0,0,0,0,0,0,0,0,0,0,0,0,0,1,0,0,0,0,0,0,0,0,0,0,0,0,0,0,0,0,0,0,,0,0,0,,0,0,0,0,0,0,0,0,0,0,0,0,0,0,0,0,0,0,0,0,0,0,0,0,1,0,0,0,0,0,0,0,0,0,0,0,0,0,0,0,0,0,0,0,0,0,0,0,0,0,0,0,0,0,FALSE,FALSE,FALSE,Short Right,Long,Right,,
TPC Sawgrass - Black,8,3/12/2026,TPC Sawgrass,TPC Sawgrass - Black - 8,,Scottie Scheffler,,Scottie Scheffler - TPC Sawgrass - Round 1 -3/12/26,Scottie Scheffler – TPC Sawgrass – 3/12/26,,3,4,,,,232,,,,223,,,↖️ Long Left,,,,,,,,,,,,,,,1,60 Degree Wedge,,,,,,18.8,⬅️ Hole High Left,2,0.5,0.5,,,,,,Black,236,15,1,76.8,76.8,155,18 Holes,,,,,0,0,3,1,1,4,3,0,,,Bogey,0,Scottie Scheffler – TPC Sawgrass – 3/12/26,0,0,0,Scottie Scheffler,0,N/A,0,0,0,0,0,1,0,0,1,1,0,0,0,0,1,0,0,0,0,1,0,0,0,0,0,0,0,0,0,0,0,0,0,0,0,0,0,0,0,1,0,0,0,0,0,0,0,0,0,0,0,0,0,0,1,,1,,,,,,,,,0,1,0,0,0,0,0,0,0,0,0,0,0,0,0,1,0,1,0,0,0,0,0,1,0,0,0,0,0,0,0,0,0,0,0,0,0,0,0,0,0,0,0,0,0,0,0,1,0,0,0,0,0,0,0,0,0,0,0,0,0,0,0,0,0,0,,0,0,0,,0,0,0,0,0,0,0,0,0,0,0,0,0,0,0,0,0,0,0,1,0,0,0,0,0,0,0,0,0,0,0,0,0,0,0,0,0,0,0,0,0,0,0,0,0,0,0,0,0,0,0,0,0,0,FALSE,FALSE,FALSE,Long Left,Hole High Left,,,
TPC Sawgrass - Black,9,3/12/2026,TPC Sawgrass,TPC Sawgrass - Black - 9,,Scottie Scheffler,,Scottie Scheffler - TPC Sawgrass - Round 1 -3/12/26,Scottie Scheffler – TPC Sawgrass – 3/12/26,,5,4,checked,checked,checked,294,,,,68,,,,,,,,310,,,,,,,,,,,,,,,,,1.9,Tight (3 feet or less) ,1,1.9,,,,,,,Black,601,3,-1,76.8,76.8,155,18 Holes,,,,,1,1,5,-1,1,4,5,0,,,Birdie,1,Scottie Scheffler – TPC Sawgrass – 3/12/26,0,0,0,Scottie Scheffler,1,100%,0,0,0,1,0,0,0,0,0,0,0,0,0,0,1,1,1,0,1,0,0,0,0,0,0,0,0,0,0,0,0,1,0,0,0,0,0,0,0,0,0,0,0,0,0,0,0,0,0,0,0,0,0,0,1,,,,,,,,-1,,,0,0,0,0,0,0,0,1,0,0,0,0,1,0,0,0,0,0,0,0,0,0,0,0,0,0,0,0,0,0,0,0,0,1,0,0,0,0,0,0,0,1,0,1,0,0,0,0,0,0,0,0,0,0,0,0,0,1,0,0,0,0,0,0,0,0,,0,0,0,,0,0,0,0,0,0,0,0,0,0,0,0,0,1,0,0,0,0,0,0,0,0,0,0,0,0,0,0,0,0,0,0,0,0,0,0,0,0,0,0,0,0,0,0,0,0,0,0,0,0,0,0,0,0,TRUE,FALSE,FALSE,,Tight (3 feet or less),,,
TPC Sawgrass - Black,10,3/12/2026,TPC Sawgrass,TPC Sawgrass - Black - 10,,Scottie Scheffler,,Scottie Scheffler - TPC Sawgrass - Round 1 -3/12/26,Scottie Scheffler – TPC Sawgrass – 3/12/26,,4,4,,,,275,➡️ Right,,,142,,,⬇️ Short,,,,,,,,,,,,,,,1,Putter,,,,,,0.8,Tight (3 feet or less) ,1,0.8,,,,,,,Black,419,10,0,76.8,76.8,155,18 Holes,,,,,1,1,4,0,0,,,1,4,4,Par,0,Scottie Scheffler – TPC Sawgrass – 3/12/26,0,0,0,Scottie Scheffler,1,0%,0,0,0,0,1,0,0,0,1,1,1,1,1,1,1,1,1,0,1,0,0,0,0,0,0,0,1,0,0,0,0,0,1,0,0,0,0,0,0,0,0,0,0,0,0,0,0,0,0,0,0,0,0,0,1,,,,,0,,,,,,0,0,0,1,0,0,0,0,0,0,0,1,0,0,0,1,0,1,0,1,0,0,0,0,0,0,0,0,1,0,0,0,0,0,0,0,0,0,0,0,1,1,0,0,0,0,0,0,1,0,0,0,0,0,0,0,0,0,0,0,0,0,0,0,0,0,,0,1,0,,0,0,0,0,0,0,0,1,0,0,0,0,0,0,0,0,0,0,0,0,0,0,0,0,0,0,0,0,0,0,0,0,0,0,0,0,0,0,0,0,0,0,0,0,0,0,0,0,0,0,0,0,0,0,FALSE,FALSE,FALSE,Short,Tight (3 feet or less),Right,,
TPC Sawgrass - Black,11,3/12/2026,TPC Sawgrass,TPC Sawgrass - Black - 11,,Scottie Scheffler,,Scottie Scheffler - TPC Sawgrass - Round 1 -3/12/26,Scottie Scheffler – TPC Sawgrass – 3/12/26,,5,4,,,checked,296,,checked,checked,28,,,,,,,,277,,⬇️ Short,,,,,,,1,,,1,,,,60 Degree Wedge,2.8,Tight (3 feet or less) ,1,2.8,,,,,,,Black,573,2,-1,76.8,76.8,155,18 Holes,2.8,,,2.8,1,1,5,-1,0,,,1,4,5,Birdie,1,Scottie Scheffler – TPC Sawgrass – 3/12/26,1,1,0,Scottie Scheffler,1,100%,1,0,0,1,0,0,0,0,0,0,0,0,0,0,0,0,0,1,1,0,0,0,0,0,1,0,0,0,1,1,0,1,0,0,0,0,0,0,0,0,0,0,0,0,0,0,0,0,0,0,0,0,0,0,1,,,,,,,,,,-1,0,0,0,0,0,0,1,0,0,0,0,0,0,1,1,0,1,0,1,0,0,0,0,0,0,0,0,0,0,0,0,0,0,1,0,0,0,0,0,0,0,0,0,0,0,0,0,0,1,0,0,0,0,0,0,1,0,1,1,1,0,0,0,0,1,1,,0,0,0,,0,0,0,0,0,0,0,0,0,0,0,0,0,1,0,0,0,0,0,0,0,0,0,0,0,0,0,0,0,0,0,0,0,0,0,0,0,0,0,0,0,0,0,0,0,0,0,0,0,0,0,0,0,0,TRUE,TRUE,TRUE,,Tight (3 feet or less),,,
TPC Sawgrass - Black,12,3/12/2026,TPC Sawgrass,TPC Sawgrass - Black - 12,,Scottie Scheffler,,Scottie Scheffler - TPC Sawgrass - Round 1 -3/12/26,Scottie Scheffler – TPC Sawgrass – 3/12/26,,4,4,,checked,,290,➡️ Right,,checked,43,,,,,,,,,,,,,,,,,,,,,,,,,18.2,⬇️ Short,1,18.2,,,,,,,Black,365,14,0,76.8,76.8,155,18 Holes,,,,,0,0,4,0,0,,,1,4,4,Par,0,Scottie Scheffler – TPC Sawgrass – 3/12/26,0,1,0,Scottie Scheffler,1,0%,0,0,0,0,1,0,0,0,0,0,0,0,0,0,1,1,1,0,1,0,0,0,0,0,0,0,1,0,0,0,0,0,1,0,0,0,0,0,0,0,0,0,0,0,0,0,0,0,0,0,0,0,0,0,1,,,,,0,,,,,,0,0,0,1,0,0,0,0,0,0,0,1,0,0,0,1,0,1,0,1,0,0,0,0,0,0,0,0,1,0,0,0,0,0,0,0,0,0,0,0,1,1,0,0,0,0,0,0,1,0,0,0,0,0,0,0,0,0,0,0,0,0,0,0,0,0,,0,1,0,,0,0,0,0,0,0,0,1,0,0,0,0,0,0,0,0,0,0,0,0,0,0,0,0,0,0,0,0,0,0,0,0,0,0,0,0,0,0,0,0,0,0,0,0,0,0,0,0,0,0,0,0,0,0,FALSE,FALSE,TRUE,,Short,Right,,
TPC Sawgrass - Black,13,3/12/2026,TPC Sawgrass,TPC Sawgrass - Black - 13,,Scottie Scheffler,,Scottie Scheffler - TPC Sawgrass - Round 1 -3/12/26,Scottie Scheffler – TPC Sawgrass – 3/12/26,,3,3,,,,175,,checked,checked,172,,,,,,,,,,,,,,,,,,,,,,,,,57.8,↖️ Long Left,2,1.2,1.2,,,,,,Black,183,18,0,76.8,76.8,155,18 Holes,57.8,57.8,,,0,0,3,0,0,,,1,3,3,Par,0,Scottie Scheffler – TPC Sawgrass – 3/12/26,1,1,0,Scottie Scheffler,0,N/A,0,0,0,0,1,0,0,0,0,0,0,0,0,0,0,0,0,0,0,1,0,0,0,1,0,0,0,0,0,0,0,0,0,0,0,0,0,0,1,0,0,0,0,0,0,0,0,0,0,0,0,0,0,0,1,0,,,,,,,,,,1,0,0,0,0,0,0,0,0,0,0,0,0,0,1,0,1,0,0,0,0,0,1,0,0,0,0,0,0,0,0,0,0,0,0,0,0,0,0,0,0,0,0,0,0,0,0,0,0,0,0,0,1,0,0,0,0,0,0,0,0,0,0,0,0,0,,0,0,0,,0,0,0,0,0,0,0,0,0,0,0,0,0,0,0,0,0,0,1,0,0,0,0,0,0,0,0,0,0,0,0,0,0,0,0,0,0,0,0,0,0,0,0,0,0,0,0,0,0,0,0,0,0,0,FALSE,TRUE,TRUE,,Long Left,,,
TPC Sawgrass - Black,14,3/12/2026,TPC Sawgrass,TPC Sawgrass - Black - 14,,Scottie Scheffler,,Scottie Scheffler - TPC Sawgrass - Round 1 -3/12/26,Scottie Scheffler – TPC Sawgrass – 3/12/26,,4,5,,,,277,➡️ Right,checked,checked,26,,,,,,,,207,,↘️ Short Right,,,,,,,1,,,1,,,,60 Degree Wedge,18.8,↙️ Short Left,2,1.2,1.2,,,,,,Black,485,12,1,76.8,76.8,155,18 Holes,18.8,,18.8,,0,0,4,1,0,,,1,5,4,Bogey,0,Scottie Scheffler – TPC Sawgrass – 3/12/26,1,1,0,Scottie Scheffler,1,0%,0,0,0,0,0,1,0,0,0,0,0,0,0,0,0,0,0,1,0,1,0,0,0,0,0,0,0,0,0,1,0,0,0,0,0,0,0,0,0,1,0,0,0,0,0,0,0,0,0,0,0,0,0,0,1,,,1,,,,,,,,0,0,1,0,0,0,0,0,0,0,1,0,0,0,0,0,0,0,0,0,0,0,0,0,0,0,0,0,0,1,0,0,0,0,0,0,0,0,0,0,0,0,0,0,0,0,0,0,0,0,0,0,0,1,1,0,0,0,1,0,0,0,1,0,0,0,,0,0,0,,0,0,0,0,0,0,0,0,0,0,0,0,0,0,0,0,0,0,0,0,0,0,0,0,1,0,0,0,0,0,0,0,0,0,0,0,0,0,0,0,0,0,0,0,0,0,0,0,0,0,0,0,0,0,FALSE,TRUE,TRUE,,Short Left,Right,,
TPC Sawgrass - Black,15,3/12/2026,TPC Sawgrass,TPC Sawgrass - Black - 15,,Scottie Scheffler,,Scottie Scheffler - TPC Sawgrass - Round 1 -3/12/26,Scottie Scheffler – TPC Sawgrass – 3/12/26,,4,3,,,,304,➡️ Right,checked,checked,140,,,,,,,,,,,,,,,,,,,,,,,,,27,↗️ Long Right,1,27,,,,,,,Black,470,8,-1,76.8,76.8,155,18 Holes,27,,27,,0,0,4,-1,0,,,1,3,4,Birdie,0,Scottie Scheffler – TPC Sawgrass – 3/12/26,1,1,0,Scottie Scheffler,1,0%,0,0,0,1,0,0,0,0,0,0,0,0,0,0,0,0,0,0,1,0,0,0,0,0,0,0,0,1,0,0,0,1,0,0,0,0,0,0,0,0,0,0,0,0,0,0,0,0,0,0,0,0,0,0,1,,,-1,,,,,,,,0,0,1,0,0,0,0,0,0,0,1,0,0,0,0,0,0,0,0,0,0,0,0,0,0,0,0,1,0,0,0,0,0,0,0,0,0,0,0,0,0,0,0,0,0,0,0,0,0,0,0,0,1,0,1,0,0,0,0,0,0,0,0,0,0,0,,0,0,0,,0,0,0,0,0,0,1,0,0,0,0,0,0,0,0,0,0,0,0,0,0,0,0,0,0,0,0,0,0,0,0,0,0,0,0,0,0,0,0,0,0,0,0,0,0,0,0,0,0,0,0,0,0,0,FALSE,TRUE,TRUE,,Long Right,Right,,
TPC Sawgrass - Black,16,3/12/2026,TPC Sawgrass,TPC Sawgrass - Black - 16,,Scottie Scheffler,,Scottie Scheffler - TPC Sawgrass - Round 1 -3/12/26,Scottie Scheffler – TPC Sawgrass – 3/12/26,,5,5,checked,checked,,284,➡️ Right,checked,checked,137,,,,,,,,268,,,,,,,,,,,,,,,,,21.5,⬅️ Hole High Left,2,2.2,2.2,,,,,,Black,537,4,0,76.8,76.8,155,18 Holes,21.5,,,21.5,0,0,5,0,0,,,1,5,5,Par,0,Scottie Scheffler – TPC Sawgrass – 3/12/26,1,1,0,Scottie Scheffler,1,0%,0,0,0,0,1,0,0,0,0,0,0,0,0,0,0,0,0,0,0,1,0,0,0,0,0,0,0,0,0,0,0,0,0,0,0,0,0,0,1,0,0,0,0,0,0,0,0,0,0,0,0,0,0,0,1,,,,,,,0,,,,0,0,0,0,0,0,0,0,1,0,1,0,0,0,0,0,0,0,0,0,0,0,0,0,0,0,0,0,0,0,0,0,0,0,1,0,0,0,0,0,0,0,1,0,0,0,0,0,0,0,0,0,0,0,0,1,0,0,0,0,0,0,0,0,0,0,,0,0,0,,0,0,0,0,0,0,0,0,0,0,0,0,0,0,0,0,0,0,0,0,0,0,0,0,0,0,0,0,0,1,0,0,0,0,0,0,0,0,0,0,0,0,0,0,0,0,0,0,0,0,0,0,0,0,FALSE,TRUE,TRUE,,Hole High Left,Right,,
TPC Sawgrass - Black,17,3/12/2026,TPC Sawgrass,TPC Sawgrass - Black - 17,,Scottie Scheffler,,Scottie Scheffler - TPC Sawgrass - Round 1 -3/12/26,Scottie Scheffler – TPC Sawgrass – 3/12/26,,3,3,,,,130,,checked,checked,143,,,,,,,,,,,,,,,,,,,,,,,,,38.2,⬇️ Short,2,3.5,3.5,,,,,,Black,141,16,0,76.8,76.8,155,18 Holes,38.2,38.2,,,0,0,3,0,0,,,1,3,3,Par,0,Scottie Scheffler – TPC Sawgrass – 3/12/26,1,1,0,Scottie Scheffler,0,N/A,0,0,0,0,1,0,0,0,0,0,0,0,0,0,0,0,0,0,0,1,0,0,0,1,0,0,0,0,0,0,0,0,0,0,0,0,0,0,1,0,0,0,0,0,0,0,0,0,0,0,0,0,0,0,1,0,,,,,,,,,,1,0,0,0,0,0,0,0,0,0,0,0,0,0,1,0,1,0,0,0,0,0,1,0,0,0,0,0,0,0,0,0,0,0,0,0,0,0,0,0,0,0,1,0,0,0,0,0,0,0,0,0,0,0,0,0,0,0,0,0,0,0,0,0,0,0,,0,0,0,,0,0,0,0,0,0,0,0,0,0,0,0,0,0,0,0,0,0,1,0,0,0,0,0,0,0,0,0,0,0,0,0,0,0,0,0,0,0,0,0,0,0,0,0,0,0,0,0,0,0,0,0,0,0,FALSE,TRUE,TRUE,,Short,,,
TPC Sawgrass - Black,18,3/12/2026,TPC Sawgrass,TPC Sawgrass - Black - 18,,Scottie Scheffler,,Scottie Scheffler - TPC Sawgrass - Round 1 -3/12/26,Scottie Scheffler – TPC Sawgrass – 3/12/26,,4,4,,,checked,295,,checked,checked,154,,,,,,,,,,,,,,,,,,,,,,,,,68.5,⬆️ Long,2,5.5,5.5,,,,,,Black,462,6,0,76.8,76.8,155,18 Holes,68.5,,68.5,,0,0,4,0,0,,,1,4,4,Par,1,Scottie Scheffler – TPC Sawgrass – 3/12/26,1,1,0,Scottie Scheffler,1,100%,1,0,0,0,1,0,0,0,0,0,0,0,0,0,0,0,0,0,0,1,0,0,0,1,0,0,0,0,0,0,0,0,0,0,0,0,0,0,1,0,0,0,0,0,0,0,0,0,0,0,0,0,0,0,1,,,,,,0,,,,,0,0,0,0,0,1,0,0,0,0,0,0,0,1,1,0,1,0,1,0,0,0,0,0,0,0,0,0,1,0,0,0,0,0,0,0,0,0,0,0,0,0,1,0,0,0,0,0,0,0,0,0,0,0,1,0,1,0,0,0,0,0,0,0,0,0,,0,0,0,,0,0,0,0,0,0,0,0,0,0,0,0,0,0,0,0,0,0,0,0,0,0,0,1,0,0,0,0,0,0,0,0,0,0,0,0,0,0,0,0,0,0,0,0,0,0,0,0,0,0,0,0,0,0,TRUE,TRUE,TRUE,,Long,,,
TPC Sawgrass - Black,1,3/13/2026,TPC Sawgrass,TPC Sawgrass - Black - 1,,Scottie Scheffler,,Scottie Scheffler - TPC Sawgrass - Round 2 -3/13/26,Scottie Scheffler – TPC Sawgrass – 3/13/26,,4,4,,,,271,➡️ Right,checked,checked,161,,,,,,,,,,,,,,,,,,,,,,,,,55.5,⬇️ Short,2,3.8,3.8,,,,,,Black,424,11,0,76.8,76.8,155,18 Holes,55.5,,55.5,,0,0,4,0,1,4,4,0,,,Par,0,Scottie Scheffler – TPC Sawgrass – 3/13/26,1,1,0,Scottie Scheffler,1,0%,0,0,0,0,1,0,0,0,0,0,0,0,0,0,0,0,0,0,0,1,0,0,0,0,0,0,0,0,0,0,0,0,0,0,0,0,0,0,1,0,0,0,0,0,0,0,0,0,0,0,0,0,0,0,1,,,0,,,,,,,,0,0,1,0,0,0,0,0,0,0,1,0,0,0,0,0,0,0,0,0,0,0,0,0,0,0,0,0,1,0,0,0,0,0,0,0,0,0,0,0,0,0,0,0,1,0,0,0,0,0,0,0,0,0,1,0,0,0,0,0,0,0,0,0,0,0,,0,0,0,,0,0,0,0,0,0,0,0,0,0,0,0,0,0,0,0,0,0,0,0,0,0,0,1,0,0,0,0,0,0,0,0,0,0,0,0,0,0,0,0,0,0,0,0,0,0,0,0,0,0,0,0,0,0,FALSE,TRUE,TRUE,,Short,Right,,
TPC Sawgrass - Black,2,3/13/2026,TPC Sawgrass,TPC Sawgrass - Black - 2,,Scottie Scheffler,,Scottie Scheffler - TPC Sawgrass - Round 2 -3/13/26,Scottie Scheffler – TPC Sawgrass – 3/13/26,,5,4,checked,checked,checked,280,,checked,checked,22,,,,,,,,258,,,,,,,,,,,,1,,,,60 Degree Wedge,14.3,↖️ Long Left,1,14.3,,,,,,,Black,555,15,-1,76.8,76.8,155,18 Holes,14.3,,,14.3,0,0,5,-1,1,4,5,0,,,Birdie,1,Scottie Scheffler – TPC Sawgrass – 3/13/26,1,1,0,Scottie Scheffler,1,100%,1,0,0,1,0,0,0,0,0,0,0,0,0,0,0,0,0,0,1,0,0,0,0,0,1,0,0,0,0,0,0,1,0,0,0,0,0,0,0,0,0,0,0,0,0,0,0,0,0,0,0,0,0,0,1,,,,,,,,,,-1,0,0,0,0,0,0,1,0,0,0,0,0,0,1,1,0,1,0,1,0,0,0,0,0,0,0,0,0,0,0,0,0,0,1,0,0,0,0,0,0,0,0,0,0,1,0,0,0,0,0,0,0,0,0,0,1,0,1,1,0,0,0,0,0,1,0,,0,0,0,,0,0,0,0,0,0,0,0,0,0,0,0,0,1,0,0,0,0,0,0,0,0,0,0,0,0,0,0,0,0,0,0,0,0,0,0,0,0,0,0,0,0,0,0,0,0,0,0,0,0,0,0,0,0,TRUE,TRUE,TRUE,,Long Left,,,
TPC Sawgrass - Black,3,3/13/2026,TPC Sawgrass,TPC Sawgrass - Black - 3,,Scottie Scheffler,,Scottie Scheffler - TPC Sawgrass - Round 2 -3/13/26,Scottie Scheffler – TPC Sawgrass – 3/13/26,,3,3,,,,150,,,,161,,,↙️ Short Left,,,,,,,,,,,,,,,1,60 Degree Wedge,,,,,,5.7,➡️ Hole High Right,1,5.7,,,,,,,Black,182,17,0,76.8,76.8,155,18 Holes,,,,,1,1,3,0,1,3,3,0,,,Par,0,Scottie Scheffler – TPC Sawgrass – 3/13/26,0,0,0,Scottie Scheffler,0,N/A,0,0,0,0,1,0,0,0,1,1,1,1,0,0,1,1,1,0,1,0,0,0,0,0,0,0,1,0,0,0,0,0,1,0,0,0,0,0,0,0,0,0,0,0,0,0,0,0,0,0,0,0,0,0,1,,0,,,,,,,,,0,1,0,0,0,0,0,0,0,0,0,0,0,0,0,1,0,1,0,0,0,0,1,0,0,0,0,0,0,0,0,0,0,0,0,0,0,0,0,0,1,1,0,0,1,0,0,0,0,0,0,0,0,0,0,0,0,0,0,0,0,0,0,0,0,0,,1,0,0,,0,1,0,0,0,0,0,0,0,0,0,0,0,0,0,0,0,0,0,0,0,0,0,0,0,0,0,0,0,0,0,0,0,0,0,0,0,0,0,0,0,0,0,0,0,0,0,0,0,0,0,0,0,0,FALSE,FALSE,FALSE,Short Left,Hole High Right,,,
TPC Sawgrass - Black,4,3/13/2026,TPC Sawgrass,TPC Sawgrass - Black - 4,,Scottie Scheffler,,Scottie Scheffler - TPC Sawgrass - Round 2 -3/13/26,Scottie Scheffler – TPC Sawgrass – 3/13/26,,4,5,,checked,,284,⬅️ Left,,checked,45,,,,,,,,,,,,,,,,,,,,,,,,,24.5,↙️ Short Left,2,1.8,1.8,,,,,,Black,387,5,1,76.8,76.8,155,18 Holes,,,,,0,0,4,1,1,5,4,0,,,Bogey,0,Scottie Scheffler – TPC Sawgrass – 3/13/26,0,1,0,Scottie Scheffler,1,0%,0,0,0,0,0,1,0,0,0,0,0,0,0,0,1,0,0,0,0,1,0,0,0,0,0,0,0,0,0,0,0,0,0,0,0,0,0,0,0,1,0,0,0,0,0,0,0,0,0,0,0,0,0,0,1,,,,,1,,,,,,0,0,0,1,0,0,0,0,0,0,0,1,0,0,0,1,0,1,0,1,0,0,0,0,0,0,0,0,0,1,0,0,0,0,0,0,0,0,0,0,0,0,0,0,0,0,0,0,0,0,0,1,0,0,0,0,0,0,0,0,0,0,0,0,0,0,,0,0,0,,0,0,0,0,0,0,0,0,0,0,0,0,0,0,0,0,0,0,0,0,0,0,0,0,1,0,0,0,0,0,0,0,0,0,0,0,0,0,0,0,0,0,0,0,0,0,0,0,0,0,0,0,0,0,FALSE,FALSE,TRUE,,Short Left,Left,,
TPC Sawgrass - Black,5,3/13/2026,TPC Sawgrass,TPC Sawgrass - Black - 5,,Scottie Scheffler,,Scottie Scheffler - TPC Sawgrass - Round 2 -3/13/26,Scottie Scheffler – TPC Sawgrass – 3/13/26,,4,4,,,,285,➡️ Right,checked,checked,183,,,,,,,,,,,,,,,,,,,,,,,,,49,⬇️ Short,2,1.8,1.8,,,,,,Black,469,7,0,76.8,76.8,155,18 Holes,49,,49,,0,0,4,0,1,4,4,0,,,Par,0,Scottie Scheffler – TPC Sawgrass – 3/13/26,1,1,0,Scottie Scheffler,1,0%,0,0,0,0,1,0,0,0,0,0,0,0,0,0,0,0,0,0,0,1,0,0,0,0,0,0,0,0,0,0,0,0,0,0,0,0,0,0,1,0,0,0,0,0,0,0,0,0,0,0,0,0,0,0,1,,,0,,,,,,,,0,0,1,0,0,0,0,0,0,0,1,0,0,0,0,0,0,0,0,0,0,0,0,0,0,0,0,0,1,0,0,0,0,0,0,0,0,0,0,0,0,0,0,0,0,0,0,0,0,0,1,0,0,0,1,0,0,0,0,0,0,0,0,0,0,0,,0,0,0,,0,0,0,0,0,0,0,0,0,0,0,0,0,0,0,0,0,0,0,0,0,0,0,1,0,0,0,0,0,0,0,0,0,0,0,0,0,0,0,0,0,0,0,0,0,0,0,0,0,0,0,0,0,0,FALSE,TRUE,TRUE,,Short,Right,,
TPC Sawgrass - Black,6,3/13/2026,TPC Sawgrass,TPC Sawgrass - Black - 6,,Scottie Scheffler,,Scottie Scheffler - TPC Sawgrass - Round 2 -3/13/26,Scottie Scheffler – TPC Sawgrass – 3/13/26,,4,4,,,checked,250,,,,151,,,⬇️ Short,,,,,,,,,,,,,,,1,60 Degree Wedge,,,,,,1.8,Tight (3 feet or less) ,1,1.8,,,,,,,Black,413,13,0,76.8,76.8,155,18 Holes,,,,,1,1,4,0,1,4,4,0,,,Par,1,Scottie Scheffler – TPC Sawgrass – 3/13/26,0,0,0,Scottie Scheffler,1,100%,0,0,0,0,1,0,0,0,1,1,1,1,1,1,1,1,1,0,1,0,0,0,0,0,0,0,0,0,0,0,0,0,1,0,0,0,0,0,0,0,0,0,0,0,0,0,0,0,0,0,0,0,0,0,1,,,,0,,,,,,,0,0,0,0,1,0,0,0,0,0,0,0,1,0,0,0,0,0,0,0,0,0,0,0,0,0,0,0,1,0,0,0,0,0,0,0,0,0,0,0,1,1,0,0,0,0,0,0,0,0,1,0,0,0,0,0,1,0,0,0,0,0,0,0,0,0,,0,1,0,,0,0,0,0,0,0,0,1,0,0,0,0,0,0,0,0,0,0,0,0,0,0,0,0,0,0,0,0,0,0,0,0,0,0,0,0,0,0,0,0,0,0,0,0,0,0,0,0,0,0,0,0,0,0,TRUE,FALSE,FALSE,Short,Tight (3 feet or less),,,
TPC Sawgrass - Black,7,3/13/2026,TPC Sawgrass,TPC Sawgrass - Black - 7,,Scottie Scheffler,,Scottie Scheffler - TPC Sawgrass - Round 2 -3/13/26,Scottie Scheffler – TPC Sawgrass – 3/13/26,,4,5,,checked,,281,➡️ Right,,checked,78,,,,,,,,,,,,,,,,,,,,,,,,,10.2,↖️ Long Left,2,2.9,2.9,,,,,,Black,450,9,1,76.8,76.8,155,18 Holes,,,,,0,0,4,1,1,5,4,0,,,Bogey,0,Scottie Scheffler – TPC Sawgrass – 3/13/26,0,1,0,Scottie Scheffler,1,0%,0,0,0,0,0,1,0,0,0,0,0,0,0,0,1,0,0,0,0,1,0,0,0,0,0,0,0,0,0,0,0,0,0,0,0,0,0,0,0,1,0,0,0,0,0,0,0,0,0,0,0,0,0,0,1,,,,,1,,,,,,0,0,0,1,0,0,0,0,0,0,0,1,0,0,0,1,0,1,0,1,0,0,0,0,0,0,0,0,0,1,0,0,0,0,0,0,0,0,0,0,0,0,0,0,0,0,0,1,0,0,0,0,0,0,0,0,0,0,0,0,0,0,0,0,0,0,,0,0,0,,0,0,0,0,0,0,0,0,0,0,0,0,0,0,0,0,0,0,0,0,0,0,0,0,1,0,0,0,0,0,0,0,0,0,0,0,0,0,0,0,0,0,0,0,0,0,0,0,0,0,0,0,0,0,FALSE,FALSE,TRUE,,Long Left,Right,,
TPC Sawgrass - Black,8,3/13/2026,TPC Sawgrass,TPC Sawgrass - Black - 8,,Scottie Scheffler,,Scottie Scheffler - TPC Sawgrass - Round 2 -3/13/26,Scottie Scheffler – TPC Sawgrass – 3/13/26,,3,3,,,,223,,checked,checked,236,,,,,,,,,,,,,,,,,,,,,,,,,39.9,↘️ Short Right,2,2.8,2.8,,,,,,Black,236,15,0,76.8,76.8,155,18 Holes,39.9,39.9,,,0,0,3,0,1,3,3,0,,,Par,0,Scottie Scheffler – TPC Sawgrass – 3/13/26,1,1,0,Scottie Scheffler,0,N/A,0,0,0,0,1,0,0,0,0,0,0,0,0,0,0,0,0,0,0,1,0,0,0,1,0,0,0,0,0,0,0,0,0,0,0,0,0,0,1,0,0,0,0,0,0,0,0,0,0,0,0,0,0,0,1,0,,,,,,,,,,1,0,0,0,0,0,0,0,0,0,0,0,0,0,1,0,1,0,0,0,0,0,1,0,0,0,0,0,0,0,0,0,0,0,0,0,0,0,0,0,0,0,0,1,0,0,0,0,0,0,0,0,0,0,0,0,0,0,0,0,0,0,0,0,0,0,,0,0,0,,0,0,0,0,0,0,0,0,0,0,0,0,0,0,0,0,0,0,1,0,0,0,0,0,0,0,0,0,0,0,0,0,0,0,0,0,0,0,0,0,0,0,0,0,0,0,0,0,0,0,0,0,0,0,FALSE,TRUE,TRUE,,Short Right,,,
TPC Sawgrass - Black,9,3/13/2026,TPC Sawgrass,TPC Sawgrass - Black - 9,,Scottie Scheffler,,Scottie Scheffler - TPC Sawgrass - Round 2 -3/13/26,Scottie Scheffler – TPC Sawgrass – 3/13/26,,5,5,,,checked,293,,checked,checked,21,,,,,,,,285,,↘️ Short Right,,,,,,,,,,1,,,,60 Degree Wedge,25.5,↖️ Long Left,2,2.9,2.9,,,,,,Black,601,3,0,76.8,76.8,155,18 Holes,25.5,,,25.5,0,0,5,0,1,5,5,0,,,Par,1,Scottie Scheffler – TPC Sawgrass – 3/13/26,1,1,0,Scottie Scheffler,1,100%,1,0,0,0,1,0,0,0,0,0,0,0,0,0,0,0,0,0,0,1,0,0,0,1,0,0,0,0,0,0,0,0,0,0,0,0,0,0,1,0,0,0,0,0,0,0,0,0,0,0,0,0,0,0,1,,,,,,,,,,0,0,0,0,0,0,0,1,0,0,0,0,0,0,1,1,0,1,0,1,0,0,0,0,0,0,0,0,0,0,0,0,0,0,0,1,0,0,0,0,0,0,0,0,1,0,0,0,0,0,0,0,0,0,0,0,1,0,1,0,0,0,0,0,0,0,0,,0,0,0,,0,0,0,0,0,0,0,0,0,0,0,0,0,0,0,0,0,0,0,0,0,0,0,0,0,0,0,0,0,1,0,0,0,0,0,0,0,0,0,0,0,0,0,0,0,0,0,0,0,0,0,0,0,0,TRUE,TRUE,TRUE,,Long Left,,,
TPC Sawgrass - Black,10,3/13/2026,TPC Sawgrass,TPC Sawgrass - Black - 10,,Scottie Scheffler,,Scottie Scheffler - TPC Sawgrass - Round 2 -3/13/26,Scottie Scheffler – TPC Sawgrass – 3/13/26,,4,4,,,checked,255,,checked,checked,164,,,,,,,,,,,,,,,,,,,,,,,,,5.4,⬅️ Hole High Left,2,2,2,,,,,,Black,419,10,0,76.8,76.8,155,18 Holes,5.4,,5.4,,1,0,4,0,0,,,1,4,4,Par,1,Scottie Scheffler – TPC Sawgrass – 3/13/26,1,1,0,Scottie Scheffler,1,100%,1,0,0,0,1,0,0,0,0,0,0,0,0,0,0,0,0,0,0,1,0,0,0,1,0,0,0,0,0,0,0,0,0,0,0,0,0,0,1,0,0,0,0,0,0,0,0,0,0,0,0,0,0,0,1,,,,,,0,,,,,0,0,0,0,0,1,0,0,0,0,0,0,0,1,1,0,1,0,1,0,0,0,0,0,0,0,0,0,1,0,0,0,0,0,0,0,0,0,0,0,0,0,0,0,0,0,0,0,1,0,0,0,0,0,1,0,1,0,1,1,0,0,1,1,0,0,,0,0,0,,0,0,0,0,0,0,0,0,0,0,0,0,0,0,0,0,0,0,0,0,0,0,0,1,0,0,0,0,0,0,0,0,0,0,0,0,0,0,0,0,0,0,0,0,0,0,0,0,0,0,0,0,0,0,TRUE,TRUE,TRUE,,Hole High Left,,,
TPC Sawgrass - Black,11,3/13/2026,TPC Sawgrass,TPC Sawgrass - Black - 11,,Scottie Scheffler,,Scottie Scheffler - TPC Sawgrass - Round 2 -3/13/26,Scottie Scheffler – TPC Sawgrass – 3/13/26,,5,4,,,checked,309,,checked,checked,276,,,,,checked,,,,,,,,,,,,,,,,,,,,37.5,⬇️ Short,2,6.5,6.5,,,,,,Black,573,2,-1,76.8,76.8,155,18 Holes,37.5,,,37.5,0,0,5,-1,0,,,1,4,5,Birdie,1,Scottie Scheffler – TPC Sawgrass – 3/13/26,1,1,1,Scottie Scheffler,1,100%,1,0,0,1,0,0,0,0,0,0,0,0,0,0,0,0,0,0,0,1,0,0,0,0,1,0,0,0,0,0,0,0,0,0,0,0,0,1,0,0,0,0,0,0,0,0,0,0,0,0,0,0,0,0,1,,,,,,,,,,-1,0,0,0,0,0,0,1,0,0,0,0,0,0,1,1,0,1,0,1,0,0,0,0,0,0,0,0,0,0,0,0,0,0,1,0,0,0,0,0,0,0,0,0,0,0,0,0,0,1,0,0,0,0,0,0,1,0,1,0,0,0,0,0,0,0,0,,0,0,0,,0,0,0,0,0,0,0,0,0,0,0,0,0,0,0,0,0,0,0,0,0,0,0,0,0,0,0,0,1,0,0,0,0,0,0,0,0,0,0,0,0,0,0,0,0,0,0,0,0,0,0,0,0,0,TRUE,TRUE,TRUE,,Short,,,
TPC Sawgrass - Black,12,3/13/2026,TPC Sawgrass,TPC Sawgrass - Black - 12,,Scottie Scheffler,,Scottie Scheffler - TPC Sawgrass - Round 2 -3/13/26,Scottie Scheffler – TPC Sawgrass – 3/13/26,,4,4,,,checked,234,,,,114,,,⬇️ Short,,,,,,,,,,,,,,,1,60 Degree Wedge,,,,,,4.3,⬇️ Short,1,4.3,,,,,,,Black,365,14,0,76.8,76.8,155,18 Holes,,,,,1,1,4,0,0,,,1,4,4,Par,1,Scottie Scheffler – TPC Sawgrass – 3/13/26,0,0,0,Scottie Scheffler,1,100%,0,0,0,0,1,0,0,0,1,1,1,1,1,1,1,1,1,0,1,0,0,0,0,0,0,0,0,0,0,0,0,0,1,0,0,0,0,0,0,0,0,0,0,0,0,0,0,0,0,0,0,0,0,0,1,,,,0,,,,,,,0,0,0,0,1,0,0,0,0,0,0,0,1,0,0,0,0,0,0,0,0,0,0,0,0,0,0,0,1,0,0,0,0,0,0,0,0,0,0,0,1,1,0,0,0,0,0,0,1,0,0,0,0,0,0,0,1,0,0,0,0,0,0,0,0,0,,0,1,0,,0,0,0,0,0,0,0,1,0,0,0,0,0,0,0,0,0,0,0,0,0,0,0,0,0,0,0,0,0,0,0,0,0,0,0,0,0,0,0,0,0,0,0,0,0,0,0,0,0,0,0,0,0,0,TRUE,FALSE,FALSE,Short,Short,,,
TPC Sawgrass - Black,13,3/13/2026,TPC Sawgrass,TPC Sawgrass - Black - 13,,Scottie Scheffler,,Scottie Scheffler - TPC Sawgrass - Round 2 -3/13/26,Scottie Scheffler – TPC Sawgrass – 3/13/26,,3,3,,,,186,,checked,checked,189,,,,,,,,,,,,,,,,,,,,,,,,,10.2,↘️ Short Right,2,2.3,2.3,,,,,,Black,183,18,0,76.8,76.8,155,18 Holes,10.2,10.2,,,0,0,3,0,0,,,1,3,3,Par,0,Scottie Scheffler – TPC Sawgrass – 3/13/26,1,1,0,Scottie Scheffler,0,N/A,0,0,0,0,1,0,0,0,0,0,0,0,0,0,0,0,0,0,0,1,0,0,0,1,0,0,0,0,0,0,0,0,0,0,0,0,0,0,1,0,0,0,0,0,0,0,0,0,0,0,0,0,0,0,1,0,,,,,,,,,,1,0,0,0,0,0,0,0,0,0,0,0,0,0,1,0,1,0,0,0,0,0,1,0,0,0,0,0,0,0,0,0,0,0,0,0,0,0,0,0,0,0,0,0,0,0,0,0,0,0,0,0,1,0,0,0,0,0,1,0,1,0,0,0,0,0,,0,0,0,,0,0,0,0,0,0,0,0,0,0,0,0,0,0,0,0,0,0,1,0,0,0,0,0,0,0,0,0,0,0,0,0,0,0,0,0,0,0,0,0,0,0,0,0,0,0,0,0,0,0,0,0,0,0,FALSE,TRUE,TRUE,,Short Right,,,
TPC Sawgrass - Black,14,3/13/2026,TPC Sawgrass,TPC Sawgrass - Black - 14,,Scottie Scheffler,,Scottie Scheffler - TPC Sawgrass - Round 2 -3/13/26,Scottie Scheffler – TPC Sawgrass – 3/13/26,,4,5,,,,314,➡️ Right,,,183,,,↘️ Short Right,,,,,,,,,,,,,,,1,60 Degree Wedge,,,,,,11.8,⬇️ Short,2,2.1,2.1,,,,,,Black,485,12,1,76.8,76.8,155,18 Holes,,,,,0,0,4,1,0,,,1,5,4,Bogey,0,Scottie Scheffler – TPC Sawgrass – 3/13/26,0,0,0,Scottie Scheffler,1,0%,0,0,0,0,0,1,0,0,1,1,0,0,0,0,1,0,0,0,0,1,0,0,0,0,0,0,0,0,0,0,0,0,0,0,0,0,0,0,0,1,0,0,0,0,0,0,0,0,0,0,0,0,0,0,1,,,,,1,,,,,,0,0,0,1,0,0,0,0,0,0,0,1,0,0,0,1,0,1,0,1,0,0,0,0,0,0,0,0,0,1,0,0,0,0,0,0,0,0,0,0,0,0,0,0,0,0,0,0,0,0,0,0,0,1,0,0,0,0,0,0,0,0,0,0,0,0,,0,0,0,,0,0,0,0,0,0,0,0,0,0,0,0,0,0,0,0,0,0,0,0,0,0,0,0,1,0,0,0,0,0,0,0,0,0,0,0,0,0,0,0,0,0,0,0,0,0,0,0,0,0,0,0,0,0,FALSE,FALSE,FALSE,Short Right,Short,Right,,
TPC Sawgrass - Black,15,3/13/2026,TPC Sawgrass,TPC Sawgrass - Black - 15,,Scottie Scheffler,,Scottie Scheffler - TPC Sawgrass - Round 2 -3/13/26,Scottie Scheffler – TPC Sawgrass – 3/13/26,,4,4,,,,304,⬅️ Left,checked,checked,179,,,,,,,,,,,,,,,,,,,,,,,,,18.3,↙️ Short Left,2,1.5,1.5,,,,,,Black,470,8,0,76.8,76.8,155,18 Holes,18.3,,18.3,,0,0,4,0,0,,,1,4,4,Par,0,Scottie Scheffler – TPC Sawgrass – 3/13/26,1,1,0,Scottie Scheffler,1,0%,0,0,0,0,1,0,0,0,0,0,0,0,0,0,0,0,0,0,0,1,0,0,0,0,0,0,0,0,0,0,0,0,0,0,0,0,0,0,1,0,0,0,0,0,0,0,0,0,0,0,0,0,0,0,1,,,0,,,,,,,,0,0,1,0,0,0,0,0,0,0,1,0,0,0,0,0,0,0,0,0,0,0,0,0,0,0,0,0,1,0,0,0,0,0,0,0,0,0,0,0,0,0,0,0,0,0,0,0,0,0,0,0,1,0,1,0,0,0,1,0,0,0,1,0,0,0,,0,0,0,,0,0,0,0,0,0,0,0,0,0,0,0,0,0,0,0,0,0,0,0,0,0,0,1,0,0,0,0,0,0,0,0,0,0,0,0,0,0,0,0,0,0,0,0,0,0,0,0,0,0,0,0,0,0,FALSE,TRUE,TRUE,,Short Left,Left,,
TPC Sawgrass - Black,16,3/13/2026,TPC Sawgrass,TPC Sawgrass - Black - 16,,Scottie Scheffler,,Scottie Scheffler - TPC Sawgrass - Round 2 -3/13/26,Scottie Scheffler – TPC Sawgrass – 3/13/26,,5,6,checked,checked,,302,➡️ Right,checked,checked,96,,,,,,,,235,,,,,,,,,,,,,,,⬆️ Long,,11.7,↘️ Short Right,3,1.5,2.5,1.5,,,,,Black,537,4,1,76.8,76.8,155,18 Holes,11.7,,,11.7,0,0,5,1,0,,,1,6,5,Bogey,0,Scottie Scheffler – TPC Sawgrass – 3/13/26,1,1,0,Scottie Scheffler,1,0%,0,0,0,0,0,1,0,0,0,0,0,0,0,0,0,0,0,0,0,0,1,0,0,0,0,0,0,0,0,0,0,0,0,0,0,0,0,0,0,0,0,0,0,0,0,1,0,0,0,0,0,0,0,0,1,,,,,,,1,,,,0,0,0,0,0,0,0,0,1,0,1,0,0,0,0,0,0,0,0,0,0,0,0,0,0,0,0,0,0,0,0,0,0,0,0,1,0,0,0,0,0,0,0,0,0,0,1,0,0,0,0,0,0,0,0,1,0,0,1,0,0,0,0,0,1,0,,0,0,0,,0,0,0,0,0,0,0,0,0,0,0,0,0,0,0,0,0,0,0,0,0,0,0,0,0,0,0,0,0,0,0,0,0,0,0,0,0,0,0,0,0,0,1,0,0,0,0,0,0,0,0,0,0,0,FALSE,TRUE,TRUE,,Short Right,Right,Long,
TPC Sawgrass - Black,17,3/13/2026,TPC Sawgrass,TPC Sawgrass - Black - 17,,Scottie Scheffler,,Scottie Scheffler - TPC Sawgrass - Round 2 -3/13/26,Scottie Scheffler – TPC Sawgrass – 3/13/26,,3,3,,,,137,,checked,checked,146,,,,,,,,,,,,,,,,,,,,,,,,,28.4,⬇️ Short,2,3.8,3.8,,,,,,Black,141,16,0,76.8,76.8,155,18 Holes,28.4,28.4,,,0,0,3,0,0,,,1,3,3,Par,0,Scottie Scheffler – TPC Sawgrass – 3/13/26,1,1,0,Scottie Scheffler,0,N/A,0,0,0,0,1,0,0,0,0,0,0,0,0,0,0,0,0,0,0,1,0,0,0,1,0,0,0,0,0,0,0,0,0,0,0,0,0,0,1,0,0,0,0,0,0,0,0,0,0,0,0,0,0,0,1,0,,,,,,,,,,1,0,0,0,0,0,0,0,0,0,0,0,0,0,1,0,1,0,0,0,0,0,1,0,0,0,0,0,0,0,0,0,0,0,0,0,0,0,0,0,0,0,1,0,0,0,0,0,0,0,0,0,0,0,0,0,0,0,0,0,0,0,0,0,0,0,,0,0,0,,0,0,0,0,0,0,0,0,0,0,0,0,0,0,0,0,0,0,1,0,0,0,0,0,0,0,0,0,0,0,0,0,0,0,0,0,0,0,0,0,0,0,0,0,0,0,0,0,0,0,0,0,0,0,FALSE,TRUE,TRUE,,Short,,,
TPC Sawgrass - Black,18,3/13/2026,TPC Sawgrass,TPC Sawgrass - Black - 18,,Scottie Scheffler,,Scottie Scheffler - TPC Sawgrass - Round 2 -3/13/26,Scottie Scheffler – TPC Sawgrass – 3/13/26,,4,3,,,checked,279,,checked,checked,172,,,,,,,,,,,,,,,,,,,,,,,,,,⬅️ Hole High Left,1,8.9,,,,,,,Black,462,6,-1,76.8,76.8,155,18 Holes,,,,,1,1,4,-1,0,,,1,3,4,Birdie,1,Scottie Scheffler – TPC Sawgrass – 3/13/26,1,1,0,Scottie Scheffler,1,100%,1,0,0,1,0,0,0,0,0,0,0,0,0,0,0,0,0,0,1,0,0,0,0,0,1,0,0,0,0,0,0,1,0,0,0,0,0,0,0,0,0,0,0,0,0,0,0,0,0,0,0,0,0,0,1,,,,,,-1,,,,,0,0,0,0,0,1,0,0,0,0,0,0,0,1,1,0,1,0,1,0,0,0,0,0,0,0,0,1,0,0,0,0,0,0,0,0,0,0,0,0,0,0,1,0,0,0,0,0,0,0,0,0,0,0,1,0,1,0,1,1,0,0,1,1,0,0,,0,0,0,,0,0,0,0,0,0,1,0,0,0,0,0,0,0,0,0,0,0,0,0,0,0,0,0,0,0,0,0,0,0,0,0,0,0,0,0,0,0,0,0,0,0,0,0,0,0,0,0,0,0,0,0,0,0,TRUE,TRUE,TRUE,,Hole High Left,,,
TPC Sawgrass - Black,1,3/14/2026,TPC Sawgrass,TPC Sawgrass - Black - 1,,Scottie Scheffler,,Scottie Scheffler - TPC Sawgrass - Round 3 -3/14/26,Scottie Scheffler – TPC Sawgrass – 3/14/26,,4,4,,,checked,273,,checked,checked,143,,,,,,,,,,,,,,,,,,,,,,,,,34.8,↗️ Long Right,2,2.3,2.3,,,,,,Black,424,11,0,76.8,76.8,155,18 Holes,34.8,,34.8,,0,0,4,0,1,4,4,0,,,Par,1,Scottie Scheffler – TPC Sawgrass – 3/14/26,1,1,0,Scottie Scheffler,1,100%,1,0,0,0,1,0,0,0,0,0,0,0,0,0,0,0,0,0,0,1,0,0,0,1,0,0,0,0,0,0,0,0,0,0,0,0,0,0,1,0,0,0,0,0,0,0,0,0,0,0,0,0,0,0,1,,,,,,0,,,,,0,0,0,0,0,1,0,0,0,0,0,0,0,1,1,0,1,0,1,0,0,0,0,0,0,0,0,0,1,0,0,0,0,0,0,0,0,0,0,0,0,0,0,0,1,0,0,0,0,0,0,0,0,0,1,0,1,0,0,0,0,0,0,0,0,0,,0,0,0,,0,0,0,0,0,0,0,0,0,0,0,0,0,0,0,0,0,0,0,0,0,0,0,1,0,0,0,0,0,0,0,0,0,0,0,0,0,0,0,0,0,0,0,0,0,0,0,0,0,0,0,0,0,0,TRUE,TRUE,TRUE,,Long Right,,,
TPC Sawgrass - Black,2,3/14/2026,TPC Sawgrass,TPC Sawgrass - Black - 2,,Scottie Scheffler,,Scottie Scheffler - TPC Sawgrass - Round 3 -3/14/26,Scottie Scheffler – TPC Sawgrass – 3/14/26,,5,4,,,checked,279,,checked,checked,278,,,,,checked,,,,,,,,,,,,,,,,,,,,39.2,↙️ Short Left,2,1.8,1.8,,,,,,Black,555,15,-1,76.8,76.8,155,18 Holes,39.2,,,39.2,0,0,5,-1,1,4,5,0,,,Birdie,1,Scottie Scheffler – TPC Sawgrass – 3/14/26,1,1,1,Scottie Scheffler,1,100%,1,0,0,1,0,0,0,0,0,0,0,0,0,0,0,0,0,0,0,1,0,0,0,0,1,0,0,0,0,0,0,0,0,0,0,0,0,1,0,0,0,0,0,0,0,0,0,0,0,0,0,0,0,0,1,,,,,,,,,,-1,0,0,0,0,0,0,1,0,0,0,0,0,0,1,1,0,1,0,1,0,0,0,0,0,0,0,0,0,0,0,0,0,0,1,0,0,0,0,0,0,0,0,0,0,1,0,0,0,0,0,0,0,0,0,0,1,0,1,0,0,0,0,0,0,0,0,,0,0,0,,0,0,0,0,0,0,0,0,0,0,0,0,0,0,0,0,0,0,0,0,0,0,0,0,0,0,0,0,1,0,0,0,0,0,0,0,0,0,0,0,0,0,0,0,0,0,0,0,0,0,0,0,0,0,TRUE,TRUE,TRUE,,Short Left,,,
TPC Sawgrass - Black,3,3/14/2026,TPC Sawgrass,TPC Sawgrass - Black - 3,,Scottie Scheffler,,Scottie Scheffler - TPC Sawgrass - Round 3 -3/14/26,Scottie Scheffler – TPC Sawgrass – 3/14/26,,3,3,,,,183,,,,189,,,↘️ Short Right,,,,,,,,,,,,,,,1,Putter,,,,,,2.1,Tight (3 feet or less) ,1,2.1,,,,,,,Black,182,17,0,76.8,76.8,155,18 Holes,,,,,1,1,3,0,1,3,3,0,,,Par,0,Scottie Scheffler – TPC Sawgrass – 3/14/26,0,0,0,Scottie Scheffler,0,N/A,0,0,0,0,1,0,0,0,1,1,1,1,1,1,1,1,1,0,1,0,0,0,0,0,0,0,1,0,0,0,0,0,1,0,0,0,0,0,0,0,0,0,0,0,0,0,0,0,0,0,0,0,0,0,1,,0,,,,,,,,,0,1,0,0,0,0,0,0,0,0,0,0,0,0,0,1,0,1,0,0,0,0,1,0,0,0,0,0,0,0,0,0,0,0,0,0,0,0,0,0,1,1,0,0,1,0,0,0,0,0,0,0,0,0,0,0,0,0,0,0,0,0,0,0,0,0,,1,0,0,,0,1,0,0,0,0,0,0,0,0,0,0,0,0,0,0,0,0,0,0,0,0,0,0,0,0,0,0,0,0,0,0,0,0,0,0,0,0,0,0,0,0,0,0,0,0,0,0,0,0,0,0,0,0,FALSE,FALSE,FALSE,Short Right,Tight (3 feet or less),,,
TPC Sawgrass - Black,4,3/14/2026,TPC Sawgrass,TPC Sawgrass - Black - 4,,Scottie Scheffler,,Scottie Scheffler - TPC Sawgrass - Round 3 -3/14/26,Scottie Scheffler – TPC Sawgrass – 3/14/26,,4,4,,,,237,➡️ Right,,checked,64,,,,,,,,,,,,,,,,,,,,,,,,,6.8,↗️ Long Right,1,6.8,,,,,,,Black,387,5,0,76.8,76.8,155,18 Holes,,,,,1,1,4,0,1,4,4,0,,,Par,0,Scottie Scheffler – TPC Sawgrass – 3/14/26,0,1,0,Scottie Scheffler,1,0%,0,0,0,0,1,0,0,0,0,0,0,0,0,0,1,1,1,0,1,0,0,0,0,0,0,0,1,0,0,0,0,0,1,0,0,0,0,0,0,0,0,0,0,0,0,0,0,0,0,0,0,0,0,0,1,,,,,0,,,,,,0,0,0,1,0,0,0,0,0,0,0,1,0,0,0,1,0,1,0,1,0,0,0,0,0,0,0,0,1,0,0,0,0,0,0,0,0,0,0,0,1,1,0,0,0,0,0,0,0,0,1,0,0,0,0,0,0,0,0,0,0,0,0,0,0,0,,0,1,0,,0,0,0,0,0,0,0,1,0,0,0,0,0,0,0,0,0,0,0,0,0,0,0,0,0,0,0,0,0,0,0,0,0,0,0,0,0,0,0,0,0,0,0,0,0,0,0,0,0,0,0,0,0,0,FALSE,FALSE,TRUE,,Long Right,Right,,
TPC Sawgrass - Black,5,3/14/2026,TPC Sawgrass,TPC Sawgrass - Black - 5,,Scottie Scheffler,,Scottie Scheffler - TPC Sawgrass - Round 3 -3/14/26,Scottie Scheffler – TPC Sawgrass – 3/14/26,,4,3,,,checked,275,,checked,checked,200,,6,,,,,,,,,,,,,,,,,,,,,,,9.8,⬇️ Short,1,9.8,,,,,,,Black,469,7,-1,76.8,76.8,155,18 Holes,9.8,,9.8,,1,1,4,-1,1,3,4,0,,,Birdie,1,Scottie Scheffler – TPC Sawgrass – 3/14/26,1,1,0,Scottie Scheffler,1,100%,1,0,0,1,0,0,0,0,0,0,0,0,0,0,0,0,0,0,1,0,0,0,0,0,1,0,0,0,0,0,0,1,0,0,0,0,0,0,0,0,0,0,0,0,0,0,0,0,0,0,0,0,0,0,1,,,,,,-1,,,,,0,0,0,0,0,1,0,0,0,0,0,0,0,1,1,0,1,0,1,0,0,0,0,0,0,0,0,1,0,0,0,0,0,0,0,0,0,0,0,0,0,0,0,0,0,0,0,0,0,0,1,0,0,0,1,0,1,0,1,1,0,0,1,1,0,0,,0,0,0,,0,0,0,0,0,0,1,0,0,0,0,0,0,0,0,0,0,0,0,0,0,0,0,0,0,0,0,0,0,0,0,0,0,0,0,0,0,0,0,0,0,0,0,0,0,0,0,0,0,0,0,0,0,0,TRUE,TRUE,TRUE,,Short,,,
TPC Sawgrass - Black,6,3/14/2026,TPC Sawgrass,TPC Sawgrass - Black - 6,,Scottie Scheffler,,Scottie Scheffler - TPC Sawgrass - Round 3 -3/14/26,Scottie Scheffler – TPC Sawgrass – 3/14/26,,4,3,,,checked,328,,checked,checked,83,,,,,,,,,,,,,,,,,,,,,,,,,19,↙️ Short Left,1,19,,,,,,,Black,413,13,-1,76.8,76.8,155,18 Holes,19,,19,,0,0,4,-1,1,3,4,0,,,Birdie,1,Scottie Scheffler – TPC Sawgrass – 3/14/26,1,1,0,Scottie Scheffler,1,100%,1,0,0,1,0,0,0,0,0,0,0,0,0,0,0,0,0,0,1,0,0,0,0,0,1,0,0,0,0,0,0,1,0,0,0,0,0,0,0,0,0,0,0,0,0,0,0,0,0,0,0,0,0,0,1,,,,,,-1,,,,,0,0,0,0,0,1,0,0,0,0,0,0,0,1,1,0,1,0,1,0,0,0,0,0,0,0,0,1,0,0,0,0,0,0,0,0,0,0,0,0,0,0,0,0,0,0,0,0,0,0,1,0,0,0,1,0,1,0,1,0,0,0,1,0,0,0,,0,0,0,,0,0,0,0,0,0,1,0,0,0,0,0,0,0,0,0,0,0,0,0,0,0,0,0,0,0,0,0,0,0,0,0,0,0,0,0,0,0,0,0,0,0,0,0,0,0,0,0,0,0,0,0,0,0,TRUE,TRUE,TRUE,,Short Left,,,
TPC Sawgrass - Black,7,3/14/2026,TPC Sawgrass,TPC Sawgrass - Black - 7,,Scottie Scheffler,,Scottie Scheffler - TPC Sawgrass - Round 3 -3/14/26,Scottie Scheffler – TPC Sawgrass – 3/14/26,,4,4,,,checked,288,,,,144,,,↖️ Long Left,,,,,,,,,,,,,,,1,Putter,,,,,,0.7,Tight (3 feet or less) ,1,0.7,,,,,,,Black,450,9,0,76.8,76.8,155,18 Holes,,,,,1,1,4,0,1,4,4,0,,,Par,1,Scottie Scheffler – TPC Sawgrass – 3/14/26,0,0,0,Scottie Scheffler,1,100%,0,0,0,0,1,0,0,0,1,1,1,1,1,1,1,1,1,0,1,0,0,0,0,0,0,0,0,0,0,0,0,0,1,0,0,0,0,0,0,0,0,0,0,0,0,0,0,0,0,0,0,0,0,0,1,,,,0,,,,,,,0,0,0,0,1,0,0,0,0,0,0,0,1,0,0,0,0,0,0,0,0,0,0,0,0,0,0,0,1,0,0,0,0,0,0,0,0,0,0,0,1,1,0,1,0,0,0,0,0,0,0,0,0,0,0,0,1,0,0,0,0,0,0,0,0,0,,0,1,0,,0,0,0,0,0,0,0,1,0,0,0,0,0,0,0,0,0,0,0,0,0,0,0,0,0,0,0,0,0,0,0,0,0,0,0,0,0,0,0,0,0,0,0,0,0,0,0,0,0,0,0,0,0,0,TRUE,FALSE,FALSE,Long Left,Tight (3 feet or less),,,
TPC Sawgrass - Black,8,3/14/2026,TPC Sawgrass,TPC Sawgrass - Black - 8,,Scottie Scheffler,,Scottie Scheffler - TPC Sawgrass - Round 3 -3/14/26,Scottie Scheffler – TPC Sawgrass – 3/14/26,,3,3,,,,206,,,,217,,,↙️ Short Left,,,,,,,,,,,,,,,1,60 Degree Wedge,,,,,,1.8,Tight (3 feet or less) ,1,1.8,,,,,,,Black,236,15,0,76.8,76.8,155,18 Holes,,,,,1,1,3,0,1,3,3,0,,,Par,0,Scottie Scheffler – TPC Sawgrass – 3/14/26,0,0,0,Scottie Scheffler,0,N/A,0,0,0,0,1,0,0,0,1,1,1,1,1,1,1,1,1,0,1,0,0,0,0,0,0,0,1,0,0,0,0,0,1,0,0,0,0,0,0,0,0,0,0,0,0,0,0,0,0,0,0,0,0,0,1,,0,,,,,,,,,0,1,0,0,0,0,0,0,0,0,0,0,0,0,0,1,0,1,0,0,0,0,1,0,0,0,0,0,0,0,0,0,0,0,0,0,0,0,0,0,1,1,0,1,0,0,0,0,0,0,0,0,0,0,0,0,0,0,0,0,0,0,0,0,0,0,,1,0,0,,0,1,0,0,0,0,0,0,0,0,0,0,0,0,0,0,0,0,0,0,0,0,0,0,0,0,0,0,0,0,0,0,0,0,0,0,0,0,0,0,0,0,0,0,0,0,0,0,0,0,0,0,0,0,FALSE,FALSE,FALSE,Short Left,Tight (3 feet or less),,,
TPC Sawgrass - Black,9,3/14/2026,TPC Sawgrass,TPC Sawgrass - Black - 9,,Scottie Scheffler,,Scottie Scheffler - TPC Sawgrass - Round 3 -3/14/26,Scottie Scheffler – TPC Sawgrass – 3/14/26,,5,5,checked,checked,,277,⬅️ Left,checked,checked,141,,,,,,,,,,,,,,,,,,,,,,,,,26.9,⬇️ Short,2,4.1,4.1,,,,,,Black,601,3,0,76.8,76.8,155,18 Holes,26.9,,,26.9,0,0,5,0,1,5,5,0,,,Par,0,Scottie Scheffler – TPC Sawgrass – 3/14/26,1,1,0,Scottie Scheffler,1,0%,0,0,0,0,1,0,0,0,0,0,0,0,0,0,0,0,0,0,0,1,0,0,0,0,0,0,0,0,0,0,0,0,0,0,0,0,0,0,1,0,0,0,0,0,0,0,0,0,0,0,0,0,0,0,1,,,,,,,0,,,,0,0,0,0,0,0,0,0,1,0,1,0,0,0,0,0,0,0,0,0,0,0,0,0,0,0,0,0,0,0,0,0,0,0,1,0,0,0,0,0,0,0,0,1,0,0,0,0,0,0,0,0,0,0,0,1,0,0,0,0,0,0,0,0,0,0,,0,0,0,,0,0,0,0,0,0,0,0,0,0,0,0,0,0,0,0,0,0,0,0,0,0,0,0,0,0,0,0,0,1,0,0,0,0,0,0,0,0,0,0,0,0,0,0,0,0,0,0,0,0,0,0,0,0,FALSE,TRUE,TRUE,,Short,Left,,
TPC Sawgrass - Black,10,3/14/2026,TPC Sawgrass,TPC Sawgrass - Black - 10,,Scottie Scheffler,,Scottie Scheffler - TPC Sawgrass - Round 3 -3/14/26,Scottie Scheffler – TPC Sawgrass – 3/14/26,,4,4,,,checked,252,,checked,checked,167,,,,,,,,,,,,,,,,,,,,,,,,,15.8,⬇️ Short,2,0.5,0.5,,,,,,Black,419,10,0,76.8,76.8,155,18 Holes,15.8,,15.8,,0,0,4,0,0,,,1,4,4,Par,1,Scottie Scheffler – TPC Sawgrass – 3/14/26,1,1,0,Scottie Scheffler,1,100%,1,0,0,0,1,0,0,0,0,0,0,0,0,0,0,0,0,0,0,1,0,0,0,1,0,0,0,0,0,0,0,0,0,0,0,0,0,0,1,0,0,0,0,0,0,0,0,0,0,0,0,0,0,0,1,,,,,,0,,,,,0,0,0,0,0,1,0,0,0,0,0,0,0,1,1,0,1,0,1,0,0,0,0,0,0,0,0,0,1,0,0,0,0,0,0,0,0,0,0,0,0,0,0,0,0,0,0,0,1,0,0,0,0,0,1,0,1,0,1,0,0,0,1,0,0,0,,0,0,0,,0,0,0,0,0,0,0,0,0,0,0,0,0,0,0,0,0,0,0,0,0,0,0,1,0,0,0,0,0,0,0,0,0,0,0,0,0,0,0,0,0,0,0,0,0,0,0,0,0,0,0,0,0,0,TRUE,TRUE,TRUE,,Short,,,
TPC Sawgrass - Black,11,3/14/2026,TPC Sawgrass,TPC Sawgrass - Black - 11,,Scottie Scheffler,,Scottie Scheffler - TPC Sawgrass - Round 3 -3/14/26,Scottie Scheffler – TPC Sawgrass – 3/14/26,,5,5,,,checked,309,,,checked,115,,,,,,,,250,5W,↘️ Short Right,,,1,5W,Hazard - Water,,,,,,,,,,1.8,Tight (3 feet or less) ,1,1.8,,,,,,,Black,573,2,0,76.8,76.8,155,18 Holes,,,,,1,1,5,0,0,,,1,5,5,Par,1,Scottie Scheffler – TPC Sawgrass – 3/14/26,0,1,0,Scottie Scheffler,1,100%,0,0,0,0,1,0,0,0,0,0,0,0,0,0,1,1,1,0,1,0,0,0,0,0,0,0,0,0,0,0,0,0,1,0,0,0,0,0,0,0,0,0,0,0,0,0,0,0,0,0,0,0,0,0,1,,,,,,,,0,,,0,0,0,0,0,0,0,1,0,0,0,0,1,0,0,0,0,0,0,0,0,0,0,0,0,0,0,0,0,0,0,0,0,0,1,0,0,0,0,0,1,1,0,0,0,0,0,0,1,0,0,0,0,0,0,0,0,1,0,0,0,0,0,0,0,0,,0,0,1,,0,0,0,0,0,0,0,0,0,0,0,0,0,0,1,0,0,0,0,0,0,0,0,0,0,0,0,0,0,0,0,0,0,0,0,0,0,0,0,0,0,0,0,0,0,0,0,0,0,0,0,0,0,0,TRUE,FALSE,TRUE,,Tight (3 feet or less),,,
TPC Sawgrass - Black,12,3/14/2026,TPC Sawgrass,TPC Sawgrass - Black - 12,,Scottie Scheffler,,Scottie Scheffler - TPC Sawgrass - Round 3 -3/14/26,Scottie Scheffler – TPC Sawgrass – 3/14/26,,4,3,,,checked,272,,checked,checked,59,,,,,,,,,,,,,,,,,,,,,,,,,4.2,↗️ Long Right,1,4.2,,,,,,,Black,365,14,-1,76.8,76.8,155,18 Holes,4.2,,4.2,,1,1,4,-1,0,,,1,3,4,Birdie,1,Scottie Scheffler – TPC Sawgrass – 3/14/26,1,1,0,Scottie Scheffler,1,100%,1,0,0,1,0,0,0,0,0,0,0,0,0,0,0,0,0,0,1,0,0,0,0,0,1,0,0,0,0,0,0,1,0,0,0,0,0,0,0,0,0,0,0,0,0,0,0,0,0,0,0,0,0,0,1,,,,,,-1,,,,,0,0,0,0,0,1,0,0,0,0,0,0,0,1,1,0,1,0,1,0,0,0,0,0,0,0,0,1,0,0,0,0,0,0,0,0,0,0,0,0,0,0,0,0,0,0,0,0,1,0,0,0,0,0,1,0,1,0,1,1,0,0,1,1,0,0,,0,0,0,,0,0,0,0,0,0,1,0,0,0,0,0,0,0,0,0,0,0,0,0,0,0,0,0,0,0,0,0,0,0,0,0,0,0,0,0,0,0,0,0,0,0,0,0,0,0,0,0,0,0,0,0,0,0,TRUE,TRUE,TRUE,,Long Right,,,
TPC Sawgrass - Black,13,3/14/2026,TPC Sawgrass,TPC Sawgrass - Black - 13,,Scottie Scheffler,,Scottie Scheffler - TPC Sawgrass - Round 3 -3/14/26,Scottie Scheffler – TPC Sawgrass – 3/14/26,,3,3,,,,201,,,,192,,,,,,,,,,,,,,,,,,1,60 Degree Wedge,,,,,,1.8,Tight (3 feet or less) ,1,1.8,,,,,,,Black,183,18,0,76.8,76.8,155,18 Holes,,,,,1,1,3,0,0,,,1,3,3,Par,0,Scottie Scheffler – TPC Sawgrass – 3/14/26,0,0,0,Scottie Scheffler,0,N/A,0,0,0,0,1,0,0,0,1,1,1,1,1,1,1,1,1,0,1,0,0,0,0,0,0,0,1,0,0,0,0,0,1,0,0,0,0,0,0,0,0,0,0,0,0,0,0,0,0,0,0,0,0,0,1,,0,,,,,,,,,0,1,0,0,0,0,0,0,0,0,0,0,0,0,0,1,0,1,0,0,0,0,1,0,0,0,0,0,0,0,0,0,0,0,0,0,0,0,0,0,1,1,0,0,0,0,0,0,0,0,0,0,1,0,0,0,0,0,0,0,0,0,0,0,0,0,,1,0,0,,0,1,0,0,0,0,0,0,0,0,0,0,0,0,0,0,0,0,0,0,0,0,0,0,0,0,0,0,0,0,0,0,0,0,0,0,0,0,0,0,0,0,0,0,0,0,0,0,0,0,0,0,0,0,FALSE,FALSE,FALSE,,Tight (3 feet or less),,,
TPC Sawgrass - Black,14,3/14/2026,TPC Sawgrass,TPC Sawgrass - Black - 14,,Scottie Scheffler,,Scottie Scheffler - TPC Sawgrass - Round 3 -3/14/26,Scottie Scheffler – TPC Sawgrass – 3/14/26,,4,4,,,checked,327,,checked,checked,149,,,,,,,,,,,,,,,,,,,,,,,,,31.2,↖️ Long Left,2,0.8,0.8,,,,,,Black,485,12,0,76.8,76.8,155,18 Holes,31.2,,31.2,,0,0,4,0,0,,,1,4,4,Par,1,Scottie Scheffler – TPC Sawgrass – 3/14/26,1,1,0,Scottie Scheffler,1,100%,1,0,0,0,1,0,0,0,0,0,0,0,0,0,0,0,0,0,0,1,0,0,0,1,0,0,0,0,0,0,0,0,0,0,0,0,0,0,1,0,0,0,0,0,0,0,0,0,0,0,0,0,0,0,1,,,,,,0,,,,,0,0,0,0,0,1,0,0,0,0,0,0,0,1,1,0,1,0,1,0,0,0,0,0,0,0,0,0,1,0,0,0,0,0,0,0,0,0,0,0,0,0,0,0,0,0,0,0,0,0,0,0,1,0,1,0,1,0,0,0,0,0,0,0,0,0,,0,0,0,,0,0,0,0,0,0,0,0,0,0,0,0,0,0,0,0,0,0,0,0,0,0,0,1,0,0,0,0,0,0,0,0,0,0,0,0,0,0,0,0,0,0,0,0,0,0,0,0,0,0,0,0,0,0,TRUE,TRUE,TRUE,,Long Left,,,
TPC Sawgrass - Black,15,3/14/2026,TPC Sawgrass,TPC Sawgrass - Black - 15,,Scottie Scheffler,,Scottie Scheffler - TPC Sawgrass - Round 3 -3/14/26,Scottie Scheffler – TPC Sawgrass – 3/14/26,,4,4,,,checked,305,,,,171,,,↗️ Long Right,,,,,,,,,,,,,,,1,60 Degree Wedge,,,,,,4.8,⬅️ Hole High Left,1,4.8,,,,,,,Black,470,8,0,76.8,76.8,155,18 Holes,,,,,1,1,4,0,0,,,1,4,4,Par,1,Scottie Scheffler – TPC Sawgrass – 3/14/26,0,0,0,Scottie Scheffler,1,100%,0,0,0,0,1,0,0,0,1,1,1,1,1,1,1,1,1,0,1,0,0,0,0,0,0,0,0,0,0,0,0,0,1,0,0,0,0,0,0,0,0,0,0,0,0,0,0,0,0,0,0,0,0,0,1,,,,0,,,,,,,0,0,0,0,1,0,0,0,0,0,0,0,1,0,0,0,0,0,0,0,0,0,0,0,0,0,0,0,1,0,0,0,0,0,0,0,0,0,0,0,1,1,0,0,0,0,0,0,0,0,0,0,1,0,0,0,1,0,0,0,0,0,0,0,0,0,,0,1,0,,0,0,0,0,0,0,0,1,0,0,0,0,0,0,0,0,0,0,0,0,0,0,0,0,0,0,0,0,0,0,0,0,0,0,0,0,0,0,0,0,0,0,0,0,0,0,0,0,0,0,0,0,0,0,TRUE,FALSE,FALSE,Long Right,Hole High Left,,,
TPC Sawgrass - Black,16,3/14/2026,TPC Sawgrass,TPC Sawgrass - Black - 16,,Scottie Scheffler,,Scottie Scheffler - TPC Sawgrass - Round 3 -3/14/26,Scottie Scheffler – TPC Sawgrass – 3/14/26,,5,5,checked,checked,,302,⬅️ Left,,,31,,,⬆️ Long,,,,,217,,,,,,,,,,,,,,,,,2,Tight (3 feet or less) ,1,2,,,,,,,Black,537,4,0,76.8,76.8,155,18 Holes,,,,,1,1,5,0,0,,,1,5,5,Par,0,Scottie Scheffler – TPC Sawgrass – 3/14/26,0,0,0,Scottie Scheffler,1,0%,0,0,0,0,1,0,0,0,0,0,0,0,0,0,1,1,1,0,1,0,0,0,0,0,0,0,1,0,0,0,0,0,1,0,0,0,0,0,0,0,0,0,0,0,0,0,0,0,0,0,0,0,0,0,1,,,,,,,,,0,,0,0,0,0,0,0,0,0,0,1,0,1,0,0,0,1,0,1,0,1,0,0,0,0,0,0,0,0,0,0,0,0,0,0,1,0,0,0,0,0,1,1,1,0,0,0,0,0,0,0,0,0,0,0,0,0,0,0,0,0,0,0,0,0,0,0,,0,0,1,,0,0,0,0,0,0,0,0,0,0,0,0,0,0,1,0,0,0,0,0,0,0,0,0,0,0,0,0,0,0,0,0,0,0,0,0,0,0,0,0,0,0,0,0,0,0,0,0,0,0,0,0,0,0,FALSE,FALSE,FALSE,Long,Tight (3 feet or less),Left,,
TPC Sawgrass - Black,17,3/14/2026,TPC Sawgrass,TPC Sawgrass - Black - 17,,Scottie Scheffler,,Scottie Scheffler - TPC Sawgrass - Round 3 -3/14/26,Scottie Scheffler – TPC Sawgrass – 3/14/26,,3,2,,,,123,,,,126,,,⬇️ Short,,,,,,,,,,,,,,,1,Putter,,,,,,0,Hole Out,0,0,,,,4,Fringe,Putter,Black,141,16,-1,76.8,76.8,155,18 Holes,,,,,1,0,3,-1,0,,,1,2,3,Birdie,0,Scottie Scheffler – TPC Sawgrass – 3/14/26,0,0,0,Scottie Scheffler,0,N/A,0,0,0,1,0,0,0,0,1,1,1,1,1,1,1,1,1,0,0,0,0,0,1,0,0,0,0,1,0,0,0,0,0,0,0,0,0,0,0,0,0,0,0,0,0,0,0,0,0,0,0,0,0,0,0,,-1,,,,,,,,,0,1,0,0,0,0,0,0,0,0,0,0,0,0,0,1,0,1,0,0,0,1,0,0,0,0,0,0,0,0,0,0,0,0,0,0,0,0,0,0,0,0,1,0,0,0,0,0,0,0,0,0,0,0,0,0,0,0,0,0,0,0,0,0,0,0,,0,0,0,,0,0,0,0,0,0,0,0,0,0,0,0,0,0,0,0,0,0,0,0,0,0,0,0,0,0,0,0,0,0,0,0,0,0,0,0,0,0,0,0,0,0,0,0,0,0,0,0,0,0,0,0,0,0,FALSE,FALSE,FALSE,Short,Hole Out,,,
TPC Sawgrass - Black,18,3/14/2026,TPC Sawgrass,TPC Sawgrass - Black - 18,,Scottie Scheffler,,Scottie Scheffler - TPC Sawgrass - Round 3 -3/14/26,Scottie Scheffler – TPC Sawgrass – 3/14/26,,4,4,,,checked,270,,,,194,,,↘️ Short Right,,,,,,,,,,,,,,,1,60 Degree Wedge,,,,,,4.9,⬅️ Hole High Left,1,4.9,,,,,,,Black,462,6,0,76.8,76.8,155,18 Holes,,,,,1,1,4,0,0,,,1,4,4,Par,1,Scottie Scheffler – TPC Sawgrass – 3/14/26,0,0,0,Scottie Scheffler,1,100%,0,0,0,0,1,0,0,0,1,1,1,1,1,1,1,1,1,0,1,0,0,0,0,0,0,0,0,0,0,0,0,0,1,0,0,0,0,0,0,0,0,0,0,0,0,0,0,0,0,0,0,0,0,0,1,,,,0,,,,,,,0,0,0,0,1,0,0,0,0,0,0,0,1,0,0,0,0,0,0,0,0,0,0,0,0,0,0,0,1,0,0,0,0,0,0,0,0,0,0,0,1,1,1,0,0,0,0,0,0,0,0,0,0,0,0,0,1,0,0,0,0,0,0,0,0,0,,0,1,0,,0,0,0,0,0,0,0,1,0,0,0,0,0,0,0,0,0,0,0,0,0,0,0,0,0,0,0,0,0,0,0,0,0,0,0,0,0,0,0,0,0,0,0,0,0,0,0,0,0,0,0,0,0,0,TRUE,FALSE,FALSE,Short Right,Hole High Left,,,
TPC Sawgrass - Black,1,3/15/2026,TPC Sawgrass,TPC Sawgrass - Black - 1,,Scottie Scheffler,,Scottie Scheffler - TPC Sawgrass - Round 4 -3/15/26,Scottie Scheffler – TPC Sawgrass – 3/15/26,,4,4,,,,320,⬅️ Left,,,121,,,↙️ Short Left,,,,,,,,,,,,,,1,1,60 Degree Wedge,,,,,,6.2,➡️ Hole High Right,1,6.2,,,,,,,Black,424,11,0,76.8,76.8,155,18 Holes,,,,,1,1,4,0,1,4,4,0,,,Par,0,Scottie Scheffler – TPC Sawgrass – 3/15/26,0,0,0,Scottie Scheffler,1,0%,0,0,0,0,1,0,0,0,1,1,1,1,0,0,1,1,1,1,1,0,0,0,0,0,0,0,1,0,1,1,0,0,1,0,0,0,0,0,0,0,0,0,0,0,0,0,0,0,0,0,0,0,0,0,1,,,,,0,,,,,,0,0,0,1,0,0,0,0,0,0,0,1,0,0,0,1,0,1,0,1,0,0,0,0,0,0,0,0,1,0,0,0,0,0,0,0,0,0,0,0,1,1,0,0,1,0,0,0,0,0,0,0,0,0,0,0,0,0,0,0,0,0,0,0,0,0,,0,1,0,,0,0,0,0,0,0,0,1,0,0,0,0,0,0,0,0,0,0,0,0,0,0,0,0,0,0,0,0,0,0,0,0,0,0,0,0,0,0,0,0,0,0,0,0,0,0,0,0,0,0,0,0,0,0,FALSE,FALSE,FALSE,Short Left,Hole High Right,Left,,
TPC Sawgrass - Black,2,3/15/2026,TPC Sawgrass,TPC Sawgrass - Black - 2,,Scottie Scheffler,,Scottie Scheffler - TPC Sawgrass - Round 4 -3/15/26,Scottie Scheffler – TPC Sawgrass – 3/15/26,,5,5,,,checked,262,,checked,checked,28,,,,,,,,285,,↙️ Short Left,,,,,,,,,,1,,,,60 Degree Wedge,18.9,⬇️ Short,2,2.3,2.3,,,,,,Black,555,15,0,76.8,76.8,155,18 Holes,18.9,,,18.9,0,0,5,0,1,5,5,0,,,Par,1,Scottie Scheffler – TPC Sawgrass – 3/15/26,1,1,0,Scottie Scheffler,1,100%,1,0,0,0,1,0,0,0,0,0,0,0,0,0,0,0,0,0,0,1,0,0,0,1,0,0,0,0,0,0,0,0,0,0,0,0,0,0,1,0,0,0,0,0,0,0,0,0,0,0,0,0,0,0,1,,,,,,,,,,0,0,0,0,0,0,0,1,0,0,0,0,0,0,1,1,0,1,0,1,0,0,0,0,0,0,0,0,0,0,0,0,0,0,0,1,0,0,0,0,0,0,0,0,0,1,0,0,0,0,0,0,0,0,0,0,1,0,1,1,0,0,0,0,0,1,0,,0,0,0,,0,0,0,0,0,0,0,0,0,0,0,0,0,0,0,0,0,0,0,0,0,0,0,0,0,0,0,0,0,1,0,0,0,0,0,0,0,0,0,0,0,0,0,0,0,0,0,0,0,0,0,0,0,0,TRUE,TRUE,TRUE,,Short,,,
TPC Sawgrass - Black,3,3/15/2026,TPC Sawgrass,TPC Sawgrass - Black - 3,,Scottie Scheffler,,Scottie Scheffler - TPC Sawgrass - Round 4 -3/15/26,Scottie Scheffler – TPC Sawgrass – 3/15/26,,3,3,,,,169,,checked,checked,168,,,,,,,,,,,,,,,,,,,,,,,,,16.8,➡️ Hole High Right,2,1.8,1.8,,,,,,Black,182,17,0,76.8,76.8,155,18 Holes,16.8,16.8,,,0,0,3,0,1,3,3,0,,,Par,0,Scottie Scheffler – TPC Sawgrass – 3/15/26,1,1,0,Scottie Scheffler,0,N/A,0,0,0,0,1,0,0,0,0,0,0,0,0,0,0,0,0,0,0,1,0,0,0,1,0,0,0,0,0,0,0,0,0,0,0,0,0,0,1,0,0,0,0,0,0,0,0,0,0,0,0,0,0,0,1,0,,,,,,,,,,1,0,0,0,0,0,0,0,0,0,0,0,0,0,1,0,1,0,0,0,0,0,1,0,0,0,0,0,0,0,0,0,0,0,0,0,0,0,0,0,0,0,0,0,1,0,0,0,0,0,0,0,0,0,0,0,0,0,1,0,1,0,0,0,0,0,,0,0,0,,0,0,0,0,0,0,0,0,0,0,0,0,0,0,0,0,0,0,1,0,0,0,0,0,0,0,0,0,0,0,0,0,0,0,0,0,0,0,0,0,0,0,0,0,0,0,0,0,0,0,0,0,0,0,FALSE,TRUE,TRUE,,Hole High Right,,,
TPC Sawgrass - Black,4,3/15/2026,TPC Sawgrass,TPC Sawgrass - Black - 4,,Scottie Scheffler,,Scottie Scheffler - TPC Sawgrass - Round 4 -3/15/26,Scottie Scheffler – TPC Sawgrass – 3/15/26,,4,6,,,,276,➡️ Right,,checked,111,,,⬇️ Short,,,,85,,,,,,1,,Hazard - Water,1,,,,,,,,,18.7,⬆️ Long,2,2.1,2.1,,,,,,Black,387,5,2,76.8,76.8,155,18 Holes,,,,,0,0,4,2,1,6,4,0,,,Double Bogey,0,Scottie Scheffler – TPC Sawgrass – 3/15/26,0,1,0,Scottie Scheffler,1,0%,0,0,0,0,0,0,1,0,0,0,0,0,0,0,1,0,0,1,0,1,0,0,0,0,0,0,0,0,0,1,0,0,0,0,0,0,0,0,0,0,1,0,0,0,0,0,0,0,0,0,0,0,0,0,1,,,,,2,,,,,,0,0,0,1,0,0,0,0,0,0,0,1,0,0,0,1,0,1,0,1,0,0,0,0,0,0,0,0,0,0,1,0,0,0,0,0,0,0,0,0,0,0,0,0,0,0,0,0,0,0,0,1,0,0,0,0,0,0,0,0,0,0,0,0,0,0,,0,0,0,,0,0,0,0,0,0,0,0,0,0,0,0,0,0,0,0,0,0,0,0,0,0,0,0,0,1,0,0,0,0,0,0,0,0,0,0,0,0,0,0,0,0,0,0,0,0,0,0,0,0,0,0,0,0,FALSE,FALSE,TRUE,Short,Long,Right,,
TPC Sawgrass - Black,5,3/15/2026,TPC Sawgrass,TPC Sawgrass - Black - 5,,Scottie Scheffler,,Scottie Scheffler - TPC Sawgrass - Round 4 -3/15/26,Scottie Scheffler – TPC Sawgrass – 3/15/26,,4,4,,,checked,309,,checked,checked,155,,,,,,,,,,,,,,,,,,,,,,,,,20.2,⬅️ Hole High Left,2,1.8,1.8,,,,,,Black,469,7,0,76.8,76.8,155,18 Holes,20.2,,20.2,,0,0,4,0,1,4,4,0,,,Par,1,Scottie Scheffler – TPC Sawgrass – 3/15/26,1,1,0,Scottie Scheffler,1,100%,1,0,0,0,1,0,0,0,0,0,0,0,0,0,0,0,0,0,0,1,0,0,0,1,0,0,0,0,0,0,0,0,0,0,0,0,0,0,1,0,0,0,0,0,0,0,0,0,0,0,0,0,0,0,1,,,,,,0,,,,,0,0,0,0,0,1,0,0,0,0,0,0,0,1,1,0,1,0,1,0,0,0,0,0,0,0,0,0,1,0,0,0,0,0,0,0,0,0,0,0,0,0,0,0,0,0,0,0,0,0,1,0,0,0,1,0,1,0,0,0,0,0,0,0,0,0,,0,0,0,,0,0,0,0,0,0,0,0,0,0,0,0,0,0,0,0,0,0,0,0,0,0,0,1,0,0,0,0,0,0,0,0,0,0,0,0,0,0,0,0,0,0,0,0,0,0,0,0,0,0,0,0,0,0,TRUE,TRUE,TRUE,,Hole High Left,,,
TPC Sawgrass - Black,6,3/15/2026,TPC Sawgrass,TPC Sawgrass - Black - 6,,Scottie Scheffler,,Scottie Scheffler - TPC Sawgrass - Round 4 -3/15/26,Scottie Scheffler – TPC Sawgrass – 3/15/26,,4,3,,,checked,277,,checked,checked,124,,,,,,,,,,,,,,,,,,,,,,,,,33.9,↖️ Long Left,1,33.9,,,,,,,Black,413,13,-1,76.8,76.8,155,18 Holes,33.9,,33.9,,0,0,4,-1,1,3,4,0,,,Birdie,1,Scottie Scheffler – TPC Sawgrass – 3/15/26,1,1,0,Scottie Scheffler,1,100%,1,0,0,1,0,0,0,0,0,0,0,0,0,0,0,0,0,0,1,0,0,0,0,0,1,0,0,0,0,0,0,1,0,0,0,0,0,0,0,0,0,0,0,0,0,0,0,0,0,0,0,0,0,0,1,,,,,,-1,,,,,0,0,0,0,0,1,0,0,0,0,0,0,0,1,1,0,1,0,1,0,0,0,0,0,0,0,0,1,0,0,0,0,0,0,0,0,0,0,0,0,0,0,0,0,0,0,0,0,0,0,1,0,0,0,1,0,1,0,0,0,0,0,0,0,0,0,,0,0,0,,0,0,0,0,0,0,1,0,0,0,0,0,0,0,0,0,0,0,0,0,0,0,0,0,0,0,0,0,0,0,0,0,0,0,0,0,0,0,0,0,0,0,0,0,0,0,0,0,0,0,0,0,0,0,TRUE,TRUE,TRUE,,Long Left,,,
TPC Sawgrass - Black,7,3/15/2026,TPC Sawgrass,TPC Sawgrass - Black - 7,,Scottie Scheffler,,Scottie Scheffler - TPC Sawgrass - Round 4 -3/15/26,Scottie Scheffler – TPC Sawgrass – 3/15/26,,4,4,,,,298,➡️ Right,,,151,,,⬇️ Short,,,,,,,,,,,,,,1,1,60 Degree Wedge,,,,,,6.5,⬅️ Hole High Left,1,6.5,,,,,,,Black,450,9,0,76.8,76.8,155,18 Holes,,,,,1,1,4,0,1,4,4,0,,,Par,0,Scottie Scheffler – TPC Sawgrass – 3/15/26,0,0,0,Scottie Scheffler,1,0%,0,0,0,0,1,0,0,0,1,1,1,1,0,0,1,1,1,1,1,0,0,0,0,0,0,0,1,0,1,1,0,0,1,0,0,0,0,0,0,0,0,0,0,0,0,0,0,0,0,0,0,0,0,0,1,,,,,0,,,,,,0,0,0,1,0,0,0,0,0,0,0,1,0,0,0,1,0,1,0,1,0,0,0,0,0,0,0,0,1,0,0,0,0,0,0,0,0,0,0,0,1,1,0,1,0,0,0,0,0,0,0,0,0,0,0,0,0,0,0,0,0,0,0,0,0,0,,0,1,0,,0,0,0,0,0,0,0,1,0,0,0,0,0,0,0,0,0,0,0,0,0,0,0,0,0,0,0,0,0,0,0,0,0,0,0,0,0,0,0,0,0,0,0,0,0,0,0,0,0,0,0,0,0,0,FALSE,FALSE,FALSE,Short,Hole High Left,Right,,
TPC Sawgrass - Black,8,3/15/2026,TPC Sawgrass,TPC Sawgrass - Black - 8,,Scottie Scheffler,,Scottie Scheffler - TPC Sawgrass - Round 4 -3/15/26,Scottie Scheffler – TPC Sawgrass – 3/15/26,,3,3,,,,212,,,,240,,,↘️ Short Right,,,,,,,,,,,,,,1,1,60 Degree Wedge,,,,,,5.8,➡️ Hole High Right,1,5.8,,,,,,,Black,236,15,0,76.8,76.8,155,18 Holes,,,,,1,1,3,0,1,3,3,0,,,Par,0,Scottie Scheffler – TPC Sawgrass – 3/15/26,0,0,0,Scottie Scheffler,0,N/A,0,0,0,0,1,0,0,0,1,1,1,1,0,0,1,1,1,1,1,0,0,0,0,0,0,0,1,0,1,1,0,0,1,0,0,0,0,0,0,0,0,0,0,0,0,0,0,0,0,0,0,0,0,0,1,,0,,,,,,,,,0,1,0,0,0,0,0,0,0,0,0,0,0,0,0,1,0,1,0,0,0,0,1,0,0,0,0,0,0,0,0,0,0,0,0,0,0,0,0,0,1,1,0,1,0,0,0,0,0,0,0,0,0,0,0,0,0,0,0,0,0,0,0,0,0,0,,1,0,0,,0,1,0,0,0,0,0,0,0,0,0,0,0,0,0,0,0,0,0,0,0,0,0,0,0,0,0,0,0,0,0,0,0,0,0,0,0,0,0,0,0,0,0,0,0,0,0,0,0,0,0,0,0,0,FALSE,FALSE,FALSE,Short Right,Hole High Right,,,
TPC Sawgrass - Black,9,3/15/2026,TPC Sawgrass,TPC Sawgrass - Black - 9,,Scottie Scheffler,,Scottie Scheffler - TPC Sawgrass - Round 4 -3/15/26,Scottie Scheffler – TPC Sawgrass – 3/15/26,,5,4,,,checked,346,,checked,checked,14,,,,,,,,240,,↘️ Short Right,,,,,,,,,,1,,,,60 Degree Wedge,3.3,➡️ Hole High Right,1,3.3,,,,,,,Black,601,3,-1,76.8,76.8,155,18 Holes,3.3,,,3.3,1,1,5,-1,1,4,5,0,,,Birdie,1,Scottie Scheffler – TPC Sawgrass – 3/15/26,1,1,0,Scottie Scheffler,1,100%,1,0,0,1,0,0,0,0,0,0,0,0,0,0,0,0,0,0,1,0,0,0,0,0,1,0,0,0,0,0,0,1,0,0,0,0,0,0,0,0,0,0,0,0,0,0,0,0,0,0,0,0,0,0,1,,,,,,,,,,-1,0,0,0,0,0,0,1,0,0,0,0,0,0,1,1,0,1,0,1,0,0,0,0,0,0,0,0,0,0,0,0,0,0,1,0,0,0,0,0,0,0,0,0,1,0,0,0,0,0,0,0,0,0,0,0,1,0,1,1,1,0,0,0,0,1,1,,0,0,0,,0,0,0,0,0,0,0,0,0,0,0,0,0,1,0,0,0,0,0,0,0,0,0,0,0,0,0,0,0,0,0,0,0,0,0,0,0,0,0,0,0,0,0,0,0,0,0,0,0,0,0,0,0,0,TRUE,TRUE,TRUE,,Hole High Right,,,
TPC Sawgrass - Black,10,3/15/2026,TPC Sawgrass,TPC Sawgrass - Black - 10,,Scottie Scheffler,,Scottie Scheffler - TPC Sawgrass - Round 4 -3/15/26,Scottie Scheffler – TPC Sawgrass – 3/15/26,,4,4,,,checked,276,,,,139,,,↖️ Long Left,,,,,,,,,,,,,,,1,60 Degree Wedge,,,,,,5.8,⬆️ Long,1,5.8,,,,,,,Black,419,10,0,76.8,76.8,155,18 Holes,,,,,1,1,4,0,0,,,1,4,4,Par,1,Scottie Scheffler – TPC Sawgrass – 3/15/26,0,0,0,Scottie Scheffler,1,100%,0,0,0,0,1,0,0,0,1,1,1,1,0,0,1,1,1,0,1,0,0,0,0,0,0,0,0,0,0,0,0,0,1,0,0,0,0,0,0,0,0,0,0,0,0,0,0,0,0,0,0,0,0,0,1,,,,0,,,,,,,0,0,0,0,1,0,0,0,0,0,0,0,1,0,0,0,0,0,0,0,0,0,0,0,0,0,0,0,1,0,0,0,0,0,0,0,0,0,0,0,1,1,0,0,0,0,0,0,1,0,0,0,0,0,0,0,1,0,0,0,0,0,0,0,0,0,,0,1,0,,0,0,0,0,0,0,0,1,0,0,0,0,0,0,0,0,0,0,0,0,0,0,0,0,0,0,0,0,0,0,0,0,0,0,0,0,0,0,0,0,0,0,0,0,0,0,0,0,0,0,0,0,0,0,TRUE,FALSE,FALSE,Long Left,Long,,,
TPC Sawgrass - Black,11,3/15/2026,TPC Sawgrass,TPC Sawgrass - Black - 11,,Scottie Scheffler,,Scottie Scheffler - TPC Sawgrass - Round 4 -3/15/26,Scottie Scheffler – TPC Sawgrass – 3/15/26,,5,4,checked,checked,,316,➡️ Right,,,32,,,⬆️ Long,,,,,266,,,,,,,,,,1,Putter,,,,,,0,Hole Out,0,0,,,,4,Fringe,Putter,Black,573,2,-1,76.8,76.8,155,18 Holes,,,,,1,0,5,-1,0,,,1,4,5,Birdie,0,Scottie Scheffler – TPC Sawgrass – 3/15/26,0,0,0,Scottie Scheffler,1,0%,0,0,0,1,0,0,0,0,1,1,1,1,1,1,1,1,1,0,0,0,0,0,1,0,0,0,0,1,0,0,0,0,0,0,0,0,0,0,0,0,0,0,0,0,0,0,0,0,0,0,0,0,0,0,0,,,,,,,,,-1,,0,0,0,0,0,0,0,0,0,1,0,1,0,0,0,1,0,1,0,1,0,0,0,0,0,0,0,0,0,0,0,0,0,1,0,0,0,0,0,0,0,0,0,0,0,0,0,0,1,0,0,0,0,0,0,0,0,0,0,0,0,0,0,0,0,0,,0,0,0,,0,0,0,0,0,0,0,0,0,0,0,0,0,0,0,0,0,0,0,0,0,0,0,0,0,0,0,0,0,0,0,0,0,0,0,0,0,0,0,0,0,0,0,0,0,0,0,0,0,0,0,0,0,0,FALSE,FALSE,FALSE,Long,Hole Out,Right,,
TPC Sawgrass - Black,12,3/15/2026,TPC Sawgrass,TPC Sawgrass - Black - 12,,Scottie Scheffler,,Scottie Scheffler - TPC Sawgrass - Round 4 -3/15/26,Scottie Scheffler – TPC Sawgrass – 3/15/26,,4,4,,,,318,➡️ Right,checked,checked,58,,,,,,,,,,,,,,,,1,,,,,,,,,25.1,⬇️ Short,2,2.9,2.9,,,,,,Black,365,14,0,76.8,76.8,155,18 Holes,25.1,,25.1,,0,0,4,0,0,,,1,4,4,Par,0,Scottie Scheffler – TPC Sawgrass – 3/15/26,1,1,0,Scottie Scheffler,1,0%,0,0,0,0,1,0,0,0,0,0,0,0,0,0,0,0,0,1,0,1,0,0,0,0,0,0,0,0,1,1,0,0,0,0,0,0,0,0,1,0,0,0,0,0,0,0,0,0,0,0,0,0,0,0,1,,,0,,,,,,,,0,0,1,0,0,0,0,0,0,0,1,0,0,0,0,0,0,0,0,0,0,0,0,0,0,0,0,0,1,0,0,0,0,0,0,0,0,0,0,0,0,0,0,0,0,0,0,0,1,0,0,0,0,0,1,0,0,0,0,0,0,0,0,0,0,0,,0,0,0,,0,0,0,0,0,0,0,0,0,0,0,0,0,0,0,0,0,0,0,0,0,0,0,1,0,0,0,0,0,0,0,0,0,0,0,0,0,0,0,0,0,0,0,0,0,0,0,0,0,0,0,0,0,0,FALSE,TRUE,TRUE,,Short,Right,,
TPC Sawgrass - Black,13,3/15/2026,TPC Sawgrass,TPC Sawgrass - Black - 13,,Scottie Scheffler,,Scottie Scheffler - TPC Sawgrass - Round 4 -3/15/26,Scottie Scheffler – TPC Sawgrass – 3/15/26,,3,2,,,,166,,checked,checked,169,,,,,,,,,,,,,,,,,,,,,,,,,9.3,⬇️ Short,1,9.3,,,,,,,Black,183,18,-1,76.8,76.8,155,18 Holes,9.3,9.3,,,1,1,3,-1,0,,,1,2,3,Birdie,0,Scottie Scheffler – TPC Sawgrass – 3/15/26,1,1,0,Scottie Scheffler,0,N/A,0,0,0,1,0,0,0,0,0,0,0,0,0,0,0,0,0,0,1,0,0,0,0,0,1,0,0,0,0,0,0,1,0,0,0,0,0,0,0,0,0,0,0,0,0,0,0,0,0,0,0,0,0,0,1,-1,,,,,,,,,,1,0,0,0,0,0,0,0,0,0,0,0,0,0,1,0,1,0,0,0,0,1,0,0,0,0,0,0,0,0,0,0,0,0,0,0,0,0,0,0,0,0,0,0,0,0,0,0,0,0,0,0,1,0,0,0,0,0,1,1,1,1,0,0,0,0,,0,0,0,,1,0,0,0,0,0,0,0,0,0,0,0,0,0,0,0,0,0,0,0,0,0,0,0,0,0,0,0,0,0,0,0,0,0,0,0,0,0,0,0,0,0,0,0,0,0,0,0,0,0,0,0,0,0,FALSE,TRUE,TRUE,,Short,,,
TPC Sawgrass - Black,14,3/15/2026,TPC Sawgrass,TPC Sawgrass - Black - 14,,Scottie Scheffler,,Scottie Scheffler - TPC Sawgrass - Round 4 -3/15/26,Scottie Scheffler – TPC Sawgrass – 3/15/26,,4,5,,,,288,➡️ Right,,,206,,,↗️ Long Right,,,,,,,,,,,,,,,1,60 Degree Wedge,,,,,,8.8,↘️ Short Right,2,1.3,1.3,,,,,,Black,485,12,1,76.8,76.8,155,18 Holes,,,,,1,0,4,1,0,,,1,5,4,Bogey,0,Scottie Scheffler – TPC Sawgrass – 3/15/26,0,0,0,Scottie Scheffler,1,0%,0,0,0,0,0,1,0,0,1,1,1,0,0,0,1,0,0,0,0,1,0,0,0,0,0,0,0,0,0,0,0,0,0,0,0,0,0,0,0,1,0,0,0,0,0,0,0,0,0,0,0,0,0,0,1,,,,,1,,,,,,0,0,0,1,0,0,0,0,0,0,0,1,0,0,0,1,0,1,0,1,0,0,0,0,0,0,0,0,0,1,0,0,0,0,0,0,0,0,0,0,0,0,0,0,0,0,0,0,0,0,0,0,0,1,0,0,0,0,0,0,0,0,0,0,0,0,,0,0,0,,0,0,0,0,0,0,0,0,0,0,0,0,0,0,0,0,0,0,0,0,0,0,0,0,1,0,0,0,0,0,0,0,0,0,0,0,0,0,0,0,0,0,0,0,0,0,0,0,0,0,0,0,0,0,FALSE,FALSE,FALSE,Long Right,Short Right,Right,,
TPC Sawgrass - Black,15,3/15/2026,TPC Sawgrass,TPC Sawgrass - Black - 15,,Scottie Scheffler,,Scottie Scheffler - TPC Sawgrass - Round 4 -3/15/26,Scottie Scheffler – TPC Sawgrass – 3/15/26,,4,4,,,checked,328,,checked,checked,122,,,,,,,,,,,,,,,,,,,,,,,,,18.6,↙️ Short Left,2,1.8,1.8,,,,,,Black,470,8,0,76.8,76.8,155,18 Holes,18.6,,18.6,,0,0,4,0,0,,,1,4,4,Par,1,Scottie Scheffler – TPC Sawgrass – 3/15/26,1,1,0,Scottie Scheffler,1,100%,1,0,0,0,1,0,0,0,0,0,0,0,0,0,0,0,0,0,0,1,0,0,0,1,0,0,0,0,0,0,0,0,0,0,0,0,0,0,1,0,0,0,0,0,0,0,0,0,0,0,0,0,0,0,1,,,,,,0,,,,,0,0,0,0,0,1,0,0,0,0,0,0,0,1,1,0,1,0,1,0,0,0,0,0,0,0,0,0,1,0,0,0,0,0,0,0,0,0,0,0,0,0,0,0,0,0,0,0,0,0,0,0,1,0,1,0,1,0,1,0,0,0,1,0,0,0,,0,0,0,,0,0,0,0,0,0,0,0,0,0,0,0,0,0,0,0,0,0,0,0,0,0,0,1,0,0,0,0,0,0,0,0,0,0,0,0,0,0,0,0,0,0,0,0,0,0,0,0,0,0,0,0,0,0,TRUE,TRUE,TRUE,,Short Left,,,
TPC Sawgrass - Black,16,3/15/2026,TPC Sawgrass,TPC Sawgrass - Black - 16,,Scottie Scheffler,,Scottie Scheffler - TPC Sawgrass - Round 4 -3/15/26,Scottie Scheffler – TPC Sawgrass – 3/15/26,,5,4,checked,checked,checked,302,,checked,checked,24,,,,,,,,237,,,,,,,,,,,,1,,,,60 Degree Wedge,0.1,Tight (3 feet or less) ,1,0.1,,,,,,,Black,537,4,-1,76.8,76.8,155,18 Holes,0.1,,,0.1,1,1,5,-1,0,,,1,4,5,Birdie,1,Scottie Scheffler – TPC Sawgrass – 3/15/26,1,1,0,Scottie Scheffler,1,100%,1,0,0,1,0,0,0,0,0,0,0,0,0,0,0,0,0,0,1,0,0,0,0,0,1,0,0,0,0,0,0,1,0,0,0,0,0,0,0,0,0,0,0,0,0,0,0,0,0,0,0,0,0,0,1,,,,,,,,,,-1,0,0,0,0,0,0,1,0,0,0,0,0,0,1,1,0,1,0,1,0,0,0,0,0,0,0,0,0,0,0,0,0,0,1,0,0,0,0,0,0,0,0,1,0,0,0,0,0,0,0,0,0,0,0,0,1,0,1,1,1,0,0,0,0,1,1,,0,0,0,,0,0,0,0,0,0,0,0,0,0,0,0,0,1,0,0,0,0,0,0,0,0,0,0,0,0,0,0,0,0,0,0,0,0,0,0,0,0,0,0,0,0,0,0,0,0,0,0,0,0,0,0,0,0,TRUE,TRUE,TRUE,,Tight (3 feet or less),,,
TPC Sawgrass - Black,17,3/15/2026,TPC Sawgrass,TPC Sawgrass - Black - 17,,Scottie Scheffler,,Scottie Scheffler - TPC Sawgrass - Round 4 -3/15/26,Scottie Scheffler – TPC Sawgrass – 3/15/26,,3,3,,,,134,,checked,checked,134,,,,,,,,,,,,,,,,,,,,,,,,,18.6,⬅️ Hole High Left,2,1.8,1.8,,,,,,Black,141,16,0,76.8,76.8,155,18 Holes,18.6,18.6,,,0,0,3,0,0,,,1,3,3,Par,0,Scottie Scheffler – TPC Sawgrass – 3/15/26,1,1,0,Scottie Scheffler,0,N/A,0,0,0,0,1,0,0,0,0,0,0,0,0,0,0,0,0,0,0,1,0,0,0,1,0,0,0,0,0,0,0,0,0,0,0,0,0,0,1,0,0,0,0,0,0,0,0,0,0,0,0,0,0,0,1,0,,,,,,,,,,1,0,0,0,0,0,0,0,0,0,0,0,0,0,1,0,1,0,0,0,0,0,1,0,0,0,0,0,0,0,0,0,0,0,0,0,0,0,0,0,0,0,1,0,0,0,0,0,0,0,0,0,0,0,0,0,0,0,1,0,1,0,0,0,0,0,,0,0,0,,0,0,0,0,0,0,0,0,0,0,0,0,0,0,0,0,0,0,1,0,0,0,0,0,0,0,0,0,0,0,0,0,0,0,0,0,0,0,0,0,0,0,0,0,0,0,0,0,0,0,0,0,0,0,FALSE,TRUE,TRUE,,Hole High Left,,,
TPC Sawgrass - Black,18,3/15/2026,TPC Sawgrass,TPC Sawgrass - Black - 18,,Scottie Scheffler,,Scottie Scheffler - TPC Sawgrass - Round 4 -3/15/26,Scottie Scheffler – TPC Sawgrass – 3/15/26,,4,5,,,,306,➡️ Right,,,173,,,⬆️ Long,,,,,,,,,,,,,,,1,60 Degree Wedge,,,,,,4.6,⬇️ Short,2,1.8,1.8,,,,,,Black,462,6,1,76.8,76.8,155,18 Holes,,,,,1,0,4,1,0,,,1,5,4,Bogey,0,Scottie Scheffler – TPC Sawgrass – 3/15/26,0,0,0,Scottie Scheffler,1,0%,0,0,0,0,0,1,0,0,1,1,1,0,1,0,1,0,0,0,0,1,0,0,0,0,0,0,0,0,0,0,0,0,0,0,0,0,0,0,0,1,0,0,0,0,0,0,0,0,0,0,0,0,0,0,1,,,,,1,,,,,,0,0,0,1,0,0,0,0,0,0,0,1,0,0,0,1,0,1,0,1,0,0,0,0,0,0,0,0,0,1,0,0,0,0,0,0,0,0,0,0,0,0,0,0,0,0,1,0,0,0,0,0,0,0,0,0,0,0,0,0,0,0,0,0,0,0,,0,0,0,,0,0,0,0,0,0,0,0,0,0,0,0,0,0,0,0,0,0,0,0,0,0,0,0,1,0,0,0,0,0,0,0,0,0,0,0,0,0,0,0,0,0,0,0,0,0,0,0,0,0,0,0,0,0,FALSE,FALSE,FALSE,Long,Short,Right,,
TPC Sawgrass - Black,1,3/12/2026,TPC Sawgrass,TPC Sawgrass - Black - 1,,Jason Day,,Jason Day - TPC Sawgrass - Round 1 -3/12/26,Jason Day – TPC Sawgrass – 3/12/26,,4,4,,,,194,➡️ Right,,,117,,,↙️ Short Left,,,,,,,,,,,,,,1,1,60 Degree Wedge,,,,,,5.1,↘️ Short Right,1,5.1,,,,,,,Black,424,11,0,76.8,76.8,155,18 Holes,,,,,1,1,4,0,1,4,4,0,,,Par,0,Jason Day – TPC Sawgrass – 3/12/26,0,0,0,Jason Day,1,0%,0,0,0,0,1,0,0,0,1,1,1,1,0,0,1,1,1,1,1,0,0,0,0,0,0,0,1,0,1,1,0,0,1,0,0,0,0,0,0,0,0,0,0,0,0,0,0,0,0,0,0,0,0,0,1,,,,,0,,,,,,0,0,0,1,0,0,0,0,0,0,0,1,0,0,0,1,0,1,0,1,0,0,0,0,0,0,0,0,1,0,0,0,0,0,0,0,0,0,0,0,1,1,0,0,1,0,0,0,0,0,0,0,0,0,0,0,0,0,0,0,0,0,0,0,0,0,,0,1,0,,0,0,0,0,0,0,0,1,0,0,0,0,0,0,0,0,0,0,0,0,0,0,0,0,0,0,0,0,0,0,0,0,0,0,0,0,0,0,0,0,0,0,0,0,0,0,0,0,0,0,0,0,0,0,FALSE,FALSE,FALSE,Short Left,Short Right,Right,,
TPC Sawgrass - Black,2,3/12/2026,TPC Sawgrass,TPC Sawgrass - Black - 2,,Jason Day,,Jason Day - TPC Sawgrass - Round 1 -3/12/26,Jason Day – TPC Sawgrass – 3/12/26,,5,5,checked,checked,,292,⬅️ Left,checked,checked,84,,,,,,,,255,,,,,,,,,,,,,,,,,19.3,⬇️ Short,2,0.8,0.8,,,,,,Black,555,15,0,76.8,76.8,155,18 Holes,19.3,,,19.3,0,0,5,0,1,5,5,0,,,Par,0,Jason Day – TPC Sawgrass – 3/12/26,1,1,0,Jason Day,1,0%,0,0,0,0,1,0,0,0,0,0,0,0,0,0,0,0,0,0,0,1,0,0,0,0,0,0,0,0,0,0,0,0,0,0,0,0,0,0,1,0,0,0,0,0,0,0,0,0,0,0,0,0,0,0,1,,,,,,,0,,,,0,0,0,0,0,0,0,0,1,0,1,0,0,0,0,0,0,0,0,0,0,0,0,0,0,0,0,0,0,0,0,0,0,0,1,0,0,0,0,0,0,0,0,0,1,0,0,0,0,0,0,0,0,0,0,1,0,0,1,0,0,0,0,0,1,0,,0,0,0,,0,0,0,0,0,0,0,0,0,0,0,0,0,0,0,0,0,0,0,0,0,0,0,0,0,0,0,0,0,1,0,0,0,0,0,0,0,0,0,0,0,0,0,0,0,0,0,0,0,0,0,0,0,0,FALSE,TRUE,TRUE,,Short,Left,,
TPC Sawgrass - Black,3,3/12/2026,TPC Sawgrass,TPC Sawgrass - Black - 3,,Jason Day,,Jason Day - TPC Sawgrass - Round 1 -3/12/26,Jason Day – TPC Sawgrass – 3/12/26,,3,3,,,,168,,checked,checked,181,,,,,,,,,,,,,,,,,,,,,,,,,38.8,⬇️ Short,2,3.8,3.8,,,,,,Black,182,17,0,76.8,76.8,155,18 Holes,38.8,38.8,,,0,0,3,0,1,3,3,0,,,Par,0,Jason Day – TPC Sawgrass – 3/12/26,1,1,0,Jason Day,0,N/A,0,0,0,0,1,0,0,0,0,0,0,0,0,0,0,0,0,0,0,1,0,0,0,1,0,0,0,0,0,0,0,0,0,0,0,0,0,0,1,0,0,0,0,0,0,0,0,0,0,0,0,0,0,0,1,0,,,,,,,,,,1,0,0,0,0,0,0,0,0,0,0,0,0,0,1,0,1,0,0,0,0,0,1,0,0,0,0,0,0,0,0,0,0,0,0,0,0,0,0,0,0,0,0,0,1,0,0,0,0,0,0,0,0,0,0,0,0,0,0,0,0,0,0,0,0,0,,0,0,0,,0,0,0,0,0,0,0,0,0,0,0,0,0,0,0,0,0,0,1,0,0,0,0,0,0,0,0,0,0,0,0,0,0,0,0,0,0,0,0,0,0,0,0,0,0,0,0,0,0,0,0,0,0,0,FALSE,TRUE,TRUE,,Short,,,
TPC Sawgrass - Black,4,3/12/2026,TPC Sawgrass,TPC Sawgrass - Black - 4,,Jason Day,,Jason Day - TPC Sawgrass - Round 1 -3/12/26,Jason Day – TPC Sawgrass – 3/12/26,,4,3,,,checked,288,,checked,checked,102,,,,,,,,,,,,,,,,,,,,,,,,,10.7,⬇️ Short,1,10.7,,,,,,,Black,387,5,-1,76.8,76.8,155,18 Holes,10.7,,10.7,,0,0,4,-1,1,3,4,0,,,Birdie,1,Jason Day – TPC Sawgrass – 3/12/26,1,1,0,Jason Day,1,100%,1,0,0,1,0,0,0,0,0,0,0,0,0,0,0,0,0,0,1,0,0,0,0,0,1,0,0,0,0,0,0,1,0,0,0,0,0,0,0,0,0,0,0,0,0,0,0,0,0,0,0,0,0,0,1,,,,,,-1,,,,,0,0,0,0,0,1,0,0,0,0,0,0,0,1,1,0,1,0,1,0,0,0,0,0,0,0,0,1,0,0,0,0,0,0,0,0,0,0,0,0,0,0,0,0,0,0,0,0,0,0,1,0,0,0,1,0,1,0,1,0,0,0,1,0,0,0,,0,0,0,,0,0,0,0,0,0,1,0,0,0,0,0,0,0,0,0,0,0,0,0,0,0,0,0,0,0,0,0,0,0,0,0,0,0,0,0,0,0,0,0,0,0,0,0,0,0,0,0,0,0,0,0,0,0,TRUE,TRUE,TRUE,,Short,,,
TPC Sawgrass - Black,5,3/12/2026,TPC Sawgrass,TPC Sawgrass - Black - 5,,Jason Day,,Jason Day - TPC Sawgrass - Round 1 -3/12/26,Jason Day – TPC Sawgrass – 3/12/26,,4,4,,,checked,304,,,,147,,,⬅️ Left,,,,,,,,,,,,,,,1,Putter,,,,,,0.7,Tight (3 feet or less) ,1,0.7,,,,,,,Black,469,7,0,76.8,76.8,155,18 Holes,,,,,1,1,4,0,1,4,4,0,,,Par,1,Jason Day – TPC Sawgrass – 3/12/26,0,0,0,Jason Day,1,100%,0,0,0,0,1,0,0,0,1,1,1,1,1,1,1,1,1,0,1,0,0,0,0,0,0,0,0,0,0,0,0,0,1,0,0,0,0,0,0,0,0,0,0,0,0,0,0,0,0,0,0,0,0,0,1,,,,0,,,,,,,0,0,0,0,1,0,0,0,0,0,0,0,1,0,0,0,0,0,0,0,0,0,0,0,0,0,0,0,1,0,0,0,0,0,0,0,0,0,0,0,1,1,0,0,0,0,0,0,0,0,1,0,0,0,0,0,1,0,0,0,0,0,0,0,0,0,,0,1,0,,0,0,0,0,0,0,0,1,0,0,0,0,0,0,0,0,0,0,0,0,0,0,0,0,0,0,0,0,0,0,0,0,0,0,0,0,0,0,0,0,0,0,0,0,0,0,0,0,0,0,0,0,0,0,TRUE,FALSE,FALSE,Left,Tight (3 feet or less),,,
TPC Sawgrass - Black,6,3/12/2026,TPC Sawgrass,TPC Sawgrass - Black - 6,,Jason Day,,Jason Day - TPC Sawgrass - Round 1 -3/12/26,Jason Day – TPC Sawgrass – 3/12/26,,4,4,,,checked,261,,,,146,,,⬇️ Short,,,,,,,,,,,,,,,1,60 Degree Wedge,,,,,,1.1,Tight (3 feet or less) ,1,1.1,,,,,,,Black,413,13,0,76.8,76.8,155,18 Holes,,,,,1,1,4,0,1,4,4,0,,,Par,1,Jason Day – TPC Sawgrass – 3/12/26,0,0,0,Jason Day,1,100%,0,0,0,0,1,0,0,0,1,1,1,1,1,1,1,1,1,0,1,0,0,0,0,0,0,0,0,0,0,0,0,0,1,0,0,0,0,0,0,0,0,0,0,0,0,0,0,0,0,0,0,0,0,0,1,,,,0,,,,,,,0,0,0,0,1,0,0,0,0,0,0,0,1,0,0,0,0,0,0,0,0,0,0,0,0,0,0,0,1,0,0,0,0,0,0,0,0,0,0,0,1,1,0,0,0,0,0,0,0,0,1,0,0,0,0,0,1,0,0,0,0,0,0,0,0,0,,0,1,0,,0,0,0,0,0,0,0,1,0,0,0,0,0,0,0,0,0,0,0,0,0,0,0,0,0,0,0,0,0,0,0,0,0,0,0,0,0,0,0,0,0,0,0,0,0,0,0,0,0,0,0,0,0,0,TRUE,FALSE,FALSE,Short,Tight (3 feet or less),,,
TPC Sawgrass - Black,7,3/12/2026,TPC Sawgrass,TPC Sawgrass - Black - 7,,Jason Day,,Jason Day - TPC Sawgrass - Round 1 -3/12/26,Jason Day – TPC Sawgrass – 3/12/26,,4,4,,,checked,303,,checked,checked,136,,,,,,,,,,,,,,,,,,,,,,,,,17.2,⬅️ Hole High Left,2,1.2,1.2,,,,,,Black,450,9,0,76.8,76.8,155,18 Holes,17.2,,17.2,,0,0,4,0,1,4,4,0,,,Par,1,Jason Day – TPC Sawgrass – 3/12/26,1,1,0,Jason Day,1,100%,1,0,0,0,1,0,0,0,0,0,0,0,0,0,0,0,0,0,0,1,0,0,0,1,0,0,0,0,0,0,0,0,0,0,0,0,0,0,1,0,0,0,0,0,0,0,0,0,0,0,0,0,0,0,1,,,,,,0,,,,,0,0,0,0,0,1,0,0,0,0,0,0,0,1,1,0,1,0,1,0,0,0,0,0,0,0,0,0,1,0,0,0,0,0,0,0,0,0,0,0,0,0,0,1,0,0,0,0,0,0,0,0,0,0,1,0,1,0,1,0,0,0,1,0,0,0,,0,0,0,,0,0,0,0,0,0,0,0,0,0,0,0,0,0,0,0,0,0,0,0,0,0,0,1,0,0,0,0,0,0,0,0,0,0,0,0,0,0,0,0,0,0,0,0,0,0,0,0,0,0,0,0,0,0,TRUE,TRUE,TRUE,,Hole High Left,,,
TPC Sawgrass - Black,8,3/12/2026,TPC Sawgrass,TPC Sawgrass - Black - 8,,Jason Day,,Jason Day - TPC Sawgrass - Round 1 -3/12/26,Jason Day – TPC Sawgrass – 3/12/26,,3,3,,,,205,,,,223,,,↘️ Short Right,,,,,,,,,,,,,,,1,60 Degree Wedge,,,,,,3.2,⬆️ Long,1,3.2,,,,,,,Black,236,15,0,76.8,76.8,155,18 Holes,,,,,1,1,3,0,1,3,3,0,,,Par,0,Jason Day – TPC Sawgrass – 3/12/26,0,0,0,Jason Day,0,N/A,0,0,0,0,1,0,0,0,1,1,1,1,1,1,1,1,1,0,1,0,0,0,0,0,0,0,1,0,0,0,0,0,1,0,0,0,0,0,0,0,0,0,0,0,0,0,0,0,0,0,0,0,0,0,1,,0,,,,,,,,,0,1,0,0,0,0,0,0,0,0,0,0,0,0,0,1,0,1,0,0,0,0,1,0,0,0,0,0,0,0,0,0,0,0,0,0,0,0,0,0,1,1,0,1,0,0,0,0,0,0,0,0,0,0,0,0,0,0,0,0,0,0,0,0,0,0,,1,0,0,,0,1,0,0,0,0,0,0,0,0,0,0,0,0,0,0,0,0,0,0,0,0,0,0,0,0,0,0,0,0,0,0,0,0,0,0,0,0,0,0,0,0,0,0,0,0,0,0,0,0,0,0,0,0,FALSE,FALSE,FALSE,Short Right,Long,,,
TPC Sawgrass - Black,9,3/12/2026,TPC Sawgrass,TPC Sawgrass - Black - 9,,Jason Day,,Jason Day - TPC Sawgrass - Round 1 -3/12/26,Jason Day – TPC Sawgrass – 3/12/26,,5,4,checked,checked,checked,297,,checked,checked,57,,,,,,,,310,,,,,,,,,,,,,,,,,2,Tight (3 feet or less) ,1,2,,,,,,,Black,601,3,-1,76.8,76.8,155,18 Holes,2,,,2,1,1,5,-1,1,4,5,0,,,Birdie,1,Jason Day – TPC Sawgrass – 3/12/26,1,1,0,Jason Day,1,100%,1,0,0,1,0,0,0,0,0,0,0,0,0,0,0,0,0,0,1,0,0,0,0,0,1,0,0,0,0,0,0,1,0,0,0,0,0,0,0,0,0,0,0,0,0,0,0,0,0,0,0,0,0,0,1,,,,,,,,,,-1,0,0,0,0,0,0,1,0,0,0,0,0,0,1,1,0,1,0,1,0,0,0,0,0,0,0,0,0,0,0,0,0,0,1,0,0,0,0,0,0,0,0,0,1,0,0,0,0,0,0,0,0,0,0,0,1,0,1,1,1,0,0,0,0,1,1,,0,0,0,,0,0,0,0,0,0,0,0,0,0,0,0,0,1,0,0,0,0,0,0,0,0,0,0,0,0,0,0,0,0,0,0,0,0,0,0,0,0,0,0,0,0,0,0,0,0,0,0,0,0,0,0,0,0,TRUE,TRUE,TRUE,,Tight (3 feet or less),,,
TPC Sawgrass - Black,10,3/12/2026,TPC Sawgrass,TPC Sawgrass - Black - 10,,Jason Day,,Jason Day - TPC Sawgrass - Round 1 -3/12/26,Jason Day – TPC Sawgrass – 3/12/26,,4,4,,,,278,↙️ Short Left,checked,checked,115,,,,,,,,,,,,,,,,1,,,,,,,,,18,➡️ Hole High Right,2,1.5,1.5,,,,,,Black,419,10,0,76.8,76.8,155,18 Holes,18,,18,,0,0,4,0,0,,,1,4,4,Par,0,Jason Day – TPC Sawgrass – 3/12/26,1,1,0,Jason Day,1,0%,0,0,0,0,1,0,0,0,0,0,0,0,0,0,0,0,0,1,0,1,0,0,0,0,0,0,0,0,1,1,0,0,0,0,0,0,0,0,1,0,0,0,0,0,0,0,0,0,0,0,0,0,0,0,1,,,0,,,,,,,,0,0,1,0,0,0,0,0,0,0,1,0,0,0,0,0,0,0,0,0,0,0,0,0,0,0,0,0,1,0,0,0,0,0,0,0,0,0,0,0,0,0,0,0,0,0,0,0,1,0,0,0,0,0,1,0,0,0,1,0,0,0,1,0,0,0,,0,0,0,,0,0,0,0,0,0,0,0,0,0,0,0,0,0,0,0,0,0,0,0,0,0,0,1,0,0,0,0,0,0,0,0,0,0,0,0,0,0,0,0,0,0,0,0,0,0,0,0,0,0,0,0,0,0,FALSE,TRUE,TRUE,,Hole High Right,Short Left,,
TPC Sawgrass - Black,11,3/12/2026,TPC Sawgrass,TPC Sawgrass - Black - 11,,Jason Day,,Jason Day - TPC Sawgrass - Round 1 -3/12/26,Jason Day – TPC Sawgrass – 3/12/26,,5,5,,,,257,➡️ Right,checked,checked,85,,,,,,,,307,,↙️ Short Left,,,,,,,,,,,,,,,40.1,⬇️ Short,2,2.3,2.3,,,,,,Black,573,2,0,76.8,76.8,155,18 Holes,40.1,,,40.1,0,0,5,0,0,,,1,5,5,Par,0,Jason Day – TPC Sawgrass – 3/12/26,1,1,0,Jason Day,1,0%,0,0,0,0,1,0,0,0,0,0,0,0,0,0,0,0,0,0,0,1,0,0,0,0,0,0,0,0,0,0,0,0,0,0,0,0,0,0,1,0,0,0,0,0,0,0,0,0,0,0,0,0,0,0,1,,,,,,,0,,,,0,0,0,0,0,0,0,0,1,0,1,0,0,0,0,0,0,0,0,0,0,0,0,0,0,0,0,0,0,0,0,0,0,0,1,0,0,0,0,0,0,0,0,0,0,0,0,0,1,0,0,0,0,0,0,1,0,0,0,0,0,0,0,0,0,0,,0,0,0,,0,0,0,0,0,0,0,0,0,0,0,0,0,0,0,0,0,0,0,0,0,0,0,0,0,0,0,0,0,1,0,0,0,0,0,0,0,0,0,0,0,0,0,0,0,0,0,0,0,0,0,0,0,0,FALSE,TRUE,TRUE,,Short,Right,,
TPC Sawgrass - Black,12,3/12/2026,TPC Sawgrass,TPC Sawgrass - Black - 12,,Jason Day,,Jason Day - TPC Sawgrass - Round 1 -3/12/26,Jason Day – TPC Sawgrass – 3/12/26,,4,3,,,,294,➡️ Right,checked,checked,96,,,,,,,,,,,,,,,,,,,,,,,,,22.9,↙️ Short Left,1,22.9,,,,,,,Black,365,14,-1,76.8,76.8,155,18 Holes,22.9,,22.9,,0,0,4,-1,0,,,1,3,4,Birdie,0,Jason Day – TPC Sawgrass – 3/12/26,1,1,0,Jason Day,1,0%,0,0,0,1,0,0,0,0,0,0,0,0,0,0,0,0,0,0,1,0,0,0,0,0,0,0,0,1,0,0,0,1,0,0,0,0,0,0,0,0,0,0,0,0,0,0,0,0,0,0,0,0,0,0,1,,,-1,,,,,,,,0,0,1,0,0,0,0,0,0,0,1,0,0,0,0,0,0,0,0,0,0,0,0,0,0,0,0,1,0,0,0,0,0,0,0,0,0,0,0,0,0,0,0,0,0,0,0,0,1,0,0,0,0,0,1,0,0,0,0,0,0,0,0,0,0,0,,0,0,0,,0,0,0,0,0,0,1,0,0,0,0,0,0,0,0,0,0,0,0,0,0,0,0,0,0,0,0,0,0,0,0,0,0,0,0,0,0,0,0,0,0,0,0,0,0,0,0,0,0,0,0,0,0,0,FALSE,TRUE,TRUE,,Short Left,Right,,
TPC Sawgrass - Black,13,3/12/2026,TPC Sawgrass,TPC Sawgrass - Black - 13,,Jason Day,,Jason Day - TPC Sawgrass - Round 1 -3/12/26,Jason Day – TPC Sawgrass – 3/12/26,,3,3,,,,156,,,,172,,,⬇️ Short,,,,,,,,,,,,,,,1,Putter,,,,,,3.1,➡️ Hole High Right,1,3.1,,,,,,,Black,183,18,0,76.8,76.8,155,18 Holes,,,,,1,1,3,0,0,,,1,3,3,Par,0,Jason Day – TPC Sawgrass – 3/12/26,0,0,0,Jason Day,0,N/A,0,0,0,0,1,0,0,0,1,1,1,1,1,1,1,1,1,0,1,0,0,0,0,0,0,0,1,0,0,0,0,0,1,0,0,0,0,0,0,0,0,0,0,0,0,0,0,0,0,0,0,0,0,0,1,,0,,,,,,,,,0,1,0,0,0,0,0,0,0,0,0,0,0,0,0,1,0,1,0,0,0,0,1,0,0,0,0,0,0,0,0,0,0,0,0,0,0,0,0,0,1,1,0,0,0,0,0,0,0,0,0,0,1,0,0,0,0,0,0,0,0,0,0,0,0,0,,1,0,0,,0,1,0,0,0,0,0,0,0,0,0,0,0,0,0,0,0,0,0,0,0,0,0,0,0,0,0,0,0,0,0,0,0,0,0,0,0,0,0,0,0,0,0,0,0,0,0,0,0,0,0,0,0,0,FALSE,FALSE,FALSE,Short,Hole High Right,,,
TPC Sawgrass - Black,14,3/12/2026,TPC Sawgrass,TPC Sawgrass - Black - 14,,Jason Day,,Jason Day - TPC Sawgrass - Round 1 -3/12/26,Jason Day – TPC Sawgrass – 3/12/26,,4,4,,,,299,⬅️ Left,checked,checked,172,,,,,,,,,,,,,,,,1,,,,,,,,,19.2,⬆️ Long,2,1,1,,,,,,Black,485,12,0,76.8,76.8,155,18 Holes,19.2,,19.2,,0,0,4,0,0,,,1,4,4,Par,0,Jason Day – TPC Sawgrass – 3/12/26,1,1,0,Jason Day,1,0%,0,0,0,0,1,0,0,0,0,0,0,0,0,0,0,0,0,1,0,1,0,0,0,0,0,0,0,0,1,1,0,0,0,0,0,0,0,0,1,0,0,0,0,0,0,0,0,0,0,0,0,0,0,0,1,,,0,,,,,,,,0,0,1,0,0,0,0,0,0,0,1,0,0,0,0,0,0,0,0,0,0,0,0,0,0,0,0,0,1,0,0,0,0,0,0,0,0,0,0,0,0,0,0,0,0,0,0,0,0,0,0,0,1,0,1,0,0,0,1,0,0,0,1,0,0,0,,0,0,0,,0,0,0,0,0,0,0,0,0,0,0,0,0,0,0,0,0,0,0,0,0,0,0,1,0,0,0,0,0,0,0,0,0,0,0,0,0,0,0,0,0,0,0,0,0,0,0,0,0,0,0,0,0,0,FALSE,TRUE,TRUE,,Long,Left,,
TPC Sawgrass - Black,15,3/12/2026,TPC Sawgrass,TPC Sawgrass - Black - 15,,Jason Day,,Jason Day - TPC Sawgrass - Round 1 -3/12/26,Jason Day – TPC Sawgrass – 3/12/26,,4,3,,,checked,283,,checked,checked,169,,,,,,,,,,,,,,,,,,,,,,,,,9,⬇️ Short,1,9,,,,,,,Black,470,8,-1,76.8,76.8,155,18 Holes,9,,9,,1,1,4,-1,0,,,1,3,4,Birdie,1,Jason Day – TPC Sawgrass – 3/12/26,1,1,0,Jason Day,1,100%,1,0,0,1,0,0,0,0,0,0,0,0,0,0,0,0,0,0,1,0,0,0,0,0,1,0,0,0,0,0,0,1,0,0,0,0,0,0,0,0,0,0,0,0,0,0,0,0,0,0,0,0,0,0,1,,,,,,-1,,,,,0,0,0,0,0,1,0,0,0,0,0,0,0,1,1,0,1,0,1,0,0,0,0,0,0,0,0,1,0,0,0,0,0,0,0,0,0,0,0,0,0,0,0,0,0,0,0,0,0,0,0,0,1,0,1,0,1,0,1,1,0,0,1,1,0,0,,0,0,0,,0,0,0,0,0,0,1,0,0,0,0,0,0,0,0,0,0,0,0,0,0,0,0,0,0,0,0,0,0,0,0,0,0,0,0,0,0,0,0,0,0,0,0,0,0,0,0,0,0,0,0,0,0,0,TRUE,TRUE,TRUE,,Short,,,
TPC Sawgrass - Black,16,3/12/2026,TPC Sawgrass,TPC Sawgrass - Black - 16,,Jason Day,,Jason Day - TPC Sawgrass - Round 1 -3/12/26,Jason Day – TPC Sawgrass – 3/12/26,,5,5,,,checked,300,,checked,checked,36,,,,,,,,246,,↘️ Short Right,,,,,,,,,,,,,,,16,↘️ Short Right,2,1.9,1.9,,,,,,Black,537,4,0,76.8,76.8,155,18 Holes,16,,,16,0,0,5,0,0,,,1,5,5,Par,1,Jason Day – TPC Sawgrass – 3/12/26,1,1,0,Jason Day,1,100%,1,0,0,0,1,0,0,0,0,0,0,0,0,0,0,0,0,0,0,1,0,0,0,1,0,0,0,0,0,0,0,0,0,0,0,0,0,0,1,0,0,0,0,0,0,0,0,0,0,0,0,0,0,0,1,,,,,,,,,,0,0,0,0,0,0,0,1,0,0,0,0,0,0,1,1,0,1,0,1,0,0,0,0,0,0,0,0,0,0,0,0,0,0,0,1,0,0,0,0,0,0,0,1,0,0,0,0,0,0,0,0,0,0,0,0,1,0,1,1,0,0,0,0,0,1,0,,0,0,0,,0,0,0,0,0,0,0,0,0,0,0,0,0,0,0,0,0,0,0,0,0,0,0,0,0,0,0,0,0,1,0,0,0,0,0,0,0,0,0,0,0,0,0,0,0,0,0,0,0,0,0,0,0,0,TRUE,TRUE,TRUE,,Short Right,,,
TPC Sawgrass - Black,17,3/12/2026,TPC Sawgrass,TPC Sawgrass - Black - 17,,Jason Day,,Jason Day - TPC Sawgrass - Round 1 -3/12/26,Jason Day – TPC Sawgrass – 3/12/26,,3,5,,,,145,,,,143,,,↖️ Long Left,,,checked,67,,,,1,,,,Hazard - Water,,,,,,,,,,52,⬇️ Short,2,3.2,3.2,,,,,,Black,141,16,2,76.8,76.8,155,18 Holes,,,,,0,0,3,2,0,,,1,5,3,Double Bogey,0,Jason Day – TPC Sawgrass – 3/12/26,0,0,0,Jason Day,0,N/A,0,0,0,0,0,0,1,0,0,0,0,0,0,0,1,0,0,0,0,1,0,0,0,0,0,0,0,0,0,0,0,0,0,0,0,0,0,0,0,0,1,0,0,0,0,0,0,0,0,0,0,0,0,0,1,,2,,,,,,,,,0,1,0,0,0,0,0,0,0,0,0,0,0,0,0,1,0,1,0,0,0,0,0,0,1,0,0,0,0,0,0,0,0,0,0,0,0,0,0,0,0,0,0,0,0,0,1,0,0,0,0,0,0,0,0,0,0,0,0,0,0,0,0,0,0,0,,0,0,0,,0,0,0,0,0,0,0,0,0,0,0,0,0,0,0,0,0,0,0,0,1,0,0,0,0,0,0,0,0,0,0,0,0,0,0,0,0,0,0,0,0,0,0,0,0,0,0,0,0,0,0,0,0,0,FALSE,FALSE,FALSE,Long Left,Short,,,
TPC Sawgrass - Black,18,3/12/2026,TPC Sawgrass,TPC Sawgrass - Black - 18,,Jason Day,,Jason Day - TPC Sawgrass - Round 1 -3/12/26,Jason Day – TPC Sawgrass – 3/12/26,,4,4,,,checked,274,,checked,checked,171,,,,,,,,,,,,,,,,,,,,,,,,,23.5,↘️ Short Right,2,2.3,2.3,,,,,,Black,462,6,0,76.8,76.8,155,18 Holes,23.5,,23.5,,0,0,4,0,0,,,1,4,4,Par,1,Jason Day – TPC Sawgrass – 3/12/26,1,1,0,Jason Day,1,100%,1,0,0,0,1,0,0,0,0,0,0,0,0,0,0,0,0,0,0,1,0,0,0,1,0,0,0,0,0,0,0,0,0,0,0,0,0,0,1,0,0,0,0,0,0,0,0,0,0,0,0,0,0,0,1,,,,,,0,,,,,0,0,0,0,0,1,0,0,0,0,0,0,0,1,1,0,1,0,1,0,0,0,0,0,0,0,0,0,1,0,0,0,0,0,0,0,0,0,0,0,0,0,1,0,0,0,0,0,0,0,0,0,0,0,1,0,1,0,0,0,0,0,0,0,0,0,,0,0,0,,0,0,0,0,0,0,0,0,0,0,0,0,0,0,0,0,0,0,0,0,0,0,0,1,0,0,0,0,0,0,0,0,0,0,0,0,0,0,0,0,0,0,0,0,0,0,0,0,0,0,0,0,0,0,TRUE,TRUE,TRUE,,Short Right,,,
TPC Sawgrass - Black,1,3/13/2026,TPC Sawgrass,TPC Sawgrass - Black - 1,,Jason Day,,Jason Day - TPC Sawgrass - Round 2 -3/13/26,Jason Day – TPC Sawgrass – 3/13/26,,4,4,,,,294,⬅️ Left,checked,checked,141,,,,,,,,,,,,,,,,,,,,,,,,,16.6,⬇️ Short,2,0.8,0.8,,,,,,Black,424,11,0,76.8,76.8,155,18 Holes,16.6,,16.6,,0,0,4,0,1,4,4,0,,,Par,0,Jason Day – TPC Sawgrass – 3/13/26,1,1,0,Jason Day,1,0%,0,0,0,0,1,0,0,0,0,0,0,0,0,0,0,0,0,0,0,1,0,0,0,0,0,0,0,0,0,0,0,0,0,0,0,0,0,0,1,0,0,0,0,0,0,0,0,0,0,0,0,0,0,0,1,,,0,,,,,,,,0,0,1,0,0,0,0,0,0,0,1,0,0,0,0,0,0,0,0,0,0,0,0,0,0,0,0,0,1,0,0,0,0,0,0,0,0,0,0,0,0,0,0,0,1,0,0,0,0,0,0,0,0,0,1,0,0,0,1,0,0,0,1,0,0,0,,0,0,0,,0,0,0,0,0,0,0,0,0,0,0,0,0,0,0,0,0,0,0,0,0,0,0,1,0,0,0,0,0,0,0,0,0,0,0,0,0,0,0,0,0,0,0,0,0,0,0,0,0,0,0,0,0,0,FALSE,TRUE,TRUE,,Short,Left,,
TPC Sawgrass - Black,2,3/13/2026,TPC Sawgrass,TPC Sawgrass - Black - 2,,Jason Day,,Jason Day - TPC Sawgrass - Round 2 -3/13/26,Jason Day – TPC Sawgrass – 3/13/26,,5,5,checked,checked,,291,⬅️ Left,checked,checked,71,,,,,,,,245,,,,,,,,,,,,,,,,,13.6,⬇️ Short,2,2.2,2.2,,,,,,Black,555,15,0,76.8,76.8,155,18 Holes,13.6,,,13.6,0,0,5,0,1,5,5,0,,,Par,0,Jason Day – TPC Sawgrass – 3/13/26,1,1,0,Jason Day,1,0%,0,0,0,0,1,0,0,0,0,0,0,0,0,0,0,0,0,0,0,1,0,0,0,0,0,0,0,0,0,0,0,0,0,0,0,0,0,0,1,0,0,0,0,0,0,0,0,0,0,0,0,0,0,0,1,,,,,,,0,,,,0,0,0,0,0,0,0,0,1,0,1,0,0,0,0,0,0,0,0,0,0,0,0,0,0,0,0,0,0,0,0,0,0,0,1,0,0,0,0,0,0,0,0,0,1,0,0,0,0,0,0,0,0,0,0,1,0,0,1,0,0,0,0,0,1,0,,0,0,0,,0,0,0,0,0,0,0,0,0,0,0,0,0,0,0,0,0,0,0,0,0,0,0,0,0,0,0,0,0,1,0,0,0,0,0,0,0,0,0,0,0,0,0,0,0,0,0,0,0,0,0,0,0,0,FALSE,TRUE,TRUE,,Short,Left,,
TPC Sawgrass - Black,3,3/13/2026,TPC Sawgrass,TPC Sawgrass - Black - 3,,Jason Day,,Jason Day - TPC Sawgrass - Round 2 -3/13/26,Jason Day – TPC Sawgrass – 3/13/26,,3,3,,,,157,,,,161,,,↙️ Short Left,,,,,,,,,,,,,,,1,60 Degree Wedge,,,,,,1.9,Tight (3 feet or less) ,1,1.9,,,,,,,Black,182,17,0,76.8,76.8,155,18 Holes,,,,,1,1,3,0,1,3,3,0,,,Par,0,Jason Day – TPC Sawgrass – 3/13/26,0,0,0,Jason Day,0,N/A,0,0,0,0,1,0,0,0,1,1,1,1,1,1,1,1,1,0,1,0,0,0,0,0,0,0,1,0,0,0,0,0,1,0,0,0,0,0,0,0,0,0,0,0,0,0,0,0,0,0,0,0,0,0,1,,0,,,,,,,,,0,1,0,0,0,0,0,0,0,0,0,0,0,0,0,1,0,1,0,0,0,0,1,0,0,0,0,0,0,0,0,0,0,0,0,0,0,0,0,0,1,1,0,0,1,0,0,0,0,0,0,0,0,0,0,0,0,0,0,0,0,0,0,0,0,0,,1,0,0,,0,1,0,0,0,0,0,0,0,0,0,0,0,0,0,0,0,0,0,0,0,0,0,0,0,0,0,0,0,0,0,0,0,0,0,0,0,0,0,0,0,0,0,0,0,0,0,0,0,0,0,0,0,0,FALSE,FALSE,FALSE,Short Left,Tight (3 feet or less),,,
TPC Sawgrass - Black,4,3/13/2026,TPC Sawgrass,TPC Sawgrass - Black - 4,,Jason Day,,Jason Day - TPC Sawgrass - Round 2 -3/13/26,Jason Day – TPC Sawgrass – 3/13/26,,4,4,,,checked,286,,checked,checked,109,,,,,,,,,,,,,,,,,,,,,,,,,13.6,⬆️ Long,2,4.5,4.5,,,,,,Black,387,5,0,76.8,76.8,155,18 Holes,13.6,,13.6,,0,0,4,0,1,4,4,0,,,Par,1,Jason Day – TPC Sawgrass – 3/13/26,1,1,0,Jason Day,1,100%,1,0,0,0,1,0,0,0,0,0,0,0,0,0,0,0,0,0,0,1,0,0,0,1,0,0,0,0,0,0,0,0,0,0,0,0,0,0,1,0,0,0,0,0,0,0,0,0,0,0,0,0,0,0,1,,,,,,0,,,,,0,0,0,0,0,1,0,0,0,0,0,0,0,1,1,0,1,0,1,0,0,0,0,0,0,0,0,0,1,0,0,0,0,0,0,0,0,0,0,0,0,0,0,0,0,0,0,0,0,0,1,0,0,0,1,0,1,0,1,0,0,0,1,0,0,0,,0,0,0,,0,0,0,0,0,0,0,0,0,0,0,0,0,0,0,0,0,0,0,0,0,0,0,1,0,0,0,0,0,0,0,0,0,0,0,0,0,0,0,0,0,0,0,0,0,0,0,0,0,0,0,0,0,0,TRUE,TRUE,TRUE,,Long,,,
TPC Sawgrass - Black,5,3/13/2026,TPC Sawgrass,TPC Sawgrass - Black - 5,,Jason Day,,Jason Day - TPC Sawgrass - Round 2 -3/13/26,Jason Day – TPC Sawgrass – 3/13/26,,4,4,,,checked,292,,,,179,,,↖️ Long Left,,,,,,,,,,,,,,1,1,60 Degree Wedge,,,,,,2.5,Tight (3 feet or less) ,1,2.5,,,,,,,Black,469,7,0,76.8,76.8,155,18 Holes,,,,,1,1,4,0,1,4,4,0,,,Par,1,Jason Day – TPC Sawgrass – 3/13/26,0,0,0,Jason Day,1,100%,0,0,0,0,1,0,0,0,1,1,1,1,1,1,1,1,1,1,1,0,0,0,0,0,0,0,0,0,1,1,0,0,1,0,0,0,0,0,0,0,0,0,0,0,0,0,0,0,0,0,0,0,0,0,1,,,,0,,,,,,,0,0,0,0,1,0,0,0,0,0,0,0,1,0,0,0,0,0,0,0,0,0,0,0,0,0,0,0,1,0,0,0,0,0,0,0,0,0,0,0,1,1,0,0,0,0,0,0,0,0,1,0,0,0,0,0,1,0,0,0,0,0,0,0,0,0,,0,1,0,,0,0,0,0,0,0,0,1,0,0,0,0,0,0,0,0,0,0,0,0,0,0,0,0,0,0,0,0,0,0,0,0,0,0,0,0,0,0,0,0,0,0,0,0,0,0,0,0,0,0,0,0,0,0,TRUE,FALSE,FALSE,Long Left,Tight (3 feet or less),,,
TPC Sawgrass - Black,6,3/13/2026,TPC Sawgrass,TPC Sawgrass - Black - 6,,Jason Day,,Jason Day - TPC Sawgrass - Round 2 -3/13/26,Jason Day – TPC Sawgrass – 3/13/26,,4,3,,,,263,⬅️ Left,,,139,,,⬇️ Short,,,,,,,,,,,,,1,,1,60 Degree Wedge,,,,,,0,Hole Out,0,0,,,,14,Fairway,60,Black,413,13,-1,76.8,76.8,155,18 Holes,,,,,1,0,4,-1,1,3,4,0,,,Birdie,0,Jason Day – TPC Sawgrass – 3/13/26,0,0,0,Jason Day,1,0%,0,0,0,1,0,0,0,0,1,1,1,1,1,1,1,1,1,1,0,0,0,0,1,0,0,0,0,1,1,1,0,0,0,0,0,0,0,0,0,0,0,0,0,0,0,0,0,0,0,0,0,0,0,0,0,,,,,-1,,,,,,0,0,0,1,0,0,0,0,0,0,0,1,0,0,0,1,0,1,0,1,0,0,0,0,0,0,0,1,0,0,0,0,0,0,0,0,0,0,0,0,0,0,0,0,0,0,0,0,0,0,1,0,0,0,0,0,0,0,0,0,0,0,0,0,0,0,,0,0,0,,0,0,0,0,0,0,0,0,0,0,0,0,0,0,0,0,0,0,0,0,0,0,0,0,0,0,0,0,0,0,0,0,0,0,0,0,0,0,0,0,0,0,0,0,0,0,0,0,0,0,0,0,0,0,FALSE,FALSE,FALSE,Short,Hole Out,Left,,
TPC Sawgrass - Black,7,3/13/2026,TPC Sawgrass,TPC Sawgrass - Black - 7,,Jason Day,,Jason Day - TPC Sawgrass - Round 2 -3/13/26,Jason Day – TPC Sawgrass – 3/13/26,,4,4,,,checked,280,,,,174,,,↙️ Short Left,,,,,,,,,,,,,,,1,60 Degree Wedge,,,,,,8.3,➡️ Hole High Right,1,8.3,,,,,,,Black,450,9,0,76.8,76.8,155,18 Holes,,,,,1,1,4,0,1,4,4,0,,,Par,1,Jason Day – TPC Sawgrass – 3/13/26,0,0,0,Jason Day,1,100%,0,0,0,0,1,0,0,0,1,1,1,1,0,0,1,1,1,0,1,0,0,0,0,0,0,0,0,0,0,0,0,0,1,0,0,0,0,0,0,0,0,0,0,0,0,0,0,0,0,0,0,0,0,0,1,,,,0,,,,,,,0,0,0,0,1,0,0,0,0,0,0,0,1,0,0,0,0,0,0,0,0,0,0,0,0,0,0,0,1,0,0,0,0,0,0,0,0,0,0,0,1,1,0,1,0,0,0,0,0,0,0,0,0,0,0,0,1,0,0,0,0,0,0,0,0,0,,0,1,0,,0,0,0,0,0,0,0,1,0,0,0,0,0,0,0,0,0,0,0,0,0,0,0,0,0,0,0,0,0,0,0,0,0,0,0,0,0,0,0,0,0,0,0,0,0,0,0,0,0,0,0,0,0,0,TRUE,FALSE,FALSE,Short Left,Hole High Right,,,
TPC Sawgrass - Black,8,3/13/2026,TPC Sawgrass,TPC Sawgrass - Black - 8,,Jason Day,,Jason Day - TPC Sawgrass - Round 2 -3/13/26,Jason Day – TPC Sawgrass – 3/13/26,,3,3,,,,241,,,,236,,,↖️ Long Left,,,,,,,,,,,,,,,1,Putter,,,,,,1.5,Tight (3 feet or less) ,1,1.5,,,,,,,Black,236,15,0,76.8,76.8,155,18 Holes,,,,,1,1,3,0,1,3,3,0,,,Par,0,Jason Day – TPC Sawgrass – 3/13/26,0,0,0,Jason Day,0,N/A,0,0,0,0,1,0,0,0,1,1,1,1,1,1,1,1,1,0,1,0,0,0,0,0,0,0,1,0,0,0,0,0,1,0,0,0,0,0,0,0,0,0,0,0,0,0,0,0,0,0,0,0,0,0,1,,0,,,,,,,,,0,1,0,0,0,0,0,0,0,0,0,0,0,0,0,1,0,1,0,0,0,0,1,0,0,0,0,0,0,0,0,0,0,0,0,0,0,0,0,0,1,1,0,1,0,0,0,0,0,0,0,0,0,0,0,0,0,0,0,0,0,0,0,0,0,0,,1,0,0,,0,1,0,0,0,0,0,0,0,0,0,0,0,0,0,0,0,0,0,0,0,0,0,0,0,0,0,0,0,0,0,0,0,0,0,0,0,0,0,0,0,0,0,0,0,0,0,0,0,0,0,0,0,0,FALSE,FALSE,FALSE,Long Left,Tight (3 feet or less),,,
TPC Sawgrass - Black,9,3/13/2026,TPC Sawgrass,TPC Sawgrass - Black - 9,,Jason Day,,Jason Day - TPC Sawgrass - Round 2 -3/13/26,Jason Day – TPC Sawgrass – 3/13/26,,5,5,checked,checked,checked,288,,checked,checked,91,,,,,,,,297,,,,,,,,,,,,,,,,,10.3,➡️ Hole High Right,2,1.8,,,,,,,Black,601,3,0,76.8,76.8,155,18 Holes,10.3,,,10.3,0,0,5,0,1,5,5,0,,,Par,1,Jason Day – TPC Sawgrass – 3/13/26,1,1,0,Jason Day,1,100%,1,0,0,0,1,0,0,0,0,0,0,0,0,0,0,0,0,0,0,1,0,0,0,1,0,0,0,0,0,0,0,0,0,0,0,0,0,0,1,0,0,0,0,0,0,0,0,0,0,0,0,0,0,0,1,,,,,,,,,,0,0,0,0,0,0,0,1,0,0,0,0,0,0,1,1,0,1,0,1,0,0,0,0,0,0,0,0,0,0,0,0,0,0,0,1,0,0,0,0,0,0,0,0,1,0,0,0,0,0,0,0,0,0,0,0,1,0,1,1,0,0,0,0,0,1,0,,0,0,0,,0,0,0,0,0,0,0,0,0,0,0,0,0,0,0,0,0,0,0,0,0,0,0,0,0,0,0,0,0,1,0,0,0,0,0,0,0,0,0,0,0,0,0,0,0,0,0,0,0,0,0,0,0,0,TRUE,TRUE,TRUE,,Hole High Right,,,
TPC Sawgrass - Black,10,3/13/2026,TPC Sawgrass,TPC Sawgrass - Black - 10,,Jason Day,,Jason Day - TPC Sawgrass - Round 2 -3/13/26,Jason Day – TPC Sawgrass – 3/13/26,,4,3,,,checked,296,,checked,checked,119,,,,,,,,,,,,,,,,,,,,,,,,,3.1,⬇️ Short,1,3.1,,,,,,,Black,419,10,-1,76.8,76.8,155,18 Holes,3.1,,3.1,,1,1,4,-1,0,,,1,3,4,Birdie,1,Jason Day – TPC Sawgrass – 3/13/26,1,1,0,Jason Day,1,100%,1,0,0,1,0,0,0,0,0,0,0,0,0,0,0,0,0,0,1,0,0,0,0,0,1,0,0,0,0,0,0,1,0,0,0,0,0,0,0,0,0,0,0,0,0,0,0,0,0,0,0,0,0,0,1,,,,,,-1,,,,,0,0,0,0,0,1,0,0,0,0,0,0,0,1,1,0,1,0,1,0,0,0,0,0,0,0,0,1,0,0,0,0,0,0,0,0,0,0,0,0,0,0,0,0,0,0,0,0,1,0,0,0,0,0,1,0,1,0,1,1,0,0,1,1,0,0,,0,0,0,,0,0,0,0,0,0,1,0,0,0,0,0,0,0,0,0,0,0,0,0,0,0,0,0,0,0,0,0,0,0,0,0,0,0,0,0,0,0,0,0,0,0,0,0,0,0,0,0,0,0,0,0,0,0,TRUE,TRUE,TRUE,,Short,,,
TPC Sawgrass - Black,11,3/13/2026,TPC Sawgrass,TPC Sawgrass - Black - 11,,Jason Day,,Jason Day - TPC Sawgrass - Round 2 -3/13/26,Jason Day – TPC Sawgrass – 3/13/26,,5,5,checked,checked,checked,307,,checked,checked,26,,,,,,,,273,,,,,,,,,,,,,,,,,5.3,⬅️ Hole High Left,2,1.5,1.5,,,,,,Black,573,2,0,76.8,76.8,155,18 Holes,5.3,,,5.3,1,0,5,0,0,,,1,5,5,Par,1,Jason Day – TPC Sawgrass – 3/13/26,1,1,0,Jason Day,1,100%,1,0,0,0,1,0,0,0,0,0,0,0,0,0,0,0,0,0,0,1,0,0,0,1,0,0,0,0,0,0,0,0,0,0,0,0,0,0,1,0,0,0,0,0,0,0,0,0,0,0,0,0,0,0,1,,,,,,,,,,0,0,0,0,0,0,0,1,0,0,0,0,0,0,1,1,0,1,0,1,0,0,0,0,0,0,0,0,0,0,0,0,0,0,0,1,0,0,0,0,0,0,0,0,0,0,0,0,0,1,0,0,0,0,0,0,1,0,1,1,1,0,0,0,0,1,1,,0,0,0,,0,0,0,0,0,0,0,0,0,0,0,0,0,0,0,0,0,0,0,0,0,0,0,0,0,0,0,0,0,1,0,0,0,0,0,0,0,0,0,0,0,0,0,0,0,0,0,0,0,0,0,0,0,0,TRUE,TRUE,TRUE,,Hole High Left,,,
TPC Sawgrass - Black,12,3/13/2026,TPC Sawgrass,TPC Sawgrass - Black - 12,,Jason Day,,Jason Day - TPC Sawgrass - Round 2 -3/13/26,Jason Day – TPC Sawgrass – 3/13/26,,4,4,,,checked,289,,checked,checked,57,,,,,,,,,,,,,,,,,,,,,,,,,12,↘️ Short Right,2,2,2,,,,,,Black,365,14,0,76.8,76.8,155,18 Holes,12,,12,,0,0,4,0,0,,,1,4,4,Par,1,Jason Day – TPC Sawgrass – 3/13/26,1,1,0,Jason Day,1,100%,1,0,0,0,1,0,0,0,0,0,0,0,0,0,0,0,0,0,0,1,0,0,0,1,0,0,0,0,0,0,0,0,0,0,0,0,0,0,1,0,0,0,0,0,0,0,0,0,0,0,0,0,0,0,1,,,,,,0,,,,,0,0,0,0,0,1,0,0,0,0,0,0,0,1,1,0,1,0,1,0,0,0,0,0,0,0,0,0,1,0,0,0,0,0,0,0,0,0,0,0,0,0,0,0,0,0,0,0,1,0,0,0,0,0,1,0,1,0,1,0,0,0,1,0,0,0,,0,0,0,,0,0,0,0,0,0,0,0,0,0,0,0,0,0,0,0,0,0,0,0,0,0,0,1,0,0,0,0,0,0,0,0,0,0,0,0,0,0,0,0,0,0,0,0,0,0,0,0,0,0,0,0,0,0,TRUE,TRUE,TRUE,,Short Right,,,
TPC Sawgrass - Black,13,3/13/2026,TPC Sawgrass,TPC Sawgrass - Black - 13,,Jason Day,,Jason Day - TPC Sawgrass - Round 2 -3/13/26,Jason Day – TPC Sawgrass – 3/13/26,,3,3,,,,196,,,,189,,,↗️ Long Right,,,,,,,,,,,,,,,1,60 Degree Wedge,,,,,,4.8,➡️ Hole High Right,1,4.8,,,,,,,Black,183,18,0,76.8,76.8,155,18 Holes,,,,,1,1,3,0,0,,,1,3,3,Par,0,Jason Day – TPC Sawgrass – 3/13/26,0,0,0,Jason Day,0,N/A,0,0,0,0,1,0,0,0,1,1,1,1,1,1,1,1,1,0,1,0,0,0,0,0,0,0,1,0,0,0,0,0,1,0,0,0,0,0,0,0,0,0,0,0,0,0,0,0,0,0,0,0,0,0,1,,0,,,,,,,,,0,1,0,0,0,0,0,0,0,0,0,0,0,0,0,1,0,1,0,0,0,0,1,0,0,0,0,0,0,0,0,0,0,0,0,0,0,0,0,0,1,1,0,0,0,0,0,0,0,0,0,0,1,0,0,0,0,0,0,0,0,0,0,0,0,0,,1,0,0,,0,1,0,0,0,0,0,0,0,0,0,0,0,0,0,0,0,0,0,0,0,0,0,0,0,0,0,0,0,0,0,0,0,0,0,0,0,0,0,0,0,0,0,0,0,0,0,0,0,0,0,0,0,0,FALSE,FALSE,FALSE,Long Right,Hole High Right,,,
TPC Sawgrass - Black,14,3/13/2026,TPC Sawgrass,TPC Sawgrass - Black - 14,,Jason Day,,Jason Day - TPC Sawgrass - Round 2 -3/13/26,Jason Day – TPC Sawgrass – 3/13/26,,4,4,,,checked,331,,checked,checked,163,,,,,,,,,,,,,,,,,,,,,,,,,37,⬅️ Hole High Left,2,4.5,4.5,,,,,,Black,485,12,0,76.8,76.8,155,18 Holes,37,,37,,0,0,4,0,0,,,1,4,4,Par,1,Jason Day – TPC Sawgrass – 3/13/26,1,1,0,Jason Day,1,100%,1,0,0,0,1,0,0,0,0,0,0,0,0,0,0,0,0,0,0,1,0,0,0,1,0,0,0,0,0,0,0,0,0,0,0,0,0,0,1,0,0,0,0,0,0,0,0,0,0,0,0,0,0,0,1,,,,,,0,,,,,0,0,0,0,0,1,0,0,0,0,0,0,0,1,1,0,1,0,1,0,0,0,0,0,0,0,0,0,1,0,0,0,0,0,0,0,0,0,0,0,0,0,0,0,0,0,0,0,0,0,0,0,1,0,1,0,1,0,0,0,0,0,0,0,0,0,,0,0,0,,0,0,0,0,0,0,0,0,0,0,0,0,0,0,0,0,0,0,0,0,0,0,0,1,0,0,0,0,0,0,0,0,0,0,0,0,0,0,0,0,0,0,0,0,0,0,0,0,0,0,0,0,0,0,TRUE,TRUE,TRUE,,Hole High Left,,,
TPC Sawgrass - Black,15,3/13/2026,TPC Sawgrass,TPC Sawgrass - Black - 15,,Jason Day,,Jason Day - TPC Sawgrass - Round 2 -3/13/26,Jason Day – TPC Sawgrass – 3/13/26,,4,4,,,checked,294,,checked,checked,179,,,,,,,,,,,,,,,,,,,,,,,,,23.3,⬇️ Short,2,5.8,5.8,,,,,,Black,470,8,0,76.8,76.8,155,18 Holes,23.3,,23.3,,0,0,4,0,0,,,1,4,4,Par,1,Jason Day – TPC Sawgrass – 3/13/26,1,1,0,Jason Day,1,100%,1,0,0,0,1,0,0,0,0,0,0,0,0,0,0,0,0,0,0,1,0,0,0,1,0,0,0,0,0,0,0,0,0,0,0,0,0,0,1,0,0,0,0,0,0,0,0,0,0,0,0,0,0,0,1,,,,,,0,,,,,0,0,0,0,0,1,0,0,0,0,0,0,0,1,1,0,1,0,1,0,0,0,0,0,0,0,0,0,1,0,0,0,0,0,0,0,0,0,0,0,0,0,0,0,0,0,0,0,0,0,0,0,1,0,1,0,1,0,0,0,0,0,0,0,0,0,,0,0,0,,0,0,0,0,0,0,0,0,0,0,0,0,0,0,0,0,0,0,0,0,0,0,0,1,0,0,0,0,0,0,0,0,0,0,0,0,0,0,0,0,0,0,0,0,0,0,0,0,0,0,0,0,0,0,TRUE,TRUE,TRUE,,Short,,,
TPC Sawgrass - Black,16,3/13/2026,TPC Sawgrass,TPC Sawgrass - Black - 16,,Jason Day,,Jason Day - TPC Sawgrass - Round 2 -3/13/26,Jason Day – TPC Sawgrass – 3/13/26,,5,5,checked,checked,,311,➡️ Right,checked,checked,20,,,,,,,,218,,,,,,,,,,,,,,,,,5.8,⬆️ Long,2,1.9,1.9,,,,,,Black,537,4,0,76.8,76.8,155,18 Holes,5.8,,,5.8,1,0,5,0,0,,,1,5,5,Par,0,Jason Day – TPC Sawgrass – 3/13/26,1,1,0,Jason Day,1,0%,0,0,0,0,1,0,0,0,0,0,0,0,0,0,0,0,0,0,0,1,0,0,0,0,0,0,0,0,0,0,0,0,0,0,0,0,0,0,1,0,0,0,0,0,0,0,0,0,0,0,0,0,0,0,1,,,,,,,0,,,,0,0,0,0,0,0,0,0,1,0,1,0,0,0,0,0,0,0,0,0,0,0,0,0,0,0,0,0,0,0,0,0,0,0,1,0,0,0,0,0,0,0,1,0,0,0,0,0,0,0,0,0,0,0,0,1,0,0,1,1,0,0,0,0,1,1,,0,0,0,,0,0,0,0,0,0,0,0,0,0,0,0,0,0,0,0,0,0,0,0,0,0,0,0,0,0,0,0,0,1,0,0,0,0,0,0,0,0,0,0,0,0,0,0,0,0,0,0,0,0,0,0,0,0,FALSE,TRUE,TRUE,,Long,Right,,
TPC Sawgrass - Black,17,3/13/2026,TPC Sawgrass,TPC Sawgrass - Black - 17,,Jason Day,,Jason Day - TPC Sawgrass - Round 2 -3/13/26,Jason Day – TPC Sawgrass – 3/13/26,,3,3,,,,143,,checked,checked,146,,,,,,,,,,,,,,,,,,,,,,,,,9,⬇️ Short,2,1.2,1.2,,,,,,Black,141,16,0,76.8,76.8,155,18 Holes,9,9,,,1,0,3,0,0,,,1,3,3,Par,0,Jason Day – TPC Sawgrass – 3/13/26,1,1,0,Jason Day,0,N/A,0,0,0,0,1,0,0,0,0,0,0,0,0,0,0,0,0,0,0,1,0,0,0,1,0,0,0,0,0,0,0,0,0,0,0,0,0,0,1,0,0,0,0,0,0,0,0,0,0,0,0,0,0,0,1,0,,,,,,,,,,1,0,0,0,0,0,0,0,0,0,0,0,0,0,1,0,1,0,0,0,0,0,1,0,0,0,0,0,0,0,0,0,0,0,0,0,0,0,0,0,0,0,1,0,0,0,0,0,0,0,0,0,0,0,0,0,0,0,1,1,1,1,0,0,0,0,,0,0,0,,0,0,0,0,0,0,0,0,0,0,0,0,0,0,0,0,0,0,1,0,0,0,0,0,0,0,0,0,0,0,0,0,0,0,0,0,0,0,0,0,0,0,0,0,0,0,0,0,0,0,0,0,0,0,FALSE,TRUE,TRUE,,Short,,,
TPC Sawgrass - Black,18,3/13/2026,TPC Sawgrass,TPC Sawgrass - Black - 18,,Jason Day,,Jason Day - TPC Sawgrass - Round 2 -3/13/26,Jason Day – TPC Sawgrass – 3/13/26,,4,4,,,checked,284,,checked,checked,173,,,,,,,,,,,,,,,,,,,,,,,,,45.7,⬇️ Short,2,0.8,0.8,,,,,,Black,462,6,0,76.8,76.8,155,18 Holes,45.7,,45.7,,0,0,4,0,0,,,1,4,4,Par,1,Jason Day – TPC Sawgrass – 3/13/26,1,1,0,Jason Day,1,100%,1,0,0,0,1,0,0,0,0,0,0,0,0,0,0,0,0,0,0,1,0,0,0,1,0,0,0,0,0,0,0,0,0,0,0,0,0,0,1,0,0,0,0,0,0,0,0,0,0,0,0,0,0,0,1,,,,,,0,,,,,0,0,0,0,0,1,0,0,0,0,0,0,0,1,1,0,1,0,1,0,0,0,0,0,0,0,0,0,1,0,0,0,0,0,0,0,0,0,0,0,0,0,1,0,0,0,0,0,0,0,0,0,0,0,1,0,1,0,0,0,0,0,0,0,0,0,,0,0,0,,0,0,0,0,0,0,0,0,0,0,0,0,0,0,0,0,0,0,0,0,0,0,0,1,0,0,0,0,0,0,0,0,0,0,0,0,0,0,0,0,0,0,0,0,0,0,0,0,0,0,0,0,0,0,TRUE,TRUE,TRUE,,Short,,,
TPC Sawgrass - Black,1,3/14/2026,TPC Sawgrass,TPC Sawgrass - Black - 1,,Jason Day,,Jason Day - TPC Sawgrass - Round 3 -3/14/26,Jason Day – TPC Sawgrass – 3/14/26,,4,4,,,checked,289,,checked,checked,127,,,,,,,,,,,,,,,,,,,,,,,,,22.2,⬆️ Long,2,1,1,,,,,,Black,424,11,0,76.8,76.8,155,18 Holes,22.2,,22.2,,0,0,4,0,1,4,4,0,,,Par,1,Jason Day – TPC Sawgrass – 3/14/26,1,1,0,Jason Day,1,100%,1,0,0,0,1,0,0,0,0,0,0,0,0,0,0,0,0,0,0,1,0,0,0,1,0,0,0,0,0,0,0,0,0,0,0,0,0,0,1,0,0,0,0,0,0,0,0,0,0,0,0,0,0,0,1,,,,,,0,,,,,0,0,0,0,0,1,0,0,0,0,0,0,0,1,1,0,1,0,1,0,0,0,0,0,0,0,0,0,1,0,0,0,0,0,0,0,0,0,0,0,0,0,0,0,1,0,0,0,0,0,0,0,0,0,1,0,1,0,0,0,0,0,0,0,0,0,,0,0,0,,0,0,0,0,0,0,0,0,0,0,0,0,0,0,0,0,0,0,0,0,0,0,0,1,0,0,0,0,0,0,0,0,0,0,0,0,0,0,0,0,0,0,0,0,0,0,0,0,0,0,0,0,0,0,TRUE,TRUE,TRUE,,Long,,,
TPC Sawgrass - Black,2,3/14/2026,TPC Sawgrass,TPC Sawgrass - Black - 2,,Jason Day,,Jason Day - TPC Sawgrass - Round 3 -3/14/26,Jason Day – TPC Sawgrass – 3/14/26,,5,5,,,,293,⬅️ Left,checked,checked,50,,,,,,,,261,,↘️ Short Right,,,,,,1,,,,,,,,,31.8,↙️ Short Left,2,3.9,3.9,,,,,,Black,555,15,0,76.8,76.8,155,18 Holes,31.8,,,31.8,0,0,5,0,1,5,5,0,,,Par,0,Jason Day – TPC Sawgrass – 3/14/26,1,1,0,Jason Day,1,0%,0,0,0,0,1,0,0,0,0,0,0,0,0,0,0,0,0,1,0,1,0,0,0,0,0,0,0,0,1,1,0,0,0,0,0,0,0,0,1,0,0,0,0,0,0,0,0,0,0,0,0,0,0,0,1,,,,,,,0,,,,0,0,0,0,0,0,0,0,1,0,1,0,0,0,0,0,0,0,0,0,0,0,0,0,0,0,0,0,0,0,0,0,0,0,1,0,0,0,0,0,0,0,0,0,1,0,0,0,0,0,0,0,0,0,0,1,0,0,0,0,0,0,0,0,0,0,,0,0,0,,0,0,0,0,0,0,0,0,0,0,0,0,0,0,0,0,0,0,0,0,0,0,0,0,0,0,0,0,0,1,0,0,0,0,0,0,0,0,0,0,0,0,0,0,0,0,0,0,0,0,0,0,0,0,FALSE,TRUE,TRUE,,Short Left,Left,,
TPC Sawgrass - Black,3,3/14/2026,TPC Sawgrass,TPC Sawgrass - Black - 3,,Jason Day,,Jason Day - TPC Sawgrass - Round 3 -3/14/26,Jason Day – TPC Sawgrass – 3/14/26,,3,3,,,,181,,checked,checked,189,,,,,,,,,,,,,,,,,,,,,,,,,27,⬇️ Short,2,1.3,1.3,,,,,,Black,182,17,0,76.8,76.8,155,18 Holes,27,27,,,0,0,3,0,1,3,3,0,,,Par,0,Jason Day – TPC Sawgrass – 3/14/26,1,1,0,Jason Day,0,N/A,0,0,0,0,1,0,0,0,0,0,0,0,0,0,0,0,0,0,0,1,0,0,0,1,0,0,0,0,0,0,0,0,0,0,0,0,0,0,1,0,0,0,0,0,0,0,0,0,0,0,0,0,0,0,1,0,,,,,,,,,,1,0,0,0,0,0,0,0,0,0,0,0,0,0,1,0,1,0,0,0,0,0,1,0,0,0,0,0,0,0,0,0,0,0,0,0,0,0,0,0,0,0,0,0,1,0,0,0,0,0,0,0,0,0,0,0,0,0,0,0,0,0,0,0,0,0,,0,0,0,,0,0,0,0,0,0,0,0,0,0,0,0,0,0,0,0,0,0,1,0,0,0,0,0,0,0,0,0,0,0,0,0,0,0,0,0,0,0,0,0,0,0,0,0,0,0,0,0,0,0,0,0,0,0,FALSE,TRUE,TRUE,,Short,,,
TPC Sawgrass - Black,4,3/14/2026,TPC Sawgrass,TPC Sawgrass - Black - 4,,Jason Day,,Jason Day - TPC Sawgrass - Round 3 -3/14/26,Jason Day – TPC Sawgrass – 3/14/26,,4,4,,,,286,⬅️ Left,,,93,,,⬇️ Short,,,,,,,,,,,,,,,1,Putter,,,,,,3.3,⬅️ Hole High Left,1,3.2,,,,,,,Black,387,5,0,76.8,76.8,155,18 Holes,,,,,1,1,4,0,1,4,4,0,,,Par,0,Jason Day – TPC Sawgrass – 3/14/26,0,0,0,Jason Day,1,0%,0,0,0,0,1,0,0,0,1,1,1,1,1,1,1,1,1,0,1,0,0,0,0,0,0,0,1,0,0,0,0,0,1,0,0,0,0,0,0,0,0,0,0,0,0,0,0,0,0,0,0,0,0,0,1,,,,,0,,,,,,0,0,0,1,0,0,0,0,0,0,0,1,0,0,0,1,0,1,0,1,0,0,0,0,0,0,0,0,1,0,0,0,0,0,0,0,0,0,0,0,1,1,0,0,0,0,0,0,0,0,1,0,0,0,0,0,0,0,0,0,0,0,0,0,0,0,,0,1,0,,0,0,0,0,0,0,0,1,0,0,0,0,0,0,0,0,0,0,0,0,0,0,0,0,0,0,0,0,0,0,0,0,0,0,0,0,0,0,0,0,0,0,0,0,0,0,0,0,0,0,0,0,0,0,FALSE,FALSE,FALSE,Short,Hole High Left,Left,,
TPC Sawgrass - Black,5,3/14/2026,TPC Sawgrass,TPC Sawgrass - Black - 5,,Jason Day,,Jason Day - TPC Sawgrass - Round 3 -3/14/26,Jason Day – TPC Sawgrass – 3/14/26,,4,4,,,checked,296,,checked,checked,175,,,,,,,,,,,,,,,,,,,,,,,,,8.8,⬆️ Long,2,0.5,0.5,,,,,,Black,469,7,0,76.8,76.8,155,18 Holes,8.8,,8.8,,1,0,4,0,1,4,4,0,,,Par,1,Jason Day – TPC Sawgrass – 3/14/26,1,1,0,Jason Day,1,100%,1,0,0,0,1,0,0,0,0,0,0,0,0,0,0,0,0,0,0,1,0,0,0,1,0,0,0,0,0,0,0,0,0,0,0,0,0,0,1,0,0,0,0,0,0,0,0,0,0,0,0,0,0,0,1,,,,,,0,,,,,0,0,0,0,0,1,0,0,0,0,0,0,0,1,1,0,1,0,1,0,0,0,0,0,0,0,0,0,1,0,0,0,0,0,0,0,0,0,0,0,0,0,0,0,0,0,0,0,0,0,1,0,0,0,1,0,1,0,1,1,0,0,1,1,0,0,,0,0,0,,0,0,0,0,0,0,0,0,0,0,0,0,0,0,0,0,0,0,0,0,0,0,0,1,0,0,0,0,0,0,0,0,0,0,0,0,0,0,0,0,0,0,0,0,0,0,0,0,0,0,0,0,0,0,TRUE,TRUE,TRUE,,Long,,,
TPC Sawgrass - Black,6,3/14/2026,TPC Sawgrass,TPC Sawgrass - Black - 6,,Jason Day,,Jason Day - TPC Sawgrass - Round 3 -3/14/26,Jason Day – TPC Sawgrass – 3/14/26,,4,4,,,checked,255,,checked,checked,157,,,,,,,,,,,,,,,,,,,,,,,,,53.7,⬇️ Short,2,3.2,3.2,,,,,,Black,413,13,0,76.8,76.8,155,18 Holes,53.7,,53.7,,0,0,4,0,1,4,4,0,,,Par,1,Jason Day – TPC Sawgrass – 3/14/26,1,1,0,Jason Day,1,100%,1,0,0,0,1,0,0,0,0,0,0,0,0,0,0,0,0,0,0,1,0,0,0,1,0,0,0,0,0,0,0,0,0,0,0,0,0,0,1,0,0,0,0,0,0,0,0,0,0,0,0,0,0,0,1,,,,,,0,,,,,0,0,0,0,0,1,0,0,0,0,0,0,0,1,1,0,1,0,1,0,0,0,0,0,0,0,0,0,1,0,0,0,0,0,0,0,0,0,0,0,0,0,0,0,0,0,0,0,0,0,1,0,0,0,1,0,1,0,0,0,0,0,0,0,0,0,,0,0,0,,0,0,0,0,0,0,0,0,0,0,0,0,0,0,0,0,0,0,0,0,0,0,0,1,0,0,0,0,0,0,0,0,0,0,0,0,0,0,0,0,0,0,0,0,0,0,0,0,0,0,0,0,0,0,TRUE,TRUE,TRUE,,Short,,,
TPC Sawgrass - Black,7,3/14/2026,TPC Sawgrass,TPC Sawgrass - Black - 7,,Jason Day,,Jason Day - TPC Sawgrass - Round 3 -3/14/26,Jason Day – TPC Sawgrass – 3/14/26,,4,3,,,checked,280,,checked,checked,150,,,,,,,,,,,,,,,,,,,,,,,,,2.3,Tight (3 feet or less) ,1,2.3,,,,,,,Black,450,9,-1,76.8,76.8,155,18 Holes,2.3,,2.3,,1,1,4,-1,1,3,4,0,,,Birdie,1,Jason Day – TPC Sawgrass – 3/14/26,1,1,0,Jason Day,1,100%,1,0,0,1,0,0,0,0,0,0,0,0,0,0,0,0,0,0,1,0,0,0,0,0,1,0,0,0,0,0,0,1,0,0,0,0,0,0,0,0,0,0,0,0,0,0,0,0,0,0,0,0,0,0,1,,,,,,-1,,,,,0,0,0,0,0,1,0,0,0,0,0,0,0,1,1,0,1,0,1,0,0,0,0,0,0,0,0,1,0,0,0,0,0,0,0,0,0,0,0,0,0,0,0,1,0,0,0,0,0,0,0,0,0,0,1,0,1,0,1,1,0,0,1,1,0,0,,0,0,0,,0,0,0,0,0,0,1,0,0,0,0,0,0,0,0,0,0,0,0,0,0,0,0,0,0,0,0,0,0,0,0,0,0,0,0,0,0,0,0,0,0,0,0,0,0,0,0,0,0,0,0,0,0,0,TRUE,TRUE,TRUE,,Tight (3 feet or less),,,
TPC Sawgrass - Black,8,3/14/2026,TPC Sawgrass,TPC Sawgrass - Black - 8,,Jason Day,,Jason Day - TPC Sawgrass - Round 3 -3/14/26,Jason Day – TPC Sawgrass – 3/14/26,,3,4,,,,209,,,,217,,,↘️ Short Right,,,,,,,,,,,,,,1,1,60 Degree Wedge,,,,,,16.7,⬅️ Hole High Left,2,16.7,3.2,,,,,,Black,236,15,1,76.8,76.8,155,18 Holes,,,,,0,0,3,1,1,4,3,0,,,Bogey,0,Jason Day – TPC Sawgrass – 3/14/26,0,0,0,Jason Day,0,N/A,0,0,0,0,0,1,0,0,1,1,0,0,0,0,1,0,0,1,0,1,0,0,0,0,0,0,0,0,0,1,0,0,0,0,0,0,0,0,0,1,0,0,0,0,0,0,0,0,0,0,0,0,0,0,1,,1,,,,,,,,,0,1,0,0,0,0,0,0,0,0,0,0,0,0,0,1,0,1,0,0,0,0,0,1,0,0,0,0,0,0,0,0,0,0,0,0,0,0,0,0,0,0,0,0,0,0,0,1,0,0,0,0,0,0,0,0,0,0,0,0,0,0,0,0,0,0,,0,0,0,,0,0,0,0,0,0,0,0,0,0,0,0,0,0,0,0,0,0,0,1,0,0,0,0,0,0,0,0,0,0,0,0,0,0,0,0,0,0,0,0,0,0,0,0,0,0,0,0,0,0,0,0,0,0,FALSE,FALSE,FALSE,Short Right,Hole High Left,,,
TPC Sawgrass - Black,9,3/14/2026,TPC Sawgrass,TPC Sawgrass - Black - 9,,Jason Day,,Jason Day - TPC Sawgrass - Round 3 -3/14/26,Jason Day – TPC Sawgrass – 3/14/26,,5,4,checked,checked,checked,305,,checked,checked,21,,,,,,,,289,,,,,,,,,,,,1,,,,60 Degree Wedge,2.8,Tight (3 feet or less) ,1,2.8,,,,,,,Black,601,3,-1,76.8,76.8,155,18 Holes,2.8,,,2.8,1,1,5,-1,1,4,5,0,,,Birdie,1,Jason Day – TPC Sawgrass – 3/14/26,1,1,0,Jason Day,1,100%,1,0,0,1,0,0,0,0,0,0,0,0,0,0,0,0,0,0,1,0,0,0,0,0,1,0,0,0,0,0,0,1,0,0,0,0,0,0,0,0,0,0,0,0,0,0,0,0,0,0,0,0,0,0,1,,,,,,,,,,-1,0,0,0,0,0,0,1,0,0,0,0,0,0,1,1,0,1,0,1,0,0,0,0,0,0,0,0,0,0,0,0,0,0,1,0,0,0,0,0,0,0,0,0,1,0,0,0,0,0,0,0,0,0,0,0,1,0,1,1,1,0,0,0,0,1,1,,0,0,0,,0,0,0,0,0,0,0,0,0,0,0,0,0,1,0,0,0,0,0,0,0,0,0,0,0,0,0,0,0,0,0,0,0,0,0,0,0,0,0,0,0,0,0,0,0,0,0,0,0,0,0,0,0,0,TRUE,TRUE,TRUE,,Tight (3 feet or less),,,
TPC Sawgrass - Black,10,3/14/2026,TPC Sawgrass,TPC Sawgrass - Black - 10,,Jason Day,,Jason Day - TPC Sawgrass - Round 3 -3/14/26,Jason Day – TPC Sawgrass – 3/14/26,,4,3,,,checked,296,,checked,checked,111,,,,,,,,,,,,,,,,,,,,,,,,,17.5,↘️ Short Right,1,17.5,,,,,,,Black,419,10,-1,76.8,76.8,155,18 Holes,17.5,,17.5,,0,0,4,-1,0,,,1,3,4,Birdie,1,Jason Day – TPC Sawgrass – 3/14/26,1,1,0,Jason Day,1,100%,1,0,0,1,0,0,0,0,0,0,0,0,0,0,0,0,0,0,1,0,0,0,0,0,1,0,0,0,0,0,0,1,0,0,0,0,0,0,0,0,0,0,0,0,0,0,0,0,0,0,0,0,0,0,1,,,,,,-1,,,,,0,0,0,0,0,1,0,0,0,0,0,0,0,1,1,0,1,0,1,0,0,0,0,0,0,0,0,1,0,0,0,0,0,0,0,0,0,0,0,0,0,0,0,0,0,0,0,0,1,0,0,0,0,0,1,0,1,0,1,0,0,0,1,0,0,0,,0,0,0,,0,0,0,0,0,0,1,0,0,0,0,0,0,0,0,0,0,0,0,0,0,0,0,0,0,0,0,0,0,0,0,0,0,0,0,0,0,0,0,0,0,0,0,0,0,0,0,0,0,0,0,0,0,0,TRUE,TRUE,TRUE,,Short Right,,,
TPC Sawgrass - Black,11,3/14/2026,TPC Sawgrass,TPC Sawgrass - Black - 11,,Jason Day,,Jason Day - TPC Sawgrass - Round 3 -3/14/26,Jason Day – TPC Sawgrass – 3/14/26,,5,5,,,,290,➡️ Right,,,33,,,⬇️ Short,,,,,,,,,,,,,,2,1,60 Degree Wedge,1,,,,60 Degree Wedge,4.1,⬆️ Long,1,4.1,,,,,,,Black,573,2,0,76.8,76.8,155,18 Holes,,,,,1,1,5,0,0,,,1,5,5,Par,0,Jason Day – TPC Sawgrass – 3/14/26,0,0,0,Jason Day,1,0%,0,0,0,0,1,0,0,0,1,1,1,1,1,1,1,1,1,2,1,0,0,0,0,0,0,0,1,0,1,1,0,0,1,0,0,0,0,0,0,0,0,0,0,0,0,0,0,0,0,0,0,0,0,0,1,,,,,,,,,0,,0,0,0,0,0,0,0,0,0,1,0,1,0,0,0,1,0,1,0,1,0,0,0,0,0,0,0,0,0,0,0,0,0,0,1,0,0,0,0,0,1,1,0,0,0,0,0,0,1,0,0,0,0,0,0,0,0,0,0,0,0,0,0,0,0,0,,0,0,1,,0,0,0,0,0,0,0,0,0,0,0,0,0,0,1,0,0,0,0,0,0,0,0,0,0,0,0,0,0,0,0,0,0,0,0,0,0,0,0,0,0,0,0,0,0,0,0,0,0,0,0,0,0,0,FALSE,FALSE,FALSE,Short,Long,Right,,
TPC Sawgrass - Black,12,3/14/2026,TPC Sawgrass,TPC Sawgrass - Black - 12,,Jason Day,,Jason Day - TPC Sawgrass - Round 3 -3/14/26,Jason Day – TPC Sawgrass – 3/14/26,,4,5,,,,287,↙️ Short Left,,,150,,,⬅️ Left,,,,,,,,1,Driver,,,Hazard - Water,,,1,Putter,,,,,,1.8,➡️ Hole High Right,1,1.8,,,,,,,Black,365,14,1,76.8,76.8,155,18 Holes,,,,,1,1,4,1,0,,,1,5,4,Bogey,0,Jason Day – TPC Sawgrass – 3/14/26,0,0,0,Jason Day,1,0%,0,0,0,0,0,1,0,0,1,1,1,1,1,1,1,0,1,0,1,0,0,0,0,0,0,0,0,0,0,0,0,0,0,1,0,0,0,0,0,0,0,0,0,0,0,0,0,0,0,0,0,0,0,0,1,,,,,1,,,,,,0,0,0,1,0,0,0,0,0,0,0,1,0,0,0,1,0,1,0,1,0,0,0,0,0,0,0,0,0,1,0,0,0,0,0,0,0,0,0,0,0,1,0,0,0,0,0,0,0,1,0,0,0,0,0,0,0,0,0,0,0,0,0,0,0,0,,0,0,0,,0,0,0,0,0,0,0,0,1,0,0,0,0,0,0,0,0,0,0,0,0,0,0,0,0,0,0,0,0,0,0,0,0,0,0,0,0,0,0,0,0,0,0,0,0,0,0,0,0,0,0,0,0,0,FALSE,FALSE,FALSE,Left,Hole High Right,Short Left,,
TPC Sawgrass - Black,13,3/14/2026,TPC Sawgrass,TPC Sawgrass - Black - 13,,Jason Day,,Jason Day - TPC Sawgrass - Round 3 -3/14/26,Jason Day – TPC Sawgrass – 3/14/26,,3,2,,,,204,,,,192,,,↖️ Long Left,,,,,,,,,,,,,,,1,60 Degree Wedge,,,,,,0,Hole Out,0,0,,,,13,Fairway,60,Black,183,18,-1,76.8,76.8,155,18 Holes,,,,,1,0,3,-1,0,,,1,2,3,Birdie,0,Jason Day – TPC Sawgrass – 3/14/26,0,0,0,Jason Day,0,N/A,0,0,0,1,0,0,0,0,1,1,1,1,1,1,1,1,1,0,0,0,0,0,1,0,0,0,0,1,0,0,0,0,0,0,0,0,0,0,0,0,0,0,0,0,0,0,0,0,0,0,0,0,0,0,0,,-1,,,,,,,,,0,1,0,0,0,0,0,0,0,0,0,0,0,0,0,1,0,1,0,0,0,1,0,0,0,0,0,0,0,0,0,0,0,0,0,0,0,0,0,0,0,0,0,0,0,0,0,0,0,0,0,0,1,0,0,0,0,0,0,0,0,0,0,0,0,0,,0,0,0,,0,0,0,0,0,0,0,0,0,0,0,0,0,0,0,0,0,0,0,0,0,0,0,0,0,0,0,0,0,0,0,0,0,0,0,0,0,0,0,0,0,0,0,0,0,0,0,0,0,0,0,0,0,0,FALSE,FALSE,FALSE,Long Left,Hole Out,,,
TPC Sawgrass - Black,14,3/14/2026,TPC Sawgrass,TPC Sawgrass - Black - 14,,Jason Day,,Jason Day - TPC Sawgrass - Round 3 -3/14/26,Jason Day – TPC Sawgrass – 3/14/26,,4,4,,,,300,➡️ Right,,,177,,,↙️ Short Left,,,,,,,,,,,,,,1,1,60 Degree Wedge,,,,,,4.8,⬅️ Hole High Left,1,4.8,,,,,,,Black,485,12,0,76.8,76.8,155,18 Holes,,,,,1,1,4,0,0,,,1,4,4,Par,0,Jason Day – TPC Sawgrass – 3/14/26,0,0,0,Jason Day,1,0%,0,0,0,0,1,0,0,0,1,1,1,1,1,1,1,1,1,1,1,0,0,0,0,0,0,0,1,0,1,1,0,0,1,0,0,0,0,0,0,0,0,0,0,0,0,0,0,0,0,0,0,0,0,0,1,,,,,0,,,,,,0,0,0,1,0,0,0,0,0,0,0,1,0,0,0,1,0,1,0,1,0,0,0,0,0,0,0,0,1,0,0,0,0,0,0,0,0,0,0,0,1,1,0,0,0,0,0,0,0,0,0,0,1,0,0,0,0,0,0,0,0,0,0,0,0,0,,0,1,0,,0,0,0,0,0,0,0,1,0,0,0,0,0,0,0,0,0,0,0,0,0,0,0,0,0,0,0,0,0,0,0,0,0,0,0,0,0,0,0,0,0,0,0,0,0,0,0,0,0,0,0,0,0,0,FALSE,FALSE,FALSE,Short Left,Hole High Left,Right,,
TPC Sawgrass - Black,15,3/14/2026,TPC Sawgrass,TPC Sawgrass - Black - 15,,Jason Day,,Jason Day - TPC Sawgrass - Round 3 -3/14/26,Jason Day – TPC Sawgrass – 3/14/26,,4,4,,,checked,302,,checked,checked,168,,,,,,,,,,,,,,,,,,,,,,,,,10.2,⬇️ Short,2,1.3,1.3,,,,,,Black,470,8,0,76.8,76.8,155,18 Holes,10.2,,10.2,,0,0,4,0,0,,,1,4,4,Par,1,Jason Day – TPC Sawgrass – 3/14/26,1,1,0,Jason Day,1,100%,1,0,0,0,1,0,0,0,0,0,0,0,0,0,0,0,0,0,0,1,0,0,0,1,0,0,0,0,0,0,0,0,0,0,0,0,0,0,1,0,0,0,0,0,0,0,0,0,0,0,0,0,0,0,1,,,,,,0,,,,,0,0,0,0,0,1,0,0,0,0,0,0,0,1,1,0,1,0,1,0,0,0,0,0,0,0,0,0,1,0,0,0,0,0,0,0,0,0,0,0,0,0,0,0,0,0,0,0,0,0,0,0,1,0,1,0,1,0,1,0,0,0,1,0,0,0,,0,0,0,,0,0,0,0,0,0,0,0,0,0,0,0,0,0,0,0,0,0,0,0,0,0,0,1,0,0,0,0,0,0,0,0,0,0,0,0,0,0,0,0,0,0,0,0,0,0,0,0,0,0,0,0,0,0,TRUE,TRUE,TRUE,,Short,,,
TPC Sawgrass - Black,16,3/14/2026,TPC Sawgrass,TPC Sawgrass - Black - 16,,Jason Day,,Jason Day - TPC Sawgrass - Round 3 -3/14/26,Jason Day – TPC Sawgrass – 3/14/26,,5,5,,,,320,➡️ Right,checked,checked,26,,,,,,,,11,,↖️ Long Left,,,,,,,,,,1,,,,60 Degree Wedge,10,⬇️ Short,2,2.3,2.3,,,,,,Black,537,4,0,76.8,76.8,155,18 Holes,10,,,10,1,0,5,0,0,,,1,5,5,Par,0,Jason Day – TPC Sawgrass – 3/14/26,1,1,0,Jason Day,1,0%,0,0,0,0,1,0,0,0,0,0,0,0,0,0,0,0,0,0,0,1,0,0,0,0,0,0,0,0,0,0,0,0,0,0,0,0,0,0,1,0,0,0,0,0,0,0,0,0,0,0,0,0,0,0,1,,,,,,,0,,,,0,0,0,0,0,0,0,0,1,0,1,0,0,0,0,0,0,0,0,0,0,0,0,0,0,0,0,0,0,0,0,0,0,0,1,0,0,0,0,0,0,0,1,0,0,0,0,0,0,0,0,0,0,0,0,1,0,0,1,1,0,0,0,0,1,1,,0,0,0,,0,0,0,0,0,0,0,0,0,0,0,0,0,0,0,0,0,0,0,0,0,0,0,0,0,0,0,0,0,1,0,0,0,0,0,0,0,0,0,0,0,0,0,0,0,0,0,0,0,0,0,0,0,0,FALSE,TRUE,TRUE,,Short,Right,,
TPC Sawgrass - Black,17,3/14/2026,TPC Sawgrass,TPC Sawgrass - Black - 17,,Jason Day,,Jason Day - TPC Sawgrass - Round 3 -3/14/26,Jason Day – TPC Sawgrass – 3/14/26,,3,3,,,,122,,checked,checked,126,,,,,,,,,,,,,,,,,,,,,,,,,18.2,➡️ Hole High Right,2,0.2,0.2,,,,,,Black,141,16,0,76.8,76.8,155,18 Holes,18.2,18.2,,,0,0,3,0,0,,,1,3,3,Par,0,Jason Day – TPC Sawgrass – 3/14/26,1,1,0,Jason Day,0,N/A,0,0,0,0,1,0,0,0,0,0,0,0,0,0,0,0,0,0,0,1,0,0,0,1,0,0,0,0,0,0,0,0,0,0,0,0,0,0,1,0,0,0,0,0,0,0,0,0,0,0,0,0,0,0,1,0,,,,,,,,,,1,0,0,0,0,0,0,0,0,0,0,0,0,0,1,0,1,0,0,0,0,0,1,0,0,0,0,0,0,0,0,0,0,0,0,0,0,0,0,0,0,0,1,0,0,0,0,0,0,0,0,0,0,0,0,0,0,0,1,0,1,0,0,0,0,0,,0,0,0,,0,0,0,0,0,0,0,0,0,0,0,0,0,0,0,0,0,0,1,0,0,0,0,0,0,0,0,0,0,0,0,0,0,0,0,0,0,0,0,0,0,0,0,0,0,0,0,0,0,0,0,0,0,0,FALSE,TRUE,TRUE,,Hole High Right,,,
TPC Sawgrass - Black,18,3/14/2026,TPC Sawgrass,TPC Sawgrass - Black - 18,,Jason Day,,Jason Day - TPC Sawgrass - Round 3 -3/14/26,Jason Day – TPC Sawgrass – 3/14/26,,4,6,,checked,,287,⬅️ Left,,checked,167,,,,,,,,,,,1,Driver,,,Hazard - Water,,,,,,,,,,13.8,➡️ Hole High Right,2,3.9,3.9,,,,,,Black,462,6,2,76.8,76.8,155,18 Holes,,,,,0,0,4,2,0,,,1,6,4,Double Bogey,0,Jason Day – TPC Sawgrass – 3/14/26,0,1,0,Jason Day,1,0%,0,0,0,0,0,0,1,0,0,0,0,0,0,0,1,0,0,0,0,1,0,0,0,0,0,0,0,0,0,0,0,0,0,0,0,0,0,0,0,0,1,0,0,0,0,0,0,0,0,0,0,0,0,0,1,,,,,2,,,,,,0,0,0,1,0,0,0,0,0,0,0,1,0,0,0,1,0,1,0,1,0,0,0,0,0,0,0,0,0,0,1,0,0,0,0,0,0,0,0,0,0,0,0,0,0,0,1,0,0,0,0,0,0,0,0,0,0,0,0,0,0,0,0,0,0,0,,0,0,0,,0,0,0,0,0,0,0,0,0,0,0,0,0,0,0,0,0,0,0,0,0,0,0,0,0,1,0,0,0,0,0,0,0,0,0,0,0,0,0,0,0,0,0,0,0,0,0,0,0,0,0,0,0,0,FALSE,FALSE,TRUE,,Hole High Right,Left,,
TPC Sawgrass - Black,1,3/15/2026,TPC Sawgrass,TPC Sawgrass - Black - 1,,Jason Day,,Jason Day - TPC Sawgrass - Round 4 -3/15/26,Jason Day – TPC Sawgrass – 3/15/26,,4,5,,,checked,331,,checked,checked,106,,,,,,,,,,,,,,,,,,,,,,,⬇️ Short,,35.8,⬇️ Short,3,3,6.9,3,,,,,Black,424,11,1,76.8,76.8,155,18 Holes,35.8,,35.8,,0,0,4,1,1,5,4,0,,,Bogey,1,Jason Day – TPC Sawgrass – 3/15/26,1,1,0,Jason Day,1,100%,1,0,0,0,0,1,0,0,0,0,0,0,0,0,0,0,0,0,0,0,1,0,0,0,0,0,0,0,0,0,0,0,0,0,0,0,0,0,0,0,0,0,0,0,0,1,0,0,0,0,0,0,0,0,1,,,,,,1,,,,,0,0,0,0,0,1,0,0,0,0,0,0,0,1,1,0,1,0,1,0,0,0,0,0,0,0,0,0,0,1,0,0,0,0,0,0,0,0,0,0,0,0,0,0,0,1,0,0,0,0,0,0,0,0,1,0,1,0,0,0,0,0,0,0,0,0,,0,0,0,,0,0,0,0,0,0,0,0,0,0,0,0,0,0,0,0,0,0,0,0,0,0,0,0,0,0,0,0,0,0,0,0,0,0,0,0,0,1,0,0,0,0,0,0,0,0,0,0,0,0,0,0,0,0,TRUE,TRUE,TRUE,,Short,,Short,
TPC Sawgrass - Black,2,3/15/2026,TPC Sawgrass,TPC Sawgrass - Black - 2,,Jason Day,,Jason Day - TPC Sawgrass - Round 4 -3/15/26,Jason Day – TPC Sawgrass – 3/15/26,,5,5,,,,283,⬅️ Left,checked,checked,56,,,,,,,,260,,↘️ Short Right,,,,,,1,,,,,,,,,40.7,↘️ Short Right,2,3.3,3.3,,,,,,Black,555,15,0,76.8,76.8,155,18 Holes,40.7,,,40.7,0,0,5,0,1,5,5,0,,,Par,0,Jason Day – TPC Sawgrass – 3/15/26,1,1,0,Jason Day,1,0%,0,0,0,0,1,0,0,0,0,0,0,0,0,0,0,0,0,1,0,1,0,0,0,0,0,0,0,0,1,1,0,0,0,0,0,0,0,0,1,0,0,0,0,0,0,0,0,0,0,0,0,0,0,0,1,,,,,,,0,,,,0,0,0,0,0,0,0,0,1,0,1,0,0,0,0,0,0,0,0,0,0,0,0,0,0,0,0,0,0,0,0,0,0,0,1,0,0,0,0,0,0,0,0,0,1,0,0,0,0,0,0,0,0,0,0,1,0,0,0,0,0,0,0,0,0,0,,0,0,0,,0,0,0,0,0,0,0,0,0,0,0,0,0,0,0,0,0,0,0,0,0,0,0,0,0,0,0,0,0,1,0,0,0,0,0,0,0,0,0,0,0,0,0,0,0,0,0,0,0,0,0,0,0,0,FALSE,TRUE,TRUE,,Short Right,Left,,
TPC Sawgrass - Black,3,3/15/2026,TPC Sawgrass,TPC Sawgrass - Black - 3,,Jason Day,,Jason Day - TPC Sawgrass - Round 4 -3/15/26,Jason Day – TPC Sawgrass – 3/15/26,,3,3,,,,160,↙️ Short Left,,,168,,,,,,,,,,,,,,,,,1,1,60 Degree Wedge,,,,,,19.2,↘️ Short Right,1,19.2,,,,,,,Black,182,17,0,76.8,76.8,155,18 Holes,,,,,0,0,3,0,1,3,3,0,,,Par,0,Jason Day – TPC Sawgrass – 3/15/26,0,0,0,Jason Day,0,N/A,0,0,0,0,1,0,0,0,1,1,0,0,0,0,1,1,1,1,1,0,0,0,0,0,0,0,1,0,1,1,0,0,1,0,0,0,0,0,0,0,0,0,0,0,0,0,0,0,0,0,0,0,0,0,1,,0,,,,,,,,,0,1,0,0,0,0,0,0,0,0,0,0,0,0,0,1,0,1,0,0,0,0,1,0,0,0,0,0,0,0,0,0,0,0,0,0,0,0,0,0,1,1,0,0,1,0,0,0,0,0,0,0,0,0,0,0,0,0,0,0,0,0,0,0,0,0,,1,0,0,,0,1,0,0,0,0,0,0,0,0,0,0,0,0,0,0,0,0,0,0,0,0,0,0,0,0,0,0,0,0,0,0,0,0,0,0,0,0,0,0,0,0,0,0,0,0,0,0,0,0,0,0,0,0,FALSE,FALSE,FALSE,,Short Right,Short Left,,
TPC Sawgrass - Black,4,3/15/2026,TPC Sawgrass,TPC Sawgrass - Black - 4,,Jason Day,,Jason Day - TPC Sawgrass - Round 4 -3/15/26,Jason Day – TPC Sawgrass – 3/15/26,,4,4,,,,283,⬅️ Left,,,106,,,↖️ Long Left,,,,,,,,,,,,,,,1,60 Degree Wedge,,,,,,4.3,⬇️ Short,1,4.3,,,,,,,Black,387,5,0,76.8,76.8,155,18 Holes,,,,,1,1,4,0,1,4,4,0,,,Par,0,Jason Day – TPC Sawgrass – 3/15/26,0,0,0,Jason Day,1,0%,0,0,0,0,1,0,0,0,1,1,1,1,1,1,1,1,1,0,1,0,0,0,0,0,0,0,1,0,0,0,0,0,1,0,0,0,0,0,0,0,0,0,0,0,0,0,0,0,0,0,0,0,0,0,1,,,,,0,,,,,,0,0,0,1,0,0,0,0,0,0,0,1,0,0,0,1,0,1,0,1,0,0,0,0,0,0,0,0,1,0,0,0,0,0,0,0,0,0,0,0,1,1,0,0,0,0,0,0,0,0,1,0,0,0,0,0,0,0,0,0,0,0,0,0,0,0,,0,1,0,,0,0,0,0,0,0,0,1,0,0,0,0,0,0,0,0,0,0,0,0,0,0,0,0,0,0,0,0,0,0,0,0,0,0,0,0,0,0,0,0,0,0,0,0,0,0,0,0,0,0,0,0,0,0,FALSE,FALSE,FALSE,Long Left,Short,Left,,
TPC Sawgrass - Black,5,3/15/2026,TPC Sawgrass,TPC Sawgrass - Black - 5,,Jason Day,,Jason Day - TPC Sawgrass - Round 4 -3/15/26,Jason Day – TPC Sawgrass – 3/15/26,,4,5,,,,292,⬅️ Left,,,174,,,↘️ Short Right,,,,,,,,,,,,,,,2,60 Degree Wedge,,,,,,2.9,Tight (3 feet or less) ,1,2.9,,,,,,,Black,469,7,1,76.8,76.8,155,18 Holes,,,,,1,1,4,1,1,5,4,0,,,Bogey,0,Jason Day – TPC Sawgrass – 3/15/26,0,0,0,Jason Day,1,0%,0,0,0,0,0,1,0,0,2,1,0,0,0,0,1,0,1,0,1,0,0,0,0,0,0,0,0,0,0,0,0,0,0,1,0,0,0,0,0,0,0,0,0,0,0,0,0,0,0,0,0,0,0,0,1,,,,,1,,,,,,0,0,0,1,0,0,0,0,0,0,0,1,0,0,0,1,0,1,0,1,0,0,0,0,0,0,0,0,0,1,0,0,0,0,0,0,0,0,0,0,0,1,0,0,0,0,0,0,0,0,0,1,0,0,0,0,0,0,0,0,0,0,0,0,0,0,,0,0,0,,0,0,0,0,0,0,0,0,1,0,0,0,0,0,0,0,0,0,0,0,0,0,0,0,0,0,0,0,0,0,0,0,0,0,0,0,0,0,0,0,0,0,0,0,0,0,0,0,0,0,0,0,0,0,FALSE,FALSE,FALSE,Short Right,Tight (3 feet or less),Left,,
TPC Sawgrass - Black,6,3/15/2026,TPC Sawgrass,TPC Sawgrass - Black - 6,,Jason Day,,Jason Day - TPC Sawgrass - Round 4 -3/15/26,Jason Day – TPC Sawgrass – 3/15/26,,4,4,,,,259,⬅️ Left,checked,checked,141,,,,,,,,,,,,,,,,1,,,,,,,,,27.1,↖️ Long Left,2,3,3,,,,,,Black,413,13,0,76.8,76.8,155,18 Holes,27.1,,27.1,,0,0,4,0,1,4,4,0,,,Par,0,Jason Day – TPC Sawgrass – 3/15/26,1,1,0,Jason Day,1,0%,0,0,0,0,1,0,0,0,0,0,0,0,0,0,0,0,0,1,0,1,0,0,0,0,0,0,0,0,1,1,0,0,0,0,0,0,0,0,1,0,0,0,0,0,0,0,0,0,0,0,0,0,0,0,1,,,0,,,,,,,,0,0,1,0,0,0,0,0,0,0,1,0,0,0,0,0,0,0,0,0,0,0,0,0,0,0,0,0,1,0,0,0,0,0,0,0,0,0,0,0,0,0,0,0,0,0,0,0,0,0,1,0,0,0,1,0,0,0,0,0,0,0,0,0,0,0,,0,0,0,,0,0,0,0,0,0,0,0,0,0,0,0,0,0,0,0,0,0,0,0,0,0,0,1,0,0,0,0,0,0,0,0,0,0,0,0,0,0,0,0,0,0,0,0,0,0,0,0,0,0,0,0,0,0,FALSE,TRUE,TRUE,,Long Left,Left,,
TPC Sawgrass - Black,7,3/15/2026,TPC Sawgrass,TPC Sawgrass - Black - 7,,Jason Day,,Jason Day - TPC Sawgrass - Round 4 -3/15/26,Jason Day – TPC Sawgrass – 3/15/26,,4,4,,,checked,318,,checked,checked,134,,,,,,,,,,,,,,,,,,,,,,,,,14.1,⬇️ Short,2,1.2,1.2,,,,,,Black,450,9,0,76.8,76.8,155,18 Holes,14.1,,14.1,,0,0,4,0,1,4,4,0,,,Par,1,Jason Day – TPC Sawgrass – 3/15/26,1,1,0,Jason Day,1,100%,1,0,0,0,1,0,0,0,0,0,0,0,0,0,0,0,0,0,0,1,0,0,0,1,0,0,0,0,0,0,0,0,0,0,0,0,0,0,1,0,0,0,0,0,0,0,0,0,0,0,0,0,0,0,1,,,,,,0,,,,,0,0,0,0,0,1,0,0,0,0,0,0,0,1,1,0,1,0,1,0,0,0,0,0,0,0,0,0,1,0,0,0,0,0,0,0,0,0,0,0,0,0,0,1,0,0,0,0,0,0,0,0,0,0,1,0,1,0,1,0,0,0,1,0,0,0,,0,0,0,,0,0,0,0,0,0,0,0,0,0,0,0,0,0,0,0,0,0,0,0,0,0,0,1,0,0,0,0,0,0,0,0,0,0,0,0,0,0,0,0,0,0,0,0,0,0,0,0,0,0,0,0,0,0,TRUE,TRUE,TRUE,,Short,,,
TPC Sawgrass - Black,8,3/15/2026,TPC Sawgrass,TPC Sawgrass - Black - 8,,Jason Day,,Jason Day - TPC Sawgrass - Round 4 -3/15/26,Jason Day – TPC Sawgrass – 3/15/26,,3,3,,,,216,,checked,checked,240,,,,,,,,,,,,,,,,,,,,,,,,,73.8,↙️ Short Left,2,3.1,3.1,,,,,,Black,236,15,0,76.8,76.8,155,18 Holes,73.8,73.8,,,0,0,3,0,1,3,3,0,,,Par,0,Jason Day – TPC Sawgrass – 3/15/26,1,1,0,Jason Day,0,N/A,0,0,0,0,1,0,0,0,0,0,0,0,0,0,0,0,0,0,0,1,0,0,0,1,0,0,0,0,0,0,0,0,0,0,0,0,0,0,1,0,0,0,0,0,0,0,0,0,0,0,0,0,0,0,1,0,,,,,,,,,,1,0,0,0,0,0,0,0,0,0,0,0,0,0,1,0,1,0,0,0,0,0,1,0,0,0,0,0,0,0,0,0,0,0,0,0,0,0,0,0,0,0,0,1,0,0,0,0,0,0,0,0,0,0,0,0,0,0,0,0,0,0,0,0,0,0,,0,0,0,,0,0,0,0,0,0,0,0,0,0,0,0,0,0,0,0,0,0,1,0,0,0,0,0,0,0,0,0,0,0,0,0,0,0,0,0,0,0,0,0,0,0,0,0,0,0,0,0,0,0,0,0,0,0,FALSE,TRUE,TRUE,,Short Left,,,
TPC Sawgrass - Black,9,3/15/2026,TPC Sawgrass,TPC Sawgrass - Black - 9,,Jason Day,,Jason Day - TPC Sawgrass - Round 4 -3/15/26,Jason Day – TPC Sawgrass – 3/15/26,,5,6,,,,336,➡️ Right,,,50,,,↙️ Short Left,,,,,247,,↙️ Short Left,,,,,,,1,1,60 Degree Wedge,,,,,,17.3,➡️ Hole High Right,2,4.1,4.1,,,,,,Black,601,3,1,76.8,76.8,155,18 Holes,,,,,0,0,5,1,1,6,5,0,,,Bogey,0,Jason Day – TPC Sawgrass – 3/15/26,0,0,0,Jason Day,1,0%,0,0,0,0,0,1,0,0,1,1,0,0,0,0,1,0,0,1,0,1,0,0,0,0,0,0,0,0,0,1,0,0,0,0,0,0,0,0,0,1,0,0,0,0,0,0,0,0,0,0,0,0,0,0,1,,,,,,,,,1,,0,0,0,0,0,0,0,0,0,1,0,1,0,0,0,1,0,1,0,1,0,0,0,0,0,0,0,0,0,0,0,0,0,0,0,1,0,0,0,0,0,0,0,0,0,0,0,1,0,0,0,0,0,0,0,0,0,0,0,0,0,0,0,0,0,0,,0,0,0,,0,0,0,0,0,0,0,0,0,0,0,0,0,0,0,0,0,0,0,0,0,0,0,0,0,0,0,0,0,0,1,0,0,0,0,0,0,0,0,0,0,0,0,0,0,0,0,0,0,0,0,0,0,0,FALSE,FALSE,FALSE,Short Left,Hole High Right,Right,,
TPC Sawgrass - Black,10,3/15/2026,TPC Sawgrass,TPC Sawgrass - Black - 10,,Jason Day,,Jason Day - TPC Sawgrass - Round 4 -3/15/26,Jason Day – TPC Sawgrass – 3/15/26,,4,4,,,,275,⬅️ Left,,,124,,,↙️ Short Left,,,,,,,,,,,,,1,,1,60 Degree Wedge,,,,,,23.6,↗️ Long Right,1,23.6,,,,,,,Black,419,10,0,76.8,76.8,155,18 Holes,,,,,0,0,4,0,0,,,1,4,4,Par,0,Jason Day – TPC Sawgrass – 3/15/26,0,0,0,Jason Day,1,0%,0,0,0,0,1,0,0,0,1,1,0,0,0,0,1,1,1,1,1,0,0,0,0,0,0,0,1,0,1,1,0,0,1,0,0,0,0,0,0,0,0,0,0,0,0,0,0,0,0,0,0,0,0,0,1,,,,,0,,,,,,0,0,0,1,0,0,0,0,0,0,0,1,0,0,0,1,0,1,0,1,0,0,0,0,0,0,0,0,1,0,0,0,0,0,0,0,0,0,0,0,1,1,0,0,0,0,0,0,1,0,0,0,0,0,0,0,0,0,0,0,0,0,0,0,0,0,,0,1,0,,0,0,0,0,0,0,0,1,0,0,0,0,0,0,0,0,0,0,0,0,0,0,0,0,0,0,0,0,0,0,0,0,0,0,0,0,0,0,0,0,0,0,0,0,0,0,0,0,0,0,0,0,0,0,FALSE,FALSE,FALSE,Short Left,Long Right,Left,,
TPC Sawgrass - Black,11,3/15/2026,TPC Sawgrass,TPC Sawgrass - Black - 11,,Jason Day,,Jason Day - TPC Sawgrass - Round 4 -3/15/26,Jason Day – TPC Sawgrass – 3/15/26,,5,5,,,checked,299,,checked,checked,270,,,,,checked,,,,,,,,,,,,,,,,,,⬇️ Short,,31.8,↖️ Long Left,3,2.3,8,2.3,,,,,Black,573,2,0,76.8,76.8,155,18 Holes,31.8,,,31.8,0,0,5,0,0,,,1,5,5,Par,1,Jason Day – TPC Sawgrass – 3/15/26,1,1,1,Jason Day,1,100%,1,0,0,0,1,0,0,0,0,0,0,0,0,0,0,0,0,0,0,0,1,0,0,1,0,0,0,0,0,0,0,0,0,0,0,0,0,0,0,0,0,0,0,0,1,0,0,0,0,0,0,0,0,0,1,,,,,,,,,,0,0,0,0,0,0,0,1,0,0,0,0,0,0,1,1,0,1,0,1,0,0,0,0,0,0,0,0,0,0,0,0,0,0,0,1,0,0,0,0,0,0,0,0,0,0,0,0,0,1,0,0,0,0,0,0,1,0,1,0,0,0,0,0,0,0,0,,0,0,0,,0,0,0,0,0,0,0,0,0,0,0,0,0,0,0,0,0,0,0,0,0,0,0,0,0,0,0,0,0,0,0,0,0,0,0,0,0,0,0,0,0,1,0,0,0,0,0,0,0,0,0,0,0,0,TRUE,TRUE,TRUE,,Long Left,,Short,
TPC Sawgrass - Black,12,3/15/2026,TPC Sawgrass,TPC Sawgrass - Black - 12,,Jason Day,,Jason Day - TPC Sawgrass - Round 4 -3/15/26,Jason Day – TPC Sawgrass – 3/15/26,,4,4,,,,282,➡️ Right,,,100,,,⬆️ Long,,,,,,,,,,,,,,,1,60 Degree Wedge,,,,,,1.8,Tight (3 feet or less) ,1,1.8,,,,,,,Black,365,14,0,76.8,76.8,155,18 Holes,,,,,1,1,4,0,0,,,1,4,4,Par,0,Jason Day – TPC Sawgrass – 3/15/26,0,0,0,Jason Day,1,0%,0,0,0,0,1,0,0,0,1,1,1,1,1,1,1,1,1,0,1,0,0,0,0,0,0,0,1,0,0,0,0,0,1,0,0,0,0,0,0,0,0,0,0,0,0,0,0,0,0,0,0,0,0,0,1,,,,,0,,,,,,0,0,0,1,0,0,0,0,0,0,0,1,0,0,0,1,0,1,0,1,0,0,0,0,0,0,0,0,1,0,0,0,0,0,0,0,0,0,0,0,1,1,0,0,0,0,0,0,1,0,0,0,0,0,0,0,0,0,0,0,0,0,0,0,0,0,,0,1,0,,0,0,0,0,0,0,0,1,0,0,0,0,0,0,0,0,0,0,0,0,0,0,0,0,0,0,0,0,0,0,0,0,0,0,0,0,0,0,0,0,0,0,0,0,0,0,0,0,0,0,0,0,0,0,FALSE,FALSE,FALSE,Long,Tight (3 feet or less),Right,,
TPC Sawgrass - Black,13,3/15/2026,TPC Sawgrass,TPC Sawgrass - Black - 13,,Jason Day,,Jason Day - TPC Sawgrass - Round 4 -3/15/26,Jason Day – TPC Sawgrass – 3/15/26,,3,5,,checked,,157,,,,169,,,↙️ Short Left,,,checked,131,,,,1,,,,Hazard - Water,,,,,,,,,,9.8,➡️ Hole High Right,2,1.8,1.8,,,,,,Black,183,18,2,76.8,76.8,155,18 Holes,,,,,1,0,3,2,0,,,1,5,3,Double Bogey,0,Jason Day – TPC Sawgrass – 3/15/26,0,0,0,Jason Day,0,N/A,0,0,0,0,0,0,1,0,0,0,0,0,0,0,1,0,0,0,0,1,0,0,0,0,0,0,0,0,0,0,0,0,0,0,0,0,0,0,0,0,1,0,0,0,0,0,0,0,0,0,0,0,0,0,1,,2,,,,,,,,,0,1,0,0,0,0,0,0,0,0,0,0,0,0,0,1,0,1,0,0,0,0,0,0,1,0,0,0,0,0,0,0,0,0,0,0,0,0,0,0,0,0,0,0,0,0,0,0,0,0,0,0,0,1,0,0,0,0,0,0,0,0,0,0,0,0,,0,0,0,,0,0,0,0,0,0,0,0,0,0,0,0,0,0,0,0,0,0,0,0,1,0,0,0,0,0,0,0,0,0,0,0,0,0,0,0,0,0,0,0,0,0,0,0,0,0,0,0,0,0,0,0,0,0,FALSE,FALSE,FALSE,Short Left,Hole High Right,,,
TPC Sawgrass - Black,14,3/15/2026,TPC Sawgrass,TPC Sawgrass - Black - 14,,Jason Day,,Jason Day - TPC Sawgrass - Round 4 -3/15/26,Jason Day – TPC Sawgrass – 3/15/26,,4,4,,,checked,303,,,,186,,,↗️ Long Right,,,,,,,,,,,,,,,1,60 Degree Wedge,,,,,,25.5,➡️ Hole High Right,1,25.5,,,,,,,Black,485,12,0,76.8,76.8,155,18 Holes,,,,,0,0,4,0,0,,,1,4,4,Par,1,Jason Day – TPC Sawgrass – 3/15/26,0,0,0,Jason Day,1,100%,0,0,0,0,1,0,0,0,1,1,0,0,0,0,1,1,1,0,1,0,0,0,0,0,0,0,0,0,0,0,0,0,1,0,0,0,0,0,0,0,0,0,0,0,0,0,0,0,0,0,0,0,0,0,1,,,,0,,,,,,,0,0,0,0,1,0,0,0,0,0,0,0,1,0,0,0,0,0,0,0,0,0,0,0,0,0,0,0,1,0,0,0,0,0,0,0,0,0,0,0,1,1,0,0,0,0,0,0,0,0,0,0,1,0,0,0,1,0,0,0,0,0,0,0,0,0,,0,1,0,,0,0,0,0,0,0,0,1,0,0,0,0,0,0,0,0,0,0,0,0,0,0,0,0,0,0,0,0,0,0,0,0,0,0,0,0,0,0,0,0,0,0,0,0,0,0,0,0,0,0,0,0,0,0,TRUE,FALSE,FALSE,Long Right,Hole High Right,,,
TPC Sawgrass - Black,15,3/15/2026,TPC Sawgrass,TPC Sawgrass - Black - 15,,Jason Day,,Jason Day - TPC Sawgrass - Round 4 -3/15/26,Jason Day – TPC Sawgrass – 3/15/26,,4,4,,,checked,335,,checked,checked,116,,,,,,,,,,,,,,,,,,,,,,,,,13.5,⬅️ Hole High Left,2,1.8,1.8,,,,,,Black,470,8,0,76.8,76.8,155,18 Holes,13.5,,13.5,,0,0,4,0,0,,,1,4,4,Par,1,Jason Day – TPC Sawgrass – 3/15/26,1,1,0,Jason Day,1,100%,1,0,0,0,1,0,0,0,0,0,0,0,0,0,0,0,0,0,0,1,0,0,0,1,0,0,0,0,0,0,0,0,0,0,0,0,0,0,1,0,0,0,0,0,0,0,0,0,0,0,0,0,0,0,1,,,,,,0,,,,,0,0,0,0,0,1,0,0,0,0,0,0,0,1,1,0,1,0,1,0,0,0,0,0,0,0,0,0,1,0,0,0,0,0,0,0,0,0,0,0,0,0,0,0,0,0,0,0,0,0,0,0,1,0,1,0,1,0,1,0,0,0,1,0,0,0,,0,0,0,,0,0,0,0,0,0,0,0,0,0,0,0,0,0,0,0,0,0,0,0,0,0,0,1,0,0,0,0,0,0,0,0,0,0,0,0,0,0,0,0,0,0,0,0,0,0,0,0,0,0,0,0,0,0,TRUE,TRUE,TRUE,,Hole High Left,,,
TPC Sawgrass - Black,16,3/15/2026,TPC Sawgrass,TPC Sawgrass - Black - 16,,Jason Day,,Jason Day - TPC Sawgrass - Round 4 -3/15/26,Jason Day – TPC Sawgrass – 3/15/26,,5,6,,,,259,⬅️ Left,,,250,,,⬆️ Long,,,,,,,,,,1,,Hazard - Water,,,1,60 Degree Wedge,,,,,,2.3,Tight (3 feet or less) ,1,2.3,,,,,,,Black,537,4,1,76.8,76.8,155,18 Holes,,,,,1,1,5,1,0,,,1,6,5,Bogey,0,Jason Day – TPC Sawgrass – 3/15/26,0,0,0,Jason Day,1,0%,0,0,0,0,0,1,0,0,1,1,1,1,1,1,1,0,1,0,1,0,0,0,0,0,0,0,0,0,0,0,0,0,0,1,0,0,0,0,0,0,0,0,0,0,0,0,0,0,0,0,0,0,0,0,1,,,,,,,,,1,,0,0,0,0,0,0,0,0,0,1,0,1,0,0,0,1,0,1,0,1,0,0,0,0,0,0,0,0,0,0,0,0,0,0,0,1,0,0,0,0,0,1,0,0,0,0,1,0,0,0,0,0,0,0,0,0,0,0,0,0,0,0,0,0,0,0,,0,0,0,,0,0,0,0,0,0,0,0,0,0,0,0,0,0,0,1,0,0,0,0,0,0,0,0,0,0,0,0,0,0,0,0,0,0,0,0,0,0,0,0,0,0,0,0,0,0,0,0,0,0,0,0,0,0,FALSE,FALSE,FALSE,Long,Tight (3 feet or less),Left,,
TPC Sawgrass - Black,17,3/15/2026,TPC Sawgrass,TPC Sawgrass - Black - 17,,Jason Day,,Jason Day - TPC Sawgrass - Round 4 -3/15/26,Jason Day – TPC Sawgrass – 3/15/26,,3,5,,,,120,,,,134,,,↘️ Short Right,,,checked,90,,,,1,,,,Hazard - Water,,,,,,,,,,5.5,⬅️ Hole High Left,2,3.1,3.1,,,,,,Black,141,16,2,76.8,76.8,155,18 Holes,,,,,1,0,3,2,0,,,1,5,3,Double Bogey,0,Jason Day – TPC Sawgrass – 3/15/26,0,0,0,Jason Day,0,N/A,0,0,0,0,0,0,1,0,0,0,0,0,0,0,1,0,0,0,0,1,0,0,0,0,0,0,0,0,0,0,0,0,0,0,0,0,0,0,0,0,1,0,0,0,0,0,0,0,0,0,0,0,0,0,1,,2,,,,,,,,,0,1,0,0,0,0,0,0,0,0,0,0,0,0,0,1,0,1,0,0,0,0,0,0,1,0,0,0,0,0,0,0,0,0,0,0,0,0,0,0,0,0,0,0,0,0,1,0,0,0,0,0,0,0,0,0,0,0,0,0,0,0,0,0,0,0,,0,0,0,,0,0,0,0,0,0,0,0,0,0,0,0,0,0,0,0,0,0,0,0,1,0,0,0,0,0,0,0,0,0,0,0,0,0,0,0,0,0,0,0,0,0,0,0,0,0,0,0,0,0,0,0,0,0,FALSE,FALSE,FALSE,Short Right,Hole High Left,,,
TPC Sawgrass - Black,18,3/15/2026,TPC Sawgrass,TPC Sawgrass - Black - 18,,Jason Day,,Jason Day - TPC Sawgrass - Round 4 -3/15/26,Jason Day – TPC Sawgrass – 3/15/26,,4,4,,,,316,➡️ Right,checked,checked,164,,,,,,,,,,,,,,,,,,,,,,,,,6,➡️ Hole High Right,2,1.2,1.2,,,,,,Black,462,6,0,76.8,76.8,155,18 Holes,6,,6,,1,0,4,0,0,,,1,4,4,Par,0,Jason Day – TPC Sawgrass – 3/15/26,1,1,0,Jason Day,1,0%,0,0,0,0,1,0,0,0,0,0,0,0,0,0,0,0,0,0,0,1,0,0,0,0,0,0,0,0,0,0,0,0,0,0,0,0,0,0,1,0,0,0,0,0,0,0,0,0,0,0,0,0,0,0,1,,,0,,,,,,,,0,0,1,0,0,0,0,0,0,0,1,0,0,0,0,0,0,0,0,0,0,0,0,0,0,0,0,0,1,0,0,0,0,0,0,0,0,0,0,0,0,0,1,0,0,0,0,0,0,0,0,0,0,0,1,0,0,0,1,1,0,0,1,1,0,0,,0,0,0,,0,0,0,0,0,0,0,0,0,0,0,0,0,0,0,0,0,0,0,0,0,0,0,1,0,0,0,0,0,0,0,0,0,0,0,0,0,0,0,0,0,0,0,0,0,0,0,0,0,0,0,0,0,0,FALSE,TRUE,TRUE,,Hole High Right,Right,,
Little Bud - Blue,1,3/22/2026,Little Bud ,Little Bud  - Blue 1,,Jake,,Jake - Little Bud - 3/22/2026,Jake – Little Bud  – 3/22/26,,3,4,,,,,,,,130,,9,➡️ Right,,,,,,,,,,,,,,,1,58 Degree Wedge,,,,,,12,➡️ Hole High Right,2,1,1,,,,,,Blue,130,7,1,,,,18 Holes,,,,,0,0,3,1,1,4,3,0,,,Bogey,0,Jake – Little Bud  – 3/22/26,0,0,0,Jake,0,N/A,0,0,0,0,0,1,0,0,1,1,0,0,0,0,1,0,0,0,0,1,0,0,0,0,0,0,0,0,0,0,0,0,0,0,0,0,0,0,0,1,0,0,0,0,0,0,0,0,0,0,0,0,0,0,1,,1,,,,,,,,,0,1,0,0,0,0,0,0,0,0,0,0,0,0,0,1,0,1,0,0,0,0,0,1,0,0,0,0,0,0,0,0,0,0,0,0,0,0,0,0,0,0,0,0,0,1,0,0,0,0,0,0,0,0,0,0,0,0,0,0,0,0,0,0,0,0,,0,0,0,,0,0,0,0,0,0,0,0,0,0,0,0,0,0,0,0,0,0,0,1,0,0,0,0,0,0,0,0,0,0,0,0,0,0,0,0,0,0,0,0,0,0,0,0,0,0,0,0,0,0,0,0,0,0,FALSE,FALSE,FALSE,Right,Hole High Right,,,
Little Bud - Blue,2,3/22/2026,Little Bud ,Little Bud  - Blue 2,,Jake,,Jake - Little Bud - 3/22/2026,Jake – Little Bud  – 3/22/26,,3,3,,,,,,checked,checked,92,,GW,,,,,,,,,,,,,,,,,,,,,,,20,➡️ Hole High Right,2,2.5,2.5,,,,,,Blue,89,4,0,,,,18 Holes,20,20,,,0,0,3,0,1,3,3,0,,,Par,0,Jake – Little Bud  – 3/22/26,1,1,0,Jake,0,N/A,0,0,0,0,1,0,0,0,0,0,0,0,0,0,0,0,0,0,0,1,0,0,0,1,0,0,0,0,0,0,0,0,0,0,0,0,0,0,1,0,0,0,0,0,0,0,0,0,0,0,0,0,0,0,1,0,,,,,,,,,,1,0,0,0,0,0,0,0,0,0,0,0,0,0,1,0,1,0,0,0,0,0,1,0,0,0,0,0,0,0,0,0,0,0,0,0,0,0,0,0,0,0,0,0,1,0,0,0,0,0,0,0,0,0,0,0,0,0,1,0,1,0,0,0,0,0,,0,0,0,,0,0,0,0,0,0,0,0,0,0,0,0,0,0,0,0,0,0,1,0,0,0,0,0,0,0,0,0,0,0,0,0,0,0,0,0,0,0,0,0,0,0,0,0,0,0,0,0,0,0,0,0,0,0,FALSE,TRUE,TRUE,,Hole High Right,,,
Little Bud - Blue,3,3/22/2026,Little Bud ,Little Bud  - Blue 3,,Jake,,Jake - Little Bud - 3/22/2026,Jake – Little Bud  – 3/22/26,,3,4,,,,,,,,137,,8,➡️ Right,,,,,,,,,,,,,,,1,54 Degree Wedge,,,,,,16,⬆️ Long,2,1,1,,,,,,Blue,140,5,1,,,,18 Holes,,,,,0,0,3,1,1,4,3,0,,,Bogey,0,Jake – Little Bud  – 3/22/26,0,0,0,Jake,0,N/A,0,0,0,0,0,1,0,0,1,1,0,0,0,0,1,0,0,0,0,1,0,0,0,0,0,0,0,0,0,0,0,0,0,0,0,0,0,0,0,1,0,0,0,0,0,0,0,0,0,0,0,0,0,0,1,,1,,,,,,,,,0,1,0,0,0,0,0,0,0,0,0,0,0,0,0,1,0,1,0,0,0,0,0,1,0,0,0,0,0,0,0,0,0,0,0,0,0,0,0,0,0,0,0,0,0,1,0,0,0,0,0,0,0,0,0,0,0,0,0,0,0,0,0,0,0,0,,0,0,0,,0,0,0,0,0,0,0,0,0,0,0,0,0,0,0,0,0,0,0,1,0,0,0,0,0,0,0,0,0,0,0,0,0,0,0,0,0,0,0,0,0,0,0,0,0,0,0,0,0,0,0,0,0,0,FALSE,FALSE,FALSE,Right,Long,,,
Little Bud - Blue,4,3/22/2026,Little Bud ,Little Bud  - Blue 4,,Jake,,Jake - Little Bud - 3/22/2026,Jake – Little Bud  – 3/22/26,,3,4,,,,,,,,173,,7,↙️ Short Left,,,,,,,,,,,,,,,1,58 Degree Wedge,,,,,,5,↗️ Long Right,2,1,1,,,,,,Blue,182,1,1,,,,18 Holes,,,,,1,0,3,1,1,4,3,0,,,Bogey,0,Jake – Little Bud  – 3/22/26,0,0,0,Jake,0,N/A,0,0,0,0,0,1,0,0,1,1,1,0,1,0,1,0,0,0,0,1,0,0,0,0,0,0,0,0,0,0,0,0,0,0,0,0,0,0,0,1,0,0,0,0,0,0,0,0,0,0,0,0,0,0,1,,1,,,,,,,,,0,1,0,0,0,0,0,0,0,0,0,0,0,0,0,1,0,1,0,0,0,0,0,1,0,0,0,0,0,0,0,0,0,0,0,0,0,0,0,0,0,0,0,0,0,0,0,0,0,0,0,1,0,0,0,0,0,0,0,0,0,0,0,0,0,0,,0,0,0,,0,0,0,0,0,0,0,0,0,0,0,0,0,0,0,0,0,0,0,1,0,0,0,0,0,0,0,0,0,0,0,0,0,0,0,0,0,0,0,0,0,0,0,0,0,0,0,0,0,0,0,0,0,0,FALSE,FALSE,FALSE,Short Left,Long Right,,,
Little Bud - Blue,5,3/22/2026,Little Bud ,Little Bud  - Blue 5,,Jake,,Jake - Little Bud - 3/22/2026,Jake – Little Bud  – 3/22/26,,3,2,,,,,,checked,checked,72,,58,,,,,,,,,,,,,,,,,,,,,,,0.5,Tight (3 feet or less) ,1,0.5,,,,,,,Blue,77,9,-1,,,,18 Holes,0.5,0.5,,,1,1,3,-1,1,2,3,0,,,Birdie,0,Jake – Little Bud  – 3/22/26,1,1,0,Jake,0,N/A,0,0,0,1,0,0,0,0,0,0,0,0,0,0,0,0,0,0,1,0,0,0,0,0,1,0,0,0,0,0,0,1,0,0,0,0,0,0,0,0,0,0,0,0,0,0,0,0,0,0,0,0,0,0,1,-1,,,,,,,,,,1,0,0,0,0,0,0,0,0,0,0,0,0,0,1,0,1,0,0,0,0,1,0,0,0,0,0,0,0,0,0,0,0,0,0,0,0,0,0,0,0,0,0,0,0,0,0,0,0,0,1,0,0,0,0,0,0,0,1,1,1,1,0,0,0,0,,0,0,0,,1,0,0,0,0,0,0,0,0,0,0,0,0,0,0,0,0,0,0,0,0,0,0,0,0,0,0,0,0,0,0,0,0,0,0,0,0,0,0,0,0,0,0,0,0,0,0,0,0,0,0,0,0,0,FALSE,TRUE,TRUE,,Tight (3 feet or less),,,
Little Bud - Blue,6,3/22/2026,Little Bud ,Little Bud  - Blue 6,,Jake,,Jake - Little Bud - 3/22/2026,Jake – Little Bud  – 3/22/26,,3,3,,,,,,,,117,,GW,⬇️ Short,,,,,,,,,,,,,,,1,58 Degree Wedge,,,,,,12,↗️ Long Right,1,12,,,,,,,Blue,111,8,0,,,,18 Holes,,,,,0,0,3,0,1,3,3,0,,,Par,0,Jake – Little Bud  – 3/22/26,0,0,0,Jake,0,N/A,0,0,0,0,1,0,0,0,1,1,0,0,0,0,1,1,1,0,1,0,0,0,0,0,0,0,1,0,0,0,0,0,1,0,0,0,0,0,0,0,0,0,0,0,0,0,0,0,0,0,0,0,0,0,1,,0,,,,,,,,,0,1,0,0,0,0,0,0,0,0,0,0,0,0,0,1,0,1,0,0,0,0,1,0,0,0,0,0,0,0,0,0,0,0,0,0,0,0,0,0,1,1,0,0,0,0,0,0,0,0,1,0,0,0,0,0,0,0,0,0,0,0,0,0,0,0,,1,0,0,,0,1,0,0,0,0,0,0,0,0,0,0,0,0,0,0,0,0,0,0,0,0,0,0,0,0,0,0,0,0,0,0,0,0,0,0,0,0,0,0,0,0,0,0,0,0,0,0,0,0,0,0,0,0,FALSE,FALSE,FALSE,Short,Long Right,,,
Little Bud - Blue,7,3/22/2026,Little Bud ,Little Bud  - Blue 7,,Jake,,Jake - Little Bud - 3/22/2026,Jake – Little Bud  – 3/22/26,,3,3,,,,,,checked,checked,145,,8,,,,,,,,,,,,,,,,,,,,,,,21,↖️ Long Left,2,3,3,,,,,,Blue,150,2,0,,,,18 Holes,21,21,,,0,0,3,0,1,3,3,0,,,Par,0,Jake – Little Bud  – 3/22/26,1,1,0,Jake,0,N/A,0,0,0,0,1,0,0,0,0,0,0,0,0,0,0,0,0,0,0,1,0,0,0,1,0,0,0,0,0,0,0,0,0,0,0,0,0,0,1,0,0,0,0,0,0,0,0,0,0,0,0,0,0,0,1,0,,,,,,,,,,1,0,0,0,0,0,0,0,0,0,0,0,0,0,1,0,1,0,0,0,0,0,1,0,0,0,0,0,0,0,0,0,0,0,0,0,0,0,0,0,0,0,0,1,0,0,0,0,0,0,0,0,0,0,0,0,0,0,0,0,0,0,0,0,0,0,,0,0,0,,0,0,0,0,0,0,0,0,0,0,0,0,0,0,0,0,0,0,1,0,0,0,0,0,0,0,0,0,0,0,0,0,0,0,0,0,0,0,0,0,0,0,0,0,0,0,0,0,0,0,0,0,0,0,FALSE,TRUE,TRUE,,Long Left,,,
Little Bud - Blue,8,3/22/2026,Little Bud ,Little Bud  - Blue 8,,Jake,,Jake - Little Bud - 3/22/2026,Jake – Little Bud  – 3/22/26,,3,4,,,,,,checked,checked,149,,9,,,,,,,,,,,,,,,,,,,,,,,42,↖️ Long Left,3,2,8,2,,,,,Blue,167,3,1,,,,18 Holes,42,42,,,0,0,3,1,1,4,3,0,,,Bogey,0,Jake – Little Bud  – 3/22/26,1,1,0,Jake,0,N/A,0,0,0,0,0,1,0,0,0,0,0,0,0,0,0,0,0,0,0,0,1,0,0,0,0,0,0,0,0,0,0,0,0,0,0,0,0,0,0,0,0,0,0,0,0,1,0,0,0,0,0,0,0,0,1,1,,,,,,,,,,1,0,0,0,0,0,0,0,0,0,0,0,0,0,1,0,1,0,0,0,0,0,0,1,0,0,0,0,0,0,0,0,0,0,0,0,0,0,0,0,0,0,0,0,0,0,0,1,0,0,0,0,0,0,0,0,0,0,0,0,0,0,0,0,0,0,,0,0,0,,0,0,0,0,0,0,0,0,0,0,0,0,0,0,0,0,0,0,0,0,0,0,0,0,0,0,0,0,0,0,0,0,0,1,0,0,0,0,0,0,0,0,0,0,0,0,0,0,0,0,0,0,0,0,FALSE,TRUE,TRUE,,Long Left,,,
Little Bud - Blue,9,3/22/2026,Little Bud ,Little Bud  - Blue 9,,Jake,,Jake - Little Bud - 3/22/2026,Jake – Little Bud  – 3/22/26,,3,5,,,,,,,,70,,54,⬆️ Long,,,,,,,,,,,,,,1,1,54 Degree Wedge,,58 Degree Wedge,2,,,10,⬇️ Short,2,2,2,,,,,,Blue,69,6,2,,,,18 Holes,,,,,1,0,3,2,1,5,3,0,,,Double Bogey,0,Jake – Little Bud  – 3/22/26,0,0,0,Jake,0,N/A,0,0,0,0,0,0,1,0,3,1,0,0,0,0,1,0,0,1,0,1,0,0,0,0,0,0,0,0,0,1,0,0,0,0,0,0,0,0,0,0,1,0,0,0,0,0,0,0,0,0,0,0,0,0,1,,2,,,,,,,,,0,1,0,0,0,0,0,0,0,0,0,0,0,0,0,1,0,1,0,0,0,0,0,0,1,0,0,0,0,0,0,0,0,0,0,0,0,0,0,0,0,0,0,0,0,0,0,1,0,0,0,0,0,0,0,0,0,0,0,0,0,0,0,0,0,0,,0,0,0,,0,0,0,0,0,0,0,0,0,0,0,0,0,0,0,0,0,0,0,0,1,0,0,0,0,0,0,0,0,0,0,0,0,0,0,0,0,0,0,0,0,0,0,0,0,0,0,0,0,0,0,0,0,0,FALSE,FALSE,FALSE,Long,Short,,,
Little Bud - Blue,10,3/22/2026,Little Bud ,Little Bud  - Blue 1,,Jake,,Jake - Little Bud - 3/22/2026,Jake – Little Bud  – 3/22/26,,3,4,,,,,,,,130,,8,➡️ Right,,,,,,,,,,,,,,,1,58 Degree Wedge,,,,,,8,➡️ Hole High Right,2,2,2,,,,,,Blue,130,7,1,,,,18 Holes,,,,,1,0,3,1,0,,,1,4,3,Bogey,0,Jake – Little Bud  – 3/22/26,0,0,0,Jake,0,N/A,0,0,0,0,0,1,0,0,1,1,1,0,0,0,1,0,0,0,0,1,0,0,0,0,0,0,0,0,0,0,0,0,0,0,0,0,0,0,0,1,0,0,0,0,0,0,0,0,0,0,0,0,0,0,1,,1,,,,,,,,,0,1,0,0,0,0,0,0,0,0,0,0,0,0,0,1,0,1,0,0,0,0,0,1,0,0,0,0,0,0,0,0,0,0,0,0,0,0,0,0,0,0,0,0,0,0,0,0,0,1,0,0,0,0,0,0,0,0,0,0,0,0,0,0,0,0,,0,0,0,,0,0,0,0,0,0,0,0,0,0,0,0,0,0,0,0,0,0,0,1,0,0,0,0,0,0,0,0,0,0,0,0,0,0,0,0,0,0,0,0,0,0,0,0,0,0,0,0,0,0,0,0,0,0,FALSE,FALSE,FALSE,Right,Hole High Right,,,
Little Bud - Blue,11,3/22/2026,Little Bud ,Little Bud  - Blue 2,,Jake,,Jake - Little Bud - 3/22/2026,Jake – Little Bud  – 3/22/26,,3,3,,,,,,checked,checked,92,,GW,,,,,,,,,,,,,,,,,,,,,,,25,➡️ Hole High Right,2,1,1,,,,,,Blue,89,4,0,,,,18 Holes,25,25,,,0,0,3,0,0,,,1,3,3,Par,0,Jake – Little Bud  – 3/22/26,1,1,0,Jake,0,N/A,0,0,0,0,1,0,0,0,0,0,0,0,0,0,0,0,0,0,0,1,0,0,0,1,0,0,0,0,0,0,0,0,0,0,0,0,0,0,1,0,0,0,0,0,0,0,0,0,0,0,0,0,0,0,1,0,,,,,,,,,,1,0,0,0,0,0,0,0,0,0,0,0,0,0,1,0,1,0,0,0,0,0,1,0,0,0,0,0,0,0,0,0,0,0,0,0,0,0,0,0,0,0,0,0,0,0,0,0,1,0,0,0,0,0,0,0,0,0,0,0,0,0,0,0,0,0,,0,0,0,,0,0,0,0,0,0,0,0,0,0,0,0,0,0,0,0,0,0,1,0,0,0,0,0,0,0,0,0,0,0,0,0,0,0,0,0,0,0,0,0,0,0,0,0,0,0,0,0,0,0,0,0,0,0,FALSE,TRUE,TRUE,,Hole High Right,,,
Little Bud - Blue,12,3/22/2026,Little Bud ,Little Bud  - Blue 3,,Jake,,Jake - Little Bud - 3/22/2026,Jake – Little Bud  – 3/22/26,,3,4,,,,,,,,137,,7,↘️ Short Right,,,,,,,,,,,,,,,1,58 Degree Wedge,,,,,,10,⬆️ Long,2,0.5,0.5,,,,,,Blue,140,5,1,,,,18 Holes,,,,,1,0,3,1,0,,,1,4,3,Bogey,0,Jake – Little Bud  – 3/22/26,0,0,0,Jake,0,N/A,0,0,0,0,0,1,0,0,1,1,1,0,0,0,1,0,0,0,0,1,0,0,0,0,0,0,0,0,0,0,0,0,0,0,0,0,0,0,0,1,0,0,0,0,0,0,0,0,0,0,0,0,0,0,1,,1,,,,,,,,,0,1,0,0,0,0,0,0,0,0,0,0,0,0,0,1,0,1,0,0,0,0,0,1,0,0,0,0,0,0,0,0,0,0,0,0,0,0,0,0,0,0,0,0,0,0,0,0,0,1,0,0,0,0,0,0,0,0,0,0,0,0,0,0,0,0,,0,0,0,,0,0,0,0,0,0,0,0,0,0,0,0,0,0,0,0,0,0,0,1,0,0,0,0,0,0,0,0,0,0,0,0,0,0,0,0,0,0,0,0,0,0,0,0,0,0,0,0,0,0,0,0,0,0,FALSE,FALSE,FALSE,Short Right,Long,,,
Little Bud - Blue,13,3/22/2026,Little Bud ,Little Bud  - Blue 4,,Jake,,Jake - Little Bud - 3/22/2026,Jake – Little Bud  – 3/22/26,,3,3,,,,,,checked,checked,173,,6,,,,,,,,,,,,,,,,,,,,,,,12,↗️ Long Right,2,1,1,,,,,,Blue,182,1,0,,,,18 Holes,12,12,,,0,0,3,0,0,,,1,3,3,Par,0,Jake – Little Bud  – 3/22/26,1,1,0,Jake,0,N/A,0,0,0,0,1,0,0,0,0,0,0,0,0,0,0,0,0,0,0,1,0,0,0,1,0,0,0,0,0,0,0,0,0,0,0,0,0,0,1,0,0,0,0,0,0,0,0,0,0,0,0,0,0,0,1,0,,,,,,,,,,1,0,0,0,0,0,0,0,0,0,0,0,0,0,1,0,1,0,0,0,0,0,1,0,0,0,0,0,0,0,0,0,0,0,0,0,0,0,0,0,0,0,0,0,0,0,0,0,0,0,0,0,1,0,0,0,0,0,1,0,1,0,0,0,0,0,,0,0,0,,0,0,0,0,0,0,0,0,0,0,0,0,0,0,0,0,0,0,1,0,0,0,0,0,0,0,0,0,0,0,0,0,0,0,0,0,0,0,0,0,0,0,0,0,0,0,0,0,0,0,0,0,0,0,FALSE,TRUE,TRUE,,Long Right,,,
Little Bud - Blue,14,3/22/2026,Little Bud ,Little Bud  - Blue 5,,Jake,,Jake - Little Bud - 3/22/2026,Jake – Little Bud  – 3/22/26,,3,3,,,,,,checked,checked,72,,58,,,,,,,,,,,,,,,,,,,,,,,15,⬇️ Short,2,1,1,,,,,,Blue,77,9,0,,,,18 Holes,15,15,,,0,0,3,0,0,,,1,3,3,Par,0,Jake – Little Bud  – 3/22/26,1,1,0,Jake,0,N/A,0,0,0,0,1,0,0,0,0,0,0,0,0,0,0,0,0,0,0,1,0,0,0,1,0,0,0,0,0,0,0,0,0,0,0,0,0,0,1,0,0,0,0,0,0,0,0,0,0,0,0,0,0,0,1,0,,,,,,,,,,1,0,0,0,0,0,0,0,0,0,0,0,0,0,1,0,1,0,0,0,0,0,1,0,0,0,0,0,0,0,0,0,0,0,0,0,0,0,0,0,0,0,0,0,0,0,0,0,0,0,0,0,1,0,0,0,0,0,1,0,1,0,0,0,0,0,,0,0,0,,0,0,0,0,0,0,0,0,0,0,0,0,0,0,0,0,0,0,1,0,0,0,0,0,0,0,0,0,0,0,0,0,0,0,0,0,0,0,0,0,0,0,0,0,0,0,0,0,0,0,0,0,0,0,FALSE,TRUE,TRUE,,Short,,,
Little Bud - Blue,15,3/22/2026,Little Bud ,Little Bud  - Blue 6,,Jake,,Jake - Little Bud - 3/22/2026,Jake – Little Bud  – 3/22/26,,3,3,,,,,,checked,checked,117,,GW,,,,,,,,,,,,,,,,,,,,,,,15,↖️ Long Left,2,1,1,,,,,,Blue,111,8,0,,,,18 Holes,15,15,,,0,0,3,0,0,,,1,3,3,Par,0,Jake – Little Bud  – 3/22/26,1,1,0,Jake,0,N/A,0,0,0,0,1,0,0,0,0,0,0,0,0,0,0,0,0,0,0,1,0,0,0,1,0,0,0,0,0,0,0,0,0,0,0,0,0,0,1,0,0,0,0,0,0,0,0,0,0,0,0,0,0,0,1,0,,,,,,,,,,1,0,0,0,0,0,0,0,0,0,0,0,0,0,1,0,1,0,0,0,0,0,1,0,0,0,0,0,0,0,0,0,0,0,0,0,0,0,0,0,0,0,0,0,0,0,0,0,0,0,0,0,1,0,0,0,0,0,1,0,1,0,0,0,0,0,,0,0,0,,0,0,0,0,0,0,0,0,0,0,0,0,0,0,0,0,0,0,1,0,0,0,0,0,0,0,0,0,0,0,0,0,0,0,0,0,0,0,0,0,0,0,0,0,0,0,0,0,0,0,0,0,0,0,FALSE,TRUE,TRUE,,Long Left,,,
Little Bud - Blue,16,3/22/2026,Little Bud ,Little Bud  - Blue 7,,Jake,,Jake - Little Bud - 3/22/2026,Jake – Little Bud  – 3/22/26,,3,4,,,,,,,,145,,9,⬆️ Long,,,,,,,,,,,,,,,1,58 Degree Wedge,,,,,,12,⬇️ Short,2,1,1,,,,,,Blue,150,2,1,,,,18 Holes,,,,,0,0,3,1,0,,,1,4,3,Bogey,0,Jake – Little Bud  – 3/22/26,0,0,0,Jake,0,N/A,0,0,0,0,0,1,0,0,1,1,0,0,0,0,1,0,0,0,0,1,0,0,0,0,0,0,0,0,0,0,0,0,0,0,0,0,0,0,0,1,0,0,0,0,0,0,0,0,0,0,0,0,0,0,1,,1,,,,,,,,,0,1,0,0,0,0,0,0,0,0,0,0,0,0,0,1,0,1,0,0,0,0,0,1,0,0,0,0,0,0,0,0,0,0,0,0,0,0,0,0,0,0,0,0,0,0,1,0,0,0,0,0,0,0,0,0,0,0,0,0,0,0,0,0,0,0,,0,0,0,,0,0,0,0,0,0,0,0,0,0,0,0,0,0,0,0,0,0,0,1,0,0,0,0,0,0,0,0,0,0,0,0,0,0,0,0,0,0,0,0,0,0,0,0,0,0,0,0,0,0,0,0,0,0,FALSE,FALSE,FALSE,Long,Short,,,
Little Bud - Blue,17,3/22/2026,Little Bud ,Little Bud  - Blue 8,,Jake,,Jake - Little Bud - 3/22/2026,Jake – Little Bud  – 3/22/26,,3,3,,,,,,,,149,,PW,⬇️ Short,,,,,,,,,,,,,,,1,58 Degree Wedge,,,,,,8,⬇️ Short,1,8,,,,,,,Blue,167,3,0,,,,18 Holes,,,,,1,1,3,0,0,,,1,3,3,Par,0,Jake – Little Bud  – 3/22/26,0,0,0,Jake,0,N/A,0,0,0,0,1,0,0,0,1,1,1,1,0,0,1,1,1,0,1,0,0,0,0,0,0,0,1,0,0,0,0,0,1,0,0,0,0,0,0,0,0,0,0,0,0,0,0,0,0,0,0,0,0,0,1,,0,,,,,,,,,0,1,0,0,0,0,0,0,0,0,0,0,0,0,0,1,0,1,0,0,0,0,1,0,0,0,0,0,0,0,0,0,0,0,0,0,0,0,0,0,1,1,1,0,0,0,0,0,0,0,0,0,0,0,0,0,0,0,0,0,0,0,0,0,0,0,,1,0,0,,0,1,0,0,0,0,0,0,0,0,0,0,0,0,0,0,0,0,0,0,0,0,0,0,0,0,0,0,0,0,0,0,0,0,0,0,0,0,0,0,0,0,0,0,0,0,0,0,0,0,0,0,0,0,FALSE,FALSE,FALSE,Short,Short,,,
Little Bud - Blue,18,3/22/2026,Little Bud ,Little Bud  - Blue 9,,Jake,,Jake - Little Bud - 3/22/2026,Jake – Little Bud  – 3/22/26,,3,3,,,,,,,,70,,54,↘️ Short Right,,,,,,,,,,,,,,,1,58 Degree Wedge,,,,,,4,⬅️ Hole High Left,1,4,,,,,,,Blue,69,6,0,,,,18 Holes,,,,,1,1,3,0,0,,,1,3,3,Par,0,Jake – Little Bud  – 3/22/26,0,0,0,Jake,0,N/A,0,0,0,0,1,0,0,0,1,1,1,1,1,1,1,1,1,0,1,0,0,0,0,0,0,0,1,0,0,0,0,0,1,0,0,0,0,0,0,0,0,0,0,0,0,0,0,0,0,0,0,0,0,0,1,,0,,,,,,,,,0,1,0,0,0,0,0,0,0,0,0,0,0,0,0,1,0,1,0,0,0,0,1,0,0,0,0,0,0,0,0,0,0,0,0,0,0,0,0,0,1,1,1,0,0,0,0,0,0,0,0,0,0,0,0,0,0,0,0,0,0,0,0,0,0,0,,1,0,0,,0,1,0,0,0,0,0,0,0,0,0,0,0,0,0,0,0,0,0,0,0,0,0,0,0,0,0,0,0,0,0,0,0,0,0,0,0,0,0,0,0,0,0,0,0,0,0,0,0,0,0,0,0,0,FALSE,FALSE,FALSE,Short Right,Hole High Left,,,
Little Bud - Blue,1,3/22/2026,Little Bud ,Little Bud  - Blue 1,,Brent,,Brent - Little Bud - 3/22/2026,Brent – Little Bud  – 3/22/26,,3,3,,,,,,,,130,,9,⬅️ Left,,,,,,,,,,,,,,,1,56 Degree Wedge,,,,,,0.5,Tight (3 feet or less) ,1,0.5,,,,,,,Blue,130,7,0,,,,18 Holes,,,,,1,1,3,0,1,3,3,0,,,Par,0,Brent – Little Bud  – 3/22/26,0,0,0,Brent,0,N/A,0,0,0,0,1,0,0,0,1,1,1,1,1,1,1,1,1,0,1,0,0,0,0,0,0,0,1,0,0,0,0,0,1,0,0,0,0,0,0,0,0,0,0,0,0,0,0,0,0,0,0,0,0,0,1,,0,,,,,,,,,0,1,0,0,0,0,0,0,0,0,0,0,0,0,0,1,0,1,0,0,0,0,1,0,0,0,0,0,0,0,0,0,0,0,0,0,0,0,0,0,1,1,0,0,1,0,0,0,0,0,0,0,0,0,0,0,0,0,0,0,0,0,0,0,0,0,,1,0,0,,0,1,0,0,0,0,0,0,0,0,0,0,0,0,0,0,0,0,0,0,0,0,0,0,0,0,0,0,0,0,0,0,0,0,0,0,0,0,0,0,0,0,0,0,0,0,0,0,0,0,0,0,0,0,FALSE,FALSE,FALSE,Left,Tight (3 feet or less),,,
Little Bud - Blue,2,3/22/2026,Little Bud ,Little Bud  - Blue 2,,Brent,,Brent - Little Bud - 3/22/2026,Brent – Little Bud  – 3/22/26,,3,3,,,,,,checked,checked,92,,PW,,,,,,,,,,,,,,,,,,,,,,,17,➡️ Hole High Right,2,1,1,,,,,,Blue,89,4,0,,,,18 Holes,17,17,,,0,0,3,0,1,3,3,0,,,Par,0,Brent – Little Bud  – 3/22/26,1,1,0,Brent,0,N/A,0,0,0,0,1,0,0,0,0,0,0,0,0,0,0,0,0,0,0,1,0,0,0,1,0,0,0,0,0,0,0,0,0,0,0,0,0,0,1,0,0,0,0,0,0,0,0,0,0,0,0,0,0,0,1,0,,,,,,,,,,1,0,0,0,0,0,0,0,0,0,0,0,0,0,1,0,1,0,0,0,0,0,1,0,0,0,0,0,0,0,0,0,0,0,0,0,0,0,0,0,0,0,0,0,1,0,0,0,0,0,0,0,0,0,0,0,0,0,1,0,1,0,0,0,0,0,,0,0,0,,0,0,0,0,0,0,0,0,0,0,0,0,0,0,0,0,0,0,1,0,0,0,0,0,0,0,0,0,0,0,0,0,0,0,0,0,0,0,0,0,0,0,0,0,0,0,0,0,0,0,0,0,0,0,FALSE,TRUE,TRUE,,Hole High Right,,,
Little Bud - Blue,3,3/22/2026,Little Bud ,Little Bud  - Blue 3,,Brent,,Brent - Little Bud - 3/22/2026,Brent – Little Bud  – 3/22/26,,3,5,,,,,,,,137,,8,⬇️ Short,,,,,,,,,,,,,,,3,56 Degree Wedge,,,,,,2,Tight (3 feet or less) ,1,2,,,,,,,Blue,140,5,2,,,,18 Holes,,,,,1,1,3,2,1,5,3,0,,,Double Bogey,0,Brent – Little Bud  – 3/22/26,0,0,0,Brent,0,N/A,0,0,0,0,0,0,1,0,3,1,0,0,0,0,1,0,1,0,1,0,0,0,0,0,0,0,0,0,0,0,0,0,0,0,1,0,0,0,0,0,0,0,0,0,0,0,0,0,0,0,0,0,0,0,1,,2,,,,,,,,,0,1,0,0,0,0,0,0,0,0,0,0,0,0,0,1,0,1,0,0,0,0,0,0,1,0,0,0,0,0,0,0,0,0,0,0,0,0,0,0,0,1,0,0,0,1,0,0,0,0,0,0,0,0,0,0,0,0,0,0,0,0,0,0,0,0,,0,0,0,,0,0,0,1,0,0,0,0,0,0,0,0,0,0,0,0,0,0,0,0,0,0,0,0,0,0,0,0,0,0,0,0,0,0,0,0,0,0,0,0,0,0,0,0,0,0,0,0,0,0,0,0,0,0,FALSE,FALSE,FALSE,Short,Tight (3 feet or less),,,
Little Bud - Blue,4,3/22/2026,Little Bud ,Little Bud  - Blue 4,,Brent,,Brent - Little Bud - 3/22/2026,Brent – Little Bud  – 3/22/26,,3,4,,,,,,,,173,,5,↙️ Short Left,,,,,,,,,,,,,,,1,56 Degree Wedge,,,,,,1,Tight (3 feet or less) ,2,0.1,0.1,,,,,,Blue,182,1,1,,,,18 Holes,,,,,1,0,3,1,1,4,3,0,,,Bogey,0,Brent – Little Bud  – 3/22/26,0,0,0,Brent,0,N/A,0,0,0,0,0,1,0,0,1,1,1,0,1,0,1,0,0,0,0,1,0,0,0,0,0,0,0,0,0,0,0,0,0,0,0,0,0,0,0,1,0,0,0,0,0,0,0,0,0,0,0,0,0,0,1,,1,,,,,,,,,0,1,0,0,0,0,0,0,0,0,0,0,0,0,0,1,0,1,0,0,0,0,0,1,0,0,0,0,0,0,0,0,0,0,0,0,0,0,0,0,0,0,0,0,0,0,0,0,0,0,0,1,0,0,0,0,0,0,0,0,0,0,0,0,0,0,,0,0,0,,0,0,0,0,0,0,0,0,0,0,0,0,0,0,0,0,0,0,0,1,0,0,0,0,0,0,0,0,0,0,0,0,0,0,0,0,0,0,0,0,0,0,0,0,0,0,0,0,0,0,0,0,0,0,FALSE,FALSE,FALSE,Short Left,Tight (3 feet or less),,,
Little Bud - Blue,5,3/22/2026,Little Bud ,Little Bud  - Blue 5,,Brent,,Brent - Little Bud - 3/22/2026,Brent – Little Bud  – 3/22/26,,3,4,,,,,,,,72,,56,⬆️ Long,,,,,,,,,,,,,,,1,56 Degree Wedge,,,,,,12,⬆️ Long,2,2,2,,,,,,Blue,77,9,1,,,,18 Holes,,,,,0,0,3,1,1,4,3,0,,,Bogey,0,Brent – Little Bud  – 3/22/26,0,0,0,Brent,0,N/A,0,0,0,0,0,1,0,0,1,1,0,0,0,0,1,0,0,0,0,1,0,0,0,0,0,0,0,0,0,0,0,0,0,0,0,0,0,0,0,1,0,0,0,0,0,0,0,0,0,0,0,0,0,0,1,,1,,,,,,,,,0,1,0,0,0,0,0,0,0,0,0,0,0,0,0,1,0,1,0,0,0,0,0,1,0,0,0,0,0,0,0,0,0,0,0,0,0,0,0,0,0,0,0,0,0,0,0,0,0,0,0,1,0,0,0,0,0,0,0,0,0,0,0,0,0,0,,0,0,0,,0,0,0,0,0,0,0,0,0,0,0,0,0,0,0,0,0,0,0,1,0,0,0,0,0,0,0,0,0,0,0,0,0,0,0,0,0,0,0,0,0,0,0,0,0,0,0,0,0,0,0,0,0,0,FALSE,FALSE,FALSE,Long,Long,,,
Little Bud - Blue,6,3/22/2026,Little Bud ,Little Bud  - Blue 6,,Brent,,Brent - Little Bud - 3/22/2026,Brent – Little Bud  – 3/22/26,,3,4,,,,,,,,117,,PW,⬅️ Left,,,,,,,,,,,,,,,1,56 Degree Wedge,,,,,,8,↙️ Short Left,2,1,1,,,,,,Blue,111,8,1,,,,18 Holes,,,,,1,0,3,1,1,4,3,0,,,Bogey,0,Brent – Little Bud  – 3/22/26,0,0,0,Brent,0,N/A,0,0,0,0,0,1,0,0,1,1,1,0,0,0,1,0,0,0,0,1,0,0,0,0,0,0,0,0,0,0,0,0,0,0,0,0,0,0,0,1,0,0,0,0,0,0,0,0,0,0,0,0,0,0,1,,1,,,,,,,,,0,1,0,0,0,0,0,0,0,0,0,0,0,0,0,1,0,1,0,0,0,0,0,1,0,0,0,0,0,0,0,0,0,0,0,0,0,0,0,0,0,0,0,0,0,0,0,0,0,0,0,1,0,0,0,0,0,0,0,0,0,0,0,0,0,0,,0,0,0,,0,0,0,0,0,0,0,0,0,0,0,0,0,0,0,0,0,0,0,1,0,0,0,0,0,0,0,0,0,0,0,0,0,0,0,0,0,0,0,0,0,0,0,0,0,0,0,0,0,0,0,0,0,0,FALSE,FALSE,FALSE,Left,Short Left,,,
Little Bud - Blue,7,3/22/2026,Little Bud ,Little Bud  - Blue 7,,Brent,,Brent - Little Bud - 3/22/2026,Brent – Little Bud  – 3/22/26,,3,3,,,,,,checked,checked,145,,8,,,,,,,,,,,,,,,,,,,,,,,14,↙️ Short Left,2,1,,,,,,,Blue,150,2,0,,,,18 Holes,14,14,,,0,0,3,0,1,3,3,0,,,Par,0,Brent – Little Bud  – 3/22/26,1,1,0,Brent,0,N/A,0,0,0,0,1,0,0,0,0,0,0,0,0,0,0,0,0,0,0,1,0,0,0,1,0,0,0,0,0,0,0,0,0,0,0,0,0,0,1,0,0,0,0,0,0,0,0,0,0,0,0,0,0,0,1,0,,,,,,,,,,1,0,0,0,0,0,0,0,0,0,0,0,0,0,1,0,1,0,0,0,0,0,1,0,0,0,0,0,0,0,0,0,0,0,0,0,0,0,0,0,0,0,0,1,0,0,0,0,0,0,0,0,0,0,0,0,0,0,1,0,1,0,0,0,0,0,,0,0,0,,0,0,0,0,0,0,0,0,0,0,0,0,0,0,0,0,0,0,1,0,0,0,0,0,0,0,0,0,0,0,0,0,0,0,0,0,0,0,0,0,0,0,0,0,0,0,0,0,0,0,0,0,0,0,FALSE,TRUE,TRUE,,Short Left,,,
Little Bud - Blue,8,3/22/2026,Little Bud ,Little Bud  - Blue 8,,Brent,,Brent - Little Bud - 3/22/2026,Brent – Little Bud  – 3/22/26,,3,3,,,,,,,,149,,8,⬅️ Left,,,,,,,,,,,,,,,1,56 Degree Wedge,,,,,,9,⬅️ Hole High Left,1,9,,,,,,,Blue,167,3,0,,,,18 Holes,,,,,1,1,3,0,1,3,3,0,,,Par,0,Brent – Little Bud  – 3/22/26,0,0,0,Brent,0,N/A,0,0,0,0,1,0,0,0,1,1,1,1,0,0,1,1,1,0,1,0,0,0,0,0,0,0,1,0,0,0,0,0,1,0,0,0,0,0,0,0,0,0,0,0,0,0,0,0,0,0,0,0,0,0,1,,0,,,,,,,,,0,1,0,0,0,0,0,0,0,0,0,0,0,0,0,1,0,1,0,0,0,0,1,0,0,0,0,0,0,0,0,0,0,0,0,0,0,0,0,0,1,1,0,1,0,0,0,0,0,0,0,0,0,0,0,0,0,0,0,0,0,0,0,0,0,0,,1,0,0,,0,1,0,0,0,0,0,0,0,0,0,0,0,0,0,0,0,0,0,0,0,0,0,0,0,0,0,0,0,0,0,0,0,0,0,0,0,0,0,0,0,0,0,0,0,0,0,0,0,0,0,0,0,0,FALSE,FALSE,FALSE,Left,Hole High Left,,,
Little Bud - Blue,9,3/22/2026,Little Bud ,Little Bud  - Blue 9,,Brent,,Brent - Little Bud - 3/22/2026,Brent – Little Bud  – 3/22/26,,3,3,,,,,,checked,checked,70,,GW,,,,,,,,,,,,,,,,,,,,,,,6,↘️ Short Right,2,1,1,,,,,,Blue,69,6,0,,,,18 Holes,6,6,,,1,0,3,0,1,3,3,0,,,Par,0,Brent – Little Bud  – 3/22/26,1,1,0,Brent,0,N/A,0,0,0,0,1,0,0,0,0,0,0,0,0,0,0,0,0,0,0,1,0,0,0,1,0,0,0,0,0,0,0,0,0,0,0,0,0,0,1,0,0,0,0,0,0,0,0,0,0,0,0,0,0,0,1,0,,,,,,,,,,1,0,0,0,0,0,0,0,0,0,0,0,0,0,1,0,1,0,0,0,0,0,1,0,0,0,0,0,0,0,0,0,0,0,0,0,0,0,0,0,0,0,0,1,0,0,0,0,0,0,0,0,0,0,0,0,0,0,1,1,1,1,0,0,0,0,,0,0,0,,0,0,0,0,0,0,0,0,0,0,0,0,0,0,0,0,0,0,1,0,0,0,0,0,0,0,0,0,0,0,0,0,0,0,0,0,0,0,0,0,0,0,0,0,0,0,0,0,0,0,0,0,0,0,FALSE,TRUE,TRUE,,Short Right,,,
Little Bud - Blue,10,3/22/2026,Little Bud ,Little Bud  - Blue 1,,Brent,,Brent - Little Bud - 3/22/2026,Brent – Little Bud  – 3/22/26,,3,2,,,,,,,,130,,8,⬅️ Left,,,,,,,,,,,,,,,1,56 Degree Wedge,,,,,,0,Hole Out,0,0,,,,15,Fringe,56,Blue,130,7,-1,,,,18 Holes,,,,,1,0,3,-1,0,,,1,2,3,Birdie,0,Brent – Little Bud  – 3/22/26,0,0,0,Brent,0,N/A,0,0,0,1,0,0,0,0,1,1,1,1,1,1,1,1,1,0,0,0,0,0,1,0,0,0,0,1,0,0,0,0,0,0,0,0,0,0,0,0,0,0,0,0,0,0,0,0,0,0,0,0,0,0,0,,-1,,,,,,,,,0,1,0,0,0,0,0,0,0,0,0,0,0,0,0,1,0,1,0,0,0,1,0,0,0,0,0,0,0,0,0,0,0,0,0,0,0,0,0,0,0,0,0,0,0,0,0,0,1,0,0,0,0,0,0,0,0,0,0,0,0,0,0,0,0,0,,0,0,0,,0,0,0,0,0,0,0,0,0,0,0,0,0,0,0,0,0,0,0,0,0,0,0,0,0,0,0,0,0,0,0,0,0,0,0,0,0,0,0,0,0,0,0,0,0,0,0,0,0,0,0,0,0,0,FALSE,FALSE,FALSE,Left,Hole Out,,,
Little Bud - Blue,11,3/22/2026,Little Bud ,Little Bud  - Blue 2,,Brent,,Brent - Little Bud - 3/22/2026,Brent – Little Bud  – 3/22/26,,3,3,,,,,,,,92,,PW,⬇️ Short,,,,,,,,,,,,,,,1,56 Degree Wedge,,,,,,8,➡️ Hole High Right,1,8,,,,,,,Blue,89,4,0,,,,18 Holes,,,,,1,1,3,0,0,,,1,3,3,Par,0,Brent – Little Bud  – 3/22/26,0,0,0,Brent,0,N/A,0,0,0,0,1,0,0,0,1,1,1,1,0,0,1,1,1,0,1,0,0,0,0,0,0,0,1,0,0,0,0,0,1,0,0,0,0,0,0,0,0,0,0,0,0,0,0,0,0,0,0,0,0,0,1,,0,,,,,,,,,0,1,0,0,0,0,0,0,0,0,0,0,0,0,0,1,0,1,0,0,0,0,1,0,0,0,0,0,0,0,0,0,0,0,0,0,0,0,0,0,1,1,0,0,0,0,0,0,1,0,0,0,0,0,0,0,0,0,0,0,0,0,0,0,0,0,,1,0,0,,0,1,0,0,0,0,0,0,0,0,0,0,0,0,0,0,0,0,0,0,0,0,0,0,0,0,0,0,0,0,0,0,0,0,0,0,0,0,0,0,0,0,0,0,0,0,0,0,0,0,0,0,0,0,FALSE,FALSE,FALSE,Short,Hole High Right,,,
Little Bud - Blue,12,3/22/2026,Little Bud ,Little Bud  - Blue 3,,Brent,,Brent - Little Bud - 3/22/2026,Brent – Little Bud  – 3/22/26,,3,4,,,,,,,,137,,6,↘️ Short Right,,,,,,,,,,,,,,,1,56 Degree Wedge,,,,,,6,↘️ Short Right,2,1,1,,,,,,Blue,140,5,1,,,,18 Holes,,,,,1,0,3,1,0,,,1,4,3,Bogey,0,Brent – Little Bud  – 3/22/26,0,0,0,Brent,0,N/A,0,0,0,0,0,1,0,0,1,1,1,0,0,0,1,0,0,0,0,1,0,0,0,0,0,0,0,0,0,0,0,0,0,0,0,0,0,0,0,1,0,0,0,0,0,0,0,0,0,0,0,0,0,0,1,,1,,,,,,,,,0,1,0,0,0,0,0,0,0,0,0,0,0,0,0,1,0,1,0,0,0,0,0,1,0,0,0,0,0,0,0,0,0,0,0,0,0,0,0,0,0,0,0,0,0,0,0,0,0,1,0,0,0,0,0,0,0,0,0,0,0,0,0,0,0,0,,0,0,0,,0,0,0,0,0,0,0,0,0,0,0,0,0,0,0,0,0,0,0,1,0,0,0,0,0,0,0,0,0,0,0,0,0,0,0,0,0,0,0,0,0,0,0,0,0,0,0,0,0,0,0,0,0,0,FALSE,FALSE,FALSE,Short Right,Short Right,,,
Little Bud - Blue,13,3/22/2026,Little Bud ,Little Bud  - Blue 4,,Brent,,Brent - Little Bud - 3/22/2026,Brent – Little Bud  – 3/22/26,,3,4,,,,,,,,173,,5,↙️ Short Left,,,,,,,,,,,,,,,1,56 Degree Wedge,,,,,,15,↗️ Long Right,2,1,1,,,,,,Blue,182,1,1,,,,18 Holes,,,,,0,0,3,1,0,,,1,4,3,Bogey,0,Brent – Little Bud  – 3/22/26,0,0,0,Brent,0,N/A,0,0,0,0,0,1,0,0,1,1,0,0,0,0,1,0,0,0,0,1,0,0,0,0,0,0,0,0,0,0,0,0,0,0,0,0,0,0,0,1,0,0,0,0,0,0,0,0,0,0,0,0,0,0,1,,1,,,,,,,,,0,1,0,0,0,0,0,0,0,0,0,0,0,0,0,1,0,1,0,0,0,0,0,1,0,0,0,0,0,0,0,0,0,0,0,0,0,0,0,0,0,0,0,0,0,0,0,0,0,0,0,0,0,1,0,0,0,0,0,0,0,0,0,0,0,0,,0,0,0,,0,0,0,0,0,0,0,0,0,0,0,0,0,0,0,0,0,0,0,1,0,0,0,0,0,0,0,0,0,0,0,0,0,0,0,0,0,0,0,0,0,0,0,0,0,0,0,0,0,0,0,0,0,0,FALSE,FALSE,FALSE,Short Left,Long Right,,,
Little Bud - Blue,14,3/22/2026,Little Bud ,Little Bud  - Blue 5,,Brent,,Brent - Little Bud - 3/22/2026,Brent – Little Bud  – 3/22/26,,3,4,,,,,,checked,checked,72,,GW,,,,,,,,,,,,,,,,,,,,,,,18,⬅️ Hole High Left,3,1,3,1,,,,,Blue,77,9,1,,,,18 Holes,18,18,,,0,0,3,1,0,,,1,4,3,Bogey,0,Brent – Little Bud  – 3/22/26,1,1,0,Brent,0,N/A,0,0,0,0,0,1,0,0,0,0,0,0,0,0,0,0,0,0,0,0,1,0,0,0,0,0,0,0,0,0,0,0,0,0,0,0,0,0,0,0,0,0,0,0,0,1,0,0,0,0,0,0,0,0,1,1,,,,,,,,,,1,0,0,0,0,0,0,0,0,0,0,0,0,0,1,0,1,0,0,0,0,0,0,1,0,0,0,0,0,0,0,0,0,0,0,0,0,0,0,0,0,0,0,0,0,0,0,0,0,0,0,0,0,1,0,0,0,0,1,0,1,0,0,0,0,0,,0,0,0,,0,0,0,0,0,0,0,0,0,0,0,0,0,0,0,0,0,0,0,0,0,0,0,0,0,0,0,0,0,0,0,0,0,1,0,0,0,0,0,0,0,0,0,0,0,0,0,0,0,0,0,0,0,0,FALSE,TRUE,TRUE,,Hole High Left,,,
Little Bud - Blue,15,3/22/2026,Little Bud ,Little Bud  - Blue 6,,Brent,,Brent - Little Bud - 3/22/2026,Brent – Little Bud  – 3/22/26,,3,3,,,,,,,,117,,PW,➡️ Right,,,,,,,,,,,,,,,1,56 Degree Wedge,,,,,,1,Tight (3 feet or less) ,1,1,,,,,,,Blue,111,8,0,,,,18 Holes,,,,,1,1,3,0,0,,,1,3,3,Par,0,Brent – Little Bud  – 3/22/26,0,0,0,Brent,0,N/A,0,0,0,0,1,0,0,0,1,1,1,1,1,1,1,1,1,0,1,0,0,0,0,0,0,0,1,0,0,0,0,0,1,0,0,0,0,0,0,0,0,0,0,0,0,0,0,0,0,0,0,0,0,0,1,,0,,,,,,,,,0,1,0,0,0,0,0,0,0,0,0,0,0,0,0,1,0,1,0,0,0,0,1,0,0,0,0,0,0,0,0,0,0,0,0,0,0,0,0,0,1,1,0,0,0,0,0,0,0,0,0,0,1,0,0,0,0,0,0,0,0,0,0,0,0,0,,1,0,0,,0,1,0,0,0,0,0,0,0,0,0,0,0,0,0,0,0,0,0,0,0,0,0,0,0,0,0,0,0,0,0,0,0,0,0,0,0,0,0,0,0,0,0,0,0,0,0,0,0,0,0,0,0,0,FALSE,FALSE,FALSE,Right,Tight (3 feet or less),,,
Little Bud - Blue,16,3/22/2026,Little Bud ,Little Bud  - Blue 7,,Brent,,Brent - Little Bud - 3/22/2026,Brent – Little Bud  – 3/22/26,,3,3,,,,,,,,145,,8,⬅️ Left,,,,,,,,,,,,,,,1,56 Degree Wedge,,,,,,1,Tight (3 feet or less) ,1,1,,,,,,,Blue,150,2,0,,,,18 Holes,,,,,1,1,3,0,0,,,1,3,3,Par,0,Brent – Little Bud  – 3/22/26,0,0,0,Brent,0,N/A,0,0,0,0,1,0,0,0,1,1,1,1,1,1,1,1,1,0,1,0,0,0,0,0,0,0,1,0,0,0,0,0,1,0,0,0,0,0,0,0,0,0,0,0,0,0,0,0,0,0,0,0,0,0,1,,0,,,,,,,,,0,1,0,0,0,0,0,0,0,0,0,0,0,0,0,1,0,1,0,0,0,0,1,0,0,0,0,0,0,0,0,0,0,0,0,0,0,0,0,0,1,1,1,0,0,0,0,0,0,0,0,0,0,0,0,0,0,0,0,0,0,0,0,0,0,0,,1,0,0,,0,1,0,0,0,0,0,0,0,0,0,0,0,0,0,0,0,0,0,0,0,0,0,0,0,0,0,0,0,0,0,0,0,0,0,0,0,0,0,0,0,0,0,0,0,0,0,0,0,0,0,0,0,0,FALSE,FALSE,FALSE,Left,Tight (3 feet or less),,,
Little Bud - Blue,17,3/22/2026,Little Bud ,Little Bud  - Blue 8,,Brent,,Brent - Little Bud - 3/22/2026,Brent – Little Bud  – 3/22/26,,3,4,,,,,,,,149,,8,⬇️ Short,,,,,,,,,,,,,,,1,56 Degree Wedge,,,,,,6,⬅️ Hole High Left,2,1,1,,,,,,Blue,167,3,1,,,,18 Holes,,,,,1,0,3,1,0,,,1,4,3,Bogey,0,Brent – Little Bud  – 3/22/26,0,0,0,Brent,0,N/A,0,0,0,0,0,1,0,0,1,1,1,0,0,0,1,0,0,0,0,1,0,0,0,0,0,0,0,0,0,0,0,0,0,0,0,0,0,0,0,1,0,0,0,0,0,0,0,0,0,0,0,0,0,0,1,,1,,,,,,,,,0,1,0,0,0,0,0,0,0,0,0,0,0,0,0,1,0,1,0,0,0,0,0,1,0,0,0,0,0,0,0,0,0,0,0,0,0,0,0,0,0,0,0,0,0,0,1,0,0,0,0,0,0,0,0,0,0,0,0,0,0,0,0,0,0,0,,0,0,0,,0,0,0,0,0,0,0,0,0,0,0,0,0,0,0,0,0,0,0,1,0,0,0,0,0,0,0,0,0,0,0,0,0,0,0,0,0,0,0,0,0,0,0,0,0,0,0,0,0,0,0,0,0,0,FALSE,FALSE,FALSE,Short,Hole High Left,,,
Little Bud - Blue,18,3/22/2026,Little Bud ,Little Bud  - Blue 9,,Brent,,Brent - Little Bud - 3/22/2026,Brent – Little Bud  – 3/22/26,,3,4,,,,,,,,70,,GW,⬆️ Long,,,,,,,,,,,,,,,1,56 Degree Wedge,,,,,,3,Tight (3 feet or less) ,1,3,,,,,,,Blue,69,6,1,,,,18 Holes,,,,,1,1,3,1,0,,,1,4,3,Bogey,0,Brent – Little Bud  – 3/22/26,0,0,0,Brent,0,N/A,0,0,0,0,0,1,0,0,1,1,1,1,1,1,1,0,1,0,1,0,0,0,0,0,0,0,0,0,0,0,0,0,0,1,0,0,0,0,0,0,0,0,0,0,0,0,0,0,0,0,0,0,0,0,1,,1,,,,,,,,,0,1,0,0,0,0,0,0,0,0,0,0,0,0,0,1,0,1,0,0,0,0,0,1,0,0,0,0,0,0,0,0,0,0,0,0,0,0,0,0,0,1,0,0,0,0,1,0,0,0,0,0,0,0,0,0,0,0,0,0,0,0,0,0,0,0,,0,0,0,,0,0,1,0,0,0,0,0,0,0,0,0,0,0,0,0,0,0,0,0,0,0,0,0,0,0,0,0,0,0,0,0,0,0,0,0,0,0,0,0,0,0,0,0,0,0,0,0,0,0,0,0,0,0,FALSE,FALSE,FALSE,Long,Tight (3 feet or less),,,
Little Bud - Blue,1,3/21/2026,Little Bud ,Little Bud  - Blue 1,,Brent,,Brent - Little Bud - 3/21/2026,Brent – Little Bud  – 3/21/26,,3,4,,,,,,,,130,,,,,,,,,,,,,,,,,,,,,,,,,,,2,,,,,,,,Blue,130,7,1,,,,Front 9,,,,,1,0,3,1,1,4,3,0,,,Bogey,0,Brent – Little Bud  – 3/21/26,0,0,0,Brent,0,N/A,0,0,0,0,0,1,0,0,0,0,0,0,0,0,1,0,0,0,0,1,0,0,0,0,0,0,0,0,0,0,0,0,0,0,0,0,0,0,0,1,0,0,0,0,0,0,0,0,0,0,0,0,0,0,1,,1,,,,,,,,,0,1,0,0,0,0,0,0,0,0,0,0,0,0,0,1,0,1,0,0,0,0,0,1,0,0,0,0,0,0,0,0,0,0,0,0,0,0,0,0,0,0,0,0,0,1,0,0,0,0,0,0,0,0,0,0,0,0,0,0,0,0,0,0,0,0,,0,0,0,,0,0,0,0,0,0,0,0,0,0,0,0,0,0,0,0,0,0,0,1,0,0,0,0,0,0,0,0,0,0,0,0,0,0,0,0,0,0,0,0,0,0,0,0,0,0,0,0,0,0,0,0,0,0,FALSE,FALSE,FALSE,,,,,
Little Bud - Blue,2,3/21/2026,Little Bud ,Little Bud  - Blue 2,,Brent,,Brent - Little Bud - 3/21/2026,Brent – Little Bud  – 3/21/26,,3,4,,,,,,,,92,,,,,,,,,,,,,,,,,,,,,,,,,,,2,,,,,,,,Blue,89,4,1,,,,Front 9,,,,,1,0,3,1,1,4,3,0,,,Bogey,0,Brent – Little Bud  – 3/21/26,0,0,0,Brent,0,N/A,0,0,0,0,0,1,0,0,0,0,0,0,0,0,1,0,0,0,0,1,0,0,0,0,0,0,0,0,0,0,0,0,0,0,0,0,0,0,0,1,0,0,0,0,0,0,0,0,0,0,0,0,0,0,1,,1,,,,,,,,,0,1,0,0,0,0,0,0,0,0,0,0,0,0,0,1,0,1,0,0,0,0,0,1,0,0,0,0,0,0,0,0,0,0,0,0,0,0,0,0,0,0,0,0,0,1,0,0,0,0,0,0,0,0,0,0,0,0,0,0,0,0,0,0,0,0,,0,0,0,,0,0,0,0,0,0,0,0,0,0,0,0,0,0,0,0,0,0,0,1,0,0,0,0,0,0,0,0,0,0,0,0,0,0,0,0,0,0,0,0,0,0,0,0,0,0,0,0,0,0,0,0,0,0,FALSE,FALSE,FALSE,,,,,
Little Bud - Blue,3,3/21/2026,Little Bud ,Little Bud  - Blue 3,,Brent,,Brent - Little Bud - 3/21/2026,Brent – Little Bud  – 3/21/26,,3,3,,,,,,checked,checked,137,,,,,,,,,,,,,,,,,,,,,,,,,,,2,,,,,,,,Blue,140,5,0,,,,Front 9,,,,,1,0,3,0,1,3,3,0,,,Par,0,Brent – Little Bud  – 3/21/26,1,1,0,Brent,0,N/A,0,0,0,0,1,0,0,0,0,0,0,0,0,0,0,0,0,0,0,1,0,0,0,1,0,0,0,0,0,0,0,0,0,0,0,0,0,0,1,0,0,0,0,0,0,0,0,0,0,0,0,0,0,0,1,0,,,,,,,,,,1,0,0,0,0,0,0,0,0,0,0,0,0,0,1,0,1,0,0,0,0,0,1,0,0,0,0,0,0,0,0,0,0,0,0,0,0,0,0,0,0,0,0,0,1,0,0,0,0,0,0,0,0,0,0,0,0,0,1,1,1,1,0,0,0,0,,0,0,0,,0,0,0,0,0,0,0,0,0,0,0,0,0,0,0,0,0,0,1,0,0,0,0,0,0,0,0,0,0,0,0,0,0,0,0,0,0,0,0,0,0,0,0,0,0,0,0,0,0,0,0,0,0,0,FALSE,TRUE,TRUE,,,,,
Little Bud - Blue,4,3/21/2026,Little Bud ,Little Bud  - Blue 4,,Brent,,Brent - Little Bud - 3/21/2026,Brent – Little Bud  – 3/21/26,,3,3,,,,,,checked,checked,173,,,,,,,,,,,,,,,,,,,,,,,,,,,2,,,,,,,,Blue,182,1,0,,,,Front 9,,,,,1,0,3,0,1,3,3,0,,,Par,0,Brent – Little Bud  – 3/21/26,1,1,0,Brent,0,N/A,0,0,0,0,1,0,0,0,0,0,0,0,0,0,0,0,0,0,0,1,0,0,0,1,0,0,0,0,0,0,0,0,0,0,0,0,0,0,1,0,0,0,0,0,0,0,0,0,0,0,0,0,0,0,1,0,,,,,,,,,,1,0,0,0,0,0,0,0,0,0,0,0,0,0,1,0,1,0,0,0,0,0,1,0,0,0,0,0,0,0,0,0,0,0,0,0,0,0,0,0,0,0,0,0,0,0,0,0,0,0,1,0,0,0,0,0,0,0,1,1,1,1,0,0,0,0,,0,0,0,,0,0,0,0,0,0,0,0,0,0,0,0,0,0,0,0,0,0,1,0,0,0,0,0,0,0,0,0,0,0,0,0,0,0,0,0,0,0,0,0,0,0,0,0,0,0,0,0,0,0,0,0,0,0,FALSE,TRUE,TRUE,,,,,
Little Bud - Blue,5,3/21/2026,Little Bud ,Little Bud  - Blue 5,,Brent,,Brent - Little Bud - 3/21/2026,Brent – Little Bud  – 3/21/26,,3,4,,,,,,,,72,,,,,,,,,,,,,,,,,,,,,,,,,,,2,,,,,,,,Blue,77,9,1,,,,Front 9,,,,,1,0,3,1,1,4,3,0,,,Bogey,0,Brent – Little Bud  – 3/21/26,0,0,0,Brent,0,N/A,0,0,0,0,0,1,0,0,0,0,0,0,0,0,1,0,0,0,0,1,0,0,0,0,0,0,0,0,0,0,0,0,0,0,0,0,0,0,0,1,0,0,0,0,0,0,0,0,0,0,0,0,0,0,1,,1,,,,,,,,,0,1,0,0,0,0,0,0,0,0,0,0,0,0,0,1,0,1,0,0,0,0,0,1,0,0,0,0,0,0,0,0,0,0,0,0,0,0,0,0,0,0,0,0,0,0,0,0,0,0,0,1,0,0,0,0,0,0,0,0,0,0,0,0,0,0,,0,0,0,,0,0,0,0,0,0,0,0,0,0,0,0,0,0,0,0,0,0,0,1,0,0,0,0,0,0,0,0,0,0,0,0,0,0,0,0,0,0,0,0,0,0,0,0,0,0,0,0,0,0,0,0,0,0,FALSE,FALSE,FALSE,,,,,
Little Bud - Blue,6,3/21/2026,Little Bud ,Little Bud  - Blue 6,,Brent,,Brent - Little Bud - 3/21/2026,Brent – Little Bud  – 3/21/26,,3,4,,,,,,,,117,,,,,,,,,,,,,,,,,,,,,,,,,,,2,,,,,,,,Blue,111,8,1,,,,Front 9,,,,,1,0,3,1,1,4,3,0,,,Bogey,0,Brent – Little Bud  – 3/21/26,0,0,0,Brent,0,N/A,0,0,0,0,0,1,0,0,0,0,0,0,0,0,1,0,0,0,0,1,0,0,0,0,0,0,0,0,0,0,0,0,0,0,0,0,0,0,0,1,0,0,0,0,0,0,0,0,0,0,0,0,0,0,1,,1,,,,,,,,,0,1,0,0,0,0,0,0,0,0,0,0,0,0,0,1,0,1,0,0,0,0,0,1,0,0,0,0,0,0,0,0,0,0,0,0,0,0,0,0,0,0,0,0,0,0,0,0,0,0,0,1,0,0,0,0,0,0,0,0,0,0,0,0,0,0,,0,0,0,,0,0,0,0,0,0,0,0,0,0,0,0,0,0,0,0,0,0,0,1,0,0,0,0,0,0,0,0,0,0,0,0,0,0,0,0,0,0,0,0,0,0,0,0,0,0,0,0,0,0,0,0,0,0,FALSE,FALSE,FALSE,,,,,
Little Bud - Blue,7,3/21/2026,Little Bud ,Little Bud  - Blue 7,,Brent,,Brent - Little Bud - 3/21/2026,Brent – Little Bud  – 3/21/26,,3,3,,,,,,checked,checked,145,,,,,,,,,,,,,,,,,,,,,,,,,,,2,,,,,,,,Blue,150,2,0,,,,Front 9,,,,,1,0,3,0,1,3,3,0,,,Par,0,Brent – Little Bud  – 3/21/26,1,1,0,Brent,0,N/A,0,0,0,0,1,0,0,0,0,0,0,0,0,0,0,0,0,0,0,1,0,0,0,1,0,0,0,0,0,0,0,0,0,0,0,0,0,0,1,0,0,0,0,0,0,0,0,0,0,0,0,0,0,0,1,0,,,,,,,,,,1,0,0,0,0,0,0,0,0,0,0,0,0,0,1,0,1,0,0,0,0,0,1,0,0,0,0,0,0,0,0,0,0,0,0,0,0,0,0,0,0,0,0,1,0,0,0,0,0,0,0,0,0,0,0,0,0,0,1,1,1,1,0,0,0,0,,0,0,0,,0,0,0,0,0,0,0,0,0,0,0,0,0,0,0,0,0,0,1,0,0,0,0,0,0,0,0,0,0,0,0,0,0,0,0,0,0,0,0,0,0,0,0,0,0,0,0,0,0,0,0,0,0,0,FALSE,TRUE,TRUE,,,,,
Little Bud - Blue,8,3/21/2026,Little Bud ,Little Bud  - Blue 8,,Brent,,Brent - Little Bud - 3/21/2026,Brent – Little Bud  – 3/21/26,,3,4,,,,,,,,149,,,,,,,,,,,,,,,,,,,,,,,,,,,2,,,,,,,,Blue,167,3,1,,,,Front 9,,,,,1,0,3,1,1,4,3,0,,,Bogey,0,Brent – Little Bud  – 3/21/26,0,0,0,Brent,0,N/A,0,0,0,0,0,1,0,0,0,0,0,0,0,0,1,0,0,0,0,1,0,0,0,0,0,0,0,0,0,0,0,0,0,0,0,0,0,0,0,1,0,0,0,0,0,0,0,0,0,0,0,0,0,0,1,,1,,,,,,,,,0,1,0,0,0,0,0,0,0,0,0,0,0,0,0,1,0,1,0,0,0,0,0,1,0,0,0,0,0,0,0,0,0,0,0,0,0,0,0,0,0,0,0,0,0,0,0,1,0,0,0,0,0,0,0,0,0,0,0,0,0,0,0,0,0,0,,0,0,0,,0,0,0,0,0,0,0,0,0,0,0,0,0,0,0,0,0,0,0,1,0,0,0,0,0,0,0,0,0,0,0,0,0,0,0,0,0,0,0,0,0,0,0,0,0,0,0,0,0,0,0,0,0,0,FALSE,FALSE,FALSE,,,,,
Little Bud - Blue,9,3/21/2026,Little Bud ,Little Bud  - Blue 9,,Brent,,Brent - Little Bud - 3/21/2026,Brent – Little Bud  – 3/21/26,,3,3,,,,,,checked,checked,70,,,,,,,,,,,,,,,,,,,,,,,,,,,2,,,,,,,,Blue,69,6,0,,,,Front 9,,,,,1,0,3,0,1,3,3,0,,,Par,0,Brent – Little Bud  – 3/21/26,1,1,0,Brent,0,N/A,0,0,0,0,1,0,0,0,0,0,0,0,0,0,0,0,0,0,0,1,0,0,0,1,0,0,0,0,0,0,0,0,0,0,0,0,0,0,1,0,0,0,0,0,0,0,0,0,0,0,0,0,0,0,1,0,,,,,,,,,,1,0,0,0,0,0,0,0,0,0,0,0,0,0,1,0,1,0,0,0,0,0,1,0,0,0,0,0,0,0,0,0,0,0,0,0,0,0,0,0,0,0,0,1,0,0,0,0,0,0,0,0,0,0,0,0,0,0,1,1,1,1,0,0,0,0,,0,0,0,,0,0,0,0,0,0,0,0,0,0,0,0,0,0,0,0,0,0,1,0,0,0,0,0,0,0,0,0,0,0,0,0,0,0,0,0,0,0,0,0,0,0,0,0,0,0,0,0,0,0,0,0,0,0,FALSE,TRUE,TRUE,,,,,
Little Bud - Blue,1,3/21/2026,Little Bud ,Little Bud  - Blue 1,,Nate,,Nate - Little Bud - 3/21/2026,Nate – Little Bud  – 3/21/26,,3,3,,,,,,checked,checked,130,,,,,,,,,,,,,,,,,,,,,,,,,15,,2,15,,,,,,,Blue,130,7,0,,,,Front 9,15,15,,,0,0,3,0,1,3,3,0,,,Par,0,Nate – Little Bud  – 3/21/26,1,1,0,Nate,0,N/A,0,0,0,0,1,0,0,0,0,0,0,0,0,0,0,0,0,0,0,1,0,0,0,1,0,0,0,0,0,0,0,0,0,0,0,0,0,0,1,0,0,0,0,0,0,0,0,0,0,0,0,0,0,0,1,0,,,,,,,,,,1,0,0,0,0,0,0,0,0,0,0,0,0,0,1,0,1,0,0,0,0,0,1,0,0,0,0,0,0,0,0,0,0,0,0,0,0,0,0,0,0,0,0,0,1,0,0,0,0,0,0,0,0,0,0,0,0,0,1,0,1,0,0,0,0,0,,0,0,0,,0,0,0,0,0,0,0,0,0,0,0,0,0,0,0,0,0,0,1,0,0,0,0,0,0,0,0,0,0,0,0,0,0,0,0,0,0,0,0,0,0,0,0,0,0,0,0,0,0,0,0,0,0,0,FALSE,TRUE,TRUE,,,,,
Little Bud - Blue,2,3/21/2026,Little Bud ,Little Bud  - Blue 2,,Nate,,Nate - Little Bud - 3/21/2026,Nate – Little Bud  – 3/21/26,,3,3,,,,,,checked,checked,92,,,,,,,,,,,,,,,,,,,,,,,,,18,,2,18,,,,,,,Blue,89,4,0,,,,Front 9,18,18,,,0,0,3,0,1,3,3,0,,,Par,0,Nate – Little Bud  – 3/21/26,1,1,0,Nate,0,N/A,0,0,0,0,1,0,0,0,0,0,0,0,0,0,0,0,0,0,0,1,0,0,0,1,0,0,0,0,0,0,0,0,0,0,0,0,0,0,1,0,0,0,0,0,0,0,0,0,0,0,0,0,0,0,1,0,,,,,,,,,,1,0,0,0,0,0,0,0,0,0,0,0,0,0,1,0,1,0,0,0,0,0,1,0,0,0,0,0,0,0,0,0,0,0,0,0,0,0,0,0,0,0,0,0,1,0,0,0,0,0,0,0,0,0,0,0,0,0,1,0,1,0,0,0,0,0,,0,0,0,,0,0,0,0,0,0,0,0,0,0,0,0,0,0,0,0,0,0,1,0,0,0,0,0,0,0,0,0,0,0,0,0,0,0,0,0,0,0,0,0,0,0,0,0,0,0,0,0,0,0,0,0,0,0,FALSE,TRUE,TRUE,,,,,
Little Bud - Blue,3,3/21/2026,Little Bud ,Little Bud  - Blue 3,,Nate,,Nate - Little Bud - 3/21/2026,Nate – Little Bud  – 3/21/26,,3,3,,,,,,,,137,,,,,,,,,,,,,,,,,,,,,,,,,4,,1,4,4,,,,,,Blue,140,5,0,,,,Front 9,,,,,1,1,3,0,1,3,3,0,,,Par,0,Nate – Little Bud  – 3/21/26,0,0,0,Nate,0,N/A,0,0,0,0,1,0,0,0,0,0,0,0,0,0,1,1,1,0,1,0,0,0,0,0,0,0,1,0,0,0,0,0,1,0,0,0,0,0,0,0,0,0,0,0,0,0,0,0,0,0,0,0,0,0,1,,0,,,,,,,,,0,1,0,0,0,0,0,0,0,0,0,0,0,0,0,1,0,1,0,0,0,0,1,0,0,0,0,0,0,0,0,0,0,0,0,0,0,0,0,0,1,1,0,0,1,0,0,0,0,0,0,0,0,0,0,0,0,0,0,0,0,0,0,0,0,0,,1,0,0,,0,1,0,0,0,0,0,0,0,0,0,0,0,0,0,0,0,0,0,0,0,0,0,0,0,0,0,0,0,0,0,0,0,0,0,0,0,0,0,0,0,0,0,0,0,0,0,0,0,0,0,0,0,0,FALSE,FALSE,FALSE,,,,,
Little Bud - Blue,4,3/21/2026,Little Bud ,Little Bud  - Blue 4,,Nate,,Nate - Little Bud - 3/21/2026,Nate – Little Bud  – 3/21/26,,3,5,,,,,,,,173,,,,,,,,,,,,,,,,,,,,,,,,,36,,3,36,,,,,,,Blue,182,1,2,,,,Front 9,,,,,0,0,3,2,1,5,3,0,,,Double Bogey,0,Nate – Little Bud  – 3/21/26,0,0,0,Nate,0,N/A,0,0,0,0,0,0,1,0,0,0,0,0,0,0,1,0,0,0,0,0,1,0,0,0,0,0,0,0,0,0,0,0,0,0,0,0,0,0,0,0,0,0,0,0,0,0,1,0,0,0,0,0,0,0,1,,2,,,,,,,,,0,1,0,0,0,0,0,0,0,0,0,0,0,0,0,1,0,1,0,0,0,0,0,0,1,0,0,0,0,0,0,0,0,0,0,0,0,0,0,0,0,0,0,0,0,0,0,0,0,0,0,1,0,0,0,0,0,0,0,0,0,0,0,0,0,0,,0,0,0,,0,0,0,0,0,0,0,0,0,0,0,0,0,0,0,0,0,0,0,0,0,0,0,0,0,0,0,0,0,0,0,0,0,0,1,0,0,0,0,0,0,0,0,0,0,0,0,0,0,0,0,0,0,0,FALSE,FALSE,FALSE,,,,,
Little Bud - Blue,5,3/21/2026,Little Bud ,Little Bud  - Blue 5,,Nate,,Nate - Little Bud - 3/21/2026,Nate – Little Bud  – 3/21/26,,3,3,,,,,,,,72,,,,,,,,,,,,,,,,,,,,,,,,,3,,1,3,3,,,,,,Blue,77,9,0,,,,Front 9,,,,,1,1,3,0,1,3,3,0,,,Par,0,Nate – Little Bud  – 3/21/26,0,0,0,Nate,0,N/A,0,0,0,0,1,0,0,0,0,0,0,0,0,0,1,1,1,0,1,0,0,0,0,0,0,0,1,0,0,0,0,0,1,0,0,0,0,0,0,0,0,0,0,0,0,0,0,0,0,0,0,0,0,0,1,,0,,,,,,,,,0,1,0,0,0,0,0,0,0,0,0,0,0,0,0,1,0,1,0,0,0,0,1,0,0,0,0,0,0,0,0,0,0,0,0,0,0,0,0,0,1,1,0,0,0,0,0,0,0,0,1,0,0,0,0,0,0,0,0,0,0,0,0,0,0,0,,1,0,0,,0,1,0,0,0,0,0,0,0,0,0,0,0,0,0,0,0,0,0,0,0,0,0,0,0,0,0,0,0,0,0,0,0,0,0,0,0,0,0,0,0,0,0,0,0,0,0,0,0,0,0,0,0,0,FALSE,FALSE,FALSE,,,,,
Little Bud - Blue,6,3/21/2026,Little Bud ,Little Bud  - Blue 6,,Nate,,Nate - Little Bud - 3/21/2026,Nate – Little Bud  – 3/21/26,,3,5,,,,,,,,117,,,,,,,,,,,,,,,,,,,,,,,,,21,,3,21,,,,,,,Blue,111,8,2,,,,Front 9,,,,,0,0,3,2,1,5,3,0,,,Double Bogey,0,Nate – Little Bud  – 3/21/26,0,0,0,Nate,0,N/A,0,0,0,0,0,0,1,0,0,0,0,0,0,0,1,0,0,0,0,0,1,0,0,0,0,0,0,0,0,0,0,0,0,0,0,0,0,0,0,0,0,0,0,0,0,0,1,0,0,0,0,0,0,0,1,,2,,,,,,,,,0,1,0,0,0,0,0,0,0,0,0,0,0,0,0,1,0,1,0,0,0,0,0,0,1,0,0,0,0,0,0,0,0,0,0,0,0,0,0,0,0,0,0,0,0,0,0,0,0,0,0,1,0,0,0,0,0,0,0,0,0,0,0,0,0,0,,0,0,0,,0,0,0,0,0,0,0,0,0,0,0,0,0,0,0,0,0,0,0,0,0,0,0,0,0,0,0,0,0,0,0,0,0,0,1,0,0,0,0,0,0,0,0,0,0,0,0,0,0,0,0,0,0,0,FALSE,FALSE,FALSE,,,,,
Little Bud - Blue,7,3/21/2026,Little Bud ,Little Bud  - Blue 7,,Nate,,Nate - Little Bud - 3/21/2026,Nate – Little Bud  – 3/21/26,,3,3,,,,,,,,145,,,,,,,,,,,,,,,,,,,,,,,,,5,,1,5,5,,,,,,Blue,150,2,0,,,,Front 9,,,,,1,1,3,0,1,3,3,0,,,Par,0,Nate – Little Bud  – 3/21/26,0,0,0,Nate,0,N/A,0,0,0,0,1,0,0,0,0,0,0,0,0,0,1,1,1,0,1,0,0,0,0,0,0,0,1,0,0,0,0,0,1,0,0,0,0,0,0,0,0,0,0,0,0,0,0,0,0,0,0,0,0,0,1,,0,,,,,,,,,0,1,0,0,0,0,0,0,0,0,0,0,0,0,0,1,0,1,0,0,0,0,1,0,0,0,0,0,0,0,0,0,0,0,0,0,0,0,0,0,1,1,0,1,0,0,0,0,0,0,0,0,0,0,0,0,0,0,0,0,0,0,0,0,0,0,,1,0,0,,0,1,0,0,0,0,0,0,0,0,0,0,0,0,0,0,0,0,0,0,0,0,0,0,0,0,0,0,0,0,0,0,0,0,0,0,0,0,0,0,0,0,0,0,0,0,0,0,0,0,0,0,0,0,FALSE,FALSE,FALSE,,,,,
Little Bud - Blue,8,3/21/2026,Little Bud ,Little Bud  - Blue 8,,Nate,,Nate - Little Bud - 3/21/2026,Nate – Little Bud  – 3/21/26,,3,4,,,,,,,,149,,,,,,,,,,,,,,,,,,,,,,,,,18,,2,18,,,,,,,Blue,167,3,1,,,,Front 9,,,,,0,0,3,1,1,4,3,0,,,Bogey,0,Nate – Little Bud  – 3/21/26,0,0,0,Nate,0,N/A,0,0,0,0,0,1,0,0,0,0,0,0,0,0,1,0,0,0,0,1,0,0,0,0,0,0,0,0,0,0,0,0,0,0,0,0,0,0,0,1,0,0,0,0,0,0,0,0,0,0,0,0,0,0,1,,1,,,,,,,,,0,1,0,0,0,0,0,0,0,0,0,0,0,0,0,1,0,1,0,0,0,0,0,1,0,0,0,0,0,0,0,0,0,0,0,0,0,0,0,0,0,0,0,0,0,0,0,1,0,0,0,0,0,0,0,0,0,0,0,0,0,0,0,0,0,0,,0,0,0,,0,0,0,0,0,0,0,0,0,0,0,0,0,0,0,0,0,0,0,1,0,0,0,0,0,0,0,0,0,0,0,0,0,0,0,0,0,0,0,0,0,0,0,0,0,0,0,0,0,0,0,0,0,0,FALSE,FALSE,FALSE,,,,,
Little Bud - Blue,9,3/21/2026,Little Bud ,Little Bud  - Blue 9,,Nate,,Nate - Little Bud - 3/21/2026,Nate – Little Bud  – 3/21/26,,3,3,,,,,,,,70,,,,,,,,,,,,,,,,,,,,,,,,,4,,1,4,4,,,,,,Blue,69,6,0,,,,Front 9,,,,,1,1,3,0,1,3,3,0,,,Par,0,Nate – Little Bud  – 3/21/26,0,0,0,Nate,0,N/A,0,0,0,0,1,0,0,0,0,0,0,0,0,0,1,1,1,0,1,0,0,0,0,0,0,0,1,0,0,0,0,0,1,0,0,0,0,0,0,0,0,0,0,0,0,0,0,0,0,0,0,0,0,0,1,,0,,,,,,,,,0,1,0,0,0,0,0,0,0,0,0,0,0,0,0,1,0,1,0,0,0,0,1,0,0,0,0,0,0,0,0,0,0,0,0,0,0,0,0,0,1,1,0,1,0,0,0,0,0,0,0,0,0,0,0,0,0,0,0,0,0,0,0,0,0,0,,1,0,0,,0,1,0,0,0,0,0,0,0,0,0,0,0,0,0,0,0,0,0,0,0,0,0,0,0,0,0,0,0,0,0,0,0,0,0,0,0,0,0,0,0,0,0,0,0,0,0,0,0,0,0,0,0,0,FALSE,FALSE,FALSE,,,,,
Indian Lake Hills East - Green,1,4/17/2026,Indian Lake Hills East,Indian Lake Hills East - White - 1,,Jake,,Jake - Indian Lake Hills - East - Green - 4/17/2026,Jake – Indian Lake Hills East – 4/17/26,,4,5,,,,210,➡️ Right,,,125,3W,9,⬆️ Long,,,,,,,,,,,,,,,1,58 Degree Wedge,,,,⬇️ Short,,12,➡️ Hole High Right,2,2,2,,,,,,White,291,6,1,,,,Front 9,,,,,0,0,4,1,1,5,4,0,,,Bogey,0,Jake – Indian Lake Hills East – 4/17/26,0,0,0,Jake,1,0%,0,0,0,0,0,1,0,0,1,1,0,0,0,0,1,0,0,0,0,1,0,0,0,0,0,0,0,0,0,0,0,0,0,0,0,0,0,0,0,1,0,0,0,0,0,0,0,0,0,0,0,0,0,0,1,,,,,1,,,,,,0,0,0,1,0,0,0,0,0,0,0,1,0,0,0,1,0,1,0,1,0,0,0,0,0,0,0,0,0,1,0,0,0,0,0,0,0,0,0,0,0,0,0,0,0,1,0,0,0,0,0,0,0,0,0,0,0,0,0,0,0,0,0,0,0,0,,0,0,0,,0,0,0,0,0,0,0,0,0,0,0,0,0,0,0,0,0,0,0,0,0,0,0,0,1,0,0,0,0,0,0,0,0,0,0,0,0,0,0,0,0,0,0,0,0,0,0,0,0,0,0,0,0,0,FALSE,FALSE,FALSE,Long,Hole High Right,Right,Short,
Indian Lake Hills East - Green,2,4/17/2026,Indian Lake Hills East,Indian Lake Hills East - White - 2,,Jake,,Jake - Indian Lake Hills - East - Green - 4/17/2026,Jake – Indian Lake Hills East – 4/17/26,,3,4,,,,172,,checked,checked,162,7,7 Iron,,,,,,,,,,,,,,,,,,,,,⬇️ Short,,35,↖️ Long Left,3,1,7,1,,,,,White,149,9,1,,,,Front 9,35,35,,,0,0,3,1,1,4,3,0,,,Bogey,0,Jake – Indian Lake Hills East – 4/17/26,1,1,0,Jake,0,N/A,0,0,0,0,0,1,0,0,0,0,0,0,0,0,0,0,0,0,0,0,1,0,0,0,0,0,0,0,0,0,0,0,0,0,0,0,0,0,0,0,0,0,0,0,0,1,0,0,0,0,0,0,0,0,1,1,,,,,,,,,,1,0,0,0,0,0,0,0,0,0,0,0,0,0,1,0,1,0,0,0,0,0,0,1,0,0,0,0,0,0,0,0,0,0,0,0,0,0,0,0,0,0,0,0,0,1,0,0,0,0,0,0,0,0,0,0,0,0,0,0,0,0,0,0,0,0,,0,0,0,,0,0,0,0,0,0,0,0,0,0,0,0,0,0,0,0,0,0,0,0,0,0,0,0,0,0,0,0,0,0,0,0,0,1,0,0,0,0,0,0,0,0,0,0,0,0,0,0,0,0,0,0,0,0,FALSE,TRUE,TRUE,,Long Left,,Short,
Indian Lake Hills East - Green,3,4/17/2026,Indian Lake Hills East,Indian Lake Hills East - White - 3,,Jake,,Jake - Indian Lake Hills - East - Green - 4/17/2026,Jake – Indian Lake Hills East – 4/17/26,,4,5,,,,240,➡️ Right,,,146,Driver,9,➡️ Right,,,,,,,,,,,,,,,1,58 Degree Wedge,,,,⬆️ Long,,15,⬆️ Long,2,2,2,,,,,,White,382,2,1,,,,Front 9,,,,,0,0,4,1,1,5,4,0,,,Bogey,0,Jake – Indian Lake Hills East – 4/17/26,0,0,0,Jake,1,0%,0,0,0,0,0,1,0,0,1,1,0,0,0,0,1,0,0,0,0,1,0,0,0,0,0,0,0,0,0,0,0,0,0,0,0,0,0,0,0,1,0,0,0,0,0,0,0,0,0,0,0,0,0,0,1,,,,,1,,,,,,0,0,0,1,0,0,0,0,0,0,0,1,0,0,0,1,0,1,0,1,0,0,0,0,0,0,0,0,0,1,0,0,0,0,0,0,0,0,0,0,0,0,0,0,0,1,0,0,0,0,0,0,0,0,0,0,0,0,0,0,0,0,0,0,0,0,,0,0,0,,0,0,0,0,0,0,0,0,0,0,0,0,0,0,0,0,0,0,0,0,0,0,0,0,1,0,0,0,0,0,0,0,0,0,0,0,0,0,0,0,0,0,0,0,0,0,0,0,0,0,0,0,0,0,FALSE,FALSE,FALSE,Right,Long,Right,Long,
Indian Lake Hills East - Green,4,4/17/2026,Indian Lake Hills East,Indian Lake Hills East - White - 4,,Jake,,Jake - Indian Lake Hills - East - Green - 4/17/2026,Jake – Indian Lake Hills East – 4/17/26,,5,5,checked,checked,,210,➡️ Right,checked,checked,91,5,58,,,,,,210,PW,,,,,,,,,,,,,,➡️ High Side Right,,15,⬇️ Short,2,1,1,,,,,,White,393,3,0,,,,Front 9,15,,,15,0,0,5,0,1,5,5,0,,,Par,0,Jake – Indian Lake Hills East – 4/17/26,1,1,0,Jake,1,0%,0,0,0,0,1,0,0,0,0,0,0,0,0,0,0,0,0,0,0,1,0,0,0,0,0,0,0,0,0,0,0,0,0,0,0,0,0,0,1,0,0,0,0,0,0,0,0,0,0,0,0,0,0,0,1,,,,,,,0,,,,0,0,0,0,0,0,0,0,1,0,1,0,0,0,0,0,0,0,0,0,0,0,0,0,0,0,0,0,0,0,0,0,0,0,1,0,0,0,0,0,0,0,0,0,0,0,0,0,0,0,1,0,0,0,0,1,0,0,1,0,0,0,0,0,1,0,,0,0,0,,0,0,0,0,0,0,0,0,0,0,0,0,0,0,0,0,0,0,0,0,0,0,0,0,0,0,0,0,0,1,0,0,0,0,0,0,0,0,0,0,0,0,0,0,0,0,0,0,0,0,0,0,0,0,FALSE,TRUE,TRUE,,Short,Right,High Side Right,
Indian Lake Hills East - Green,5,4/17/2026,Indian Lake Hills East,Indian Lake Hills East - White - 5,,Jake,,Jake - Indian Lake Hills - East - Green - 4/17/2026,Jake – Indian Lake Hills East – 4/17/26,,3,4,,,,210,⬆️ Long,,,198,5,5,⬆️ Long,,,,,,,,,,,,,,,1,Putter,,,,⬅️ High Side Left,,8,➡️ Hole High Right,2,0.5,0.5,,,,,,White,178,8,1,,,,Front 9,,,,,1,0,3,1,1,4,3,0,,,Bogey,0,Jake – Indian Lake Hills East – 4/17/26,0,0,0,Jake,0,N/A,0,0,0,0,0,1,0,0,1,1,1,0,0,0,1,0,0,0,0,1,0,0,0,0,0,0,0,0,0,0,0,0,0,0,0,0,0,0,0,1,0,0,0,0,0,0,0,0,0,0,0,0,0,0,1,,1,,,,,,,,,0,1,0,0,0,0,0,0,0,0,0,0,0,0,0,1,0,1,0,0,0,0,0,1,0,0,0,0,0,0,0,0,0,0,0,0,0,0,0,0,0,0,0,0,0,0,0,0,0,0,0,1,0,0,0,0,0,0,0,0,0,0,0,0,0,0,,0,0,0,,0,0,0,0,0,0,0,0,0,0,0,0,0,0,0,0,0,0,0,1,0,0,0,0,0,0,0,0,0,0,0,0,0,0,0,0,0,0,0,0,0,0,0,0,0,0,0,0,0,0,0,0,0,0,FALSE,FALSE,FALSE,Long,Hole High Right,Long,High Side Left,
Indian Lake Hills East - Green,6,4/17/2026,Indian Lake Hills East,Indian Lake Hills East - White - 6,,Jake,,Jake - Indian Lake Hills - East - Green - 4/17/2026,Jake – Indian Lake Hills East – 4/17/26,,4,6,,,,230,➡️ Right,,,220,Driver,4H,➡️ Right,,,,,,,,,,1,4H,In a tree,,,1,58 Degree Wedge,,,,⬇️ Short,,15,⬆️ Long,2,1,1,,,,,,White,414,1,2,,,,Front 9,,,,,0,0,4,2,1,6,4,0,,,Double Bogey,0,Jake – Indian Lake Hills East – 4/17/26,0,0,0,Jake,1,0%,0,0,0,0,0,0,1,0,1,1,0,0,0,0,1,0,0,0,0,1,0,0,0,0,0,0,0,0,0,0,0,0,0,0,0,0,0,0,0,0,1,0,0,0,0,0,0,0,0,0,0,0,0,0,1,,,,,2,,,,,,0,0,0,1,0,0,0,0,0,0,0,1,0,0,0,1,0,1,0,1,0,0,0,0,0,0,0,0,0,0,1,0,0,0,0,0,0,0,0,0,0,0,0,0,0,0,0,0,0,0,0,1,0,0,0,0,0,0,0,0,0,0,0,0,0,0,,0,0,0,,0,0,0,0,0,0,0,0,0,0,0,0,0,0,0,0,0,0,0,0,0,0,0,0,0,1,0,0,0,0,0,0,0,0,0,0,0,0,0,0,0,0,0,0,0,0,0,0,0,0,0,0,0,0,FALSE,FALSE,FALSE,Right,Long,Right,Short,
Indian Lake Hills East - Green,7,4/17/2026,Indian Lake Hills East,Indian Lake Hills East - White - 7,,Jake,,Jake - Indian Lake Hills - East - Green - 4/17/2026,Jake – Indian Lake Hills East – 4/17/26,,4,4,,,,190,➡️ Right,,,178,5,7,➡️ Right,,,,,,,,,,,,,,,1,Putter,,,,,,1,Tight (3 feet or less) ,1,1,,,,,,,White,339,5,0,,,,Front 9,,,,,1,1,4,0,1,4,4,0,,,Par,0,Jake – Indian Lake Hills East – 4/17/26,0,0,0,Jake,1,0%,0,0,0,0,1,0,0,0,1,1,1,1,1,1,1,1,1,0,1,0,0,0,0,0,0,0,1,0,0,0,0,0,1,0,0,0,0,0,0,0,0,0,0,0,0,0,0,0,0,0,0,0,0,0,1,,,,,0,,,,,,0,0,0,1,0,0,0,0,0,0,0,1,0,0,0,1,0,1,0,1,0,0,0,0,0,0,0,0,1,0,0,0,0,0,0,0,0,0,0,0,1,1,0,1,0,0,0,0,0,0,0,0,0,0,0,0,0,0,0,0,0,0,0,0,0,0,,0,1,0,,0,0,0,0,0,0,0,1,0,0,0,0,0,0,0,0,0,0,0,0,0,0,0,0,0,0,0,0,0,0,0,0,0,0,0,0,0,0,0,0,0,0,0,0,0,0,0,0,0,0,0,0,0,0,FALSE,FALSE,FALSE,Right,Tight (3 feet or less),Right,,
Indian Lake Hills East - Green,8,4/17/2026,Indian Lake Hills East,Indian Lake Hills East - White - 8,,Jake,,Jake - Indian Lake Hills - East - Green - 4/17/2026,Jake – Indian Lake Hills East – 4/17/26,,4,4,,,checked,210,,checked,checked,78,5,58,,,,,,,,,,,,,,,,,,,,,➡️ High Side Right,,25,⬆️ Long,2,0.5,0.5,,,,,,White,280,7,0,,,,Front 9,25,,25,,0,0,4,0,1,4,4,0,,,Par,1,Jake – Indian Lake Hills East – 4/17/26,1,1,0,Jake,1,100%,1,0,0,0,1,0,0,0,0,0,0,0,0,0,0,0,0,0,0,1,0,0,0,1,0,0,0,0,0,0,0,0,0,0,0,0,0,0,1,0,0,0,0,0,0,0,0,0,0,0,0,0,0,0,1,,,,,,0,,,,,0,0,0,0,0,1,0,0,0,0,0,0,0,1,1,0,1,0,1,0,0,0,0,0,0,0,0,0,1,0,0,0,0,0,0,0,0,0,0,0,0,0,0,1,0,0,0,0,0,0,0,0,0,0,1,0,1,0,0,0,0,0,0,0,0,0,,0,0,0,,0,0,0,0,0,0,0,0,0,0,0,0,0,0,0,0,0,0,0,0,0,0,0,1,0,0,0,0,0,0,0,0,0,0,0,0,0,0,0,0,0,0,0,0,0,0,0,0,0,0,0,0,0,0,TRUE,TRUE,TRUE,,Long,,High Side Right,
Indian Lake Hills East - Green,9,4/17/2026,Indian Lake Hills East,Indian Lake Hills East - White - 9,,Jake,,Jake - Indian Lake Hills - East - Green - 4/17/2026,Jake – Indian Lake Hills East – 4/17/26,,4,4,,,,210,➡️ Right,checked,checked,109,5,GW,,,,,,,,,,,,,,,,,,,,,⬇️ Short,,35,⬆️ Long,2,6,6,,,,,,White,318,4,0,,,,Front 9,35,,35,,0,0,4,0,1,4,4,0,,,Par,0,Jake – Indian Lake Hills East – 4/17/26,1,1,0,Jake,1,0%,0,0,0,0,1,0,0,0,0,0,0,0,0,0,0,0,0,0,0,1,0,0,0,0,0,0,0,0,0,0,0,0,0,0,0,0,0,0,1,0,0,0,0,0,0,0,0,0,0,0,0,0,0,0,1,,,0,,,,,,,,0,0,1,0,0,0,0,0,0,0,1,0,0,0,0,0,0,0,0,0,0,0,0,0,0,0,0,0,1,0,0,0,0,0,0,0,0,0,0,0,0,0,0,1,0,0,0,0,0,0,0,0,0,0,1,0,0,0,0,0,0,0,0,0,0,0,,0,0,0,,0,0,0,0,0,0,0,0,0,0,0,0,0,0,0,0,0,0,0,0,0,0,0,1,0,0,0,0,0,0,0,0,0,0,0,0,0,0,0,0,0,0,0,0,0,0,0,0,0,0,0,0,0,0,FALSE,TRUE,TRUE,,Long,Right,Short,
Gardner - White,1,3/27/2026,Gardner,Gardner White 1,,Jake,,Jake - Gardner - White - 3/27/2026,Jake – Gardner – 3/27/26,,4,5,,,,,⬅️ Left,,,217,Driver,7,➡️ Right,,,,,,,,,,,,,,,1,58 Degree Wedge,,,,,,6,,2,1,1,,,,,,White,364,9,1,70.8,70.8,114,18 Holes,,,,,1,0,4,1,1,5,4,0,,,Bogey,0,Jake – Gardner – 3/27/26,0,0,0,Jake,1,0%,0,0,0,0,0,1,0,0,1,1,1,0,0,0,1,0,0,0,0,1,0,0,0,0,0,0,0,0,0,0,0,0,0,0,0,0,0,0,0,1,0,0,0,0,0,0,0,0,0,0,0,0,0,0,1,,,,,1,,,,,,0,0,0,1,0,0,0,0,0,0,0,1,0,0,0,1,0,1,0,1,0,0,0,0,0,0,0,0,0,1,0,0,0,0,0,0,0,0,0,0,0,0,0,0,0,1,0,0,0,0,0,0,0,0,0,0,0,0,0,0,0,0,0,0,0,0,,0,0,0,,0,0,0,0,0,0,0,0,0,0,0,0,0,0,0,0,0,0,0,0,0,0,0,0,1,0,0,0,0,0,0,0,0,0,0,0,0,0,0,0,0,0,0,0,0,0,0,0,0,0,0,0,0,0,FALSE,FALSE,FALSE,Right,,Left,,
Gardner - White,2,3/27/2026,Gardner,Gardner White 2,,Jake,,Jake - Gardner - White - 3/27/2026,Jake – Gardner – 3/27/26,,5,5,,,checked,,,,,40,Driver,58,⬇️ Short,,,,,,,,,,,,,,,1,58 Degree Wedge,,,,,,7,,1,7,,,,,,,White,473,15,0,70.8,70.8,114,18 Holes,,,,,1,1,5,0,1,5,5,0,,,Par,1,Jake – Gardner – 3/27/26,0,0,0,Jake,1,100%,0,0,0,0,1,0,0,0,1,1,1,1,0,0,1,1,1,0,1,0,0,0,0,0,0,0,0,0,0,0,0,0,1,0,0,0,0,0,0,0,0,0,0,0,0,0,0,0,0,0,0,0,0,0,1,,,,,,,,0,,,0,0,0,0,0,0,0,1,0,0,0,0,1,0,0,0,0,0,0,0,0,0,0,0,0,0,0,0,0,0,0,0,0,0,1,0,0,0,0,0,1,1,0,0,1,0,0,0,0,0,0,0,0,0,0,0,0,1,0,0,0,0,0,0,0,0,,0,0,1,,0,0,0,0,0,0,0,0,0,0,0,0,0,0,1,0,0,0,0,0,0,0,0,0,0,0,0,0,0,0,0,0,0,0,0,0,0,0,0,0,0,0,0,0,0,0,0,0,0,0,0,0,0,0,TRUE,FALSE,FALSE,Short,,,,
Gardner - White,3,3/27/2026,Gardner,Gardner White 3,,Jake,,Jake - Gardner - White - 3/27/2026,Jake – Gardner – 3/27/26,,4,5,,,,,➡️ Right,checked,checked,125,Driver,7,,,,,,,,,,,,,,,,,,,,,,,45,,3,1,12,1,,,,,White,389,13,1,70.8,70.8,114,18 Holes,45,,45,,0,0,4,1,1,5,4,0,,,Bogey,0,Jake – Gardner – 3/27/26,1,1,0,Jake,1,0%,0,0,0,0,0,1,0,0,0,0,0,0,0,0,0,0,0,0,0,0,1,0,0,0,0,0,0,0,0,0,0,0,0,0,0,0,0,0,0,0,0,0,0,0,0,1,0,0,0,0,0,0,0,0,1,,,1,,,,,,,,0,0,1,0,0,0,0,0,0,0,1,0,0,0,0,0,0,0,0,0,0,0,0,0,0,0,0,0,0,1,0,0,0,0,0,0,0,0,0,0,0,0,0,0,0,1,0,0,0,0,0,0,0,0,1,0,0,0,0,0,0,0,0,0,0,0,,0,0,0,,0,0,0,0,0,0,0,0,0,0,0,0,0,0,0,0,0,0,0,0,0,0,0,0,0,0,0,0,0,0,0,0,0,0,0,0,0,1,0,0,0,0,0,0,0,0,0,0,0,0,0,0,0,0,FALSE,TRUE,TRUE,,,Right,,
Gardner - White,4,3/27/2026,Gardner,Gardner White 4,,Jake,,Jake - Gardner - White - 3/27/2026,Jake – Gardner – 3/27/26,,3,4,,,,,,checked,checked,137,PW,PW,,,,,,,,,,,,,,,,,,,,,,,45,,3,1,4,1,,,,,White,138,11,1,70.8,70.8,114,18 Holes,45,45,,,0,0,3,1,1,4,3,0,,,Bogey,0,Jake – Gardner – 3/27/26,1,1,0,Jake,0,N/A,0,0,0,0,0,1,0,0,0,0,0,0,0,0,0,0,0,0,0,0,1,0,0,0,0,0,0,0,0,0,0,0,0,0,0,0,0,0,0,0,0,0,0,0,0,1,0,0,0,0,0,0,0,0,1,1,,,,,,,,,,1,0,0,0,0,0,0,0,0,0,0,0,0,0,1,0,1,0,0,0,0,0,0,1,0,0,0,0,0,0,0,0,0,0,0,0,0,0,0,0,0,0,0,0,0,0,0,0,0,0,0,1,0,0,0,0,0,0,0,0,0,0,0,0,0,0,,0,0,0,,0,0,0,0,0,0,0,0,0,0,0,0,0,0,0,0,0,0,0,0,0,0,0,0,0,0,0,0,0,0,0,0,0,1,0,0,0,0,0,0,0,0,0,0,0,0,0,0,0,0,0,0,0,0,FALSE,TRUE,TRUE,,,,,
Gardner - White,5,3/27/2026,Gardner,Gardner White 5,,Jake,,Jake - Gardner - White - 3/27/2026,Jake – Gardner – 3/27/26,,4,6,,,,,➡️ Right,,,,Driver,,,,,,,,,,,,,,,,,2,58 Degree Wedge,,,,,,14,,2,1,1,,,,,,White,366,3,2,70.8,70.8,114,18 Holes,,,,,0,0,4,2,1,6,4,0,,,Double Bogey,0,Jake – Gardner – 3/27/26,0,0,0,Jake,1,0%,0,0,0,0,0,0,1,0,2,1,0,0,0,0,1,0,0,0,0,1,0,0,0,0,0,0,0,0,0,0,0,0,0,0,0,0,0,0,0,0,1,0,0,0,0,0,0,0,0,0,0,0,0,0,1,,,,,2,,,,,,0,0,0,1,0,0,0,0,0,0,0,1,0,0,0,1,0,1,0,1,0,0,0,0,0,0,0,0,0,0,1,0,0,0,0,0,0,0,0,0,0,0,0,0,0,0,0,0,0,0,0,1,0,0,0,0,0,0,0,0,0,0,0,0,0,0,,0,0,0,,0,0,0,0,0,0,0,0,0,0,0,0,0,0,0,0,0,0,0,0,0,0,0,0,0,1,0,0,0,0,0,0,0,0,0,0,0,0,0,0,0,0,0,0,0,0,0,0,0,0,0,0,0,0,FALSE,FALSE,FALSE,,,Right,,
Gardner - White,6,3/27/2026,Gardner,Gardner White 6,,Jake,,Jake - Gardner - White - 3/27/2026,Jake – Gardner – 3/27/26,,5,7,,,,,➡️ Right,,checked,116,Driver,8,,,,,,,,,,,,,,,,,,,,,,,12,,3,1,3,1,,,,,White,430,17,2,70.8,70.8,114,18 Holes,,,,,0,0,5,2,1,7,5,0,,,Double Bogey,0,Jake – Gardner – 3/27/26,0,1,0,Jake,1,0%,0,0,0,0,0,0,1,0,0,0,0,0,0,0,1,0,0,0,0,0,1,0,0,0,0,0,0,0,0,0,0,0,0,0,0,0,0,0,0,0,0,0,0,0,0,0,1,0,0,0,0,0,0,0,1,,,,,,,,,2,,0,0,0,0,0,0,0,0,0,1,0,1,0,0,0,1,0,1,0,1,0,0,0,0,0,0,0,0,0,0,0,0,0,0,0,0,1,0,0,0,0,0,0,0,0,0,0,0,0,0,0,1,0,0,0,0,0,0,0,0,0,0,0,0,0,0,,0,0,0,,0,0,0,0,0,0,0,0,0,0,0,0,0,0,0,0,0,0,0,0,0,0,0,0,0,0,0,0,0,0,0,0,0,0,0,0,0,0,0,0,0,0,0,1,0,0,0,0,0,0,0,0,0,0,FALSE,FALSE,TRUE,,,Right,,
Gardner - White,7,3/27/2026,Gardner,Gardner White 7,,Jake,,Jake - Gardner - White - 3/27/2026,Jake – Gardner – 3/27/26,,4,5,,,,,➡️ Right,,,170,Driver,9,⬅️ Left,,,,,,,,,,,,,,,1,58 Degree Wedge,,,,,,3,,2,1,1,,,,,,White,404,5,1,70.8,70.8,114,18 Holes,,,,,1,0,4,1,1,5,4,0,,,Bogey,0,Jake – Gardner – 3/27/26,0,0,0,Jake,1,0%,0,0,0,0,0,1,0,0,1,1,1,0,1,0,1,0,0,0,0,1,0,0,0,0,0,0,0,0,0,0,0,0,0,0,0,0,0,0,0,1,0,0,0,0,0,0,0,0,0,0,0,0,0,0,1,,,,,1,,,,,,0,0,0,1,0,0,0,0,0,0,0,1,0,0,0,1,0,1,0,1,0,0,0,0,0,0,0,0,0,1,0,0,0,0,0,0,0,0,0,0,0,0,0,0,0,0,0,1,0,0,0,0,0,0,0,0,0,0,0,0,0,0,0,0,0,0,,0,0,0,,0,0,0,0,0,0,0,0,0,0,0,0,0,0,0,0,0,0,0,0,0,0,0,0,1,0,0,0,0,0,0,0,0,0,0,0,0,0,0,0,0,0,0,0,0,0,0,0,0,0,0,0,0,0,FALSE,FALSE,FALSE,Left,,Right,,
Gardner - White,8,3/27/2026,Gardner,Gardner White 8,,Jake,,Jake - Gardner - White - 3/27/2026,Jake – Gardner – 3/27/26,,3,4,,,,,➡️ Right,,,182,7,7,➡️ Right,,,,,,,,,,,,,,,1,58 Degree Wedge,,,,,,15,,2,1,1,,,,,,White,183,7,1,70.8,70.8,114,18 Holes,,,,,0,0,3,1,1,4,3,0,,,Bogey,0,Jake – Gardner – 3/27/26,0,0,0,Jake,0,N/A,0,0,0,0,0,1,0,0,1,1,0,0,0,0,1,0,0,0,0,1,0,0,0,0,0,0,0,0,0,0,0,0,0,0,0,0,0,0,0,1,0,0,0,0,0,0,0,0,0,0,0,0,0,0,1,,1,,,,,,,,,0,1,0,0,0,0,0,0,0,0,0,0,0,0,0,1,0,1,0,0,0,0,0,1,0,0,0,0,0,0,0,0,0,0,0,0,0,0,0,0,0,0,0,0,0,0,0,1,0,0,0,0,0,0,0,0,0,0,0,0,0,0,0,0,0,0,,0,0,0,,0,0,0,0,0,0,0,0,0,0,0,0,0,0,0,0,0,0,0,1,0,0,0,0,0,0,0,0,0,0,0,0,0,0,0,0,0,0,0,0,0,0,0,0,0,0,0,0,0,0,0,0,0,0,FALSE,FALSE,FALSE,Right,,Right,,
Gardner - White,9,3/27/2026,Gardner,Gardner White 9,,Jake,,Jake - Gardner - White - 3/27/2026,Jake – Gardner – 3/27/26,,4,6,,,,,➡️ Right,,,,Driver,,,,,,,,,,,,,,,,,1,58 Degree Wedge,,,,,,20,,2,1,1,,,,,,White,392,1,2,70.8,70.8,114,18 Holes,,,,,0,0,4,2,1,6,4,0,,,Double Bogey,0,Jake – Gardner – 3/27/26,0,0,0,Jake,1,0%,0,0,0,0,0,0,1,0,1,1,0,0,0,0,1,0,0,0,0,1,0,0,0,0,0,0,0,0,0,0,0,0,0,0,0,0,0,0,0,0,1,0,0,0,0,0,0,0,0,0,0,0,0,0,1,,,,,2,,,,,,0,0,0,1,0,0,0,0,0,0,0,1,0,0,0,1,0,1,0,1,0,0,0,0,0,0,0,0,0,0,1,0,0,0,0,0,0,0,0,0,0,0,0,0,0,0,0,1,0,0,0,0,0,0,0,0,0,0,0,0,0,0,0,0,0,0,,0,0,0,,0,0,0,0,0,0,0,0,0,0,0,0,0,0,0,0,0,0,0,0,0,0,0,0,0,1,0,0,0,0,0,0,0,0,0,0,0,0,0,0,0,0,0,0,0,0,0,0,0,0,0,0,0,0,FALSE,FALSE,FALSE,,,Right,,
Gardner - White,10,3/27/2026,Gardner,Gardner White 10,,Jake,,Jake - Gardner - White - 3/27/2026,Jake – Gardner – 3/27/26,,4,6,,,,,➡️ Right,,,120,Driver,GW,⬅️ Left,,,,,,,,,,,,,,,2,58 Degree Wedge,,,,,,12,,2,1,1,,,,,,White,415,10,2,70.8,70.8,114,18 Holes,,,,,0,0,4,2,0,,,1,6,4,Double Bogey,0,Jake – Gardner – 3/27/26,0,0,0,Jake,1,0%,0,0,0,0,0,0,1,0,2,1,0,0,0,0,1,0,0,0,0,1,0,0,0,0,0,0,0,0,0,0,0,0,0,0,0,0,0,0,0,0,1,0,0,0,0,0,0,0,0,0,0,0,0,0,1,,,,,2,,,,,,0,0,0,1,0,0,0,0,0,0,0,1,0,0,0,1,0,1,0,1,0,0,0,0,0,0,0,0,0,0,1,0,0,0,0,0,0,0,0,0,0,0,0,0,0,0,0,0,0,1,0,0,0,0,0,0,0,0,0,0,0,0,0,0,0,0,,0,0,0,,0,0,0,0,0,0,0,0,0,0,0,0,0,0,0,0,0,0,0,0,0,0,0,0,0,1,0,0,0,0,0,0,0,0,0,0,0,0,0,0,0,0,0,0,0,0,0,0,0,0,0,0,0,0,FALSE,FALSE,FALSE,Left,,Right,,
Gardner - White,11,3/27/2026,Gardner,Gardner White 11,,Jake,,Jake - Gardner - White - 3/27/2026,Jake – Gardner – 3/27/26,,5,5,,,,,⬅️ Left,checked,checked,150,Driver,9,,,,,,,,,,,,,,,,,,,,,,,6,,2,1,1,,,,,,White,416,18,0,70.8,70.8,114,18 Holes,6,,,6,1,0,5,0,0,,,1,5,5,Par,0,Jake – Gardner – 3/27/26,1,1,0,Jake,1,0%,0,0,0,0,1,0,0,0,0,0,0,0,0,0,0,0,0,0,0,1,0,0,0,0,0,0,0,0,0,0,0,0,0,0,0,0,0,0,1,0,0,0,0,0,0,0,0,0,0,0,0,0,0,0,1,,,,,,,0,,,,0,0,0,0,0,0,0,0,1,0,1,0,0,0,0,0,0,0,0,0,0,0,0,0,0,0,0,0,0,0,0,0,0,0,1,0,0,0,0,0,0,0,0,0,0,0,0,0,1,0,0,0,0,0,0,1,0,0,1,1,0,0,0,0,1,1,,0,0,0,,0,0,0,0,0,0,0,0,0,0,0,0,0,0,0,0,0,0,0,0,0,0,0,0,0,0,0,0,0,1,0,0,0,0,0,0,0,0,0,0,0,0,0,0,0,0,0,0,0,0,0,0,0,0,FALSE,TRUE,TRUE,,,Left,,
Gardner - White,12,3/27/2026,Gardner,Gardner White 12,,Jake,,Jake - Gardner - White - 3/27/2026,Jake – Gardner – 3/27/26,,4,6,,,checked,,,,,145,Driver,9,➡️ Right,,,,,,,,,,,,,,,2,58 Degree Wedge,,,,,,9,,2,2,2,,,,,,White,357,8,2,70.8,70.8,114,18 Holes,,,,,1,0,4,2,0,,,1,6,4,Double Bogey,1,Jake – Gardner – 3/27/26,0,0,0,Jake,1,100%,0,0,0,0,0,0,1,0,2,1,0,0,0,0,1,0,0,0,0,1,0,0,0,0,0,0,0,0,0,0,0,0,0,0,0,0,0,0,0,0,1,0,0,0,0,0,0,0,0,0,0,0,0,0,1,,,,2,,,,,,,0,0,0,0,1,0,0,0,0,0,0,0,1,0,0,0,0,0,0,0,0,0,0,0,0,0,0,0,0,0,1,0,0,0,0,0,0,0,0,0,0,0,0,0,0,0,0,0,0,1,0,0,0,0,0,0,1,0,0,0,0,0,0,0,0,0,,0,0,0,,0,0,0,0,0,0,0,0,0,0,0,0,0,0,0,0,0,0,0,0,0,0,0,0,0,1,0,0,0,0,0,0,0,0,0,0,0,0,0,0,0,0,0,0,0,0,0,0,0,0,0,0,0,0,TRUE,FALSE,FALSE,Right,,,,
Gardner - White,13,3/27/2026,Gardner,Gardner White 13,,Jake,,Jake - Gardner - White - 3/27/2026,Jake – Gardner – 3/27/26,,3,3,,,,,,checked,checked,138,7,7,,,,,,,,,,,,,,,,,,,,,,,40,,2,2,2,,,,,,White,138,14,0,70.8,70.8,114,18 Holes,40,40,,,0,0,3,0,0,,,1,3,3,Par,0,Jake – Gardner – 3/27/26,1,1,0,Jake,0,N/A,0,0,0,0,1,0,0,0,0,0,0,0,0,0,0,0,0,0,0,1,0,0,0,1,0,0,0,0,0,0,0,0,0,0,0,0,0,0,1,0,0,0,0,0,0,0,0,0,0,0,0,0,0,0,1,0,,,,,,,,,,1,0,0,0,0,0,0,0,0,0,0,0,0,0,1,0,1,0,0,0,0,0,1,0,0,0,0,0,0,0,0,0,0,0,0,0,0,0,0,0,0,0,0,0,0,0,0,0,0,0,0,0,1,0,0,0,0,0,0,0,0,0,0,0,0,0,,0,0,0,,0,0,0,0,0,0,0,0,0,0,0,0,0,0,0,0,0,0,1,0,0,0,0,0,0,0,0,0,0,0,0,0,0,0,0,0,0,0,0,0,0,0,0,0,0,0,0,0,0,0,0,0,0,0,FALSE,TRUE,TRUE,,,,,
Gardner - White,14,3/27/2026,Gardner,Gardner White 14,,Jake,,Jake - Gardner - White - 3/27/2026,Jake – Gardner – 3/27/26,,4,5,,,,,➡️ Right,,,,Driver,,,,,,,,,,,,,,,,,1,58 Degree Wedge,,,,,,5,,1,5,,,,,,,White,392,2,1,70.8,70.8,114,18 Holes,,,,,1,1,4,1,0,,,1,5,4,Bogey,0,Jake – Gardner – 3/27/26,0,0,0,Jake,1,0%,0,0,0,0,0,1,0,0,1,1,1,1,1,1,1,0,1,0,1,0,0,0,0,0,0,0,0,0,0,0,0,0,0,1,0,0,0,0,0,0,0,0,0,0,0,0,0,0,0,0,0,0,0,0,1,,,,,1,,,,,,0,0,0,1,0,0,0,0,0,0,0,1,0,0,0,1,0,1,0,1,0,0,0,0,0,0,0,0,0,1,0,0,0,0,0,0,0,0,0,0,0,1,0,0,0,0,0,0,0,0,0,0,0,1,0,0,0,0,0,0,0,0,0,0,0,0,,0,0,0,,0,0,0,0,0,0,0,0,1,0,0,0,0,0,0,0,0,0,0,0,0,0,0,0,0,0,0,0,0,0,0,0,0,0,0,0,0,0,0,0,0,0,0,0,0,0,0,0,0,0,0,0,0,0,FALSE,FALSE,FALSE,,,Right,,
Gardner - White,15,3/27/2026,Gardner,Gardner White 15,,Jake,,Jake - Gardner - White - 3/27/2026,Jake – Gardner – 3/27/26,,4,7,,,,,➡️ Right,,,160,Driver,7,⬆️ Long,,,,,,,,,,,,,,,1,58 Degree Wedge,,,,,,8,,3,2,5,2,,,,,White,383,6,3,70.8,70.8,114,18 Holes,,,,,1,0,4,3,0,,,1,7,4,Triple Bogey +,0,Jake – Gardner – 3/27/26,0,0,0,Jake,1,0%,0,0,0,0,0,0,0,1,1,1,1,0,0,0,1,0,0,0,0,0,1,0,0,0,0,0,0,0,0,0,0,0,0,0,0,0,0,0,0,0,0,0,0,0,0,0,0,1,0,0,0,0,0,0,1,,,,,3,,,,,,0,0,0,1,0,0,0,0,0,0,0,1,0,0,0,1,0,1,0,1,0,0,0,0,0,0,0,0,0,0,0,1,0,0,0,0,0,0,0,0,0,0,0,0,0,0,0,0,0,0,0,0,0,1,0,0,0,0,0,0,0,0,0,0,0,0,,0,0,0,,0,0,0,0,0,0,0,0,0,0,0,0,0,0,0,0,0,0,0,0,0,0,0,0,0,0,0,0,0,0,0,0,0,0,0,0,0,0,0,1,0,0,0,0,0,0,0,0,0,0,0,0,0,0,FALSE,FALSE,FALSE,Long,,Right,,
Gardner - White,16,3/27/2026,Gardner,Gardner White 16,,Jake,,Jake - Gardner - White - 3/27/2026,Jake – Gardner – 3/27/26,,5,6,checked,checked,,,➡️ Right,,,120,Driver,PW,⬇️ Short,,,,,,,,,,,,,,,1,58 Degree Wedge,,,,,,15,,2,1,1,,,,,,White,536,12,1,70.8,70.8,114,18 Holes,,,,,0,0,5,1,0,,,1,6,5,Bogey,0,Jake – Gardner – 3/27/26,0,0,0,Jake,1,0%,0,0,0,0,0,1,0,0,1,1,0,0,0,0,1,0,0,0,0,1,0,0,0,0,0,0,0,0,0,0,0,0,0,0,0,0,0,0,0,1,0,0,0,0,0,0,0,0,0,0,0,0,0,0,1,,,,,,,,,1,,0,0,0,0,0,0,0,0,0,1,0,1,0,0,0,1,0,1,0,1,0,0,0,0,0,0,0,0,0,0,0,0,0,0,0,1,0,0,0,0,0,0,0,0,0,0,1,0,0,0,0,0,0,0,0,0,0,0,0,0,0,0,0,0,0,0,,0,0,0,,0,0,0,0,0,0,0,0,0,0,0,0,0,0,0,0,0,0,0,0,0,0,0,0,0,0,0,0,0,0,1,0,0,0,0,0,0,0,0,0,0,0,0,0,0,0,0,0,0,0,0,0,0,0,FALSE,FALSE,FALSE,Short,,Right,,
Gardner - White,17,3/27/2026,Gardner,Gardner White 17,,Jake,,Jake - Gardner - White - 3/27/2026,Jake – Gardner – 3/27/26,,3,4,,,,,➡️ Right,,,139,8,8,➡️ Right,,,,,,,,,,,,,,,1,58 Degree Wedge,,,,,,0.5,,1,0.5,,,,,,,White,144,16,1,70.8,70.8,114,18 Holes,,,,,1,1,3,1,0,,,1,4,3,Bogey,0,Jake – Gardner – 3/27/26,0,0,0,Jake,0,N/A,0,0,0,0,0,1,0,0,1,1,1,1,1,1,1,0,1,0,1,0,0,0,0,0,0,0,0,0,0,0,0,0,0,1,0,0,0,0,0,0,0,0,0,0,0,0,0,0,0,0,0,0,0,0,1,,1,,,,,,,,,0,1,0,0,0,0,0,0,0,0,0,0,0,0,0,1,0,1,0,0,0,0,0,1,0,0,0,0,0,0,0,0,0,0,0,0,0,0,0,0,0,1,0,0,0,0,1,0,0,0,0,0,0,0,0,0,0,0,0,0,0,0,0,0,0,0,,0,0,0,,0,0,1,0,0,0,0,0,0,0,0,0,0,0,0,0,0,0,0,0,0,0,0,0,0,0,0,0,0,0,0,0,0,0,0,0,0,0,0,0,0,0,0,0,0,0,0,0,0,0,0,0,0,0,FALSE,FALSE,FALSE,Right,,Right,,
Gardner - White,18,3/27/2026,Gardner,Gardner White 18,,Jake,,Jake - Gardner - White - 3/27/2026,Jake – Gardner – 3/27/26,,4,5,,,,,➡️ Right,,,,Driver,,,,,,,,,,,,,,,,,1,58 Degree Wedge,,,,,,3,,1,3,,,,,,,White,388,4,1,70.8,70.8,114,18 Holes,,,,,1,1,4,1,0,,,1,5,4,Bogey,0,Jake – Gardner – 3/27/26,0,0,0,Jake,1,0%,0,0,0,0,0,1,0,0,1,1,1,1,1,1,1,0,1,0,1,0,0,0,0,0,0,0,0,0,0,0,0,0,0,1,0,0,0,0,0,0,0,0,0,0,0,0,0,0,0,0,0,0,0,0,1,,,,,1,,,,,,0,0,0,1,0,0,0,0,0,0,0,1,0,0,0,1,0,1,0,1,0,0,0,0,0,0,0,0,0,1,0,0,0,0,0,0,0,0,0,0,0,1,0,0,0,0,1,0,0,0,0,0,0,0,0,0,0,0,0,0,0,0,0,0,0,0,,0,0,0,,0,0,0,0,0,0,0,0,1,0,0,0,0,0,0,0,0,0,0,0,0,0,0,0,0,0,0,0,0,0,0,0,0,0,0,0,0,0,0,0,0,0,0,0,0,0,0,0,0,0,0,0,0,0,FALSE,FALSE,FALSE,,,Right,,
Gardner - White,1,3/28/2026,Gardner,Gardner White 1,,Jake,,Jake - Gardner - White - 3/28/2026,Jake – Gardner – 3/28/26,,4,6,,,,,,,checked,58,Driver,58,,,,,,,,,,,,,,,,,,,,,,,18,,3,1,3,1,,,,,White,364,9,2,70.8,70.8,114,18 Holes,,,,,0,0,4,2,1,6,4,0,,,Double Bogey,0,Jake – Gardner – 3/28/26,0,1,0,Jake,1,0%,0,0,0,0,0,0,1,0,0,0,0,0,0,0,1,0,0,0,0,0,1,0,0,0,0,0,0,0,0,0,0,0,0,0,0,0,0,0,0,0,0,0,0,0,0,0,1,0,0,0,0,0,0,0,1,,,,,2,,,,,,0,0,0,1,0,0,0,0,0,0,0,1,0,0,0,1,0,1,0,1,0,0,0,0,0,0,0,0,0,0,1,0,0,0,0,0,0,0,0,0,0,0,0,0,0,1,0,0,0,0,0,0,0,0,0,0,0,0,0,0,0,0,0,0,0,0,,0,0,0,,0,0,0,0,0,0,0,0,0,0,0,0,0,0,0,0,0,0,0,0,0,0,0,0,0,0,0,0,0,0,0,0,0,0,0,0,0,0,1,0,0,0,0,0,0,0,0,0,0,0,0,0,0,0,FALSE,FALSE,TRUE,,,,,
Gardner - White,2,3/28/2026,Gardner,Gardner White 2,,Jake,,Jake - Gardner - White - 3/28/2026,Jake – Gardner – 3/28/26,,5,6,,,,,,,,186,Driver,5,⬇️ Short,,,,,,,,,,,,,,,1,58 Degree Wedge,,,,,,18,,2,2,2,,,,,,White,473,15,1,70.8,70.8,114,18 Holes,,,,,0,0,5,1,1,6,5,0,,,Bogey,0,Jake – Gardner – 3/28/26,0,0,0,Jake,1,0%,0,0,0,0,0,1,0,0,1,1,0,0,0,0,1,0,0,0,0,1,0,0,0,0,0,0,0,0,0,0,0,0,0,0,0,0,0,0,0,1,0,0,0,0,0,0,0,0,0,0,0,0,0,0,1,,,,,,,,,1,,0,0,0,0,0,0,0,0,0,1,0,1,0,0,0,1,0,1,0,1,0,0,0,0,0,0,0,0,0,0,0,0,0,0,0,1,0,0,0,0,0,0,0,0,0,1,0,0,0,0,0,0,0,0,0,0,0,0,0,0,0,0,0,0,0,0,,0,0,0,,0,0,0,0,0,0,0,0,0,0,0,0,0,0,0,0,0,0,0,0,0,0,0,0,0,0,0,0,0,0,1,0,0,0,0,0,0,0,0,0,0,0,0,0,0,0,0,0,0,0,0,0,0,0,FALSE,FALSE,FALSE,Short,,,,
Gardner - White,3,3/28/2026,Gardner,Gardner White 3,,Jake,,Jake - Gardner - White - 3/28/2026,Jake – Gardner – 3/28/26,,4,6,,,,,,,,,Driver,,,,,,,,,,,,,,,,,2,58 Degree Wedge,,,,,,21,,2,1,1,,,,,,White,389,13,2,70.8,70.8,114,18 Holes,,,,,0,0,4,2,1,6,4,0,,,Double Bogey,0,Jake – Gardner – 3/28/26,0,0,0,Jake,1,0%,0,0,0,0,0,0,1,0,2,1,0,0,0,0,1,0,0,0,0,1,0,0,0,0,0,0,0,0,0,0,0,0,0,0,0,0,0,0,0,0,1,0,0,0,0,0,0,0,0,0,0,0,0,0,1,,,,,2,,,,,,0,0,0,1,0,0,0,0,0,0,0,1,0,0,0,1,0,1,0,1,0,0,0,0,0,0,0,0,0,0,1,0,0,0,0,0,0,0,0,0,0,0,0,0,0,1,0,0,0,0,0,0,0,0,0,0,0,0,0,0,0,0,0,0,0,0,,0,0,0,,0,0,0,0,0,0,0,0,0,0,0,0,0,0,0,0,0,0,0,0,0,0,0,0,0,1,0,0,0,0,0,0,0,0,0,0,0,0,0,0,0,0,0,0,0,0,0,0,0,0,0,0,0,0,FALSE,FALSE,FALSE,,,,,
Gardner - White,4,3/28/2026,Gardner,Gardner White 4,,Jake,,Jake - Gardner - White - 3/28/2026,Jake – Gardner – 3/28/26,,3,4,,,,,,checked,checked,126,7,7,,,,,,,,,,,,,,,,,,,,,,,34,,3,5,15,5,,,,,White,138,11,1,70.8,70.8,114,18 Holes,34,34,,,0,0,3,1,1,4,3,0,,,Bogey,0,Jake – Gardner – 3/28/26,1,1,0,Jake,0,N/A,0,0,0,0,0,1,0,0,0,0,0,0,0,0,0,0,0,0,0,0,1,0,0,0,0,0,0,0,0,0,0,0,0,0,0,0,0,0,0,0,0,0,0,0,0,1,0,0,0,0,0,0,0,0,1,1,,,,,,,,,,1,0,0,0,0,0,0,0,0,0,0,0,0,0,1,0,1,0,0,0,0,0,0,1,0,0,0,0,0,0,0,0,0,0,0,0,0,0,0,0,0,0,0,0,0,0,0,0,0,0,0,1,0,0,0,0,0,0,0,0,0,0,0,0,0,0,,0,0,0,,0,0,0,0,0,0,0,0,0,0,0,0,0,0,0,0,0,0,0,0,0,0,0,0,0,0,0,0,0,0,0,0,0,1,0,0,0,0,0,0,0,0,0,0,0,0,0,0,0,0,0,0,0,0,FALSE,TRUE,TRUE,,,,,
Gardner - White,5,3/28/2026,Gardner,Gardner White 5,,Jake,,Jake - Gardner - White - 3/28/2026,Jake – Gardner – 3/28/26,,4,4,,,,,,,,136,Driver,PW,⬆️ Long,,,,,,,,,,,,,,,1,58 Degree Wedge,,,,,,4,,1,5,,,,,,,White,366,3,0,70.8,70.8,114,18 Holes,,,,,1,1,4,0,1,4,4,0,,,Par,0,Jake – Gardner – 3/28/26,0,0,0,Jake,1,0%,0,0,0,0,1,0,0,0,1,1,1,1,1,1,1,1,1,0,1,0,0,0,0,0,0,0,1,0,0,0,0,0,1,0,0,0,0,0,0,0,0,0,0,0,0,0,0,0,0,0,0,0,0,0,1,,,,,0,,,,,,0,0,0,1,0,0,0,0,0,0,0,1,0,0,0,1,0,1,0,1,0,0,0,0,0,0,0,0,1,0,0,0,0,0,0,0,0,0,0,0,1,1,0,0,0,0,0,0,0,0,1,0,0,0,0,0,0,0,0,0,0,0,0,0,0,0,,0,1,0,,0,0,0,0,0,0,0,1,0,0,0,0,0,0,0,0,0,0,0,0,0,0,0,0,0,0,0,0,0,0,0,0,0,0,0,0,0,0,0,0,0,0,0,0,0,0,0,0,0,0,0,0,0,0,FALSE,FALSE,FALSE,Long,,,,
Gardner - White,6,3/28/2026,Gardner,Gardner White 6,,Jake,,Jake - Gardner - White - 3/28/2026,Jake – Gardner – 3/28/26,,5,5,,,checked,,,checked,checked,171,Driver,8,,,,,,,,,,,,,,,,,,,,,,,5,,2,1,1,,,,,,White,430,17,0,70.8,70.8,114,18 Holes,5,,,5,1,0,5,0,1,5,5,0,,,Par,1,Jake – Gardner – 3/28/26,1,1,0,Jake,1,100%,1,0,0,0,1,0,0,0,0,0,0,0,0,0,0,0,0,0,0,1,0,0,0,1,0,0,0,0,0,0,0,0,0,0,0,0,0,0,1,0,0,0,0,0,0,0,0,0,0,0,0,0,0,0,1,,,,,,,,,,0,0,0,0,0,0,0,1,0,0,0,0,0,0,1,1,0,1,0,1,0,0,0,0,0,0,0,0,0,0,0,0,0,0,0,1,0,0,0,0,0,0,0,0,0,0,0,0,0,0,0,1,0,0,0,0,1,0,1,1,1,0,0,0,0,1,1,,0,0,0,,0,0,0,0,0,0,0,0,0,0,0,0,0,0,0,0,0,0,0,0,0,0,0,0,0,0,0,0,0,1,0,0,0,0,0,0,0,0,0,0,0,0,0,0,0,0,0,0,0,0,0,0,0,0,TRUE,TRUE,TRUE,,,,,
Gardner - White,7,3/28/2026,Gardner,Gardner White 7,,Jake,,Jake - Gardner - White - 3/28/2026,Jake – Gardner – 3/28/26,,4,4,,,checked,,,,,171,Driver,8,⬅️ Left,,,,,,,,,,,,,,,1,58 Degree Wedge,,,,,,3,,1,3,,,,,,,White,404,5,0,70.8,70.8,114,18 Holes,,,,,1,1,4,0,1,4,4,0,,,Par,1,Jake – Gardner – 3/28/26,0,0,0,Jake,1,100%,0,0,0,0,1,0,0,0,1,1,1,1,1,1,1,1,1,0,1,0,0,0,0,0,0,0,0,0,0,0,0,0,1,0,0,0,0,0,0,0,0,0,0,0,0,0,0,0,0,0,0,0,0,0,1,,,,0,,,,,,,0,0,0,0,1,0,0,0,0,0,0,0,1,0,0,0,0,0,0,0,0,0,0,0,0,0,0,0,1,0,0,0,0,0,0,0,0,0,0,0,1,1,0,1,0,0,0,0,0,0,0,0,0,0,0,0,1,0,0,0,0,0,0,0,0,0,,0,1,0,,0,0,0,0,0,0,0,1,0,0,0,0,0,0,0,0,0,0,0,0,0,0,0,0,0,0,0,0,0,0,0,0,0,0,0,0,0,0,0,0,0,0,0,0,0,0,0,0,0,0,0,0,0,0,TRUE,FALSE,FALSE,Left,,,,
Gardner - White,8,3/28/2026,Gardner,Gardner White 8,,Jake,,Jake - Gardner - White - 3/28/2026,Jake – Gardner – 3/28/26,,3,3,,,,,,,,188,Driving Iron,Di,➡️ Right,,,,,,,,,,,,,,,1,58 Degree Wedge,,,,,,7,,1,7,,,,,,,White,183,7,0,70.8,70.8,114,18 Holes,,,,,1,1,3,0,1,3,3,0,,,Par,0,Jake – Gardner – 3/28/26,0,0,0,Jake,0,N/A,0,0,0,0,1,0,0,0,1,1,1,1,0,0,1,1,1,0,1,0,0,0,0,0,0,0,1,0,0,0,0,0,1,0,0,0,0,0,0,0,0,0,0,0,0,0,0,0,0,0,0,0,0,0,1,,0,,,,,,,,,0,1,0,0,0,0,0,0,0,0,0,0,0,0,0,1,0,1,0,0,0,0,1,0,0,0,0,0,0,0,0,0,0,0,0,0,0,0,0,0,1,1,0,1,0,0,0,0,0,0,0,0,0,0,0,0,0,0,0,0,0,0,0,0,0,0,,1,0,0,,0,1,0,0,0,0,0,0,0,0,0,0,0,0,0,0,0,0,0,0,0,0,0,0,0,0,0,0,0,0,0,0,0,0,0,0,0,0,0,0,0,0,0,0,0,0,0,0,0,0,0,0,0,0,FALSE,FALSE,FALSE,Right,,,,
Gardner - White,9,3/28/2026,Gardner,Gardner White 9,,Jake,,Jake - Gardner - White - 3/28/2026,Jake – Gardner – 3/28/26,,4,5,,,checked,,,checked,checked,178,Driver,8,,,,,,,,,,,,,,,,,,,,,,,30,,3,1,4,1,,,,,White,392,1,1,70.8,70.8,114,18 Holes,30,,30,,0,0,4,1,1,5,4,0,,,Bogey,1,Jake – Gardner – 3/28/26,1,1,0,Jake,1,100%,1,0,0,0,0,1,0,0,0,0,0,0,0,0,0,0,0,0,0,0,1,0,0,0,0,0,0,0,0,0,0,0,0,0,0,0,0,0,0,0,0,0,0,0,0,1,0,0,0,0,0,0,0,0,1,,,,,,1,,,,,0,0,0,0,0,1,0,0,0,0,0,0,0,1,1,0,1,0,1,0,0,0,0,0,0,0,0,0,0,1,0,0,0,0,0,0,0,0,0,0,0,0,0,0,0,0,0,1,0,0,0,0,0,0,1,0,1,0,0,0,0,0,0,0,0,0,,0,0,0,,0,0,0,0,0,0,0,0,0,0,0,0,0,0,0,0,0,0,0,0,0,0,0,0,0,0,0,0,0,0,0,0,0,0,0,0,0,1,0,0,0,0,0,0,0,0,0,0,0,0,0,0,0,0,TRUE,TRUE,TRUE,,,,,
Gardner - White,10,3/28/2026,Gardner,Gardner White 10,,Jake,,Jake - Gardner - White - 3/28/2026,Jake – Gardner – 3/28/26,,4,5,,,,,,,,84,Driver,54,⬆️ Long,,,,,,,,,,,,,,,1,58 Degree Wedge,,,,,,36,,2,1,1,,,,,,White,415,10,1,70.8,70.8,114,18 Holes,,,,,0,0,4,1,0,,,1,5,4,Bogey,0,Jake – Gardner – 3/28/26,0,0,0,Jake,1,0%,0,0,0,0,0,1,0,0,1,1,0,0,0,0,1,0,0,0,0,1,0,0,0,0,0,0,0,0,0,0,0,0,0,0,0,0,0,0,0,1,0,0,0,0,0,0,0,0,0,0,0,0,0,0,1,,,,,1,,,,,,0,0,0,1,0,0,0,0,0,0,0,1,0,0,0,1,0,1,0,1,0,0,0,0,0,0,0,0,0,1,0,0,0,0,0,0,0,0,0,0,0,0,0,0,0,0,0,0,0,1,0,0,0,0,0,0,0,0,0,0,0,0,0,0,0,0,,0,0,0,,0,0,0,0,0,0,0,0,0,0,0,0,0,0,0,0,0,0,0,0,0,0,0,0,1,0,0,0,0,0,0,0,0,0,0,0,0,0,0,0,0,0,0,0,0,0,0,0,0,0,0,0,0,0,FALSE,FALSE,FALSE,Long,,,,
Gardner - White,11,3/28/2026,Gardner,Gardner White 11,,Jake,,Jake - Gardner - White - 3/28/2026,Jake – Gardner – 3/28/26,,5,7,,,,,,,,186,Driver,6,➡️ Right,,,,,,,,1,Driver,,,Hazard - Woods,,,1,58 Degree Wedge,,,,,,12,,2,1,1,,,,,,White,416,18,2,70.8,70.8,114,18 Holes,,,,,0,0,5,2,0,,,1,7,5,Double Bogey,0,Jake – Gardner – 3/28/26,0,0,0,Jake,1,0%,0,0,0,0,0,0,1,0,1,1,0,0,0,0,1,0,0,0,0,1,0,0,0,0,0,0,0,0,0,0,0,0,0,0,0,0,0,0,0,0,1,0,0,0,0,0,0,0,0,0,0,0,0,0,1,,,,,,,,,2,,0,0,0,0,0,0,0,0,0,1,0,1,0,0,0,1,0,1,0,1,0,0,0,0,0,0,0,0,0,0,0,0,0,0,0,0,1,0,0,0,0,0,0,0,0,0,0,0,0,1,0,0,0,0,0,0,0,0,0,0,0,0,0,0,0,0,,0,0,0,,0,0,0,0,0,0,0,0,0,0,0,0,0,0,0,0,0,0,0,0,0,0,0,0,0,0,0,0,0,0,0,1,0,0,0,0,0,0,0,0,0,0,0,0,0,0,0,0,0,0,0,0,0,0,FALSE,FALSE,FALSE,Right,,,,
Gardner - White,12,3/28/2026,Gardner,Gardner White 12,,Jake,,Jake - Gardner - White - 3/28/2026,Jake – Gardner – 3/28/26,,4,5,,,,,,checked,checked,135,Driver,PW,,,,,,,,,,,,,,,,,,,,,,,30,,3,1,5,1,,,,,White,357,8,1,70.8,70.8,114,18 Holes,30,,30,,0,0,4,1,0,,,1,5,4,Bogey,0,Jake – Gardner – 3/28/26,1,1,0,Jake,1,0%,0,0,0,0,0,1,0,0,0,0,0,0,0,0,0,0,0,0,0,0,1,0,0,0,0,0,0,0,0,0,0,0,0,0,0,0,0,0,0,0,0,0,0,0,0,1,0,0,0,0,0,0,0,0,1,,,1,,,,,,,,0,0,1,0,0,0,0,0,0,0,1,0,0,0,0,0,0,0,0,0,0,0,0,0,0,0,0,0,0,1,0,0,0,0,0,0,0,0,0,0,0,0,0,0,0,0,0,0,0,1,0,0,0,0,1,0,0,0,0,0,0,0,0,0,0,0,,0,0,0,,0,0,0,0,0,0,0,0,0,0,0,0,0,0,0,0,0,0,0,0,0,0,0,0,0,0,0,0,0,0,0,0,0,0,0,0,0,1,0,0,0,0,0,0,0,0,0,0,0,0,0,0,0,0,FALSE,TRUE,TRUE,,,,,
Gardner - White,13,3/28/2026,Gardner,Gardner White 13,,Jake,,Jake - Gardner - White - 3/28/2026,Jake – Gardner – 3/28/26,,3,3,,,,,,checked,checked,138,PW,PW,,,,,,,,,,,,,,,,,,,,,,,33,,2,3,3,,,,,,White,138,14,0,70.8,70.8,114,18 Holes,33,33,,,0,0,3,0,0,,,1,3,3,Par,0,Jake – Gardner – 3/28/26,1,1,0,Jake,0,N/A,0,0,0,0,1,0,0,0,0,0,0,0,0,0,0,0,0,0,0,1,0,0,0,1,0,0,0,0,0,0,0,0,0,0,0,0,0,0,1,0,0,0,0,0,0,0,0,0,0,0,0,0,0,0,1,0,,,,,,,,,,1,0,0,0,0,0,0,0,0,0,0,0,0,0,1,0,1,0,0,0,0,0,1,0,0,0,0,0,0,0,0,0,0,0,0,0,0,0,0,0,0,0,0,0,0,0,0,0,0,0,0,0,1,0,0,0,0,0,0,0,0,0,0,0,0,0,,0,0,0,,0,0,0,0,0,0,0,0,0,0,0,0,0,0,0,0,0,0,1,0,0,0,0,0,0,0,0,0,0,0,0,0,0,0,0,0,0,0,0,0,0,0,0,0,0,0,0,0,0,0,0,0,0,0,FALSE,TRUE,TRUE,,,,,
Gardner - White,14,3/28/2026,Gardner,Gardner White 14,,Jake,,Jake - Gardner - White - 3/28/2026,Jake – Gardner – 3/28/26,,4,6,,,,,,,,146,Driver,9,➡️ Right,,,,,,,,,,,,,,,2,58 Degree Wedge,,,,,,4,,2,1,1,,,,,,White,392,2,2,70.8,70.8,114,18 Holes,,,,,1,0,4,2,0,,,1,6,4,Double Bogey,0,Jake – Gardner – 3/28/26,0,0,0,Jake,1,0%,0,0,0,0,0,0,1,0,2,1,0,0,0,0,1,0,0,0,0,1,0,0,0,0,0,0,0,0,0,0,0,0,0,0,0,0,0,0,0,0,1,0,0,0,0,0,0,0,0,0,0,0,0,0,1,,,,,2,,,,,,0,0,0,1,0,0,0,0,0,0,0,1,0,0,0,1,0,1,0,1,0,0,0,0,0,0,0,0,0,0,1,0,0,0,0,0,0,0,0,0,0,0,0,0,0,0,0,0,0,0,0,0,0,1,0,0,0,0,0,0,0,0,0,0,0,0,,0,0,0,,0,0,0,0,0,0,0,0,0,0,0,0,0,0,0,0,0,0,0,0,0,0,0,0,0,1,0,0,0,0,0,0,0,0,0,0,0,0,0,0,0,0,0,0,0,0,0,0,0,0,0,0,0,0,FALSE,FALSE,FALSE,Right,,,,
Gardner - White,15,3/28/2026,Gardner,Gardner White 15,,Jake,,Jake - Gardner - White - 3/28/2026,Jake – Gardner – 3/28/26,,4,5,,,,,,,,116,Driver,GW,⬆️ Long,,,,,,,,,,,,,,,1,58 Degree Wedge,,,,,,9,,2,3,3,,,,,,White,383,6,1,70.8,70.8,114,18 Holes,,,,,1,0,4,1,0,,,1,5,4,Bogey,0,Jake – Gardner – 3/28/26,0,0,0,Jake,1,0%,0,0,0,0,0,1,0,0,1,1,1,0,0,0,1,0,0,0,0,1,0,0,0,0,0,0,0,0,0,0,0,0,0,0,0,0,0,0,0,1,0,0,0,0,0,0,0,0,0,0,0,0,0,0,1,,,,,1,,,,,,0,0,0,1,0,0,0,0,0,0,0,1,0,0,0,1,0,1,0,1,0,0,0,0,0,0,0,0,0,1,0,0,0,0,0,0,0,0,0,0,0,0,0,0,0,0,0,0,0,0,0,0,0,1,0,0,0,0,0,0,0,0,0,0,0,0,,0,0,0,,0,0,0,0,0,0,0,0,0,0,0,0,0,0,0,0,0,0,0,0,0,0,0,0,1,0,0,0,0,0,0,0,0,0,0,0,0,0,0,0,0,0,0,0,0,0,0,0,0,0,0,0,0,0,FALSE,FALSE,FALSE,Long,,,,
Gardner - White,16,3/28/2026,Gardner,Gardner White 16,,Jake,,Jake - Gardner - White - 3/28/2026,Jake – Gardner – 3/28/26,,5,5,,,,,,,,161,Driver,7,➡️ Right,,,,,,,,,,,,,,,1,58 Degree Wedge,,,,,,12,,1,12,,,,,,,White,536,12,0,70.8,70.8,114,18 Holes,,,,,0,0,5,0,0,,,1,5,5,Par,0,Jake – Gardner – 3/28/26,0,0,0,Jake,1,0%,0,0,0,0,1,0,0,0,1,1,0,0,0,0,1,1,1,0,1,0,0,0,0,0,0,0,1,0,0,0,0,0,1,0,0,0,0,0,0,0,0,0,0,0,0,0,0,0,0,0,0,0,0,0,1,,,,,,,,,0,,0,0,0,0,0,0,0,0,0,1,0,1,0,0,0,1,0,1,0,1,0,0,0,0,0,0,0,0,0,0,0,0,0,0,1,0,0,0,0,0,1,1,1,0,0,0,0,0,0,0,0,0,0,0,0,0,0,0,0,0,0,0,0,0,0,0,,0,0,1,,0,0,0,0,0,0,0,0,0,0,0,0,0,0,1,0,0,0,0,0,0,0,0,0,0,0,0,0,0,0,0,0,0,0,0,0,0,0,0,0,0,0,0,0,0,0,0,0,0,0,0,0,0,0,FALSE,FALSE,FALSE,Right,,,,
Gardner - White,17,3/28/2026,Gardner,Gardner White 17,,Jake,,Jake - Gardner - White - 3/28/2026,Jake – Gardner – 3/28/26,,3,4,,,,,,,,136,9,9,⬇️ Short,,,,,,,,,,,,,,,1,58 Degree Wedge,,,,,,10,,2,1,1,,,,,,White,144,16,1,70.8,70.8,114,18 Holes,,,,,1,0,3,1,0,,,1,4,3,Bogey,0,Jake – Gardner – 3/28/26,0,0,0,Jake,0,N/A,0,0,0,0,0,1,0,0,1,1,1,0,0,0,1,0,0,0,0,1,0,0,0,0,0,0,0,0,0,0,0,0,0,0,0,0,0,0,0,1,0,0,0,0,0,0,0,0,0,0,0,0,0,0,1,,1,,,,,,,,,0,1,0,0,0,0,0,0,0,0,0,0,0,0,0,1,0,1,0,0,0,0,0,1,0,0,0,0,0,0,0,0,0,0,0,0,0,0,0,0,0,0,0,0,0,0,1,0,0,0,0,0,0,0,0,0,0,0,0,0,0,0,0,0,0,0,,0,0,0,,0,0,0,0,0,0,0,0,0,0,0,0,0,0,0,0,0,0,0,1,0,0,0,0,0,0,0,0,0,0,0,0,0,0,0,0,0,0,0,0,0,0,0,0,0,0,0,0,0,0,0,0,0,0,FALSE,FALSE,FALSE,Short,,,,
Gardner - White,18,3/28/2026,Gardner,Gardner White 18,,Jake,,Jake - Gardner - White - 3/28/2026,Jake – Gardner – 3/28/26,,4,5,,,checked,,,,,115,Driver,GW,⬆️ Long,,,,,,,,,,,,,,,1,58 Degree Wedge,,,,,,8,,2,1,1,,,,,,White,388,4,1,70.8,70.8,114,18 Holes,,,,,1,0,4,1,0,,,1,5,4,Bogey,1,Jake – Gardner – 3/28/26,0,0,0,Jake,1,100%,0,0,0,0,0,1,0,0,1,1,1,0,0,0,1,0,0,0,0,1,0,0,0,0,0,0,0,0,0,0,0,0,0,0,0,0,0,0,0,1,0,0,0,0,0,0,0,0,0,0,0,0,0,0,1,,,,1,,,,,,,0,0,0,0,1,0,0,0,0,0,0,0,1,0,0,0,0,0,0,0,0,0,0,0,0,0,0,0,0,1,0,0,0,0,0,0,0,0,0,0,0,0,0,0,0,0,1,0,0,0,0,0,0,0,0,0,1,0,0,0,0,0,0,0,0,0,,0,0,0,,0,0,0,0,0,0,0,0,0,0,0,0,0,0,0,0,0,0,0,0,0,0,0,0,1,0,0,0,0,0,0,0,0,0,0,0,0,0,0,0,0,0,0,0,0,0,0,0,0,0,0,0,0,0,TRUE,FALSE,FALSE,Long,,,,
Gardner - White,1,3/27/2026,Gardner,Gardner White 1,,Brent,,Brent - Gardner - White - 3/27/2026,Brent – Gardner – 3/27/26,,4,5,,,,,,,,217,Driver,6,,,,,,,,,,,,,,,,,,,,,,,30,,2,2,2,,,,,,White,364,9,1,70.8,70.8,114,18 Holes,,,,,0,0,4,1,1,5,4,0,,,Bogey,0,Brent – Gardner – 3/27/26,0,0,0,Brent,1,0%,0,0,0,0,0,1,0,0,0,0,0,0,0,0,1,0,0,0,0,1,0,0,0,0,0,0,0,0,0,0,0,0,0,0,0,0,0,0,0,1,0,0,0,0,0,0,0,0,0,0,0,0,0,0,1,,,,,1,,,,,,0,0,0,1,0,0,0,0,0,0,0,1,0,0,0,1,0,1,0,1,0,0,0,0,0,0,0,0,0,1,0,0,0,0,0,0,0,0,0,0,0,0,0,0,0,1,0,0,0,0,0,0,0,0,0,0,0,0,0,0,0,0,0,0,0,0,,0,0,0,,0,0,0,0,0,0,0,0,0,0,0,0,0,0,0,0,0,0,0,0,0,0,0,0,1,0,0,0,0,0,0,0,0,0,0,0,0,0,0,0,0,0,0,0,0,0,0,0,0,0,0,0,0,0,FALSE,FALSE,FALSE,,,,,
Gardner - White,2,3/27/2026,Gardner,Gardner White 2,,Brent,,Brent - Gardner - White - 3/27/2026,Brent – Gardner – 3/27/26,,5,5,,,,,,checked,checked,87,Driver,6,,,,,,,,,,,,,,,,,,,,,,,24,,2,3,3,,,,,,White,473,15,0,70.8,70.8,114,18 Holes,24,,,24,0,0,5,0,1,5,5,0,,,Par,0,Brent – Gardner – 3/27/26,1,1,0,Brent,1,0%,0,0,0,0,1,0,0,0,0,0,0,0,0,0,0,0,0,0,0,1,0,0,0,0,0,0,0,0,0,0,0,0,0,0,0,0,0,0,1,0,0,0,0,0,0,0,0,0,0,0,0,0,0,0,1,,,,,,,0,,,,0,0,0,0,0,0,0,0,1,0,1,0,0,0,0,0,0,0,0,0,0,0,0,0,0,0,0,0,0,0,0,0,0,0,1,0,0,0,0,0,0,0,0,0,1,0,0,0,0,0,0,0,0,0,0,1,0,0,0,0,0,0,0,0,0,0,,0,0,0,,0,0,0,0,0,0,0,0,0,0,0,0,0,0,0,0,0,0,0,0,0,0,0,0,0,0,0,0,0,1,0,0,0,0,0,0,0,0,0,0,0,0,0,0,0,0,0,0,0,0,0,0,0,0,FALSE,TRUE,TRUE,,,,,
Gardner - White,3,3/27/2026,Gardner,Gardner White 3,,Brent,,Brent - Gardner - White - 3/27/2026,Brent – Gardner – 3/27/26,,4,6,,,,,,,checked,109,Driver,PW,,,,,,,,,,,,,,,,,,,,,,,24,,3,4,6,4,,,,,White,389,13,2,70.8,70.8,114,18 Holes,,,,,0,0,4,2,1,6,4,0,,,Double Bogey,0,Brent – Gardner – 3/27/26,0,1,0,Brent,1,0%,0,0,0,0,0,0,1,0,0,0,0,0,0,0,1,0,0,0,0,0,1,0,0,0,0,0,0,0,0,0,0,0,0,0,0,0,0,0,0,0,0,0,0,0,0,0,1,0,0,0,0,0,0,0,1,,,,,2,,,,,,0,0,0,1,0,0,0,0,0,0,0,1,0,0,0,1,0,1,0,1,0,0,0,0,0,0,0,0,0,0,1,0,0,0,0,0,0,0,0,0,0,0,0,0,0,1,0,0,0,0,0,0,0,0,0,0,0,0,0,0,0,0,0,0,0,0,,0,0,0,,0,0,0,0,0,0,0,0,0,0,0,0,0,0,0,0,0,0,0,0,0,0,0,0,0,0,0,0,0,0,0,0,0,0,0,0,0,0,1,0,0,0,0,0,0,0,0,0,0,0,0,0,0,0,FALSE,FALSE,TRUE,,,,,
Gardner - White,4,3/27/2026,Gardner,Gardner White 4,,Brent,,Brent - Gardner - White - 3/27/2026,Brent – Gardner – 3/27/26,,3,3,,,,,,checked,checked,137,8,8,,,,,,,,,,,,,,,,,,,,,,,20,,2,3,3,,,,,,White,138,11,0,70.8,70.8,114,18 Holes,20,20,,,0,0,3,0,1,3,3,0,,,Par,0,Brent – Gardner – 3/27/26,1,1,0,Brent,0,N/A,0,0,0,0,1,0,0,0,0,0,0,0,0,0,0,0,0,0,0,1,0,0,0,1,0,0,0,0,0,0,0,0,0,0,0,0,0,0,1,0,0,0,0,0,0,0,0,0,0,0,0,0,0,0,1,0,,,,,,,,,,1,0,0,0,0,0,0,0,0,0,0,0,0,0,1,0,1,0,0,0,0,0,1,0,0,0,0,0,0,0,0,0,0,0,0,0,0,0,0,0,0,0,0,0,0,0,0,0,0,0,1,0,0,0,0,0,0,0,1,0,1,0,0,0,0,0,,0,0,0,,0,0,0,0,0,0,0,0,0,0,0,0,0,0,0,0,0,0,1,0,0,0,0,0,0,0,0,0,0,0,0,0,0,0,0,0,0,0,0,0,0,0,0,0,0,0,0,0,0,0,0,0,0,0,FALSE,TRUE,TRUE,,,,,
Gardner - White,5,3/27/2026,Gardner,Gardner White 5,,Brent,,Brent - Gardner - White - 3/27/2026,Brent – Gardner – 3/27/26,,4,5,,,,,,,checked,92,Driver,9,,,,,,,,,,,,,,,,,,,,,,,10,,2,1,1,,,,,,White,366,3,1,70.8,70.8,114,18 Holes,,,,,1,0,4,1,1,5,4,0,,,Bogey,0,Brent – Gardner – 3/27/26,0,1,0,Brent,1,0%,0,0,0,0,0,1,0,0,0,0,0,0,0,0,1,0,0,0,0,1,0,0,0,0,0,0,0,0,0,0,0,0,0,0,0,0,0,0,0,1,0,0,0,0,0,0,0,0,0,0,0,0,0,0,1,,,,,1,,,,,,0,0,0,1,0,0,0,0,0,0,0,1,0,0,0,1,0,1,0,1,0,0,0,0,0,0,0,0,0,1,0,0,0,0,0,0,0,0,0,0,0,0,0,0,0,0,0,0,0,0,0,1,0,0,0,0,0,0,0,0,0,0,0,0,0,0,,0,0,0,,0,0,0,0,0,0,0,0,0,0,0,0,0,0,0,0,0,0,0,0,0,0,0,0,1,0,0,0,0,0,0,0,0,0,0,0,0,0,0,0,0,0,0,0,0,0,0,0,0,0,0,0,0,0,FALSE,FALSE,TRUE,,,,,
Gardner - White,6,3/27/2026,Gardner,Gardner White 6,,Brent,,Brent - Gardner - White - 3/27/2026,Brent – Gardner – 3/27/26,,5,6,,,,,,,,116,Driver,7,,,,,,,,,,,,,,,,,,,,,,,40,,2,0.5,0.5,,,,,,White,430,17,1,70.8,70.8,114,18 Holes,,,,,0,0,5,1,1,6,5,0,,,Bogey,0,Brent – Gardner – 3/27/26,0,0,0,Brent,1,0%,0,0,0,0,0,1,0,0,0,0,0,0,0,0,1,0,0,0,0,1,0,0,0,0,0,0,0,0,0,0,0,0,0,0,0,0,0,0,0,1,0,0,0,0,0,0,0,0,0,0,0,0,0,0,1,,,,,,,,,1,,0,0,0,0,0,0,0,0,0,1,0,1,0,0,0,1,0,1,0,1,0,0,0,0,0,0,0,0,0,0,0,0,0,0,0,1,0,0,0,0,0,0,0,0,0,0,0,0,0,0,0,1,0,0,0,0,0,0,0,0,0,0,0,0,0,0,,0,0,0,,0,0,0,0,0,0,0,0,0,0,0,0,0,0,0,0,0,0,0,0,0,0,0,0,0,0,0,0,0,0,1,0,0,0,0,0,0,0,0,0,0,0,0,0,0,0,0,0,0,0,0,0,0,0,FALSE,FALSE,FALSE,,,,,
Gardner - White,7,3/27/2026,Gardner,Gardner White 7,,Brent,,Brent - Gardner - White - 3/27/2026,Brent – Gardner – 3/27/26,,4,6,,,,,,,,160,Driver,7,,,,,,,,,,,,,,,,,,,,,,,30,,2,3,3,,,,,,White,404,5,2,70.8,70.8,114,18 Holes,,,,,0,0,4,2,1,6,4,0,,,Double Bogey,0,Brent – Gardner – 3/27/26,0,0,0,Brent,1,0%,0,0,0,0,0,0,1,0,0,0,0,0,0,0,1,0,0,0,0,1,0,0,0,0,0,0,0,0,0,0,0,0,0,0,0,0,0,0,0,0,1,0,0,0,0,0,0,0,0,0,0,0,0,0,1,,,,,2,,,,,,0,0,0,1,0,0,0,0,0,0,0,1,0,0,0,1,0,1,0,1,0,0,0,0,0,0,0,0,0,0,1,0,0,0,0,0,0,0,0,0,0,0,0,0,0,0,0,1,0,0,0,0,0,0,0,0,0,0,0,0,0,0,0,0,0,0,,0,0,0,,0,0,0,0,0,0,0,0,0,0,0,0,0,0,0,0,0,0,0,0,0,0,0,0,0,1,0,0,0,0,0,0,0,0,0,0,0,0,0,0,0,0,0,0,0,0,0,0,0,0,0,0,0,0,FALSE,FALSE,FALSE,,,,,
Gardner - White,8,3/27/2026,Gardner,Gardner White 8,,Brent,,Brent - Gardner - White - 3/27/2026,Brent – Gardner – 3/27/26,,3,4,,,,,,,,159,7,7,,,,,,,,,,,,,,,,,,,,,,,14,,2,1,1,,,,,,White,183,7,1,70.8,70.8,114,18 Holes,,,,,0,0,3,1,1,4,3,0,,,Bogey,0,Brent – Gardner – 3/27/26,0,0,0,Brent,0,N/A,0,0,0,0,0,1,0,0,0,0,0,0,0,0,1,0,0,0,0,1,0,0,0,0,0,0,0,0,0,0,0,0,0,0,0,0,0,0,0,1,0,0,0,0,0,0,0,0,0,0,0,0,0,0,1,,1,,,,,,,,,0,1,0,0,0,0,0,0,0,0,0,0,0,0,0,1,0,1,0,0,0,0,0,1,0,0,0,0,0,0,0,0,0,0,0,0,0,0,0,0,0,0,0,0,0,0,0,1,0,0,0,0,0,0,0,0,0,0,0,0,0,0,0,0,0,0,,0,0,0,,0,0,0,0,0,0,0,0,0,0,0,0,0,0,0,0,0,0,0,1,0,0,0,0,0,0,0,0,0,0,0,0,0,0,0,0,0,0,0,0,0,0,0,0,0,0,0,0,0,0,0,0,0,0,FALSE,FALSE,FALSE,,,,,
Gardner - White,9,3/27/2026,Gardner,Gardner White 9,,Brent,,Brent - Gardner - White - 3/27/2026,Brent – Gardner – 3/27/26,,4,5,,,checked,,,,checked,80,Driver,PW,,,,,,,,,,,,,,,,,,,,,,,12,,2,1,1,,,,,,White,392,1,1,70.8,70.8,114,18 Holes,,,,,0,0,4,1,1,5,4,0,,,Bogey,1,Brent – Gardner – 3/27/26,0,1,0,Brent,1,100%,0,0,0,0,0,1,0,0,0,0,0,0,0,0,1,0,0,0,0,1,0,0,0,0,0,0,0,0,0,0,0,0,0,0,0,0,0,0,0,1,0,0,0,0,0,0,0,0,0,0,0,0,0,0,1,,,,1,,,,,,,0,0,0,0,1,0,0,0,0,0,0,0,1,0,0,0,0,0,0,0,0,0,0,0,0,0,0,0,0,1,0,0,0,0,0,0,0,0,0,0,0,0,0,0,0,0,0,1,0,0,0,0,0,0,0,0,1,0,0,0,0,0,0,0,0,0,,0,0,0,,0,0,0,0,0,0,0,0,0,0,0,0,0,0,0,0,0,0,0,0,0,0,0,0,1,0,0,0,0,0,0,0,0,0,0,0,0,0,0,0,0,0,0,0,0,0,0,0,0,0,0,0,0,0,TRUE,FALSE,TRUE,,,,,
Gardner - White,10,3/27/2026,Gardner,Gardner White 10,,Brent,,Brent - Gardner - White - 3/27/2026,Brent – Gardner – 3/27/26,,4,5,,,,,,,checked,95,Driver,6,,,,,,,,,,,,,,,,,,,,,,,25,,2,2,2,,,,,,White,415,10,1,70.8,70.8,114,18 Holes,,,,,0,0,4,1,0,,,1,5,4,Bogey,0,Brent – Gardner – 3/27/26,0,1,0,Brent,1,0%,0,0,0,0,0,1,0,0,0,0,0,0,0,0,1,0,0,0,0,1,0,0,0,0,0,0,0,0,0,0,0,0,0,0,0,0,0,0,0,1,0,0,0,0,0,0,0,0,0,0,0,0,0,0,1,,,,,1,,,,,,0,0,0,1,0,0,0,0,0,0,0,1,0,0,0,1,0,1,0,1,0,0,0,0,0,0,0,0,0,1,0,0,0,0,0,0,0,0,0,0,0,0,0,0,0,0,0,0,0,1,0,0,0,0,0,0,0,0,0,0,0,0,0,0,0,0,,0,0,0,,0,0,0,0,0,0,0,0,0,0,0,0,0,0,0,0,0,0,0,0,0,0,0,0,1,0,0,0,0,0,0,0,0,0,0,0,0,0,0,0,0,0,0,0,0,0,0,0,0,0,0,0,0,0,FALSE,FALSE,TRUE,,,,,
Gardner - White,11,3/27/2026,Gardner,Gardner White 11,,Brent,,Brent - Gardner - White - 3/27/2026,Brent – Gardner – 3/27/26,,5,5,,,,,,,,125,Driver,7,,,,,,,,,,,,,,,,,,,,,,,3,,1,3,,,,,,,White,416,18,0,70.8,70.8,114,18 Holes,,,,,1,1,5,0,0,,,1,5,5,Par,0,Brent – Gardner – 3/27/26,0,0,0,Brent,1,0%,0,0,0,0,1,0,0,0,0,0,0,0,0,0,1,1,1,0,1,0,0,0,0,0,0,0,1,0,0,0,0,0,1,0,0,0,0,0,0,0,0,0,0,0,0,0,0,0,0,0,0,0,0,0,1,,,,,,,,,0,,0,0,0,0,0,0,0,0,0,1,0,1,0,0,0,1,0,1,0,1,0,0,0,0,0,0,0,0,0,0,0,0,0,0,1,0,0,0,0,0,1,1,0,0,0,0,0,0,1,0,0,0,0,0,0,0,0,0,0,0,0,0,0,0,0,0,,0,0,1,,0,0,0,0,0,0,0,0,0,0,0,0,0,0,1,0,0,0,0,0,0,0,0,0,0,0,0,0,0,0,0,0,0,0,0,0,0,0,0,0,0,0,0,0,0,0,0,0,0,0,0,0,0,0,FALSE,FALSE,FALSE,,,,,
Gardner - White,12,3/27/2026,Gardner,Gardner White 12,,Brent,,Brent - Gardner - White - 3/27/2026,Brent – Gardner – 3/27/26,,4,5,,,,,,,,50,Driver,6,,,,,,,,,,,,,,,,,,,,,,,15,,2,2,2,,,,,,White,357,8,1,70.8,70.8,114,18 Holes,,,,,0,0,4,1,0,,,1,5,4,Bogey,0,Brent – Gardner – 3/27/26,0,0,0,Brent,1,0%,0,0,0,0,0,1,0,0,0,0,0,0,0,0,1,0,0,0,0,1,0,0,0,0,0,0,0,0,0,0,0,0,0,0,0,0,0,0,0,1,0,0,0,0,0,0,0,0,0,0,0,0,0,0,1,,,,,1,,,,,,0,0,0,1,0,0,0,0,0,0,0,1,0,0,0,1,0,1,0,1,0,0,0,0,0,0,0,0,0,1,0,0,0,0,0,0,0,0,0,0,0,0,0,0,0,0,0,0,0,1,0,0,0,0,0,0,0,0,0,0,0,0,0,0,0,0,,0,0,0,,0,0,0,0,0,0,0,0,0,0,0,0,0,0,0,0,0,0,0,0,0,0,0,0,1,0,0,0,0,0,0,0,0,0,0,0,0,0,0,0,0,0,0,0,0,0,0,0,0,0,0,0,0,0,FALSE,FALSE,FALSE,,,,,
Gardner - White,13,3/27/2026,Gardner,Gardner White 13,,Brent,,Brent - Gardner - White - 3/27/2026,Brent – Gardner – 3/27/26,,3,4,,,,,,,,138,6,6,,,,,,,,,,,,,,,,,,,,,,,20,,2,2,2,,,,,,White,138,14,1,70.8,70.8,114,18 Holes,,,,,0,0,3,1,0,,,1,4,3,Bogey,0,Brent – Gardner – 3/27/26,0,0,0,Brent,0,N/A,0,0,0,0,0,1,0,0,0,0,0,0,0,0,1,0,0,0,0,1,0,0,0,0,0,0,0,0,0,0,0,0,0,0,0,0,0,0,0,1,0,0,0,0,0,0,0,0,0,0,0,0,0,0,1,,1,,,,,,,,,0,1,0,0,0,0,0,0,0,0,0,0,0,0,0,1,0,1,0,0,0,0,0,1,0,0,0,0,0,0,0,0,0,0,0,0,0,0,0,0,0,0,0,0,0,0,0,0,0,0,0,0,0,1,0,0,0,0,0,0,0,0,0,0,0,0,,0,0,0,,0,0,0,0,0,0,0,0,0,0,0,0,0,0,0,0,0,0,0,1,0,0,0,0,0,0,0,0,0,0,0,0,0,0,0,0,0,0,0,0,0,0,0,0,0,0,0,0,0,0,0,0,0,0,FALSE,FALSE,FALSE,,,,,
Gardner - White,14,3/27/2026,Gardner,Gardner White 14,,Brent,,Brent - Gardner - White - 3/27/2026,Brent – Gardner – 3/27/26,,4,6,,,checked,,,,,90,Driver,9,,,,,,,,,,,,,,,,,,,,,,,8,,2,1,1,,,,,,White,392,2,2,70.8,70.8,114,18 Holes,,,,,1,0,4,2,0,,,1,6,4,Double Bogey,1,Brent – Gardner – 3/27/26,0,0,0,Brent,1,100%,0,0,0,0,0,0,1,0,0,0,0,0,0,0,1,0,0,0,0,1,0,0,0,0,0,0,0,0,0,0,0,0,0,0,0,0,0,0,0,0,1,0,0,0,0,0,0,0,0,0,0,0,0,0,1,,,,2,,,,,,,0,0,0,0,1,0,0,0,0,0,0,0,1,0,0,0,0,0,0,0,0,0,0,0,0,0,0,0,0,0,1,0,0,0,0,0,0,0,0,0,0,0,0,0,0,0,0,0,0,0,0,0,0,1,0,0,1,0,0,0,0,0,0,0,0,0,,0,0,0,,0,0,0,0,0,0,0,0,0,0,0,0,0,0,0,0,0,0,0,0,0,0,0,0,0,1,0,0,0,0,0,0,0,0,0,0,0,0,0,0,0,0,0,0,0,0,0,0,0,0,0,0,0,0,TRUE,FALSE,FALSE,,,,,
Gardner - White,15,3/27/2026,Gardner,Gardner White 15,,Brent,,Brent - Gardner - White - 3/27/2026,Brent – Gardner – 3/27/26,,4,5,,,,,,,checked,25,Driver,56,,,,,,,,,,,,,,,,,,,,,,,25,,2,2,2,,,,,,White,383,6,1,70.8,70.8,114,18 Holes,,,,,0,0,4,1,0,,,1,5,4,Bogey,0,Brent – Gardner – 3/27/26,0,1,0,Brent,1,0%,0,0,0,0,0,1,0,0,0,0,0,0,0,0,1,0,0,0,0,1,0,0,0,0,0,0,0,0,0,0,0,0,0,0,0,0,0,0,0,1,0,0,0,0,0,0,0,0,0,0,0,0,0,0,1,,,,,1,,,,,,0,0,0,1,0,0,0,0,0,0,0,1,0,0,0,1,0,1,0,1,0,0,0,0,0,0,0,0,0,1,0,0,0,0,0,0,0,0,0,0,0,0,0,0,0,0,0,0,0,0,0,0,0,1,0,0,0,0,0,0,0,0,0,0,0,0,,0,0,0,,0,0,0,0,0,0,0,0,0,0,0,0,0,0,0,0,0,0,0,0,0,0,0,0,1,0,0,0,0,0,0,0,0,0,0,0,0,0,0,0,0,0,0,0,0,0,0,0,0,0,0,0,0,0,FALSE,FALSE,TRUE,,,,,
Gardner - White,16,3/27/2026,Gardner,Gardner White 16,,Brent,,Brent - Gardner - White - 3/27/2026,Brent – Gardner – 3/27/26,,5,7,,,,,,,,165,Driver,6,,,,,,,,,,,,,,,,,,,,,,,5,,1,5,,,,,,,White,536,12,2,70.8,70.8,114,18 Holes,,,,,1,1,5,2,0,,,1,7,5,Double Bogey,0,Brent – Gardner – 3/27/26,0,0,0,Brent,1,0%,0,0,0,0,0,0,1,0,0,0,0,0,0,0,1,0,1,0,1,0,0,0,0,0,0,0,0,0,0,0,0,0,0,0,1,0,0,0,0,0,0,0,0,0,0,0,0,0,0,0,0,0,0,0,1,,,,,,,,,2,,0,0,0,0,0,0,0,0,0,1,0,1,0,0,0,1,0,1,0,1,0,0,0,0,0,0,0,0,0,0,0,0,0,0,0,0,1,0,0,0,0,1,0,0,0,0,1,0,0,0,0,0,0,0,0,0,0,0,0,0,0,0,0,0,0,0,,0,0,0,,0,0,0,0,0,0,0,0,0,0,0,0,0,0,0,0,1,0,0,0,0,0,0,0,0,0,0,0,0,0,0,0,0,0,0,0,0,0,0,0,0,0,0,0,0,0,0,0,0,0,0,0,0,0,FALSE,FALSE,FALSE,,,,,
Gardner - White,17,3/27/2026,Gardner,Gardner White 17,,Brent,,Brent - Gardner - White - 3/27/2026,Brent – Gardner – 3/27/26,,3,4,,,,,,,,135,6,6,,,,,,,,,,,,,,,,,,,,,,,6,,2,1,1,,,,,,White,144,16,1,70.8,70.8,114,18 Holes,,,,,1,0,3,1,0,,,1,4,3,Bogey,0,Brent – Gardner – 3/27/26,0,0,0,Brent,0,N/A,0,0,0,0,0,1,0,0,0,0,0,0,0,0,1,0,0,0,0,1,0,0,0,0,0,0,0,0,0,0,0,0,0,0,0,0,0,0,0,1,0,0,0,0,0,0,0,0,0,0,0,0,0,0,1,,1,,,,,,,,,0,1,0,0,0,0,0,0,0,0,0,0,0,0,0,1,0,1,0,0,0,0,0,1,0,0,0,0,0,0,0,0,0,0,0,0,0,0,0,0,0,0,0,0,0,0,1,0,0,0,0,0,0,0,0,0,0,0,0,0,0,0,0,0,0,0,,0,0,0,,0,0,0,0,0,0,0,0,0,0,0,0,0,0,0,0,0,0,0,1,0,0,0,0,0,0,0,0,0,0,0,0,0,0,0,0,0,0,0,0,0,0,0,0,0,0,0,0,0,0,0,0,0,0,FALSE,FALSE,FALSE,,,,,
Gardner - White,18,3/27/2026,Gardner,Gardner White 18,,Brent,,Brent - Gardner - White - 3/27/2026,Brent – Gardner – 3/27/26,,4,6,,,,,,,,130,Driver,6,,,,,,,,,,,,,,,,,,,,,,,20,,2,2,2,,,,,,White,388,4,2,70.8,70.8,114,18 Holes,,,,,0,0,4,2,0,,,1,6,4,Double Bogey,0,Brent – Gardner – 3/27/26,0,0,0,Brent,1,0%,0,0,0,0,0,0,1,0,0,0,0,0,0,0,1,0,0,0,0,1,0,0,0,0,0,0,0,0,0,0,0,0,0,0,0,0,0,0,0,0,1,0,0,0,0,0,0,0,0,0,0,0,0,0,1,,,,,2,,,,,,0,0,0,1,0,0,0,0,0,0,0,1,0,0,0,1,0,1,0,1,0,0,0,0,0,0,0,0,0,0,1,0,0,0,0,0,0,0,0,0,0,0,0,0,0,0,1,0,0,0,0,0,0,0,0,0,0,0,0,0,0,0,0,0,0,0,,0,0,0,,0,0,0,0,0,0,0,0,0,0,0,0,0,0,0,0,0,0,0,0,0,0,0,0,0,1,0,0,0,0,0,0,0,0,0,0,0,0,0,0,0,0,0,0,0,0,0,0,0,0,0,0,0,0,FALSE,FALSE,FALSE,,,,,
Gardner - White,1,3/28/2026,Gardner,Gardner White 1,,Brent,,Brent - Gardner - White - 3/28/2026,Brent – Gardner – 3/28/26,,4,4,,,,,,checked,checked,125,Driver,PW,,,,,,,,,,,,,,,,,,,,,,,22,,2,1.5,1.5,,,,,,White,364,9,0,70.8,70.8,114,18 Holes,22,,22,,0,0,4,0,1,4,4,0,,,Par,0,Brent – Gardner – 3/28/26,1,1,0,Brent,1,0%,0,0,0,0,1,0,0,0,0,0,0,0,0,0,0,0,0,0,0,1,0,0,0,0,0,0,0,0,0,0,0,0,0,0,0,0,0,0,1,0,0,0,0,0,0,0,0,0,0,0,0,0,0,0,1,,,0,,,,,,,,0,0,1,0,0,0,0,0,0,0,1,0,0,0,0,0,0,0,0,0,0,0,0,0,0,0,0,0,1,0,0,0,0,0,0,0,0,0,0,0,0,0,0,0,1,0,0,0,0,0,0,0,0,0,1,0,0,0,0,0,0,0,0,0,0,0,,0,0,0,,0,0,0,0,0,0,0,0,0,0,0,0,0,0,0,0,0,0,0,0,0,0,0,1,0,0,0,0,0,0,0,0,0,0,0,0,0,0,0,0,0,0,0,0,0,0,0,0,0,0,0,0,0,0,FALSE,TRUE,TRUE,,,,,
Gardner - White,2,3/28/2026,Gardner,Gardner White 2,,Brent,,Brent - Gardner - White - 3/28/2026,Brent – Gardner – 3/28/26,,5,6,,,checked,,,,,137,Driver,6,,,,,,,,,,,,,,,,,,,,,,,12,,2,0.5,0.5,,,,,,White,473,15,1,70.8,70.8,114,18 Holes,,,,,0,0,5,1,1,6,5,0,,,Bogey,1,Brent – Gardner – 3/28/26,0,0,0,Brent,1,100%,0,0,0,0,0,1,0,0,0,0,0,0,0,0,1,0,0,0,0,1,0,0,0,0,0,0,0,0,0,0,0,0,0,0,0,0,0,0,0,1,0,0,0,0,0,0,0,0,0,0,0,0,0,0,1,,,,,,,,1,,,0,0,0,0,0,0,0,1,0,0,0,0,1,0,0,0,0,0,0,0,0,0,0,0,0,0,0,0,0,0,0,0,0,0,0,1,0,0,0,0,0,0,0,0,0,1,0,0,0,0,0,0,0,0,0,0,0,1,0,0,0,0,0,0,0,0,,0,0,0,,0,0,0,0,0,0,0,0,0,0,0,0,0,0,0,0,0,0,0,0,0,0,0,0,0,0,0,0,0,0,1,0,0,0,0,0,0,0,0,0,0,0,0,0,0,0,0,0,0,0,0,0,0,0,TRUE,FALSE,FALSE,,,,,
Gardner - White,3,3/28/2026,Gardner,Gardner White 3,,Brent,,Brent - Gardner - White - 3/28/2026,Brent – Gardner – 3/28/26,,4,5,,,,,,,checked,47,Driver,56,,,,,,,,,,,,,,,,,,,,,,,20,,2,2,2,,,,,,White,389,13,1,70.8,70.8,114,18 Holes,,,,,0,0,4,1,1,5,4,0,,,Bogey,0,Brent – Gardner – 3/28/26,0,1,0,Brent,1,0%,0,0,0,0,0,1,0,0,0,0,0,0,0,0,1,0,0,0,0,1,0,0,0,0,0,0,0,0,0,0,0,0,0,0,0,0,0,0,0,1,0,0,0,0,0,0,0,0,0,0,0,0,0,0,1,,,,,1,,,,,,0,0,0,1,0,0,0,0,0,0,0,1,0,0,0,1,0,1,0,1,0,0,0,0,0,0,0,0,0,1,0,0,0,0,0,0,0,0,0,0,0,0,0,0,0,1,0,0,0,0,0,0,0,0,0,0,0,0,0,0,0,0,0,0,0,0,,0,0,0,,0,0,0,0,0,0,0,0,0,0,0,0,0,0,0,0,0,0,0,0,0,0,0,0,1,0,0,0,0,0,0,0,0,0,0,0,0,0,0,0,0,0,0,0,0,0,0,0,0,0,0,0,0,0,FALSE,FALSE,TRUE,,,,,
Gardner - White,4,3/28/2026,Gardner,Gardner White 4,,Brent,,Brent - Gardner - White - 3/28/2026,Brent – Gardner – 3/28/26,,3,3,,,,,,checked,checked,126,7,7,,,,,,,,,,,,,,,,,,,,,,,35,,2,4,4,,,,,,White,138,11,0,70.8,70.8,114,18 Holes,35,35,,,0,0,3,0,1,3,3,0,,,Par,0,Brent – Gardner – 3/28/26,1,1,0,Brent,0,N/A,0,0,0,0,1,0,0,0,0,0,0,0,0,0,0,0,0,0,0,1,0,0,0,1,0,0,0,0,0,0,0,0,0,0,0,0,0,0,1,0,0,0,0,0,0,0,0,0,0,0,0,0,0,0,1,0,,,,,,,,,,1,0,0,0,0,0,0,0,0,0,0,0,0,0,1,0,1,0,0,0,0,0,1,0,0,0,0,0,0,0,0,0,0,0,0,0,0,0,0,0,0,0,0,0,0,0,0,0,0,0,1,0,0,0,0,0,0,0,0,0,0,0,0,0,0,0,,0,0,0,,0,0,0,0,0,0,0,0,0,0,0,0,0,0,0,0,0,0,1,0,0,0,0,0,0,0,0,0,0,0,0,0,0,0,0,0,0,0,0,0,0,0,0,0,0,0,0,0,0,0,0,0,0,0,FALSE,TRUE,TRUE,,,,,
Gardner - White,5,3/28/2026,Gardner,Gardner White 5,,Brent,,Brent - Gardner - White - 3/28/2026,Brent – Gardner – 3/28/26,,4,6,,,,,,,,57,Driver,56,,,,,,,,,1,Driver,,,Hazard - Water,,,,,,,,,,3,,1,3,,,,,,,White,366,3,2,70.8,70.8,114,18 Holes,,,,,1,1,4,2,1,6,4,0,,,Double Bogey,0,Brent – Gardner – 3/28/26,0,0,0,Brent,1,0%,0,0,0,0,0,0,1,0,0,0,0,0,0,0,1,0,1,0,1,0,0,0,0,0,0,0,0,0,0,0,0,0,0,0,1,0,0,0,0,0,0,0,0,0,0,0,0,0,0,0,0,0,0,0,1,,,,,2,,,,,,0,0,0,1,0,0,0,0,0,0,0,1,0,0,0,1,0,1,0,1,0,0,0,0,0,0,0,0,0,0,1,0,0,0,0,0,0,0,0,0,0,1,0,0,0,0,0,0,0,0,0,1,0,0,0,0,0,0,0,0,0,0,0,0,0,0,,0,0,0,,0,0,0,0,0,0,0,0,0,1,0,0,0,0,0,0,0,0,0,0,0,0,0,0,0,0,0,0,0,0,0,0,0,0,0,0,0,0,0,0,0,0,0,0,0,0,0,0,0,0,0,0,0,0,FALSE,FALSE,FALSE,,,,,
Gardner - White,6,3/28/2026,Gardner,Gardner White 6,,Brent,,Brent - Gardner - White - 3/28/2026,Brent – Gardner – 3/28/26,,5,5,,,,,,checked,checked,80,Driver,PW,,,,,,,,,,,,,,,,,,,,,,,30,,2,3,3,,,,,,White,430,17,0,70.8,70.8,114,18 Holes,30,,,30,0,0,5,0,1,5,5,0,,,Par,0,Brent – Gardner – 3/28/26,1,1,0,Brent,1,0%,0,0,0,0,1,0,0,0,0,0,0,0,0,0,0,0,0,0,0,1,0,0,0,0,0,0,0,0,0,0,0,0,0,0,0,0,0,0,1,0,0,0,0,0,0,0,0,0,0,0,0,0,0,0,1,,,,,,,0,,,,0,0,0,0,0,0,0,0,1,0,1,0,0,0,0,0,0,0,0,0,0,0,0,0,0,0,0,0,0,0,0,0,0,0,1,0,0,0,0,0,0,0,0,0,0,0,0,0,0,0,1,0,0,0,0,1,0,0,0,0,0,0,0,0,0,0,,0,0,0,,0,0,0,0,0,0,0,0,0,0,0,0,0,0,0,0,0,0,0,0,0,0,0,0,0,0,0,0,0,1,0,0,0,0,0,0,0,0,0,0,0,0,0,0,0,0,0,0,0,0,0,0,0,0,FALSE,TRUE,TRUE,,,,,
Gardner - White,7,3/28/2026,Gardner,Gardner White 7,,Brent,,Brent - Gardner - White - 3/28/2026,Brent – Gardner – 3/28/26,,4,5,,,,,,,checked,80,Driver,PW,,,,,,,,,,,,,,,,,,,,,,,30,,2,2,2,,,,,,White,404,5,1,70.8,70.8,114,18 Holes,,,,,0,0,4,1,1,5,4,0,,,Bogey,0,Brent – Gardner – 3/28/26,0,1,0,Brent,1,0%,0,0,0,0,0,1,0,0,0,0,0,0,0,0,1,0,0,0,0,1,0,0,0,0,0,0,0,0,0,0,0,0,0,0,0,0,0,0,0,1,0,0,0,0,0,0,0,0,0,0,0,0,0,0,1,,,,,1,,,,,,0,0,0,1,0,0,0,0,0,0,0,1,0,0,0,1,0,1,0,1,0,0,0,0,0,0,0,0,0,1,0,0,0,0,0,0,0,0,0,0,0,0,0,0,0,0,0,1,0,0,0,0,0,0,0,0,0,0,0,0,0,0,0,0,0,0,,0,0,0,,0,0,0,0,0,0,0,0,0,0,0,0,0,0,0,0,0,0,0,0,0,0,0,0,1,0,0,0,0,0,0,0,0,0,0,0,0,0,0,0,0,0,0,0,0,0,0,0,0,0,0,0,0,0,FALSE,FALSE,TRUE,,,,,
Gardner - White,8,3/28/2026,Gardner,Gardner White 8,,Brent,,Brent - Gardner - White - 3/28/2026,Brent – Gardner – 3/28/26,,3,4,,,,,,,,183,Dr,Dr,,,,,,,,,,,,,,,,,,,,,,,5,,1,5,,,,,,,White,183,7,1,70.8,70.8,114,18 Holes,,,,,1,1,3,1,1,4,3,0,,,Bogey,0,Brent – Gardner – 3/28/26,0,0,0,Brent,0,N/A,0,0,0,0,0,1,0,0,0,0,0,0,0,0,1,0,1,0,1,0,0,0,0,0,0,0,0,0,0,0,0,0,0,1,0,0,0,0,0,0,0,0,0,0,0,0,0,0,0,0,0,0,0,0,1,,1,,,,,,,,,0,1,0,0,0,0,0,0,0,0,0,0,0,0,0,1,0,1,0,0,0,0,0,1,0,0,0,0,0,0,0,0,0,0,0,0,0,0,0,0,0,1,0,0,0,0,0,1,0,0,0,0,0,0,0,0,0,0,0,0,0,0,0,0,0,0,,0,0,0,,0,0,1,0,0,0,0,0,0,0,0,0,0,0,0,0,0,0,0,0,0,0,0,0,0,0,0,0,0,0,0,0,0,0,0,0,0,0,0,0,0,0,0,0,0,0,0,0,0,0,0,0,0,0,FALSE,FALSE,FALSE,,,,,
Gardner - White,9,3/28/2026,Gardner,Gardner White 9,,Brent,,Brent - Gardner - White - 3/28/2026,Brent – Gardner – 3/28/26,,4,5,,,,,,,,89,Driver,GW,,,,,,,,,,,,,,,,,,,,,,,3,,1,3,,,,,,,White,392,1,1,70.8,70.8,114,18 Holes,,,,,1,1,4,1,1,5,4,0,,,Bogey,0,Brent – Gardner – 3/28/26,0,0,0,Brent,1,0%,0,0,0,0,0,1,0,0,0,0,0,0,0,0,1,0,1,0,1,0,0,0,0,0,0,0,0,0,0,0,0,0,0,1,0,0,0,0,0,0,0,0,0,0,0,0,0,0,0,0,0,0,0,0,1,,,,,1,,,,,,0,0,0,1,0,0,0,0,0,0,0,1,0,0,0,1,0,1,0,1,0,0,0,0,0,0,0,0,0,1,0,0,0,0,0,0,0,0,0,0,0,1,0,0,0,0,0,1,0,0,0,0,0,0,0,0,0,0,0,0,0,0,0,0,0,0,,0,0,0,,0,0,0,0,0,0,0,0,1,0,0,0,0,0,0,0,0,0,0,0,0,0,0,0,0,0,0,0,0,0,0,0,0,0,0,0,0,0,0,0,0,0,0,0,0,0,0,0,0,0,0,0,0,0,FALSE,FALSE,FALSE,,,,,
Gardner - White,10,3/28/2026,Gardner,Gardner White 10,,Brent,,Brent - Gardner - White - 3/28/2026,Brent – Gardner – 3/28/26,,4,5,,,,,,,,123,Driver,7,,,,,,,,,,,,,,,,,,,,,,,1,,1,1,,,,,,,White,415,10,1,70.8,70.8,114,18 Holes,,,,,1,1,4,1,0,,,1,5,4,Bogey,0,Brent – Gardner – 3/28/26,0,0,0,Brent,1,0%,0,0,0,0,0,1,0,0,0,0,0,0,0,0,1,0,1,0,1,0,0,0,0,0,0,0,0,0,0,0,0,0,0,1,0,0,0,0,0,0,0,0,0,0,0,0,0,0,0,0,0,0,0,0,1,,,,,1,,,,,,0,0,0,1,0,0,0,0,0,0,0,1,0,0,0,1,0,1,0,1,0,0,0,0,0,0,0,0,0,1,0,0,0,0,0,0,0,0,0,0,0,1,0,0,0,0,0,0,0,1,0,0,0,0,0,0,0,0,0,0,0,0,0,0,0,0,,0,0,0,,0,0,0,0,0,0,0,0,1,0,0,0,0,0,0,0,0,0,0,0,0,0,0,0,0,0,0,0,0,0,0,0,0,0,0,0,0,0,0,0,0,0,0,0,0,0,0,0,0,0,0,0,0,0,FALSE,FALSE,FALSE,,,,,
Gardner - White,11,3/28/2026,Gardner,Gardner White 11,,Brent,,Brent - Gardner - White - 3/28/2026,Brent – Gardner – 3/28/26,,5,5,,,,,,checked,checked,125,Driver,8,,,,,,,,,,,,,,,,,,,,,,,30,,2,1,1,,,,,,White,416,18,0,70.8,70.8,114,18 Holes,30,,,30,0,0,5,0,0,,,1,5,5,Par,0,Brent – Gardner – 3/28/26,1,1,0,Brent,1,0%,0,0,0,0,1,0,0,0,0,0,0,0,0,0,0,0,0,0,0,1,0,0,0,0,0,0,0,0,0,0,0,0,0,0,0,0,0,0,1,0,0,0,0,0,0,0,0,0,0,0,0,0,0,0,1,,,,,,,0,,,,0,0,0,0,0,0,0,0,1,0,1,0,0,0,0,0,0,0,0,0,0,0,0,0,0,0,0,0,0,0,0,0,0,0,1,0,0,0,0,0,0,0,0,0,0,0,0,0,1,0,0,0,0,0,0,1,0,0,0,0,0,0,0,0,0,0,,0,0,0,,0,0,0,0,0,0,0,0,0,0,0,0,0,0,0,0,0,0,0,0,0,0,0,0,0,0,0,0,0,1,0,0,0,0,0,0,0,0,0,0,0,0,0,0,0,0,0,0,0,0,0,0,0,0,FALSE,TRUE,TRUE,,,,,
Gardner - White,12,3/28/2026,Gardner,Gardner White 12,,Brent,,Brent - Gardner - White - 3/28/2026,Brent – Gardner – 3/28/26,,4,5,,,,,,checked,checked,136,Driver,6,,,,,,,,,,,,,,,,,,,,,,,28,,3,0.5,4,0.5,,,,,White,357,8,1,70.8,70.8,114,18 Holes,28,,28,,0,0,4,1,0,,,1,5,4,Bogey,0,Brent – Gardner – 3/28/26,1,1,0,Brent,1,0%,0,0,0,0,0,1,0,0,0,0,0,0,0,0,0,0,0,0,0,0,1,0,0,0,0,0,0,0,0,0,0,0,0,0,0,0,0,0,0,0,0,0,0,0,0,1,0,0,0,0,0,0,0,0,1,,,1,,,,,,,,0,0,1,0,0,0,0,0,0,0,1,0,0,0,0,0,0,0,0,0,0,0,0,0,0,0,0,0,0,1,0,0,0,0,0,0,0,0,0,0,0,0,0,0,0,0,0,0,0,1,0,0,0,0,1,0,0,0,0,0,0,0,0,0,0,0,,0,0,0,,0,0,0,0,0,0,0,0,0,0,0,0,0,0,0,0,0,0,0,0,0,0,0,0,0,0,0,0,0,0,0,0,0,0,0,0,0,1,0,0,0,0,0,0,0,0,0,0,0,0,0,0,0,0,FALSE,TRUE,TRUE,,,,,
Gardner - White,13,3/28/2026,Gardner,Gardner White 13,,Brent,,Brent - Gardner - White - 3/28/2026,Brent – Gardner – 3/28/26,,3,3,,,,,,checked,checked,139,8,8,,,,,,,,,,,,,,,,,,,,,,,19,,2,2,2,,,,,,White,138,14,0,70.8,70.8,114,18 Holes,19,19,,,0,0,3,0,0,,,1,3,3,Par,0,Brent – Gardner – 3/28/26,1,1,0,Brent,0,N/A,0,0,0,0,1,0,0,0,0,0,0,0,0,0,0,0,0,0,0,1,0,0,0,1,0,0,0,0,0,0,0,0,0,0,0,0,0,0,1,0,0,0,0,0,0,0,0,0,0,0,0,0,0,0,1,0,,,,,,,,,,1,0,0,0,0,0,0,0,0,0,0,0,0,0,1,0,1,0,0,0,0,0,1,0,0,0,0,0,0,0,0,0,0,0,0,0,0,0,0,0,0,0,0,0,0,0,0,0,0,0,0,0,1,0,0,0,0,0,1,0,1,0,0,0,0,0,,0,0,0,,0,0,0,0,0,0,0,0,0,0,0,0,0,0,0,0,0,0,1,0,0,0,0,0,0,0,0,0,0,0,0,0,0,0,0,0,0,0,0,0,0,0,0,0,0,0,0,0,0,0,0,0,0,0,FALSE,TRUE,TRUE,,,,,
Gardner - White,14,3/28/2026,Gardner,Gardner White 14,,Brent,,Brent - Gardner - White - 3/28/2026,Brent – Gardner – 3/28/26,,4,5,,,,,,,checked,160,Driver,7,,,,,,,,,,,,,,,,,,,,,,,50,,2,2.5,2.5,,,,,,White,392,2,1,70.8,70.8,114,18 Holes,,,,,0,0,4,1,0,,,1,5,4,Bogey,0,Brent – Gardner – 3/28/26,0,1,0,Brent,1,0%,0,0,0,0,0,1,0,0,0,0,0,0,0,0,1,0,0,0,0,1,0,0,0,0,0,0,0,0,0,0,0,0,0,0,0,0,0,0,0,1,0,0,0,0,0,0,0,0,0,0,0,0,0,0,1,,,,,1,,,,,,0,0,0,1,0,0,0,0,0,0,0,1,0,0,0,1,0,1,0,1,0,0,0,0,0,0,0,0,0,1,0,0,0,0,0,0,0,0,0,0,0,0,0,0,0,0,0,0,0,0,0,0,0,1,0,0,0,0,0,0,0,0,0,0,0,0,,0,0,0,,0,0,0,0,0,0,0,0,0,0,0,0,0,0,0,0,0,0,0,0,0,0,0,0,1,0,0,0,0,0,0,0,0,0,0,0,0,0,0,0,0,0,0,0,0,0,0,0,0,0,0,0,0,0,FALSE,FALSE,TRUE,,,,,
Gardner - White,15,3/28/2026,Gardner,Gardner White 15,,Brent,,Brent - Gardner - White - 3/28/2026,Brent – Gardner – 3/28/26,,4,7,,,,,,,,169,Driver,7,,,,,,,,,1,Driver,,,Hazard - Woods,,,,,,,,,,20,,2,3.5,3.5,,,,,,White,383,6,3,70.8,70.8,114,18 Holes,,,,,0,0,4,3,0,,,1,7,4,Triple Bogey +,0,Brent – Gardner – 3/28/26,0,0,0,Brent,1,0%,0,0,0,0,0,0,0,1,0,0,0,0,0,0,1,0,0,0,0,1,0,0,0,0,0,0,0,0,0,0,0,0,0,0,0,0,0,0,0,0,0,1,0,0,0,0,0,0,0,0,0,0,0,0,1,,,,,3,,,,,,0,0,0,1,0,0,0,0,0,0,0,1,0,0,0,1,0,1,0,1,0,0,0,0,0,0,0,0,0,0,0,1,0,0,0,0,0,0,0,0,0,0,0,0,0,0,0,0,0,0,0,0,0,1,0,0,0,0,0,0,0,0,0,0,0,0,,0,0,0,,0,0,0,0,0,0,0,0,0,0,0,0,0,0,0,0,0,0,0,0,0,0,0,0,0,0,1,0,0,0,0,0,0,0,0,0,0,0,0,0,0,0,0,0,0,0,0,0,0,0,0,0,0,0,FALSE,FALSE,FALSE,,,,,
Gardner - White,16,3/28/2026,Gardner,Gardner White 16,,Brent,,Brent - Gardner - White - 3/28/2026,Brent – Gardner – 3/28/26,,5,6,,,checked,,,,,89,Driver,PW,,,,,,,,,,,,,,,,,,,,,,,1,,1,1,,,,,,,White,536,12,1,70.8,70.8,114,18 Holes,,,,,1,1,5,1,0,,,1,6,5,Bogey,1,Brent – Gardner – 3/28/26,0,0,0,Brent,1,100%,0,0,0,0,0,1,0,0,0,0,0,0,0,0,1,0,1,0,1,0,0,0,0,0,0,0,0,0,0,0,0,0,0,1,0,0,0,0,0,0,0,0,0,0,0,0,0,0,0,0,0,0,0,0,1,,,,,,,,1,,,0,0,0,0,0,0,0,1,0,0,0,0,1,0,0,0,0,0,0,0,0,0,0,0,0,0,0,0,0,0,0,0,0,0,0,1,0,0,0,0,0,1,0,0,0,0,1,0,0,0,0,0,0,0,0,0,0,1,0,0,0,0,0,0,0,0,,0,0,0,,0,0,0,0,0,0,0,0,0,0,0,0,0,0,0,1,0,0,0,0,0,0,0,0,0,0,0,0,0,0,0,0,0,0,0,0,0,0,0,0,0,0,0,0,0,0,0,0,0,0,0,0,0,0,TRUE,FALSE,FALSE,,,,,
Gardner - White,17,3/28/2026,Gardner,Gardner White 17,,Brent,,Brent - Gardner - White - 3/28/2026,Brent – Gardner – 3/28/26,,3,3,,,,,,checked,checked,136,8,8,,,,,,,,,,,,,,,,,,,,,,,22,,2,1.5,1.5,,,,,,White,144,16,0,70.8,70.8,114,18 Holes,22,22,,,0,0,3,0,0,,,1,3,3,Par,0,Brent – Gardner – 3/28/26,1,1,0,Brent,0,N/A,0,0,0,0,1,0,0,0,0,0,0,0,0,0,0,0,0,0,0,1,0,0,0,1,0,0,0,0,0,0,0,0,0,0,0,0,0,0,1,0,0,0,0,0,0,0,0,0,0,0,0,0,0,0,1,0,,,,,,,,,,1,0,0,0,0,0,0,0,0,0,0,0,0,0,1,0,1,0,0,0,0,0,1,0,0,0,0,0,0,0,0,0,0,0,0,0,0,0,0,0,0,0,1,0,0,0,0,0,0,0,0,0,0,0,0,0,0,0,0,0,0,0,0,0,0,0,,0,0,0,,0,0,0,0,0,0,0,0,0,0,0,0,0,0,0,0,0,0,1,0,0,0,0,0,0,0,0,0,0,0,0,0,0,0,0,0,0,0,0,0,0,0,0,0,0,0,0,0,0,0,0,0,0,0,FALSE,TRUE,TRUE,,,,,
Gardner - White,18,3/28/2026,Gardner,Gardner White 18,,Brent,,Brent - Gardner - White - 3/28/2026,Brent – Gardner – 3/28/26,,4,4,,,,,,,,178,Driver,6,,,,,,,,,,,,,,,,,,,,,,,15,,1,1.5,,,,,,,White,388,4,0,70.8,70.8,114,18 Holes,,,,,0,0,4,0,0,,,1,4,4,Par,0,Brent – Gardner – 3/28/26,0,0,0,Brent,1,0%,0,0,0,0,1,0,0,0,0,0,0,0,0,0,1,1,1,0,1,0,0,0,0,0,0,0,1,0,0,0,0,0,1,0,0,0,0,0,0,0,0,0,0,0,0,0,0,0,0,0,0,0,0,0,1,,,,,0,,,,,,0,0,0,1,0,0,0,0,0,0,0,1,0,0,0,1,0,1,0,1,0,0,0,0,0,0,0,0,1,0,0,0,0,0,0,0,0,0,0,0,1,1,1,0,0,0,0,0,0,0,0,0,0,0,0,0,0,0,0,0,0,0,0,0,0,0,,0,1,0,,0,0,0,0,0,0,0,1,0,0,0,0,0,0,0,0,0,0,0,0,0,0,0,0,0,0,0,0,0,0,0,0,0,0,0,0,0,0,0,0,0,0,0,0,0,0,0,0,0,0,0,0,0,0,FALSE,FALSE,FALSE,,,,,
Pebblewood - White,1,3/25/2026,Pebblewood,Pebblewood White 1,,Jason,,Jason - Pebblewood - White - 3/25/2026,Jason – Pebblewood – 3/25/26,,4,8,,,,,,,,,,,,,,,,,,,,,,,,,,,,,,,,,,,2,,,,,,,,White,388,1,4,69.2,69.2,126,Front 9,,,,,1,0,4,4,1,8,4,0,,,Triple Bogey +,0,Jason – Pebblewood – 3/25/26,0,0,0,Jason,1,0%,0,0,0,0,0,0,0,1,0,0,0,0,0,0,1,0,0,0,0,1,0,0,0,0,0,0,0,0,0,0,0,0,0,0,0,0,0,0,0,0,0,1,0,0,0,0,0,0,0,0,0,0,0,0,1,,,,,4,,,,,,0,0,0,1,0,0,0,0,0,0,0,1,0,0,0,1,0,1,0,1,0,0,0,0,0,0,0,0,0,0,0,1,0,0,0,0,0,0,0,0,0,0,0,0,0,1,0,0,0,0,0,0,0,0,0,0,0,0,0,0,0,0,0,0,0,0,,0,0,0,,0,0,0,0,0,0,0,0,0,0,0,0,0,0,0,0,0,0,0,0,0,0,0,0,0,0,1,0,0,0,0,0,0,0,0,0,0,0,0,0,0,0,0,0,0,0,0,0,0,0,0,0,0,0,FALSE,FALSE,FALSE,,,,,
Pebblewood - White,2,3/25/2026,Pebblewood,Pebblewood White 2,,Jason,,Jason - Pebblewood - White - 3/25/2026,Jason – Pebblewood – 3/25/26,,3,5,,,,,,,,,,,,,,,,,,,,,,,,,,,,,,,,,,,2,,,,,,,,White,186,12,2,69.2,69.2,126,Front 9,,,,,1,0,3,2,1,5,3,0,,,Double Bogey,0,Jason – Pebblewood – 3/25/26,0,0,0,Jason,0,N/A,0,0,0,0,0,0,1,0,0,0,0,0,0,0,1,0,0,0,0,1,0,0,0,0,0,0,0,0,0,0,0,0,0,0,0,0,0,0,0,0,1,0,0,0,0,0,0,0,0,0,0,0,0,0,1,,2,,,,,,,,,0,1,0,0,0,0,0,0,0,0,0,0,0,0,0,1,0,1,0,0,0,0,0,0,1,0,0,0,0,0,0,0,0,0,0,0,0,0,0,0,0,0,0,0,0,1,0,0,0,0,0,0,0,0,0,0,0,0,0,0,0,0,0,0,0,0,,0,0,0,,0,0,0,0,0,0,0,0,0,0,0,0,0,0,0,0,0,0,0,0,1,0,0,0,0,0,0,0,0,0,0,0,0,0,0,0,0,0,0,0,0,0,0,0,0,0,0,0,0,0,0,0,0,0,FALSE,FALSE,FALSE,,,,,
Pebblewood - White,3,3/25/2026,Pebblewood,Pebblewood White 3,,Jason,,Jason - Pebblewood - White - 3/25/2026,Jason – Pebblewood – 3/25/26,,4,5,,,checked,,,,,,,,,,,,,,,,,,,,,,,,,,,,,,,,2,,,,,,,,White,331,10,1,69.2,69.2,126,Front 9,,,,,1,0,4,1,1,5,4,0,,,Bogey,1,Jason – Pebblewood – 3/25/26,0,0,0,Jason,1,100%,0,0,0,0,0,1,0,0,0,0,0,0,0,0,1,0,0,0,0,1,0,0,0,0,0,0,0,0,0,0,0,0,0,0,0,0,0,0,0,1,0,0,0,0,0,0,0,0,0,0,0,0,0,0,1,,,,1,,,,,,,0,0,0,0,1,0,0,0,0,0,0,0,1,0,0,0,0,0,0,0,0,0,0,0,0,0,0,0,0,1,0,0,0,0,0,0,0,0,0,0,0,0,0,0,0,1,0,0,0,0,0,0,0,0,0,0,1,0,0,0,0,0,0,0,0,0,,0,0,0,,0,0,0,0,0,0,0,0,0,0,0,0,0,0,0,0,0,0,0,0,0,0,0,0,1,0,0,0,0,0,0,0,0,0,0,0,0,0,0,0,0,0,0,0,0,0,0,0,0,0,0,0,0,0,TRUE,FALSE,FALSE,,,,,
Pebblewood - White,4,3/25/2026,Pebblewood,Pebblewood White 4,,Jason,,Jason - Pebblewood - White - 3/25/2026,Jason – Pebblewood – 3/25/26,,4,11,,,,,,,,,,,,,,,,,,,3,,,,Hazard - Water,,,,,,,,,,,,2,,,,,,,,White,272,17,7,69.2,69.2,126,Front 9,,,,,1,0,4,7,1,11,4,0,,,Triple Bogey +,0,Jason – Pebblewood – 3/25/26,0,0,0,Jason,1,0%,0,0,0,0,0,0,0,1,0,0,0,0,0,0,1,0,0,0,0,1,0,0,0,0,0,0,0,0,0,0,0,0,0,0,0,0,0,0,0,0,0,1,0,0,0,0,0,0,0,0,0,0,0,0,1,,,,,7,,,,,,0,0,0,1,0,0,0,0,0,0,0,1,0,0,0,1,0,1,0,1,0,0,0,0,0,0,0,0,0,0,0,1,0,0,0,0,0,0,0,0,0,0,0,0,0,0,0,0,0,0,0,1,0,0,0,0,0,0,0,0,0,0,0,0,0,0,,0,0,0,,0,0,0,0,0,0,0,0,0,0,0,0,0,0,0,0,0,0,0,0,0,0,0,0,0,0,1,0,0,0,0,0,0,0,0,0,0,0,0,0,0,0,0,0,0,0,0,0,0,0,0,0,0,0,FALSE,FALSE,FALSE,,,,,
Pebblewood - White,5,3/25/2026,Pebblewood,Pebblewood White 5,,Jason,,Jason - Pebblewood - White - 3/25/2026,Jason – Pebblewood – 3/25/26,,3,6,,,,,,,,,,,,,,,,,,,,,,,,,,,,,,,,,,,2,,,,,,,,White,208,8,3,69.2,69.2,126,Front 9,,,,,1,0,3,3,1,6,3,0,,,Triple Bogey +,0,Jason – Pebblewood – 3/25/26,0,0,0,Jason,0,N/A,0,0,0,0,0,0,0,1,0,0,0,0,0,0,1,0,0,0,0,1,0,0,0,0,0,0,0,0,0,0,0,0,0,0,0,0,0,0,0,0,0,1,0,0,0,0,0,0,0,0,0,0,0,0,1,,3,,,,,,,,,0,1,0,0,0,0,0,0,0,0,0,0,0,0,0,1,0,1,0,0,0,0,0,0,0,1,0,0,0,0,0,0,0,0,0,0,0,0,0,0,0,0,0,0,0,0,0,0,0,0,0,1,0,0,0,0,0,0,0,0,0,0,0,0,0,0,,0,0,0,,0,0,0,0,0,0,0,0,0,0,0,0,0,0,0,0,0,0,0,0,0,1,0,0,0,0,0,0,0,0,0,0,0,0,0,0,0,0,0,0,0,0,0,0,0,0,0,0,0,0,0,0,0,0,FALSE,FALSE,FALSE,,,,,
Pebblewood - White,6,3/25/2026,Pebblewood,Pebblewood White 6,,Jason,,Jason - Pebblewood - White - 3/25/2026,Jason – Pebblewood – 3/25/26,,4,7,,,checked,,,,,,,,,,,,,,,,,,,,,,,,,,,,,,,,3,,,,,,,,White,285,16,3,69.2,69.2,126,Front 9,,,,,1,0,4,3,1,7,4,0,,,Triple Bogey +,1,Jason – Pebblewood – 3/25/26,0,0,0,Jason,1,100%,0,0,0,0,0,0,0,1,0,0,0,0,0,0,1,0,0,0,0,0,1,0,0,0,0,0,0,0,0,0,0,0,0,0,0,0,0,0,0,0,0,0,0,0,0,0,0,1,0,0,0,0,0,0,1,,,,3,,,,,,,0,0,0,0,1,0,0,0,0,0,0,0,1,0,0,0,0,0,0,0,0,0,0,0,0,0,0,0,0,0,0,1,0,0,0,0,0,0,0,0,0,0,0,0,0,0,0,0,0,0,0,1,0,0,0,0,1,0,0,0,0,0,0,0,0,0,,0,0,0,,0,0,0,0,0,0,0,0,0,0,0,0,0,0,0,0,0,0,0,0,0,0,0,0,0,0,0,0,0,0,0,0,0,0,0,0,0,0,0,1,0,0,0,0,0,0,0,0,0,0,0,0,0,0,TRUE,FALSE,FALSE,,,,,
Pebblewood - White,7,3/25/2026,Pebblewood,Pebblewood White 7,,Jason,,Jason - Pebblewood - White - 3/25/2026,Jason – Pebblewood – 3/25/26,,3,5,,,,,,,,,,,,,,,,,,,,,,,,,,,,,,,,,,,2,,,,,,,,White,162,14,2,69.2,69.2,126,Front 9,,,,,1,0,3,2,1,5,3,0,,,Double Bogey,0,Jason – Pebblewood – 3/25/26,0,0,0,Jason,0,N/A,0,0,0,0,0,0,1,0,0,0,0,0,0,0,1,0,0,0,0,1,0,0,0,0,0,0,0,0,0,0,0,0,0,0,0,0,0,0,0,0,1,0,0,0,0,0,0,0,0,0,0,0,0,0,1,,2,,,,,,,,,0,1,0,0,0,0,0,0,0,0,0,0,0,0,0,1,0,1,0,0,0,0,0,0,1,0,0,0,0,0,0,0,0,0,0,0,0,0,0,0,0,0,0,0,0,0,0,1,0,0,0,0,0,0,0,0,0,0,0,0,0,0,0,0,0,0,,0,0,0,,0,0,0,0,0,0,0,0,0,0,0,0,0,0,0,0,0,0,0,0,1,0,0,0,0,0,0,0,0,0,0,0,0,0,0,0,0,0,0,0,0,0,0,0,0,0,0,0,0,0,0,0,0,0,FALSE,FALSE,FALSE,,,,,
Pebblewood - White,8,3/25/2026,Pebblewood,Pebblewood White 8,,Jason,,Jason - Pebblewood - White - 3/25/2026,Jason – Pebblewood – 3/25/26,,4,8,,,,,,,,,,,,,,,,,,,,,,,,,,,,,,,,,,,3,,,,,,,,White,346,6,4,69.2,69.2,126,Front 9,,,,,1,0,4,4,1,8,4,0,,,Triple Bogey +,0,Jason – Pebblewood – 3/25/26,0,0,0,Jason,1,0%,0,0,0,0,0,0,0,1,0,0,0,0,0,0,1,0,0,0,0,0,1,0,0,0,0,0,0,0,0,0,0,0,0,0,0,0,0,0,0,0,0,0,0,0,0,0,0,1,0,0,0,0,0,0,1,,,,,4,,,,,,0,0,0,1,0,0,0,0,0,0,0,1,0,0,0,1,0,1,0,1,0,0,0,0,0,0,0,0,0,0,0,1,0,0,0,0,0,0,0,0,0,0,0,0,0,0,0,1,0,0,0,0,0,0,0,0,0,0,0,0,0,0,0,0,0,0,,0,0,0,,0,0,0,0,0,0,0,0,0,0,0,0,0,0,0,0,0,0,0,0,0,0,0,0,0,0,0,0,0,0,0,0,0,0,0,0,0,0,0,1,0,0,0,0,0,0,0,0,0,0,0,0,0,0,FALSE,FALSE,FALSE,,,,,
Pebblewood - White,9,3/25/2026,Pebblewood,Pebblewood White 9,,Jason,,Jason - Pebblewood - White - 3/25/2026,Jason – Pebblewood – 3/25/26,,4,6,,,,,,,,,,,,,,,,,,,,,,,,,,,,,,,,,,,2,,,,,,,,White,356,4,2,69.2,69.2,126,Front 9,,,,,1,0,4,2,1,6,4,0,,,Double Bogey,0,Jason – Pebblewood – 3/25/26,0,0,0,Jason,1,0%,0,0,0,0,0,0,1,0,0,0,0,0,0,0,1,0,0,0,0,1,0,0,0,0,0,0,0,0,0,0,0,0,0,0,0,0,0,0,0,0,1,0,0,0,0,0,0,0,0,0,0,0,0,0,1,,,,,2,,,,,,0,0,0,1,0,0,0,0,0,0,0,1,0,0,0,1,0,1,0,1,0,0,0,0,0,0,0,0,0,0,1,0,0,0,0,0,0,0,0,0,0,0,0,0,0,0,0,1,0,0,0,0,0,0,0,0,0,0,0,0,0,0,0,0,0,0,,0,0,0,,0,0,0,0,0,0,0,0,0,0,0,0,0,0,0,0,0,0,0,0,0,0,0,0,0,1,0,0,0,0,0,0,0,0,0,0,0,0,0,0,0,0,0,0,0,0,0,0,0,0,0,0,0,0,FALSE,FALSE,FALSE,,,,,
Beeches - White,1,4/18/2026,Beeches,Beeches - White 1,,Jake,,Jake - Beeches - White - 4/18/2026,Jake – Beeches – 4/18/26,,4,5,,,,,➡️ Right,,,121,Driver,PW,↘️ Short Right,,,,,,,,,,,,,,1,2,58 Degree Wedge,,,,,,4,➡️ Hole High Right,1,4,,,,,,,White,363,12,1,69.8,69.8,126,18 Holes,,,,,1,1,4,1,1,5,4,0,,,Bogey,0,Jake – Beeches – 4/18/26,0,0,0,Jake,1,0%,0,0,0,0,0,1,0,0,2,1,0,0,0,0,1,0,1,1,1,0,0,0,0,0,0,0,0,0,0,1,0,0,0,1,0,0,0,0,0,0,0,0,0,0,0,0,0,0,0,0,0,0,0,0,1,,,,,1,,,,,,0,0,0,1,0,0,0,0,0,0,0,1,0,0,0,1,0,1,0,1,0,0,0,0,0,0,0,0,0,1,0,0,0,0,0,0,0,0,0,0,0,1,0,0,0,1,0,0,0,0,0,0,0,0,0,0,0,0,0,0,0,0,0,0,0,0,,0,0,0,,0,0,0,0,0,0,0,0,1,0,0,0,0,0,0,0,0,0,0,0,0,0,0,0,0,0,0,0,0,0,0,0,0,0,0,0,0,0,0,0,0,0,0,0,0,0,0,0,0,0,0,0,0,0,FALSE,FALSE,FALSE,Short Right,Hole High Right,Right,,
Beeches - White,2,4/18/2026,Beeches,Beeches - White 2,,Jake,,Jake - Beeches - White - 4/18/2026,Jake – Beeches – 4/18/26,,5,6,checked,,,,➡️ Right,,,98,Driver,54,⬆️ Long,,,,,,,,,,,,,,,1,58 Degree Wedge,,,,➡️ High Side Right,,8,⬆️ Long,2,0.1,0.1,,,,,,White,514,4,1,69.8,69.8,126,18 Holes,,,,,1,0,5,1,1,6,5,0,,,Bogey,0,Jake – Beeches – 4/18/26,0,0,0,Jake,1,0%,0,0,0,0,0,1,0,0,1,1,1,0,0,0,1,0,0,0,0,1,0,0,0,0,0,0,0,0,0,0,0,0,0,0,0,0,0,0,0,1,0,0,0,0,0,0,0,0,0,0,0,0,0,0,1,,,,,,,,,1,,0,0,0,0,0,0,0,0,0,1,0,1,0,0,0,1,0,1,0,1,0,0,0,0,0,0,0,0,0,0,0,0,0,0,0,1,0,0,0,0,0,0,0,0,0,1,0,0,0,0,0,0,0,0,0,0,0,0,0,0,0,0,0,0,0,0,,0,0,0,,0,0,0,0,0,0,0,0,0,0,0,0,0,0,0,0,0,0,0,0,0,0,0,0,0,0,0,0,0,0,1,0,0,0,0,0,0,0,0,0,0,0,0,0,0,0,0,0,0,0,0,0,0,0,FALSE,FALSE,FALSE,Long,Long,Right,High Side Right,
Beeches - White,3,4/18/2026,Beeches,Beeches - White 3,,Jake,,Jake - Beeches - White - 4/18/2026,Jake – Beeches – 4/18/26,,4,6,,,,,➡️ Right,,,140,Driver,9,⬅️ Left,,,,,,,,1,Driver,,,Hazard - Water,,,1,58 Degree Wedge,,,,➡️ High Side Right,,8,↘️ Short Right,2,0.1,0.1,,,,,,White,285,18,2,69.8,69.8,126,18 Holes,,,,,1,0,4,2,1,6,4,0,,,Double Bogey,0,Jake – Beeches – 4/18/26,0,0,0,Jake,1,0%,0,0,0,0,0,0,1,0,1,1,1,0,0,0,1,0,0,0,0,1,0,0,0,0,0,0,0,0,0,0,0,0,0,0,0,0,0,0,0,0,1,0,0,0,0,0,0,0,0,0,0,0,0,0,1,,,,,2,,,,,,0,0,0,1,0,0,0,0,0,0,0,1,0,0,0,1,0,1,0,1,0,0,0,0,0,0,0,0,0,0,1,0,0,0,0,0,0,0,0,0,0,0,0,0,0,1,0,0,0,0,0,0,0,0,0,0,0,0,0,0,0,0,0,0,0,0,,0,0,0,,0,0,0,0,0,0,0,0,0,0,0,0,0,0,0,0,0,0,0,0,0,0,0,0,0,1,0,0,0,0,0,0,0,0,0,0,0,0,0,0,0,0,0,0,0,0,0,0,0,0,0,0,0,0,FALSE,FALSE,FALSE,Left,Short Right,Right,High Side Right,
Beeches - White,4,4/18/2026,Beeches,Beeches - White 4,,Jake,,Jake - Beeches - White - 4/18/2026,Jake – Beeches – 4/18/26,,4,4,,,checked,,,checked,checked,138,Driver,9,,,,,,,,,,,,,,,,,,,,,➡️ High Side Right,,14,⬆️ Long,2,1,1,,,,,,White,374,6,0,69.8,69.8,126,18 Holes,14,,14,,0,0,4,0,1,4,4,0,,,Par,1,Jake – Beeches – 4/18/26,1,1,0,Jake,1,100%,1,0,0,0,1,0,0,0,0,0,0,0,0,0,0,0,0,0,0,1,0,0,0,1,0,0,0,0,0,0,0,0,0,0,0,0,0,0,1,0,0,0,0,0,0,0,0,0,0,0,0,0,0,0,1,,,,,,0,,,,,0,0,0,0,0,1,0,0,0,0,0,0,0,1,1,0,1,0,1,0,0,0,0,0,0,0,0,0,1,0,0,0,0,0,0,0,0,0,0,0,0,0,0,0,0,0,0,0,0,0,1,0,0,0,1,0,1,0,1,0,0,0,1,0,0,0,,0,0,0,,0,0,0,0,0,0,0,0,0,0,0,0,0,0,0,0,0,0,0,0,0,0,0,1,0,0,0,0,0,0,0,0,0,0,0,0,0,0,0,0,0,0,0,0,0,0,0,0,0,0,0,0,0,0,TRUE,TRUE,TRUE,,Long,,High Side Right,
Beeches - White,5,4/18/2026,Beeches,Beeches - White 5,,Jake,,Jake - Beeches - White - 4/18/2026,Jake – Beeches – 4/18/26,,4,4,,,checked,,,checked,checked,178,Driver,7,,,,,,,,,,,,,,,,,,,,,⬅️ High Side Left,,10,⬇️ Short,2,0.5,0.5,,,,,,White,344,10,0,69.8,69.8,126,18 Holes,10,,10,,1,0,4,0,1,4,4,0,,,Par,1,Jake – Beeches – 4/18/26,1,1,0,Jake,1,100%,1,0,0,0,1,0,0,0,0,0,0,0,0,0,0,0,0,0,0,1,0,0,0,1,0,0,0,0,0,0,0,0,0,0,0,0,0,0,1,0,0,0,0,0,0,0,0,0,0,0,0,0,0,0,1,,,,,,0,,,,,0,0,0,0,0,1,0,0,0,0,0,0,0,1,1,0,1,0,1,0,0,0,0,0,0,0,0,0,1,0,0,0,0,0,0,0,0,0,0,0,0,0,0,0,0,0,0,0,0,0,1,0,0,0,1,0,1,0,1,1,0,0,1,1,0,0,,0,0,0,,0,0,0,0,0,0,0,0,0,0,0,0,0,0,0,0,0,0,0,0,0,0,0,1,0,0,0,0,0,0,0,0,0,0,0,0,0,0,0,0,0,0,0,0,0,0,0,0,0,0,0,0,0,0,TRUE,TRUE,TRUE,,Short,,High Side Left,
Beeches - White,6,4/18/2026,Beeches,Beeches - White 6,,Jake,,Jake - Beeches - White - 4/18/2026,Jake – Beeches – 4/18/26,,4,6,,,,,➡️ Right,,,141,Driver,8,↖️ Long Left,,,,,,,,,,,,,,,2,58 Degree Wedge,,,,↘️ Short Right,,27,⬅️ Hole High Left,2,1,1,,,,,,White,364,8,2,69.8,69.8,126,18 Holes,,,,,0,0,4,2,1,6,4,0,,,Double Bogey,0,Jake – Beeches – 4/18/26,0,0,0,Jake,1,0%,0,0,0,0,0,0,1,0,2,1,0,0,0,0,1,0,0,0,0,1,0,0,0,0,0,0,0,0,0,0,0,0,0,0,0,0,0,0,0,0,1,0,0,0,0,0,0,0,0,0,0,0,0,0,1,,,,,2,,,,,,0,0,0,1,0,0,0,0,0,0,0,1,0,0,0,1,0,1,0,1,0,0,0,0,0,0,0,0,0,0,1,0,0,0,0,0,0,0,0,0,0,0,0,0,0,0,0,0,0,0,0,1,0,0,0,0,0,0,0,0,0,0,0,0,0,0,,0,0,0,,0,0,0,0,0,0,0,0,0,0,0,0,0,0,0,0,0,0,0,0,0,0,0,0,0,1,0,0,0,0,0,0,0,0,0,0,0,0,0,0,0,0,0,0,0,0,0,0,0,0,0,0,0,0,FALSE,FALSE,FALSE,Long Left,Hole High Left,Right,Short Right,
Beeches - White,7,4/18/2026,Beeches,Beeches - White 7,,Jake,,Jake - Beeches - White - 4/18/2026,Jake – Beeches – 4/18/26,,3,4,,,,,↙️ Short Left,,,139,PW,PW,↙️ Short Left,,,,,,,,,,,,,,,1,58 Degree Wedge,,,,➡️ High Side Right,,10,⬆️ Long,2,1,1,,,,,,White,156,16,1,69.8,69.8,126,18 Holes,,,,,1,0,3,1,1,4,3,0,,,Bogey,0,Jake – Beeches – 4/18/26,0,0,0,Jake,0,N/A,0,0,0,0,0,1,0,0,1,1,1,0,0,0,1,0,0,0,0,1,0,0,0,0,0,0,0,0,0,0,0,0,0,0,0,0,0,0,0,1,0,0,0,0,0,0,0,0,0,0,0,0,0,0,1,,1,,,,,,,,,0,1,0,0,0,0,0,0,0,0,0,0,0,0,0,1,0,1,0,0,0,0,0,1,0,0,0,0,0,0,0,0,0,0,0,0,0,0,0,0,0,0,0,0,0,0,0,1,0,0,0,0,0,0,0,0,0,0,0,0,0,0,0,0,0,0,,0,0,0,,0,0,0,0,0,0,0,0,0,0,0,0,0,0,0,0,0,0,0,1,0,0,0,0,0,0,0,0,0,0,0,0,0,0,0,0,0,0,0,0,0,0,0,0,0,0,0,0,0,0,0,0,0,0,FALSE,FALSE,FALSE,Short Left,Long,Short Left,High Side Right,
Beeches - White,8,4/18/2026,Beeches,Beeches - White 8,,Jake,,Jake - Beeches - White - 4/18/2026,Jake – Beeches – 4/18/26,,5,5,,,,,↗️ Long Right,checked,checked,155,Driver,9,,,,,,,,,,,,,,1,,,,,,,➡️ Low Side Right,,42,⬇️ Short,2,4,4,,,,,,White,502,2,0,69.8,69.8,126,18 Holes,42,,,42,0,0,5,0,1,5,5,0,,,Par,0,Jake – Beeches – 4/18/26,1,1,0,Jake,1,0%,0,0,0,0,1,0,0,0,0,0,0,0,0,0,0,0,0,1,0,1,0,0,0,0,0,0,0,0,1,1,0,0,0,0,0,0,0,0,1,0,0,0,0,0,0,0,0,0,0,0,0,0,0,0,1,,,,,,,0,,,,0,0,0,0,0,0,0,0,1,0,1,0,0,0,0,0,0,0,0,0,0,0,0,0,0,0,0,0,0,0,0,0,0,0,1,0,0,0,0,0,0,0,0,1,0,0,0,0,0,0,0,0,0,0,0,1,0,0,0,0,0,0,0,0,0,0,,0,0,0,,0,0,0,0,0,0,0,0,0,0,0,0,0,0,0,0,0,0,0,0,0,0,0,0,0,0,0,0,0,1,0,0,0,0,0,0,0,0,0,0,0,0,0,0,0,0,0,0,0,0,0,0,0,0,FALSE,TRUE,TRUE,,Short,Long Right,Low Side Right,
Beeches - White,9,4/18/2026,Beeches,Beeches - White 9,,Jake,,Jake - Beeches - White - 4/18/2026,Jake – Beeches – 4/18/26,,3,5,,,,,↘️ Short Right,,,189,5,5,↘️ Short Right,,,,,,,,,,,,,,,1,58 Degree Wedge,,,,⬇️ Short,,50,⬇️ Short,3,3,15,3,,,,,White,175,14,2,69.8,69.8,126,18 Holes,,,,,0,0,3,2,1,5,3,0,,,Double Bogey,0,Jake – Beeches – 4/18/26,0,0,0,Jake,0,N/A,0,0,0,0,0,0,1,0,1,1,0,0,0,0,1,0,0,0,0,0,1,0,0,0,0,0,0,0,0,0,0,0,0,0,0,0,0,0,0,0,0,0,0,0,0,0,1,0,0,0,0,0,0,0,1,,2,,,,,,,,,0,1,0,0,0,0,0,0,0,0,0,0,0,0,0,1,0,1,0,0,0,0,0,0,1,0,0,0,0,0,0,0,0,0,0,0,0,0,0,0,0,0,0,0,0,0,0,1,0,0,0,0,0,0,0,0,0,0,0,0,0,0,0,0,0,0,,0,0,0,,0,0,0,0,0,0,0,0,0,0,0,0,0,0,0,0,0,0,0,0,0,0,0,0,0,0,0,0,0,0,0,0,0,0,1,0,0,0,0,0,0,0,0,0,0,0,0,0,0,0,0,0,0,0,FALSE,FALSE,FALSE,Short Right,Short,Short Right,Short,
Beeches - White,10,4/18/2026,Beeches,Beeches - White 10,,Jake,,Jake - Beeches - White - 4/18/2026,Jake – Beeches – 4/18/26,,5,6,,,checked,,,checked,checked,110,Driver,GW,,,,,,,,,,,,,,,,,,,,,↗️ Long Right,,52,↘️ Short Right,3,5,15,5,,,,,White,525,1,1,69.8,69.8,126,18 Holes,52,,,52,0,0,5,1,0,,,1,6,5,Bogey,1,Jake – Beeches – 4/18/26,1,1,0,Jake,1,100%,1,0,0,0,0,1,0,0,0,0,0,0,0,0,0,0,0,0,0,0,1,0,0,0,0,0,0,0,0,0,0,0,0,0,0,0,0,0,0,0,0,0,0,0,0,1,0,0,0,0,0,0,0,0,1,,,,,,,,,,1,0,0,0,0,0,0,1,0,0,0,0,0,0,1,1,0,1,0,1,0,0,0,0,0,0,0,0,0,0,0,0,0,0,0,0,1,0,0,0,0,0,0,0,0,0,0,0,0,0,1,0,0,0,0,0,1,0,1,0,0,0,0,0,0,0,0,,0,0,0,,0,0,0,0,0,0,0,0,0,0,0,0,0,0,0,0,0,0,0,0,0,0,0,0,0,0,0,0,0,0,0,0,0,0,0,0,0,0,0,0,0,0,1,0,0,0,0,0,0,0,0,0,0,0,TRUE,TRUE,TRUE,,Short Right,,Long Right,
Beeches - White,11,4/18/2026,Beeches,Beeches - White 11,,Jake,,Jake - Beeches - White - 4/18/2026,Jake – Beeches – 4/18/26,,4,4,,,,,➡️ Right,checked,checked,109,Driver,54,,,,,,,,,,,,,,,,,,,,,↘️ Short Right,,55,⬅️ Hole High Left,2,4,4,,,,,,White,304,9,0,69.8,69.8,126,18 Holes,55,,55,,0,0,4,0,0,,,1,4,4,Par,0,Jake – Beeches – 4/18/26,1,1,0,Jake,1,0%,0,0,0,0,1,0,0,0,0,0,0,0,0,0,0,0,0,0,0,1,0,0,0,0,0,0,0,0,0,0,0,0,0,0,0,0,0,0,1,0,0,0,0,0,0,0,0,0,0,0,0,0,0,0,1,,,0,,,,,,,,0,0,1,0,0,0,0,0,0,0,1,0,0,0,0,0,0,0,0,0,0,0,0,0,0,0,0,0,1,0,0,0,0,0,0,0,0,0,0,0,0,0,0,0,0,0,0,0,1,0,0,0,0,0,1,0,0,0,0,0,0,0,0,0,0,0,,0,0,0,,0,0,0,0,0,0,0,0,0,0,0,0,0,0,0,0,0,0,0,0,0,0,0,1,0,0,0,0,0,0,0,0,0,0,0,0,0,0,0,0,0,0,0,0,0,0,0,0,0,0,0,0,0,0,FALSE,TRUE,TRUE,,Hole High Left,Right,Short Right,
Beeches - White,12,4/18/2026,Beeches,Beeches - White 12,,Jake,,Jake - Beeches - White - 4/18/2026,Jake – Beeches – 4/18/26,,4,5,,,,,⬅️ Left,,,144,Driver,8,⬆️ Long,,,,,,,,,,,,,,,1,58 Degree Wedge,,,,➡️ High Side Right,,18,⬇️ Short,2,3,3,,,,,,White,337,13,1,69.8,69.8,126,18 Holes,,,,,0,0,4,1,0,,,1,5,4,Bogey,0,Jake – Beeches – 4/18/26,0,0,0,Jake,1,0%,0,0,0,0,0,1,0,0,1,1,0,0,0,0,1,0,0,0,0,1,0,0,0,0,0,0,0,0,0,0,0,0,0,0,0,0,0,0,0,1,0,0,0,0,0,0,0,0,0,0,0,0,0,0,1,,,,,1,,,,,,0,0,0,1,0,0,0,0,0,0,0,1,0,0,0,1,0,1,0,1,0,0,0,0,0,0,0,0,0,1,0,0,0,0,0,0,0,0,0,0,0,0,0,0,0,0,0,0,0,1,0,0,0,0,0,0,0,0,0,0,0,0,0,0,0,0,,0,0,0,,0,0,0,0,0,0,0,0,0,0,0,0,0,0,0,0,0,0,0,0,0,0,0,0,1,0,0,0,0,0,0,0,0,0,0,0,0,0,0,0,0,0,0,0,0,0,0,0,0,0,0,0,0,0,FALSE,FALSE,FALSE,Long,Short,Left,High Side Right,
Beeches - White,13,4/18/2026,Beeches,Beeches - White 13,,Jake,,Jake - Beeches - White - 4/18/2026,Jake – Beeches – 4/18/26,,4,5,,,checked,,,,,88,Driver,58,⬇️ Short,,,,,,,,,,,,,,,1,58 Degree Wedge,,,,➡️ High Side Right,,9,➡️ Hole High Right,2,1,1,,,,,,White,354,7,1,69.8,69.8,126,18 Holes,,,,,1,0,4,1,0,,,1,5,4,Bogey,1,Jake – Beeches – 4/18/26,0,0,0,Jake,1,100%,0,0,0,0,0,1,0,0,1,1,1,0,0,0,1,0,0,0,0,1,0,0,0,0,0,0,0,0,0,0,0,0,0,0,0,0,0,0,0,1,0,0,0,0,0,0,0,0,0,0,0,0,0,0,1,,,,1,,,,,,,0,0,0,0,1,0,0,0,0,0,0,0,1,0,0,0,0,0,0,0,0,0,0,0,0,0,0,0,0,1,0,0,0,0,0,0,0,0,0,0,0,0,0,0,0,0,0,0,0,0,0,0,0,1,0,0,1,0,0,0,0,0,0,0,0,0,,0,0,0,,0,0,0,0,0,0,0,0,0,0,0,0,0,0,0,0,0,0,0,0,0,0,0,0,1,0,0,0,0,0,0,0,0,0,0,0,0,0,0,0,0,0,0,0,0,0,0,0,0,0,0,0,0,0,TRUE,FALSE,FALSE,Short,Hole High Right,,High Side Right,
Beeches - White,14,4/18/2026,Beeches,Beeches - White 14,,Jake,,Jake - Beeches - White - 4/18/2026,Jake – Beeches – 4/18/26,,4,5,,,,,➡️ Right,,,109,Driver,54,⬅️ Left,,,,,,,,,,,,,,,1,58 Degree Wedge,,,,⬅️ High Side Left,,10,➡️ Hole High Right,2,1,1,,,,,,White,349,15,1,69.8,69.8,126,18 Holes,,,,,1,0,4,1,0,,,1,5,4,Bogey,0,Jake – Beeches – 4/18/26,0,0,0,Jake,1,0%,0,0,0,0,0,1,0,0,1,1,1,0,0,0,1,0,0,0,0,1,0,0,0,0,0,0,0,0,0,0,0,0,0,0,0,0,0,0,0,1,0,0,0,0,0,0,0,0,0,0,0,0,0,0,1,,,,,1,,,,,,0,0,0,1,0,0,0,0,0,0,0,1,0,0,0,1,0,1,0,1,0,0,0,0,0,0,0,0,0,1,0,0,0,0,0,0,0,0,0,0,0,0,0,0,0,0,0,0,0,0,0,0,0,1,0,0,0,0,0,0,0,0,0,0,0,0,,0,0,0,,0,0,0,0,0,0,0,0,0,0,0,0,0,0,0,0,0,0,0,0,0,0,0,0,1,0,0,0,0,0,0,0,0,0,0,0,0,0,0,0,0,0,0,0,0,0,0,0,0,0,0,0,0,0,FALSE,FALSE,FALSE,Left,Hole High Right,Right,High Side Left,
Beeches - White,15,4/18/2026,Beeches,Beeches - White 15,,Jake,,Jake - Beeches - White - 4/18/2026,Jake – Beeches – 4/18/26,,3,3,,,,,,checked,checked,166,7,7,,,,,,,,,,,,,,,,,,,,,⬇️ Short,,33,➡️ Hole High Right,2,4,4,,,,,,White,155,11,0,69.8,69.8,126,18 Holes,33,33,,,0,0,3,0,0,,,1,3,3,Par,0,Jake – Beeches – 4/18/26,1,1,0,Jake,0,N/A,0,0,0,0,1,0,0,0,0,0,0,0,0,0,0,0,0,0,0,1,0,0,0,1,0,0,0,0,0,0,0,0,0,0,0,0,0,0,1,0,0,0,0,0,0,0,0,0,0,0,0,0,0,0,1,0,,,,,,,,,,1,0,0,0,0,0,0,0,0,0,0,0,0,0,1,0,1,0,0,0,0,0,1,0,0,0,0,0,0,0,0,0,0,0,0,0,0,0,0,0,0,0,0,0,0,0,0,0,0,0,0,0,1,0,0,0,0,0,0,0,0,0,0,0,0,0,,0,0,0,,0,0,0,0,0,0,0,0,0,0,0,0,0,0,0,0,0,0,1,0,0,0,0,0,0,0,0,0,0,0,0,0,0,0,0,0,0,0,0,0,0,0,0,0,0,0,0,0,0,0,0,0,0,0,FALSE,TRUE,TRUE,,Hole High Right,,Short,
Beeches - White,16,4/18/2026,Beeches,Beeches - White 16,,Jake,,Jake - Beeches - White - 4/18/2026,Jake – Beeches – 4/18/26,,5,6,checked,,,,➡️ Right,,,134,Driver,9,⬇️ Short,,,,,,,,,,,,,,,1,58 Degree Wedge,,,,⬇️ Short,,20,⬇️ Short,2,3,3,,,,,,White,484,3,1,69.8,69.8,126,18 Holes,,,,,0,0,5,1,0,,,1,6,5,Bogey,0,Jake – Beeches – 4/18/26,0,0,0,Jake,1,0%,0,0,0,0,0,1,0,0,1,1,0,0,0,0,1,0,0,0,0,1,0,0,0,0,0,0,0,0,0,0,0,0,0,0,0,0,0,0,0,1,0,0,0,0,0,0,0,0,0,0,0,0,0,0,1,,,,,,,,,1,,0,0,0,0,0,0,0,0,0,1,0,1,0,0,0,1,0,1,0,1,0,0,0,0,0,0,0,0,0,0,0,0,0,0,0,1,0,0,0,0,0,0,0,0,0,0,1,0,0,0,0,0,0,0,0,0,0,0,0,0,0,0,0,0,0,0,,0,0,0,,0,0,0,0,0,0,0,0,0,0,0,0,0,0,0,0,0,0,0,0,0,0,0,0,0,0,0,0,0,0,1,0,0,0,0,0,0,0,0,0,0,0,0,0,0,0,0,0,0,0,0,0,0,0,FALSE,FALSE,FALSE,Short,Short,Right,Short,
Beeches - White,17,4/18/2026,Beeches,Beeches - White 17,,Jake,,Jake - Beeches - White - 4/18/2026,Jake – Beeches – 4/18/26,,3,4,,,,,,checked,checked,136,9,9,,,,,,,,,,,,,,,,,,,,,⬇️ Short,,45,↘️ Short Right,3,3,30,3,,,,,White,134,17,1,69.8,69.8,126,18 Holes,45,45,,,0,0,3,1,0,,,1,4,3,Bogey,0,Jake – Beeches – 4/18/26,1,1,0,Jake,0,N/A,0,0,0,0,0,1,0,0,0,0,0,0,0,0,0,0,0,0,0,0,1,0,0,0,0,0,0,0,0,0,0,0,0,0,0,0,0,0,0,0,0,0,0,0,0,1,0,0,0,0,0,0,0,0,1,1,,,,,,,,,,1,0,0,0,0,0,0,0,0,0,0,0,0,0,1,0,1,0,0,0,0,0,0,1,0,0,0,0,0,0,0,0,0,0,0,0,0,0,0,0,0,0,0,0,0,0,1,0,0,0,0,0,0,0,0,0,0,0,0,0,0,0,0,0,0,0,,0,0,0,,0,0,0,0,0,0,0,0,0,0,0,0,0,0,0,0,0,0,0,0,0,0,0,0,0,0,0,0,0,0,0,0,0,1,0,0,0,0,0,0,0,0,0,0,0,0,0,0,0,0,0,0,0,0,FALSE,TRUE,TRUE,,Short Right,,Short,
Beeches - White,18,4/18/2026,Beeches,Beeches - White 18,,Jake,,Jake - Beeches - White - 4/18/2026,Jake – Beeches – 4/18/26,,4,5,,,checked,,,checked,checked,169,Driver,7,,,,,,,,,,,,,,,,,,,,,⬆️ Long,,60,⬇️ Short,3,1,15,1,,,,,White,382,5,1,69.8,69.8,126,18 Holes,60,,60,,0,0,4,1,0,,,1,5,4,Bogey,1,Jake – Beeches – 4/18/26,1,1,0,Jake,1,100%,1,0,0,0,0,1,0,0,0,0,0,0,0,0,0,0,0,0,0,0,1,0,0,0,0,0,0,0,0,0,0,0,0,0,0,0,0,0,0,0,0,0,0,0,0,1,0,0,0,0,0,0,0,0,1,,,,,,1,,,,,0,0,0,0,0,1,0,0,0,0,0,0,0,1,1,0,1,0,1,0,0,0,0,0,0,0,0,0,0,1,0,0,0,0,0,0,0,0,0,0,0,0,0,0,0,0,1,0,0,0,0,0,0,0,1,0,1,0,0,0,0,0,0,0,0,0,,0,0,0,,0,0,0,0,0,0,0,0,0,0,0,0,0,0,0,0,0,0,0,0,0,0,0,0,0,0,0,0,0,0,0,0,0,0,0,0,0,1,0,0,0,0,0,0,0,0,0,0,0,0,0,0,0,0,TRUE,TRUE,TRUE,,Short,,Long,
Gardner - White,1,4/19/2026,Gardner,Gardner White 1,,Brent,,Brent - Gardner - White - 4/19/2026,Brent – Gardner – 4/19/26,,4,4,,,,,,,,140,Driver,9,⬆️ Long,10,,,,,,,,,,,,,,,,,,,,,3,,1,3,,,,,,,White,364,9,0,70.8,70.8,114,Custom,,,,,1,1,4,0,1,4,4,0,,,Par,0,Brent – Gardner – 4/19/26,0,0,0,Brent,1,0%,0,0,0,0,1,0,0,0,0,0,0,0,0,0,1,1,1,0,1,0,0,0,0,0,0,0,1,0,0,0,0,0,1,0,0,0,0,0,0,0,0,0,0,0,0,0,0,0,0,0,0,0,0,0,1,,,,,0,,,,,,0,0,0,1,0,0,0,0,0,0,0,1,0,0,0,1,0,1,0,1,0,0,0,0,0,0,0,0,1,0,0,0,0,0,0,0,0,0,0,0,1,1,0,0,1,0,0,0,0,0,0,0,0,0,0,0,0,0,0,0,0,0,0,0,0,0,,0,1,0,,0,0,0,0,0,0,0,1,0,0,0,0,0,0,0,0,0,0,0,0,0,0,0,0,0,0,0,0,0,0,0,0,0,0,0,0,0,0,0,0,0,0,0,0,0,0,0,0,0,0,0,0,0,0,FALSE,FALSE,FALSE,Long,,,,
Gardner - White,2,4/19/2026,Gardner,Gardner White 2,,Brent,,Brent - Gardner - White - 4/19/2026,Brent – Gardner – 4/19/26,,5,6,,,,,,,,106,Driver,56,⬇️ Short,10,,,,,,,,,,,,,,,,,,,,,5,,2,1,1,,,,,,White,473,15,1,70.8,70.8,114,Custom,,,,,1,0,5,1,1,6,5,0,,,Bogey,0,Brent – Gardner – 4/19/26,0,0,0,Brent,1,0%,0,0,0,0,0,1,0,0,0,0,0,0,0,0,1,0,0,0,0,1,0,0,0,0,0,0,0,0,0,0,0,0,0,0,0,0,0,0,0,1,0,0,0,0,0,0,0,0,0,0,0,0,0,0,1,,,,,,,,,1,,0,0,0,0,0,0,0,0,0,1,0,1,0,0,0,1,0,1,0,1,0,0,0,0,0,0,0,0,0,0,0,0,0,0,0,1,0,0,0,0,0,0,0,0,0,1,0,0,0,0,0,0,0,0,0,0,0,0,0,0,0,0,0,0,0,0,,0,0,0,,0,0,0,0,0,0,0,0,0,0,0,0,0,0,0,0,0,0,0,0,0,0,0,0,0,0,0,0,0,0,1,0,0,0,0,0,0,0,0,0,0,0,0,0,0,0,0,0,0,0,0,0,0,0,FALSE,FALSE,FALSE,Short,,,,
Gardner - White,3,4/19/2026,Gardner,Gardner White 3,,Brent,,Brent - Gardner - White - 4/19/2026,Brent – Gardner – 4/19/26,,4,6,,,,,,,,139,Driver,9,⬇️ Short,60,,,,,,,,,1,9 Iron,Hazard - Water,,,,,,,,,,13,,2,3,3,,,,,,White,389,13,2,70.8,70.8,114,Custom,,,,,0,0,4,2,1,6,4,0,,,Double Bogey,0,Brent – Gardner – 4/19/26,0,0,0,Brent,1,0%,0,0,0,0,0,0,1,0,0,0,0,0,0,0,1,0,0,0,0,1,0,0,0,0,0,0,0,0,0,0,0,0,0,0,0,0,0,0,0,0,1,0,0,0,0,0,0,0,0,0,0,0,0,0,1,,,,,2,,,,,,0,0,0,1,0,0,0,0,0,0,0,1,0,0,0,1,0,1,0,1,0,0,0,0,0,0,0,0,0,0,1,0,0,0,0,0,0,0,0,0,0,0,0,0,0,1,0,0,0,0,0,0,0,0,0,0,0,0,0,0,0,0,0,0,0,0,,0,0,0,,0,0,0,0,0,0,0,0,0,0,0,0,0,0,0,0,0,0,0,0,0,0,0,0,0,1,0,0,0,0,0,0,0,0,0,0,0,0,0,0,0,0,0,0,0,0,0,0,0,0,0,0,0,0,FALSE,FALSE,FALSE,Short,,,,
Gardner - White,4,4/19/2026,Gardner,Gardner White 4,,Brent,,Brent - Gardner - White - 4/19/2026,Brent – Gardner – 4/19/26,,3,4,,,,,,checked,checked,144,8,8,,,,,,,,,,,,,,,,,,,,,,,35,⬆️ Long,3,0.1,4,0.1,,,,,White,138,11,1,70.8,70.8,114,Custom,35,35,,,0,0,3,1,1,4,3,0,,,Bogey,0,Brent – Gardner – 4/19/26,1,1,0,Brent,0,N/A,0,0,0,0,0,1,0,0,0,0,0,0,0,0,0,0,0,0,0,0,1,0,0,0,0,0,0,0,0,0,0,0,0,0,0,0,0,0,0,0,0,0,0,0,0,1,0,0,0,0,0,0,0,0,1,1,,,,,,,,,,1,0,0,0,0,0,0,0,0,0,0,0,0,0,1,0,1,0,0,0,0,0,0,1,0,0,0,0,0,0,0,0,0,0,0,0,0,0,0,0,0,0,0,0,0,0,0,0,0,0,0,1,0,0,0,0,0,0,0,0,0,0,0,0,0,0,,0,0,0,,0,0,0,0,0,0,0,0,0,0,0,0,0,0,0,0,0,0,0,0,0,0,0,0,0,0,0,0,0,0,0,0,0,1,0,0,0,0,0,0,0,0,0,0,0,0,0,0,0,0,0,0,0,0,FALSE,TRUE,TRUE,,Long,,,
Gardner - White,5,4/19/2026,Gardner,Gardner White 5,,Brent,,Brent - Gardner - White - 4/19/2026,Brent – Gardner – 4/19/26,,4,4,,,,,,,,172,Driver,7,⬇️ Short,74,,,,,,,,,,,,,,,,,,,,,10,,1,10,,,,,,,White,366,3,0,70.8,70.8,114,Custom,,,,,1,1,4,0,1,4,4,0,,,Par,0,Brent – Gardner – 4/19/26,0,0,0,Brent,1,0%,0,0,0,0,1,0,0,0,0,0,0,0,0,0,1,1,1,0,1,0,0,0,0,0,0,0,1,0,0,0,0,0,1,0,0,0,0,0,0,0,0,0,0,0,0,0,0,0,0,0,0,0,0,0,1,,,,,0,,,,,,0,0,0,1,0,0,0,0,0,0,0,1,0,0,0,1,0,1,0,1,0,0,0,0,0,0,0,0,1,0,0,0,0,0,0,0,0,0,0,0,1,1,0,0,0,0,0,0,0,0,1,0,0,0,0,0,0,0,0,0,0,0,0,0,0,0,,0,1,0,,0,0,0,0,0,0,0,1,0,0,0,0,0,0,0,0,0,0,0,0,0,0,0,0,0,0,0,0,0,0,0,0,0,0,0,0,0,0,0,0,0,0,0,0,0,0,0,0,0,0,0,0,0,0,FALSE,FALSE,FALSE,Short,,,,
Gardner - White,6,4/19/2026,Gardner,Gardner White 6,,Brent,,Brent - Gardner - White - 4/19/2026,Brent – Gardner – 4/19/26,,5,5,,,,,,checked,checked,138,Driver,9,,,,,,,,,,,,,,,,,,,,,,,40,➡️ Hole High Right,2,3,3,,,,,,White,430,17,0,70.8,70.8,114,Custom,40,,,40,0,0,5,0,1,5,5,0,,,Par,0,Brent – Gardner – 4/19/26,1,1,0,Brent,1,0%,0,0,0,0,1,0,0,0,0,0,0,0,0,0,0,0,0,0,0,1,0,0,0,0,0,0,0,0,0,0,0,0,0,0,0,0,0,0,1,0,0,0,0,0,0,0,0,0,0,0,0,0,0,0,1,,,,,,,0,,,,0,0,0,0,0,0,0,0,1,0,1,0,0,0,0,0,0,0,0,0,0,0,0,0,0,0,0,0,0,0,0,0,0,0,1,0,0,0,0,0,0,0,0,0,0,0,0,0,0,0,1,0,0,0,0,1,0,0,0,0,0,0,0,0,0,0,,0,0,0,,0,0,0,0,0,0,0,0,0,0,0,0,0,0,0,0,0,0,0,0,0,0,0,0,0,0,0,0,0,1,0,0,0,0,0,0,0,0,0,0,0,0,0,0,0,0,0,0,0,0,0,0,0,0,FALSE,TRUE,TRUE,,Hole High Right,,,
Gardner - White,7,4/19/2026,Gardner,Gardner White 7,,Brent,,Brent - Gardner - White - 4/19/2026,Brent – Gardner – 4/19/26,,4,4,,,,,,checked,checked,175,Driver,7,,,,,,,,,,,,,,,,,,,,,,,25,➡️ Hole High Right,2,1,1,,,,,,White,404,5,0,70.8,70.8,114,Custom,25,,25,,0,0,4,0,1,4,4,0,,,Par,0,Brent – Gardner – 4/19/26,1,1,0,Brent,1,0%,0,0,0,0,1,0,0,0,0,0,0,0,0,0,0,0,0,0,0,1,0,0,0,0,0,0,0,0,0,0,0,0,0,0,0,0,0,0,1,0,0,0,0,0,0,0,0,0,0,0,0,0,0,0,1,,,0,,,,,,,,0,0,1,0,0,0,0,0,0,0,1,0,0,0,0,0,0,0,0,0,0,0,0,0,0,0,0,0,1,0,0,0,0,0,0,0,0,0,0,0,0,0,0,1,0,0,0,0,0,0,0,0,0,0,1,0,0,0,0,0,0,0,0,0,0,0,,0,0,0,,0,0,0,0,0,0,0,0,0,0,0,0,0,0,0,0,0,0,0,0,0,0,0,1,0,0,0,0,0,0,0,0,0,0,0,0,0,0,0,0,0,0,0,0,0,0,0,0,0,0,0,0,0,0,FALSE,TRUE,TRUE,,Hole High Right,,,
Gardner - White,8,4/19/2026,Gardner,Gardner White 8,,Brent,,Brent - Gardner - White - 4/19/2026,Brent – Gardner – 4/19/26,,3,4,,,,,,,,181,6,6,⬇️ Short,5,,,,,,,,,,,,,,,,,,,,,15,,2,1,1,,,,,,White,183,7,1,70.8,70.8,114,Custom,,,,,0,0,3,1,1,4,3,0,,,Bogey,0,Brent – Gardner – 4/19/26,0,0,0,Brent,0,N/A,0,0,0,0,0,1,0,0,0,0,0,0,0,0,1,0,0,0,0,1,0,0,0,0,0,0,0,0,0,0,0,0,0,0,0,0,0,0,0,1,0,0,0,0,0,0,0,0,0,0,0,0,0,0,1,,1,,,,,,,,,0,1,0,0,0,0,0,0,0,0,0,0,0,0,0,1,0,1,0,0,0,0,0,1,0,0,0,0,0,0,0,0,0,0,0,0,0,0,0,0,0,0,0,0,0,0,0,1,0,0,0,0,0,0,0,0,0,0,0,0,0,0,0,0,0,0,,0,0,0,,0,0,0,0,0,0,0,0,0,0,0,0,0,0,0,0,0,0,0,1,0,0,0,0,0,0,0,0,0,0,0,0,0,0,0,0,0,0,0,0,0,0,0,0,0,0,0,0,0,0,0,0,0,0,FALSE,FALSE,FALSE,Short,,,,
Gardner - White,9,4/19/2026,Gardner,Gardner White 9,,Brent,,Brent - Gardner - White - 4/19/2026,Brent – Gardner – 4/19/26,,4,6,,,,,,,,150,Driver,7,⬆️ Long,20,,,,,,,,,,,,,,,,,,,,,45,,2,5,5,,,,,,White,392,1,2,70.8,70.8,114,Custom,,,,,0,0,4,2,1,6,4,0,,,Double Bogey,0,Brent – Gardner – 4/19/26,0,0,0,Brent,1,0%,0,0,0,0,0,0,1,0,0,0,0,0,0,0,1,0,0,0,0,1,0,0,0,0,0,0,0,0,0,0,0,0,0,0,0,0,0,0,0,0,1,0,0,0,0,0,0,0,0,0,0,0,0,0,1,,,,,2,,,,,,0,0,0,1,0,0,0,0,0,0,0,1,0,0,0,1,0,1,0,1,0,0,0,0,0,0,0,0,0,0,1,0,0,0,0,0,0,0,0,0,0,0,0,0,0,0,0,1,0,0,0,0,0,0,0,0,0,0,0,0,0,0,0,0,0,0,,0,0,0,,0,0,0,0,0,0,0,0,0,0,0,0,0,0,0,0,0,0,0,0,0,0,0,0,0,1,0,0,0,0,0,0,0,0,0,0,0,0,0,0,0,0,0,0,0,0,0,0,0,0,0,0,0,0,FALSE,FALSE,FALSE,Long,,,,
Gardner - White,10,4/19/2026,Gardner,Gardner White 10,,Brent,,Brent - Gardner - White - 4/19/2026,Brent – Gardner – 4/19/26,,4,5,,,,,,,,173,Driver,7,⬆️ Long,20,,,,,,,,,,,,,,,,,,,,,15,,2,1,1,,,,,,White,415,10,1,70.8,70.8,114,Custom,,,,,0,0,4,1,0,,,1,5,4,Bogey,0,Brent – Gardner – 4/19/26,0,0,0,Brent,1,0%,0,0,0,0,0,1,0,0,0,0,0,0,0,0,1,0,0,0,0,1,0,0,0,0,0,0,0,0,0,0,0,0,0,0,0,0,0,0,0,1,0,0,0,0,0,0,0,0,0,0,0,0,0,0,1,,,,,1,,,,,,0,0,0,1,0,0,0,0,0,0,0,1,0,0,0,1,0,1,0,1,0,0,0,0,0,0,0,0,0,1,0,0,0,0,0,0,0,0,0,0,0,0,0,0,0,0,0,0,0,1,0,0,0,0,0,0,0,0,0,0,0,0,0,0,0,0,,0,0,0,,0,0,0,0,0,0,0,0,0,0,0,0,0,0,0,0,0,0,0,0,0,0,0,0,1,0,0,0,0,0,0,0,0,0,0,0,0,0,0,0,0,0,0,0,0,0,0,0,0,0,0,0,0,0,FALSE,FALSE,FALSE,Long,,,,
Gardner - White,11,4/19/2026,Gardner,Gardner White 11,,Brent,,Brent - Gardner - White - 4/19/2026,Brent – Gardner – 4/19/26,,5,4,,,,,,checked,checked,130,Driver,PW,,,checked,,,,,,,,,,,,,,,,,,,,40,↗️ Long Right,2,0.5,0.5,,,,,,White,416,18,-1,70.8,70.8,114,Custom,40,,,40,0,0,5,-1,0,,,1,4,5,Birdie,0,Brent – Gardner – 4/19/26,1,1,1,Brent,1,0%,0,0,0,1,0,0,0,0,0,0,0,0,0,0,0,0,0,0,0,1,0,0,0,0,0,0,0,1,0,0,0,0,0,0,0,0,0,1,0,0,0,0,0,0,0,0,0,0,0,0,0,0,0,0,1,,,,,,,-1,,,,0,0,0,0,0,0,0,0,1,0,1,0,0,0,0,0,0,0,0,0,0,0,0,0,0,0,0,0,0,0,0,0,0,1,0,0,0,0,0,0,0,0,0,0,0,0,0,0,1,0,0,0,0,0,0,1,0,0,0,0,0,0,0,0,0,0,,0,0,0,,0,0,0,0,0,0,0,0,0,0,0,0,0,0,0,0,0,0,0,0,0,0,0,0,0,0,0,0,1,0,0,0,0,0,0,0,0,0,0,0,0,0,0,0,0,0,0,0,0,0,0,0,0,0,FALSE,TRUE,TRUE,,Long Right,,,
Gardner - White,12,4/19/2026,Gardner,Gardner White 12,,Brent,,Brent - Gardner - White - 4/19/2026,Brent – Gardner – 4/19/26,,4,5,,,,,,,,170,Driver,7,⬆️ Long,10,,,,,,,,,,,,,,,,,,,,,15,,2,2,2,,,,,,White,357,8,1,70.8,70.8,114,Custom,,,,,0,0,4,1,0,,,1,5,4,Bogey,0,Brent – Gardner – 4/19/26,0,0,0,Brent,1,0%,0,0,0,0,0,1,0,0,0,0,0,0,0,0,1,0,0,0,0,1,0,0,0,0,0,0,0,0,0,0,0,0,0,0,0,0,0,0,0,1,0,0,0,0,0,0,0,0,0,0,0,0,0,0,1,,,,,1,,,,,,0,0,0,1,0,0,0,0,0,0,0,1,0,0,0,1,0,1,0,1,0,0,0,0,0,0,0,0,0,1,0,0,0,0,0,0,0,0,0,0,0,0,0,0,0,0,0,0,0,1,0,0,0,0,0,0,0,0,0,0,0,0,0,0,0,0,,0,0,0,,0,0,0,0,0,0,0,0,0,0,0,0,0,0,0,0,0,0,0,0,0,0,0,0,1,0,0,0,0,0,0,0,0,0,0,0,0,0,0,0,0,0,0,0,0,0,0,0,0,0,0,0,0,0,FALSE,FALSE,FALSE,Long,,,,
Gardner - White,13,4/19/2026,Gardner,Gardner White 13,,Brent,,Brent - Gardner - White - 4/19/2026,Brent – Gardner – 4/19/26,,3,3,,,,,,,,136,9,9,⬇️ Short,5,,,,,,,,,,,,,,,,,,,,,3,,1,3,,,,,,,White,138,14,0,70.8,70.8,114,Custom,,,,,1,1,3,0,0,,,1,3,3,Par,0,Brent – Gardner – 4/19/26,0,0,0,Brent,0,N/A,0,0,0,0,1,0,0,0,0,0,0,0,0,0,1,1,1,0,1,0,0,0,0,0,0,0,1,0,0,0,0,0,1,0,0,0,0,0,0,0,0,0,0,0,0,0,0,0,0,0,0,0,0,0,1,,0,,,,,,,,,0,1,0,0,0,0,0,0,0,0,0,0,0,0,0,1,0,1,0,0,0,0,1,0,0,0,0,0,0,0,0,0,0,0,0,0,0,0,0,0,1,1,0,0,0,0,0,0,0,0,0,0,1,0,0,0,0,0,0,0,0,0,0,0,0,0,,1,0,0,,0,1,0,0,0,0,0,0,0,0,0,0,0,0,0,0,0,0,0,0,0,0,0,0,0,0,0,0,0,0,0,0,0,0,0,0,0,0,0,0,0,0,0,0,0,0,0,0,0,0,0,0,0,0,FALSE,FALSE,FALSE,Short,,,,
Gardner - White,17,4/19/2026,Gardner,Gardner White 17,,Brent,,Brent - Gardner - White - 4/19/2026,Brent – Gardner – 4/19/26,,3,3,,,,,,,,155,8,8,⬇️ Short,5,,,,,,,,,,,,,,,,,,,,,2,,1,2,,,,,,,White,144,16,0,70.8,70.8,114,Custom,,,,,1,1,3,0,0,,,1,3,3,Par,0,Brent – Gardner – 4/19/26,0,0,0,Brent,0,N/A,0,0,0,0,1,0,0,0,0,0,0,0,0,0,1,1,1,0,1,0,0,0,0,0,0,0,1,0,0,0,0,0,1,0,0,0,0,0,0,0,0,0,0,0,0,0,0,0,0,0,0,0,0,0,1,,0,,,,,,,,,0,1,0,0,0,0,0,0,0,0,0,0,0,0,0,1,0,1,0,0,0,0,1,0,0,0,0,0,0,0,0,0,0,0,0,0,0,0,0,0,1,1,1,0,0,0,0,0,0,0,0,0,0,0,0,0,0,0,0,0,0,0,0,0,0,0,,1,0,0,,0,1,0,0,0,0,0,0,0,0,0,0,0,0,0,0,0,0,0,0,0,0,0,0,0,0,0,0,0,0,0,0,0,0,0,0,0,0,0,0,0,0,0,0,0,0,0,0,0,0,0,0,0,0,FALSE,FALSE,FALSE,Short,,,,
Gardner - White,18,4/19/2026,Gardner,Gardner White 18,,Brent,,Brent - Gardner - White - 4/19/2026,Brent – Gardner – 4/19/26,,4,5,,,checked,,,,,187,Driver,7,⬇️ Short,20,,,,,,,,,,,,,,,,,,,,,20,,2,6,6,,,,,,White,388,4,1,70.8,70.8,114,Custom,,,,,0,0,4,1,0,,,1,5,4,Bogey,1,Brent – Gardner – 4/19/26,0,0,0,Brent,1,100%,0,0,0,0,0,1,0,0,0,0,0,0,0,0,1,0,0,0,0,1,0,0,0,0,0,0,0,0,0,0,0,0,0,0,0,0,0,0,0,1,0,0,0,0,0,0,0,0,0,0,0,0,0,0,1,,,,1,,,,,,,0,0,0,0,1,0,0,0,0,0,0,0,1,0,0,0,0,0,0,0,0,0,0,0,0,0,0,0,0,1,0,0,0,0,0,0,0,0,0,0,0,0,0,0,0,0,1,0,0,0,0,0,0,0,0,0,1,0,0,0,0,0,0,0,0,0,,0,0,0,,0,0,0,0,0,0,0,0,0,0,0,0,0,0,0,0,0,0,0,0,0,0,0,0,1,0,0,0,0,0,0,0,0,0,0,0,0,0,0,0,0,0,0,0,0,0,0,0,0,0,0,0,0,0,TRUE,FALSE,FALSE,Short,,,,
Beeches - White,1,4/22/2026,Beeches,Beeches - White 1,,Jake,,Jake - Beeches - White - 4/22/2026,Jake – Beeches – 4/22/26,,4,5,,,,,⬅️ Left,,,138,Driver,PW,↗️ Long Right,6,,,,,,,,,,,,,,1,58 Degree Wedge,,,,➡️ High Side Right,,7,⬆️ Long,2,0.5,,,,,,,White,363,12,1,69.8,69.8,126,18 Holes,,,,,1,0,4,1,1,5,4,0,,,Bogey,0,Jake – Beeches – 4/22/26,0,0,0,Jake,1,0%,0,0,0,0,0,1,0,0,1,1,1,0,0,0,1,0,0,0,0,1,0,0,0,0,0,0,0,0,0,0,0,0,0,0,0,0,0,0,0,1,0,0,0,0,0,0,0,0,0,0,0,0,0,0,1,,,,,1,,,,,,0,0,0,1,0,0,0,0,0,0,0,1,0,0,0,1,0,1,0,1,0,0,0,0,0,0,0,0,0,1,0,0,0,0,0,0,0,0,0,0,0,0,0,0,0,1,0,0,0,0,0,0,0,0,0,0,0,0,0,0,0,0,0,0,0,0,,0,0,0,,0,0,0,0,0,0,0,0,0,0,0,0,0,0,0,0,0,0,0,0,0,0,0,0,1,0,0,0,0,0,0,0,0,0,0,0,0,0,0,0,0,0,0,0,0,0,0,0,0,0,0,0,0,0,FALSE,FALSE,FALSE,Long Right,Long,Left,High Side Right,
Beeches - White,2,4/22/2026,Beeches,Beeches - White 2,,Jake,,Jake - Beeches - White - 4/22/2026,Jake – Beeches – 4/22/26,,5,4,checked,,,,⬅️ Left,checked,checked,149,Driver,9,,,,,,260,7,,,,,,,,,,,,,,,,15,⬆️ Long,1,15,,,,,,,White,514,4,-1,69.8,69.8,126,18 Holes,15,,,15,0,0,5,-1,1,4,5,0,,,Birdie,0,Jake – Beeches – 4/22/26,1,1,0,Jake,1,0%,0,0,0,1,0,0,0,0,0,0,0,0,0,0,0,0,0,0,1,0,0,0,0,0,0,0,0,1,0,0,0,1,0,0,0,0,0,0,0,0,0,0,0,0,0,0,0,0,0,0,0,0,0,0,1,,,,,,,-1,,,,0,0,0,0,0,0,0,0,1,0,1,0,0,0,0,0,0,0,0,0,0,0,0,0,0,0,0,0,0,0,0,0,0,1,0,0,0,0,0,0,0,0,0,0,1,0,0,0,0,0,0,0,0,0,0,1,0,0,1,0,0,0,0,0,1,0,,0,0,0,,0,0,0,0,0,0,0,0,0,0,0,0,0,1,0,0,0,0,0,0,0,0,0,0,0,0,0,0,0,0,0,0,0,0,0,0,0,0,0,0,0,0,0,0,0,0,0,0,0,0,0,0,0,0,FALSE,TRUE,TRUE,,Long,Left,,
Beeches - White,3,4/22/2026,Beeches,Beeches - White 3,,Jake,,Jake - Beeches - White - 4/22/2026,Jake – Beeches – 4/22/26,,4,5,,,checked,,,checked,checked,34,Driver,58,,,,,,,,,,,,,,,,,,,,,⬆️ Long,,35,⬆️ Long,3,0.1,12,0.1,,,,,White,285,18,1,69.8,69.8,126,18 Holes,35,,35,,0,0,4,1,1,5,4,0,,,Bogey,1,Jake – Beeches – 4/22/26,1,1,0,Jake,1,100%,1,0,0,0,0,1,0,0,0,0,0,0,0,0,0,0,0,0,0,0,1,0,0,0,0,0,0,0,0,0,0,0,0,0,0,0,0,0,0,0,0,0,0,0,0,1,0,0,0,0,0,0,0,0,1,,,,,,1,,,,,0,0,0,0,0,1,0,0,0,0,0,0,0,1,1,0,1,0,1,0,0,0,0,0,0,0,0,0,0,1,0,0,0,0,0,0,0,0,0,0,0,0,0,0,0,1,0,0,0,0,0,0,0,0,1,0,1,0,0,0,0,0,0,0,0,0,,0,0,0,,0,0,0,0,0,0,0,0,0,0,0,0,0,0,0,0,0,0,0,0,0,0,0,0,0,0,0,0,0,0,0,0,0,0,0,0,0,1,0,0,0,0,0,0,0,0,0,0,0,0,0,0,0,0,TRUE,TRUE,TRUE,,Long,,Long,
Beeches - White,4,4/22/2026,Beeches,Beeches - White 4,,Jake,,Jake - Beeches - White - 4/22/2026,Jake – Beeches – 4/22/26,,4,3,,,,,⬅️ Left,checked,checked,120,Driver,GW,,,,,,,,,,,,,,,,,,,,,,,12,⬇️ Short,1,12,,,,,,,White,374,6,-1,69.8,69.8,126,18 Holes,12,,12,,0,0,4,-1,1,3,4,0,,,Birdie,0,Jake – Beeches – 4/22/26,1,1,0,Jake,1,0%,0,0,0,1,0,0,0,0,0,0,0,0,0,0,0,0,0,0,1,0,0,0,0,0,0,0,0,1,0,0,0,1,0,0,0,0,0,0,0,0,0,0,0,0,0,0,0,0,0,0,0,0,0,0,1,,,-1,,,,,,,,0,0,1,0,0,0,0,0,0,0,1,0,0,0,0,0,0,0,0,0,0,0,0,0,0,0,0,1,0,0,0,0,0,0,0,0,0,0,0,0,0,0,0,0,0,0,0,0,0,0,1,0,0,0,1,0,0,0,1,0,0,0,1,0,0,0,,0,0,0,,0,0,0,0,0,0,1,0,0,0,0,0,0,0,0,0,0,0,0,0,0,0,0,0,0,0,0,0,0,0,0,0,0,0,0,0,0,0,0,0,0,0,0,0,0,0,0,0,0,0,0,0,0,0,FALSE,TRUE,TRUE,,Short,Left,,
Beeches - White,5,4/22/2026,Beeches,Beeches - White 5,,Jake,,Jake - Beeches - White - 4/22/2026,Jake – Beeches – 4/22/26,,4,6,,,checked,,,,,175,Driver,7,➡️ Right,6,,,,,,,,,,,,,,2,58 Degree Wedge,,,,➡️ High Side Right,,8,⬇️ Short,2,0.1,0.1,,,,,,White,344,10,2,69.8,69.8,126,18 Holes,,,,,1,0,4,2,1,6,4,0,,,Double Bogey,1,Jake – Beeches – 4/22/26,0,0,0,Jake,1,100%,0,0,0,0,0,0,1,0,2,1,0,0,0,0,1,0,0,0,0,1,0,0,0,0,0,0,0,0,0,0,0,0,0,0,0,0,0,0,0,0,1,0,0,0,0,0,0,0,0,0,0,0,0,0,1,,,,2,,,,,,,0,0,0,0,1,0,0,0,0,0,0,0,1,0,0,0,0,0,0,0,0,0,0,0,0,0,0,0,0,0,1,0,0,0,0,0,0,0,0,0,0,0,0,0,0,0,0,0,0,0,0,1,0,0,0,0,1,0,0,0,0,0,0,0,0,0,,0,0,0,,0,0,0,0,0,0,0,0,0,0,0,0,0,0,0,0,0,0,0,0,0,0,0,0,0,1,0,0,0,0,0,0,0,0,0,0,0,0,0,0,0,0,0,0,0,0,0,0,0,0,0,0,0,0,TRUE,FALSE,FALSE,Right,Short,,High Side Right,
Beeches - White,6,4/22/2026,Beeches,Beeches - White 6,,Jake,,Jake - Beeches - White - 4/22/2026,Jake – Beeches – 4/22/26,,4,4,,,,,➡️ Right,checked,checked,138,Driver,Ptr,,,,,,,,,,,,,,,,,,,,,⬅️ High Side Left,,12,⬇️ Short,2,1,1,,,,,,White,364,8,0,69.8,69.8,126,18 Holes,12,,12,,0,0,4,0,1,4,4,0,,,Par,0,Jake – Beeches – 4/22/26,1,1,0,Jake,1,0%,0,0,0,0,1,0,0,0,0,0,0,0,0,0,0,0,0,0,0,1,0,0,0,0,0,0,0,0,0,0,0,0,0,0,0,0,0,0,1,0,0,0,0,0,0,0,0,0,0,0,0,0,0,0,1,,,0,,,,,,,,0,0,1,0,0,0,0,0,0,0,1,0,0,0,0,0,0,0,0,0,0,0,0,0,0,0,0,0,1,0,0,0,0,0,0,0,0,0,0,0,0,0,0,0,0,0,0,0,0,0,1,0,0,0,1,0,0,0,1,0,0,0,1,0,0,0,,0,0,0,,0,0,0,0,0,0,0,0,0,0,0,0,0,0,0,0,0,0,0,0,0,0,0,1,0,0,0,0,0,0,0,0,0,0,0,0,0,0,0,0,0,0,0,0,0,0,0,0,0,0,0,0,0,0,FALSE,TRUE,TRUE,,Short,Right,High Side Left,
Beeches - White,7,4/22/2026,Beeches,Beeches - White 7,,Jake,,Jake - Beeches - White - 4/22/2026,Jake – Beeches – 4/22/26,,3,5,,,,,➡️ Right,,,156,8,8,➡️ Right,10,,,,,,,,,,,,,1,1,58 Degree Wedge,,Putter,1,,,19,⬅️ Hole High Left,2,1,1,,,,,,White,156,16,2,69.8,69.8,126,18 Holes,,,,,0,0,3,2,1,5,3,0,,,Double Bogey,0,Jake – Beeches – 4/22/26,0,0,0,Jake,0,N/A,0,0,0,0,0,0,1,0,2,1,0,0,0,0,1,0,0,1,0,1,0,0,0,0,0,0,0,0,0,1,0,0,0,0,0,0,0,0,0,0,1,0,0,0,0,0,0,0,0,0,0,0,0,0,1,,2,,,,,,,,,0,1,0,0,0,0,0,0,0,0,0,0,0,0,0,1,0,1,0,0,0,0,0,0,1,0,0,0,0,0,0,0,0,0,0,0,0,0,0,0,0,0,0,0,0,0,0,1,0,0,0,0,0,0,0,0,0,0,0,0,0,0,0,0,0,0,,0,0,0,,0,0,0,0,0,0,0,0,0,0,0,0,0,0,0,0,0,0,0,0,1,0,0,0,0,0,0,0,0,0,0,0,0,0,0,0,0,0,0,0,0,0,0,0,0,0,0,0,0,0,0,0,0,0,FALSE,FALSE,FALSE,Right,Hole High Left,Right,,
Beeches - White,8,4/22/2026,Beeches,Beeches - White 8,,Jake,,Jake - Beeches - White - 4/22/2026,Jake – Beeches – 4/22/26,,5,5,,,,,↗️ Long Right,,,35,Driver,58,⬇️ Short,5,,,,240,4H,➡️ Right,,,,,,,,1,58 Degree Wedge,1,,,,58 Degree Wedge,12,⬇️ Short,1,12,,,,,,,White,502,2,0,69.8,69.8,126,18 Holes,,,,,0,0,5,0,1,5,5,0,,,Par,0,Jake – Beeches – 4/22/26,0,0,0,Jake,1,0%,0,0,0,0,1,0,0,0,1,1,0,0,0,0,1,1,1,0,1,0,0,0,0,0,0,0,1,0,0,0,0,0,1,0,0,0,0,0,0,0,0,0,0,0,0,0,0,0,0,0,0,0,0,0,1,,,,,,,,,0,,0,0,0,0,0,0,0,0,0,1,0,1,0,0,0,1,0,1,0,1,0,0,0,0,0,0,0,0,0,0,0,0,0,0,1,0,0,0,0,0,1,1,0,1,0,0,0,0,0,0,0,0,0,0,0,0,0,0,0,0,0,0,0,0,0,0,,0,0,1,,0,0,0,0,0,0,0,0,0,0,0,0,0,0,1,0,0,0,0,0,0,0,0,0,0,0,0,0,0,0,0,0,0,0,0,0,0,0,0,0,0,0,0,0,0,0,0,0,0,0,0,0,0,0,FALSE,FALSE,FALSE,Short,Short,Long Right,,
Beeches - White,9,4/22/2026,Beeches,Beeches - White 9,,Jake,,Jake - Beeches - White - 4/22/2026,Jake – Beeches – 4/22/26,,3,3,,,,,,checked,checked,167,7,7,,,,,,,,,,,,,,,,,,,,,,,30,➡️ Hole High Right,2,4,4,,,,,,White,175,14,0,69.8,69.8,126,18 Holes,30,30,,,0,0,3,0,1,3,3,0,,,Par,0,Jake – Beeches – 4/22/26,1,1,0,Jake,0,N/A,0,0,0,0,1,0,0,0,0,0,0,0,0,0,0,0,0,0,0,1,0,0,0,1,0,0,0,0,0,0,0,0,0,0,0,0,0,0,1,0,0,0,0,0,0,0,0,0,0,0,0,0,0,0,1,0,,,,,,,,,,1,0,0,0,0,0,0,0,0,0,0,0,0,0,1,0,1,0,0,0,0,0,1,0,0,0,0,0,0,0,0,0,0,0,0,0,0,0,0,0,0,0,0,1,0,0,0,0,0,0,0,0,0,0,0,0,0,0,0,0,0,0,0,0,0,0,,0,0,0,,0,0,0,0,0,0,0,0,0,0,0,0,0,0,0,0,0,0,1,0,0,0,0,0,0,0,0,0,0,0,0,0,0,0,0,0,0,0,0,0,0,0,0,0,0,0,0,0,0,0,0,0,0,0,FALSE,TRUE,TRUE,,Hole High Right,,,
Beeches - White,10,4/22/2026,Beeches,Beeches - White 10,,Jake,,Jake - Beeches - White - 4/22/2026,Jake – Beeches – 4/22/26,,5,6,,,checked,,,,,98,Driver,GW,⬇️ Short,40,,,,240,4H,⬅️ Left,,,,,,,,1,58 Degree Wedge,,,,,,25,⬇️ Short,2,4,4,,,,,,White,525,1,1,69.8,69.8,126,18 Holes,,,,,0,0,5,1,0,,,1,6,5,Bogey,1,Jake – Beeches – 4/22/26,0,0,0,Jake,1,100%,0,0,0,0,0,1,0,0,1,1,0,0,0,0,1,0,0,0,0,1,0,0,0,0,0,0,0,0,0,0,0,0,0,0,0,0,0,0,0,1,0,0,0,0,0,0,0,0,0,0,0,0,0,0,1,,,,,,,,1,,,0,0,0,0,0,0,0,1,0,0,0,0,1,0,0,0,0,0,0,0,0,0,0,0,0,0,0,0,0,0,0,0,0,0,0,1,0,0,0,0,0,0,0,0,0,0,0,0,0,1,0,0,0,0,0,0,0,1,0,0,0,0,0,0,0,0,,0,0,0,,0,0,0,0,0,0,0,0,0,0,0,0,0,0,0,0,0,0,0,0,0,0,0,0,0,0,0,0,0,0,1,0,0,0,0,0,0,0,0,0,0,0,0,0,0,0,0,0,0,0,0,0,0,0,TRUE,FALSE,FALSE,Short,Short,,,
Beeches - White,11,4/22/2026,Beeches,Beeches - White 11,,Jake,,Jake - Beeches - White - 4/22/2026,Jake – Beeches – 4/22/26,,4,5,,,,,⬅️ Left,,,45,Driver,58,⬇️ Short,2,,,,,,,,,,,,,,1,58 Degree Wedge,,,,,,18,⬆️ Long,2,1,1,,,,,,White,304,9,1,69.8,69.8,126,18 Holes,,,,,0,0,4,1,0,,,1,5,4,Bogey,0,Jake – Beeches – 4/22/26,0,0,0,Jake,1,0%,0,0,0,0,0,1,0,0,1,1,0,0,0,0,1,0,0,0,0,1,0,0,0,0,0,0,0,0,0,0,0,0,0,0,0,0,0,0,0,1,0,0,0,0,0,0,0,0,0,0,0,0,0,0,1,,,,,1,,,,,,0,0,0,1,0,0,0,0,0,0,0,1,0,0,0,1,0,1,0,1,0,0,0,0,0,0,0,0,0,1,0,0,0,0,0,0,0,0,0,0,0,0,0,0,0,0,0,0,0,1,0,0,0,0,0,0,0,0,0,0,0,0,0,0,0,0,,0,0,0,,0,0,0,0,0,0,0,0,0,0,0,0,0,0,0,0,0,0,0,0,0,0,0,0,1,0,0,0,0,0,0,0,0,0,0,0,0,0,0,0,0,0,0,0,0,0,0,0,0,0,0,0,0,0,FALSE,FALSE,FALSE,Short,Long,Left,,
Beeches - White,12,4/22/2026,Beeches,Beeches - White 12,,Jake,,Jake - Beeches - White - 4/22/2026,Jake – Beeches – 4/22/26,,4,5,,,,,➡️ Right,,,109,Driver,GW,⬆️ Long,1,,,,,,,,,,,,,,1,Putter,,,,,,35,↘️ Short Right,2,4,4,,,,,,White,337,13,1,69.8,69.8,126,18 Holes,,,,,0,0,4,1,0,,,1,5,4,Bogey,0,Jake – Beeches – 4/22/26,0,0,0,Jake,1,0%,0,0,0,0,0,1,0,0,1,1,0,0,0,0,1,0,0,0,0,1,0,0,0,0,0,0,0,0,0,0,0,0,0,0,0,0,0,0,0,1,0,0,0,0,0,0,0,0,0,0,0,0,0,0,1,,,,,1,,,,,,0,0,0,1,0,0,0,0,0,0,0,1,0,0,0,1,0,1,0,1,0,0,0,0,0,0,0,0,0,1,0,0,0,0,0,0,0,0,0,0,0,0,0,0,0,0,0,0,0,1,0,0,0,0,0,0,0,0,0,0,0,0,0,0,0,0,,0,0,0,,0,0,0,0,0,0,0,0,0,0,0,0,0,0,0,0,0,0,0,0,0,0,0,0,1,0,0,0,0,0,0,0,0,0,0,0,0,0,0,0,0,0,0,0,0,0,0,0,0,0,0,0,0,0,FALSE,FALSE,FALSE,Long,Short Right,Right,,
Beeches - White,13,4/22/2026,Beeches,Beeches - White 13,,Jake,,Jake - Beeches - White - 4/22/2026,Jake – Beeches – 4/22/26,,4,5,,,,,➡️ Right,,checked,120,Driver,GW,,,,,,,,,1,Driver,,,Hazard - Water,,,,,,,,,,40,⬅️ Hole High Left,2,4,4,,,,,,White,354,7,1,69.8,69.8,126,18 Holes,,,,,0,0,4,1,0,,,1,5,4,Bogey,0,Jake – Beeches – 4/22/26,0,1,0,Jake,1,0%,0,0,0,0,0,1,0,0,0,0,0,0,0,0,1,0,0,0,0,1,0,0,0,0,0,0,0,0,0,0,0,0,0,0,0,0,0,0,0,1,0,0,0,0,0,0,0,0,0,0,0,0,0,0,1,,,,,1,,,,,,0,0,0,1,0,0,0,0,0,0,0,1,0,0,0,1,0,1,0,1,0,0,0,0,0,0,0,0,0,1,0,0,0,0,0,0,0,0,0,0,0,0,0,0,0,0,0,0,0,0,0,0,0,1,0,0,0,0,0,0,0,0,0,0,0,0,,0,0,0,,0,0,0,0,0,0,0,0,0,0,0,0,0,0,0,0,0,0,0,0,0,0,0,0,1,0,0,0,0,0,0,0,0,0,0,0,0,0,0,0,0,0,0,0,0,0,0,0,0,0,0,0,0,0,FALSE,FALSE,TRUE,,Hole High Left,Right,,
Beeches - White,14,4/22/2026,Beeches,Beeches - White 14,,Jake,,Jake - Beeches - White - 4/22/2026,Jake – Beeches – 4/22/26,,4,5,,,,,➡️ Right,,,88,Driver,58,↖️ Long Left,15,,,,,,,,,,,,,,1,58 Degree Wedge,,,,,,30,⬅️ Hole High Left,2,4,4,,,,,,White,349,15,1,69.8,69.8,126,18 Holes,,,,,0,0,4,1,0,,,1,5,4,Bogey,0,Jake – Beeches – 4/22/26,0,0,0,Jake,1,0%,0,0,0,0,0,1,0,0,1,1,0,0,0,0,1,0,0,0,0,1,0,0,0,0,0,0,0,0,0,0,0,0,0,0,0,0,0,0,0,1,0,0,0,0,0,0,0,0,0,0,0,0,0,0,1,,,,,1,,,,,,0,0,0,1,0,0,0,0,0,0,0,1,0,0,0,1,0,1,0,1,0,0,0,0,0,0,0,0,0,1,0,0,0,0,0,0,0,0,0,0,0,0,0,0,0,0,0,0,0,0,0,0,0,1,0,0,0,0,0,0,0,0,0,0,0,0,,0,0,0,,0,0,0,0,0,0,0,0,0,0,0,0,0,0,0,0,0,0,0,0,0,0,0,0,1,0,0,0,0,0,0,0,0,0,0,0,0,0,0,0,0,0,0,0,0,0,0,0,0,0,0,0,0,0,FALSE,FALSE,FALSE,Long Left,Hole High Left,Right,,
Beeches - White,15,4/22/2026,Beeches,Beeches - White 15,,Jake,,Jake - Beeches - White - 4/22/2026,Jake – Beeches – 4/22/26,,3,3,,,,,,checked,checked,148,9,9,,,,,,,,,,,,,,,,,,,,,,,33,↘️ Short Right,2,3,3,,,,,,White,155,11,0,69.8,69.8,126,18 Holes,33,33,,,0,0,3,0,0,,,1,3,3,Par,0,Jake – Beeches – 4/22/26,1,1,0,Jake,0,N/A,0,0,0,0,1,0,0,0,0,0,0,0,0,0,0,0,0,0,0,1,0,0,0,1,0,0,0,0,0,0,0,0,0,0,0,0,0,0,1,0,0,0,0,0,0,0,0,0,0,0,0,0,0,0,1,0,,,,,,,,,,1,0,0,0,0,0,0,0,0,0,0,0,0,0,1,0,1,0,0,0,0,0,1,0,0,0,0,0,0,0,0,0,0,0,0,0,0,0,0,0,0,0,0,0,0,0,0,0,0,0,0,0,1,0,0,0,0,0,0,0,0,0,0,0,0,0,,0,0,0,,0,0,0,0,0,0,0,0,0,0,0,0,0,0,0,0,0,0,1,0,0,0,0,0,0,0,0,0,0,0,0,0,0,0,0,0,0,0,0,0,0,0,0,0,0,0,0,0,0,0,0,0,0,0,FALSE,TRUE,TRUE,,Short Right,,,
Beeches - White,16,4/22/2026,Beeches,Beeches - White 16,,Jake,,Jake - Beeches - White - 4/22/2026,Jake – Beeches – 4/22/26,,5,4,,,checked,,,checked,checked,35,Driver,58,,,,,,260,3W,➡️ Right,,,,,,,,,,,,,,,14,⬇️ Short,1,14,,,,,,,White,484,3,-1,69.8,69.8,126,18 Holes,14,,,14,0,0,5,-1,0,,,1,4,5,Birdie,1,Jake – Beeches – 4/22/26,1,1,0,Jake,1,100%,1,0,0,1,0,0,0,0,0,0,0,0,0,0,0,0,0,0,1,0,0,0,0,0,1,0,0,0,0,0,0,1,0,0,0,0,0,0,0,0,0,0,0,0,0,0,0,0,0,0,0,0,0,0,1,,,,,,,,,,-1,0,0,0,0,0,0,1,0,0,0,0,0,0,1,1,0,1,0,1,0,0,0,0,0,0,0,0,0,0,0,0,0,0,1,0,0,0,0,0,0,0,0,1,0,0,0,0,0,0,0,0,0,0,0,0,1,0,1,1,0,0,0,0,0,1,0,,0,0,0,,0,0,0,0,0,0,0,0,0,0,0,0,0,1,0,0,0,0,0,0,0,0,0,0,0,0,0,0,0,0,0,0,0,0,0,0,0,0,0,0,0,0,0,0,0,0,0,0,0,0,0,0,0,0,TRUE,TRUE,TRUE,,Short,,,
Beeches - White,17,4/22/2026,Beeches,Beeches - White 17,,Jake,,Jake - Beeches - White - 4/22/2026,Jake – Beeches – 4/22/26,,3,4,,,,,,checked,checked,144,PW,PW,,,,,,,,,,,,,,,,,,,,,⬇️ Short,,35,⬆️ Long,3,1,7,1,,,,,White,134,17,1,69.8,69.8,126,18 Holes,35,35,,,0,0,3,1,0,,,1,4,3,Bogey,0,Jake – Beeches – 4/22/26,1,1,0,Jake,0,N/A,0,0,0,0,0,1,0,0,0,0,0,0,0,0,0,0,0,0,0,0,1,0,0,0,0,0,0,0,0,0,0,0,0,0,0,0,0,0,0,0,0,0,0,0,0,1,0,0,0,0,0,0,0,0,1,1,,,,,,,,,,1,0,0,0,0,0,0,0,0,0,0,0,0,0,1,0,1,0,0,0,0,0,0,1,0,0,0,0,0,0,0,0,0,0,0,0,0,0,0,0,0,0,0,0,0,0,1,0,0,0,0,0,0,0,0,0,0,0,0,0,0,0,0,0,0,0,,0,0,0,,0,0,0,0,0,0,0,0,0,0,0,0,0,0,0,0,0,0,0,0,0,0,0,0,0,0,0,0,0,0,0,0,0,1,0,0,0,0,0,0,0,0,0,0,0,0,0,0,0,0,0,0,0,0,FALSE,TRUE,TRUE,,Long,,Short,
Beeches - White,18,4/22/2026,Beeches,Beeches - White 18,,Jake,,Jake - Beeches - White - 4/22/2026,Jake – Beeches – 4/22/26,,4,4,,,,,➡️ Right,checked,checked,140,Driver,PW,,,,,,,,,,,,,,,,,,,,,,,27,➡️ Hole High Right,2,1,1,,,,,,White,382,5,0,69.8,69.8,126,18 Holes,27,,27,,0,0,4,0,0,,,1,4,4,Par,0,Jake – Beeches – 4/22/26,1,1,0,Jake,1,0%,0,0,0,0,1,0,0,0,0,0,0,0,0,0,0,0,0,0,0,1,0,0,0,0,0,0,0,0,0,0,0,0,0,0,0,0,0,0,1,0,0,0,0,0,0,0,0,0,0,0,0,0,0,0,1,,,0,,,,,,,,0,0,1,0,0,0,0,0,0,0,1,0,0,0,0,0,0,0,0,0,0,0,0,0,0,0,0,0,1,0,0,0,0,0,0,0,0,0,0,0,0,0,1,0,0,0,0,0,0,0,0,0,0,0,1,0,0,0,0,0,0,0,0,0,0,0,,0,0,0,,0,0,0,0,0,0,0,0,0,0,0,0,0,0,0,0,0,0,0,0,0,0,0,1,0,0,0,0,0,0,0,0,0,0,0,0,0,0,0,0,0,0,0,0,0,0,0,0,0,0,0,0,0,0,FALSE,TRUE,TRUE,,Hole High Right,Right,,
Gardner - White,1,4/22/2026,Gardner,Gardner White 1,,Brent,,Brent - Gardner - White - 4/22/2026,Brent – Gardner – 4/22/26,,4,3,,,,,,checked,checked,145,Driver,9,,,,,,,,,,,,,,,,,,,,,,,17,,1,17,,,,,,,White,364,9,-1,70.8,70.8,114,Front 9,17,,17,,0,0,4,-1,1,3,4,0,,,Birdie,0,Brent – Gardner – 4/22/26,1,1,0,Brent,1,0%,0,0,0,1,0,0,0,0,0,0,0,0,0,0,0,0,0,0,1,0,0,0,0,0,0,0,0,1,0,0,0,1,0,0,0,0,0,0,0,0,0,0,0,0,0,0,0,0,0,0,0,0,0,0,1,,,-1,,,,,,,,0,0,1,0,0,0,0,0,0,0,1,0,0,0,0,0,0,0,0,0,0,0,0,0,0,0,0,1,0,0,0,0,0,0,0,0,0,0,0,0,0,0,0,0,1,0,0,0,0,0,0,0,0,0,1,0,0,0,1,0,0,0,1,0,0,0,,0,0,0,,0,0,0,0,0,0,1,0,0,0,0,0,0,0,0,0,0,0,0,0,0,0,0,0,0,0,0,0,0,0,0,0,0,0,0,0,0,0,0,0,0,0,0,0,0,0,0,0,0,0,0,0,0,0,FALSE,TRUE,TRUE,,,,,
Gardner - White,2,4/22/2026,Gardner,Gardner White 2,,Brent,,Brent - Gardner - White - 4/22/2026,Brent – Gardner – 4/22/26,,5,5,,,,,,,,145,Driver,9,⬆️ Long,15,,,,,,,,,,,,,,,,,,,,,20,,2,2,2,,,,,,White,473,15,0,70.8,70.8,114,Front 9,,,,,0,0,5,0,1,5,5,0,,,Par,0,Brent – Gardner – 4/22/26,0,0,0,Brent,1,0%,0,0,0,0,1,0,0,0,0,0,0,0,0,0,1,1,0,0,0,1,0,0,0,0,0,0,1,0,0,0,0,0,0,0,0,0,0,0,1,0,0,0,0,0,0,0,0,0,0,0,0,0,0,0,1,,,,,,,,,0,,0,0,0,0,0,0,0,0,0,1,0,1,0,0,0,1,0,1,0,1,0,0,0,0,0,0,0,0,0,0,0,0,0,0,1,0,0,0,0,0,1,0,0,0,1,0,0,0,0,0,0,0,0,0,0,0,0,0,0,0,0,0,0,0,0,0,,0,0,1,,0,0,0,0,0,0,0,0,0,0,0,0,0,0,0,0,0,0,0,0,0,0,0,0,0,0,0,0,0,1,0,0,0,0,0,0,0,0,0,0,0,0,0,0,0,0,0,0,0,0,0,0,0,0,FALSE,FALSE,FALSE,Long,,,,
Gardner - White,3,4/22/2026,Gardner,Gardner White 3,,Brent,,Brent - Gardner - White - 4/22/2026,Brent – Gardner – 4/22/26,,4,4,,,,,,,,147,Driver,9,⬅️ Left,10,,,,,,,,,,,,,,,,,,,,,20,,1,5,,,,,,,White,389,13,0,70.8,70.8,114,Front 9,,,,,0,0,4,0,1,4,4,0,,,Par,0,Brent – Gardner – 4/22/26,0,0,0,Brent,1,0%,0,0,0,0,1,0,0,0,0,0,0,0,0,0,1,1,1,0,1,0,0,0,0,0,0,0,1,0,0,0,0,0,1,0,0,0,0,0,0,0,0,0,0,0,0,0,0,0,0,0,0,0,0,0,1,,,,,0,,,,,,0,0,0,1,0,0,0,0,0,0,0,1,0,0,0,1,0,1,0,1,0,0,0,0,0,0,0,0,1,0,0,0,0,0,0,0,0,0,0,0,1,1,0,0,1,0,0,0,0,0,0,0,0,0,0,0,0,0,0,0,0,0,0,0,0,0,,0,1,0,,0,0,0,0,0,0,0,1,0,0,0,0,0,0,0,0,0,0,0,0,0,0,0,0,0,0,0,0,0,0,0,0,0,0,0,0,0,0,0,0,0,0,0,0,0,0,0,0,0,0,0,0,0,0,FALSE,FALSE,FALSE,Left,,,,
Gardner - White,4,4/22/2026,Gardner,Gardner White 4,,Brent,,Brent - Gardner - White - 4/22/2026,Brent – Gardner – 4/22/26,,3,4,,,,,,,,147,8,8,↘️ Short Right,15,,,,,,,,,,,,,,,,,,,,,20,,2,4,2,,,,,,White,138,11,1,70.8,70.8,114,Front 9,,,,,0,0,3,1,1,4,3,0,,,Bogey,0,Brent – Gardner – 4/22/26,0,0,0,Brent,0,N/A,0,0,0,0,0,1,0,0,0,0,0,0,0,0,1,0,0,0,0,1,0,0,0,0,0,0,0,0,0,0,0,0,0,0,0,0,0,0,0,1,0,0,0,0,0,0,0,0,0,0,0,0,0,0,1,,1,,,,,,,,,0,1,0,0,0,0,0,0,0,0,0,0,0,0,0,1,0,1,0,0,0,0,0,1,0,0,0,0,0,0,0,0,0,0,0,0,0,0,0,0,0,0,0,0,0,0,0,0,0,0,0,1,0,0,0,0,0,0,0,0,0,0,0,0,0,0,,0,0,0,,0,0,0,0,0,0,0,0,0,0,0,0,0,0,0,0,0,0,0,1,0,0,0,0,0,0,0,0,0,0,0,0,0,0,0,0,0,0,0,0,0,0,0,0,0,0,0,0,0,0,0,0,0,0,FALSE,FALSE,FALSE,Short Right,,,,
Gardner - White,5,4/22/2026,Gardner,Gardner White 5,,Brent,,Brent - Gardner - White - 4/22/2026,Brent – Gardner – 4/22/26,,4,4,,,,,,checked,checked,117,Driver,GW,,,,,,,,,,,,,,,,,,,,,,,10,,2,1,2,,,,,,White,366,3,0,70.8,70.8,114,Front 9,10,,10,,1,0,4,0,1,4,4,0,,,Par,0,Brent – Gardner – 4/22/26,1,1,0,Brent,1,0%,0,0,0,0,1,0,0,0,0,0,0,0,0,0,0,0,0,0,0,1,0,0,0,0,0,0,0,0,0,0,0,0,0,0,0,0,0,0,1,0,0,0,0,0,0,0,0,0,0,0,0,0,0,0,1,,,0,,,,,,,,0,0,1,0,0,0,0,0,0,0,1,0,0,0,0,0,0,0,0,0,0,0,0,0,0,0,0,0,1,0,0,0,0,0,0,0,0,0,0,0,0,0,0,0,0,0,0,0,0,0,1,0,0,0,1,0,0,0,1,1,0,0,1,1,0,0,,0,0,0,,0,0,0,0,0,0,0,0,0,0,0,0,0,0,0,0,0,0,0,0,0,0,0,1,0,0,0,0,0,0,0,0,0,0,0,0,0,0,0,0,0,0,0,0,0,0,0,0,0,0,0,0,0,0,FALSE,TRUE,TRUE,,,,,
Gardner - White,6,4/22/2026,Gardner,Gardner White 6,,Brent,,Brent - Gardner - White - 4/22/2026,Brent – Gardner – 4/22/26,,5,5,,,checked,,,checked,checked,15,Driver,56,,,,,,168,9,⬅️ Left,,,,,,,,,,,,,,,15,,2,1,2,,,,,,White,430,17,0,70.8,70.8,114,Front 9,15,,,15,0,0,5,0,1,5,5,0,,,Par,1,Brent – Gardner – 4/22/26,1,1,0,Brent,1,100%,1,0,0,0,1,0,0,0,0,0,0,0,0,0,0,0,0,0,0,1,0,0,0,1,0,0,0,0,0,0,0,0,0,0,0,0,0,0,1,0,0,0,0,0,0,0,0,0,0,0,0,0,0,0,1,,,,,,,,,,0,0,0,0,0,0,0,1,0,0,0,0,0,0,1,1,0,1,0,1,0,0,0,0,0,0,0,0,0,0,0,0,0,0,0,1,0,0,0,0,0,0,0,0,0,0,0,0,0,0,0,1,0,0,0,0,1,0,1,1,0,0,0,0,0,1,0,,0,0,0,,0,0,0,0,0,0,0,0,0,0,0,0,0,0,0,0,0,0,0,0,0,0,0,0,0,0,0,0,0,1,0,0,0,0,0,0,0,0,0,0,0,0,0,0,0,0,0,0,0,0,0,0,0,0,TRUE,TRUE,TRUE,,,,,
Gardner - White,7,4/22/2026,Gardner,Gardner White 7,,Brent,,Brent - Gardner - White - 4/22/2026,Brent – Gardner – 4/22/26,,4,5,,,,,,,,179,Driver,6,⬅️ Left,10,,,,,,,,,,,,,,,,,,,,,35,,2,2,2,,,,,,White,404,5,1,70.8,70.8,114,Front 9,,,,,0,0,4,1,1,5,4,0,,,Bogey,0,Brent – Gardner – 4/22/26,0,0,0,Brent,1,0%,0,0,0,0,0,1,0,0,0,0,0,0,0,0,1,0,0,0,0,1,0,0,0,0,0,0,0,0,0,0,0,0,0,0,0,0,0,0,0,1,0,0,0,0,0,0,0,0,0,0,0,0,0,0,1,,,,,1,,,,,,0,0,0,1,0,0,0,0,0,0,0,1,0,0,0,1,0,1,0,1,0,0,0,0,0,0,0,0,0,1,0,0,0,0,0,0,0,0,0,0,0,0,0,0,0,0,0,1,0,0,0,0,0,0,0,0,0,0,0,0,0,0,0,0,0,0,,0,0,0,,0,0,0,0,0,0,0,0,0,0,0,0,0,0,0,0,0,0,0,0,0,0,0,0,1,0,0,0,0,0,0,0,0,0,0,0,0,0,0,0,0,0,0,0,0,0,0,0,0,0,0,0,0,0,FALSE,FALSE,FALSE,Left,,,,
Gardner - White,8,4/22/2026,Gardner,Gardner White 8,,Brent,,Brent - Gardner - White - 4/22/2026,Brent – Gardner – 4/22/26,,3,4,,,,,,,,200,5W,5W,⬇️ Short,60,,,,,,,,,,,,,,,,,,,,,40,,2,4,2,,,,,,White,183,7,1,70.8,70.8,114,Front 9,,,,,0,0,3,1,1,4,3,0,,,Bogey,0,Brent – Gardner – 4/22/26,0,0,0,Brent,0,N/A,0,0,0,0,0,1,0,0,0,0,0,0,0,0,1,0,0,0,0,1,0,0,0,0,0,0,0,0,0,0,0,0,0,0,0,0,0,0,0,1,0,0,0,0,0,0,0,0,0,0,0,0,0,0,1,,1,,,,,,,,,0,1,0,0,0,0,0,0,0,0,0,0,0,0,0,1,0,1,0,0,0,0,0,1,0,0,0,0,0,0,0,0,0,0,0,0,0,0,0,0,0,0,0,0,0,0,0,1,0,0,0,0,0,0,0,0,0,0,0,0,0,0,0,0,0,0,,0,0,0,,0,0,0,0,0,0,0,0,0,0,0,0,0,0,0,0,0,0,0,1,0,0,0,0,0,0,0,0,0,0,0,0,0,0,0,0,0,0,0,0,0,0,0,0,0,0,0,0,0,0,0,0,0,0,FALSE,FALSE,FALSE,Short,,,,
Gardner - White,9,4/22/2026,Gardner,Gardner White 9,,Brent,,Brent - Gardner - White - 4/22/2026,Brent – Gardner – 4/22/26,,4,5,,,,,,checked,checked,123,Driver,GW,,,,,,,,,,,,,,,,,,,,,,,66,,3,2,6,2,,,,,White,392,1,1,70.8,70.8,114,Front 9,66,,66,,0,0,4,1,1,5,4,0,,,Bogey,0,Brent – Gardner – 4/22/26,1,1,0,Brent,1,0%,0,0,0,0,0,1,0,0,0,0,0,0,0,0,0,0,0,0,0,0,1,0,0,0,0,0,0,0,0,0,0,0,0,0,0,0,0,0,0,0,0,0,0,0,0,1,0,0,0,0,0,0,0,0,1,,,1,,,,,,,,0,0,1,0,0,0,0,0,0,0,1,0,0,0,0,0,0,0,0,0,0,0,0,0,0,0,0,0,0,1,0,0,0,0,0,0,0,0,0,0,0,0,0,0,0,0,0,1,0,0,0,0,0,0,1,0,0,0,0,0,0,0,0,0,0,0,,0,0,0,,0,0,0,0,0,0,0,0,0,0,0,0,0,0,0,0,0,0,0,0,0,0,0,0,0,0,0,0,0,0,0,0,0,0,0,0,0,1,0,0,0,0,0,0,0,0,0,0,0,0,0,0,0,0,FALSE,TRUE,TRUE,,,,,
Beeches - White,1,4/25/2026,Beeches,Beeches - White 1,,Jake,,Jake - Beeches - White - 4/25/2026,Jake – Beeches – 4/25/26,,4,5,,,,,➡️ Right,,,144,Driver,PW,⬅️ Left,6,,,,,,,,,,,,,1,1,58 Degree Wedge,,,,,,40,⬇️ Short,2,10,10,,,,,,White,363,12,1,69.8,69.8,126,18 Holes,,,,,0,0,4,1,1,5,4,0,,,Bogey,0,Jake – Beeches – 4/25/26,0,0,0,Jake,1,0%,0,0,0,0,0,1,0,0,1,1,0,0,0,0,1,0,0,1,0,1,0,0,0,0,0,0,0,0,0,1,0,0,0,0,0,0,0,0,0,1,0,0,0,0,0,0,0,0,0,0,0,0,0,0,1,,,,,1,,,,,,0,0,0,1,0,0,0,0,0,0,0,1,0,0,0,1,0,1,0,1,0,0,0,0,0,0,0,0,0,1,0,0,0,0,0,0,0,0,0,0,0,0,0,0,0,1,0,0,0,0,0,0,0,0,0,0,0,0,0,0,0,0,0,0,0,0,,0,0,0,,0,0,0,0,0,0,0,0,0,0,0,0,0,0,0,0,0,0,0,0,0,0,0,0,1,0,0,0,0,0,0,0,0,0,0,0,0,0,0,0,0,0,0,0,0,0,0,0,0,0,0,0,0,0,FALSE,FALSE,FALSE,Left,Short,Right,,
Beeches - White,2,4/25/2026,Beeches,Beeches - White 2,,Jake,,Jake - Beeches - White - 4/25/2026,Jake – Beeches – 4/25/26,,5,6,checked,,,,➡️ Right,,,88,Driver,58,⬆️ Long,1,,,,280,4H,,,,,,,,,1,58 Degree Wedge,,,,,,10,➡️ Hole High Right,2,1,1,,,,,,White,514,4,1,69.8,69.8,126,18 Holes,,,,,1,0,5,1,1,6,5,0,,,Bogey,0,Jake – Beeches – 4/25/26,0,0,0,Jake,1,0%,0,0,0,0,0,1,0,0,1,1,1,0,0,0,1,0,0,0,0,1,0,0,0,0,0,0,0,0,0,0,0,0,0,0,0,0,0,0,0,1,0,0,0,0,0,0,0,0,0,0,0,0,0,0,1,,,,,,,,,1,,0,0,0,0,0,0,0,0,0,1,0,1,0,0,0,1,0,1,0,1,0,0,0,0,0,0,0,0,0,0,0,0,0,0,0,1,0,0,0,0,0,0,0,0,0,1,0,0,0,0,0,0,0,0,0,0,0,0,0,0,0,0,0,0,0,0,,0,0,0,,0,0,0,0,0,0,0,0,0,0,0,0,0,0,0,0,0,0,0,0,0,0,0,0,0,0,0,0,0,0,1,0,0,0,0,0,0,0,0,0,0,0,0,0,0,0,0,0,0,0,0,0,0,0,FALSE,FALSE,FALSE,Long,Hole High Right,Right,,
Beeches - White,3,4/25/2026,Beeches,Beeches - White 3,,Jake,,Jake - Beeches - White - 4/25/2026,Jake – Beeches – 4/25/26,,4,4,,,checked,,,checked,checked,92,4,58,,,,,,,,,,,,,,,,,,,,,,,36,⬅️ Hole High Left,2,6,6,,,,,,White,285,18,0,69.8,69.8,126,18 Holes,36,,36,,0,0,4,0,1,4,4,0,,,Par,1,Jake – Beeches – 4/25/26,1,1,0,Jake,1,100%,1,0,0,0,1,0,0,0,0,0,0,0,0,0,0,0,0,0,0,1,0,0,0,1,0,0,0,0,0,0,0,0,0,0,0,0,0,0,1,0,0,0,0,0,0,0,0,0,0,0,0,0,0,0,1,,,,,,0,,,,,0,0,0,0,0,1,0,0,0,0,0,0,0,1,1,0,1,0,1,0,0,0,0,0,0,0,0,0,1,0,0,0,0,0,0,0,0,0,0,0,0,0,0,0,1,0,0,0,0,0,0,0,0,0,1,0,1,0,0,0,0,0,0,0,0,0,,0,0,0,,0,0,0,0,0,0,0,0,0,0,0,0,0,0,0,0,0,0,0,0,0,0,0,1,0,0,0,0,0,0,0,0,0,0,0,0,0,0,0,0,0,0,0,0,0,0,0,0,0,0,0,0,0,0,TRUE,TRUE,TRUE,,Hole High Left,,,
Beeches - White,4,4/25/2026,Beeches,Beeches - White 4,,Jake,,Jake - Beeches - White - 4/25/2026,Jake – Beeches – 4/25/26,,4,5,,,,,➡️ Right,checked,checked,169,Driver,7,,,,,,,,,,,,,,,,,,,,,⬆️ Long,,60,⬇️ Short,3,1,12,1,,,,,White,374,6,1,69.8,69.8,126,18 Holes,60,,60,,0,0,4,1,1,5,4,0,,,Bogey,0,Jake – Beeches – 4/25/26,1,1,0,Jake,1,0%,0,0,0,0,0,1,0,0,0,0,0,0,0,0,0,0,0,0,0,0,1,0,0,0,0,0,0,0,0,0,0,0,0,0,0,0,0,0,0,0,0,0,0,0,0,1,0,0,0,0,0,0,0,0,1,,,1,,,,,,,,0,0,1,0,0,0,0,0,0,0,1,0,0,0,0,0,0,0,0,0,0,0,0,0,0,0,0,0,0,1,0,0,0,0,0,0,0,0,0,0,0,0,0,0,0,0,0,0,0,0,0,1,0,0,1,0,0,0,0,0,0,0,0,0,0,0,,0,0,0,,0,0,0,0,0,0,0,0,0,0,0,0,0,0,0,0,0,0,0,0,0,0,0,0,0,0,0,0,0,0,0,0,0,0,0,0,0,1,0,0,0,0,0,0,0,0,0,0,0,0,0,0,0,0,FALSE,TRUE,TRUE,,Short,Right,Long,
Beeches - White,5,4/25/2026,Beeches,Beeches - White 5,,Jake,,Jake - Beeches - White - 4/25/2026,Jake – Beeches – 4/25/26,,4,4,,,,,➡️ Right,checked,checked,109,Driver,54,,,,,,,,,,,,,,1,,,,,,,,,55,⬆️ Long,2,5,5,,,,,,White,344,10,0,69.8,69.8,126,18 Holes,55,,55,,0,0,4,0,1,4,4,0,,,Par,0,Jake – Beeches – 4/25/26,1,1,0,Jake,1,0%,0,0,0,0,1,0,0,0,0,0,0,0,0,0,0,0,0,1,0,1,0,0,0,0,0,0,0,0,1,1,0,0,0,0,0,0,0,0,1,0,0,0,0,0,0,0,0,0,0,0,0,0,0,0,1,,,0,,,,,,,,0,0,1,0,0,0,0,0,0,0,1,0,0,0,0,0,0,0,0,0,0,0,0,0,0,0,0,0,1,0,0,0,0,0,0,0,0,0,0,0,0,0,0,0,0,0,0,0,0,0,1,0,0,0,1,0,0,0,0,0,0,0,0,0,0,0,,0,0,0,,0,0,0,0,0,0,0,0,0,0,0,0,0,0,0,0,0,0,0,0,0,0,0,1,0,0,0,0,0,0,0,0,0,0,0,0,0,0,0,0,0,0,0,0,0,0,0,0,0,0,0,0,0,0,FALSE,TRUE,TRUE,,Long,Right,,
Beeches - White,6,4/25/2026,Beeches,Beeches - White 6,,Jake,,Jake - Beeches - White - 4/25/2026,Jake – Beeches – 4/25/26,,4,4,,,checked,,,,,120,Driver,PW,⬇️ Short,1,,,,,,,,,,,,,,1,Putter,,,,,,3,Tight (3 feet or less) ,1,3,,,,,,,White,364,8,0,69.8,69.8,126,18 Holes,,,,,1,1,4,0,1,4,4,0,,,Par,1,Jake – Beeches – 4/25/26,0,0,0,Jake,1,100%,0,0,0,0,1,0,0,0,1,1,1,1,1,1,1,1,1,0,1,0,0,0,0,0,0,0,0,0,0,0,0,0,1,0,0,0,0,0,0,0,0,0,0,0,0,0,0,0,0,0,0,0,0,0,1,,,,0,,,,,,,0,0,0,0,1,0,0,0,0,0,0,0,1,0,0,0,0,0,0,0,0,0,0,0,0,0,0,0,1,0,0,0,0,0,0,0,0,0,0,0,1,1,0,0,0,0,0,0,0,0,1,0,0,0,0,0,1,0,0,0,0,0,0,0,0,0,,0,1,0,,0,0,0,0,0,0,0,1,0,0,0,0,0,0,0,0,0,0,0,0,0,0,0,0,0,0,0,0,0,0,0,0,0,0,0,0,0,0,0,0,0,0,0,0,0,0,0,0,0,0,0,0,0,0,TRUE,FALSE,FALSE,Short,Tight (3 feet or less),,,
Beeches - White,7,4/25/2026,Beeches,Beeches - White 7,,Jake,,Jake - Beeches - White - 4/25/2026,Jake – Beeches – 4/25/26,,3,4,,,,,⬅️ Left,,,166,9,9,⬅️ Left,10,,,,,,,,,,,,,1,1,58 Degree Wedge,,,,,,14,⬅️ Hole High Left,2,1,1,,,,,,White,156,16,1,69.8,69.8,126,18 Holes,,,,,0,0,3,1,1,4,3,0,,,Bogey,0,Jake – Beeches – 4/25/26,0,0,0,Jake,0,N/A,0,0,0,0,0,1,0,0,1,1,0,0,0,0,1,0,0,1,0,1,0,0,0,0,0,0,0,0,0,1,0,0,0,0,0,0,0,0,0,1,0,0,0,0,0,0,0,0,0,0,0,0,0,0,1,,1,,,,,,,,,0,1,0,0,0,0,0,0,0,0,0,0,0,0,0,1,0,1,0,0,0,0,0,1,0,0,0,0,0,0,0,0,0,0,0,0,0,0,0,0,0,0,0,0,0,0,0,1,0,0,0,0,0,0,0,0,0,0,0,0,0,0,0,0,0,0,,0,0,0,,0,0,0,0,0,0,0,0,0,0,0,0,0,0,0,0,0,0,0,1,0,0,0,0,0,0,0,0,0,0,0,0,0,0,0,0,0,0,0,0,0,0,0,0,0,0,0,0,0,0,0,0,0,0,FALSE,FALSE,FALSE,Left,Hole High Left,Left,,
Beeches - White,8,4/25/2026,Beeches,Beeches - White 8,,Jake,,Jake - Beeches - White - 4/25/2026,Jake – Beeches – 4/25/26,,5,6,checked,,,,➡️ Right,,checked,40,Driver,58,,,,,,235,7,,1,Driver,,,Hazard - Tall Grass,,,,,,,,,,40,↗️ Long Right,2,1,1,,,,,,White,502,2,1,69.8,69.8,126,18 Holes,,,,,0,0,5,1,1,6,5,0,,,Bogey,0,Jake – Beeches – 4/25/26,0,1,0,Jake,1,0%,0,0,0,0,0,1,0,0,0,0,0,0,0,0,1,0,0,0,0,1,0,0,0,0,0,0,0,0,0,0,0,0,0,0,0,0,0,0,0,1,0,0,0,0,0,0,0,0,0,0,0,0,0,0,1,,,,,,,,,1,,0,0,0,0,0,0,0,0,0,1,0,1,0,0,0,1,0,1,0,1,0,0,0,0,0,0,0,0,0,0,0,0,0,0,0,1,0,0,0,0,0,0,0,0,0,0,0,1,0,0,0,0,0,0,0,0,0,0,0,0,0,0,0,0,0,0,,0,0,0,,0,0,0,0,0,0,0,0,0,0,0,0,0,0,0,0,0,0,0,0,0,0,0,0,0,0,0,0,0,0,1,0,0,0,0,0,0,0,0,0,0,0,0,0,0,0,0,0,0,0,0,0,0,0,FALSE,FALSE,TRUE,,Long Right,Right,,
Beeches - White,9,4/25/2026,Beeches,Beeches - White 9,,Jake,,Jake - Beeches - White - 4/25/2026,Jake – Beeches – 4/25/26,,3,3,,,,,➡️ Right,,,170,6,6,↘️ Short Right,15,,,,,,,,,,,,,,1,58 Degree Wedge,,,,,,7,➡️ Hole High Right,1,7,,,,,,,White,175,14,0,69.8,69.8,126,18 Holes,,,,,1,1,3,0,1,3,3,0,,,Par,0,Jake – Beeches – 4/25/26,0,0,0,Jake,0,N/A,0,0,0,0,1,0,0,0,1,1,1,1,0,0,1,1,1,0,1,0,0,0,0,0,0,0,1,0,0,0,0,0,1,0,0,0,0,0,0,0,0,0,0,0,0,0,0,0,0,0,0,0,0,0,1,,0,,,,,,,,,0,1,0,0,0,0,0,0,0,0,0,0,0,0,0,1,0,1,0,0,0,0,1,0,0,0,0,0,0,0,0,0,0,0,0,0,0,0,0,0,1,1,0,1,0,0,0,0,0,0,0,0,0,0,0,0,0,0,0,0,0,0,0,0,0,0,,1,0,0,,0,1,0,0,0,0,0,0,0,0,0,0,0,0,0,0,0,0,0,0,0,0,0,0,0,0,0,0,0,0,0,0,0,0,0,0,0,0,0,0,0,0,0,0,0,0,0,0,0,0,0,0,0,0,FALSE,FALSE,FALSE,Short Right,Hole High Right,Right,,
Beeches - White,10,4/25/2026,Beeches,Beeches - White 10,,Jake,,Jake - Beeches - White - 4/25/2026,Jake – Beeches – 4/25/26,,5,4,checked,,,,➡️ Right,checked,checked,120,Driver,GW,,,,,,255,8,,,,,,,,,,,,,,,,15,➡️ Hole High Right,1,15,,,,,,,White,525,1,-1,69.8,69.8,126,18 Holes,15,,,15,0,0,5,-1,0,,,1,4,5,Birdie,0,Jake – Beeches – 4/25/26,1,1,0,Jake,1,0%,0,0,0,1,0,0,0,0,0,0,0,0,0,0,0,0,0,0,1,0,0,0,0,0,0,0,0,1,0,0,0,1,0,0,0,0,0,0,0,0,0,0,0,0,0,0,0,0,0,0,0,0,0,0,1,,,,,,,-1,,,,0,0,0,0,0,0,0,0,1,0,1,0,0,0,0,0,0,0,0,0,0,0,0,0,0,0,0,0,0,0,0,0,0,1,0,0,0,0,0,0,0,0,0,0,0,0,0,0,1,0,0,0,0,0,0,1,0,0,1,0,0,0,0,0,1,0,,0,0,0,,0,0,0,0,0,0,0,0,0,0,0,0,0,1,0,0,0,0,0,0,0,0,0,0,0,0,0,0,0,0,0,0,0,0,0,0,0,0,0,0,0,0,0,0,0,0,0,0,0,0,0,0,0,0,FALSE,TRUE,TRUE,,Hole High Right,Right,,
Beeches - White,11,4/25/2026,Beeches,Beeches - White 11,,Jake,,Jake - Beeches - White - 4/25/2026,Jake – Beeches – 4/25/26,,4,5,,,,,⬅️ Left,,,60,Driver,58,⬆️ Long,1,,,,,,,,,,,,,,1,Putter,,,,,,15,⬆️ Long,2,4,4,,,,,,White,304,9,1,69.8,69.8,126,18 Holes,,,,,0,0,4,1,0,,,1,5,4,Bogey,0,Jake – Beeches – 4/25/26,0,0,0,Jake,1,0%,0,0,0,0,0,1,0,0,1,1,0,0,0,0,1,0,0,0,0,1,0,0,0,0,0,0,0,0,0,0,0,0,0,0,0,0,0,0,0,1,0,0,0,0,0,0,0,0,0,0,0,0,0,0,1,,,,,1,,,,,,0,0,0,1,0,0,0,0,0,0,0,1,0,0,0,1,0,1,0,1,0,0,0,0,0,0,0,0,0,1,0,0,0,0,0,0,0,0,0,0,0,0,0,0,0,0,0,0,0,1,0,0,0,0,0,0,0,0,0,0,0,0,0,0,0,0,,0,0,0,,0,0,0,0,0,0,0,0,0,0,0,0,0,0,0,0,0,0,0,0,0,0,0,0,1,0,0,0,0,0,0,0,0,0,0,0,0,0,0,0,0,0,0,0,0,0,0,0,0,0,0,0,0,0,FALSE,FALSE,FALSE,Long,Long,Left,,
Beeches - White,12,4/25/2026,Beeches,Beeches - White 12,,Jake,,Jake - Beeches - White - 4/25/2026,Jake – Beeches – 4/25/26,,4,4,,,checked,,,checked,checked,124,Driver,PW,,,,,,,,,,,,,,,,,,,,,,,25,➡️ Hole High Right,2,3,3,,,,,,White,337,13,0,69.8,69.8,126,18 Holes,25,,25,,0,0,4,0,0,,,1,4,4,Par,1,Jake – Beeches – 4/25/26,1,1,0,Jake,1,100%,1,0,0,0,1,0,0,0,0,0,0,0,0,0,0,0,0,0,0,1,0,0,0,1,0,0,0,0,0,0,0,0,0,0,0,0,0,0,1,0,0,0,0,0,0,0,0,0,0,0,0,0,0,0,1,,,,,,0,,,,,0,0,0,0,0,1,0,0,0,0,0,0,0,1,1,0,1,0,1,0,0,0,0,0,0,0,0,0,1,0,0,0,0,0,0,0,0,0,0,0,0,0,0,0,0,0,0,0,1,0,0,0,0,0,1,0,1,0,0,0,0,0,0,0,0,0,,0,0,0,,0,0,0,0,0,0,0,0,0,0,0,0,0,0,0,0,0,0,0,0,0,0,0,1,0,0,0,0,0,0,0,0,0,0,0,0,0,0,0,0,0,0,0,0,0,0,0,0,0,0,0,0,0,0,TRUE,TRUE,TRUE,,Hole High Right,,,
Beeches - White,13,4/25/2026,Beeches,Beeches - White 13,,Jake,,Jake - Beeches - White - 4/25/2026,Jake – Beeches – 4/25/26,,4,5,,,checked,,,,,88,Driver,58,⬅️ Left,1,,,,,,,,,,,,,,1,Putter,,,,,,7,➡️ Hole High Right,2,1,1,,,,,,White,354,7,1,69.8,69.8,126,18 Holes,,,,,1,0,4,1,0,,,1,5,4,Bogey,1,Jake – Beeches – 4/25/26,0,0,0,Jake,1,100%,0,0,0,0,0,1,0,0,1,1,1,0,0,0,1,0,0,0,0,1,0,0,0,0,0,0,0,0,0,0,0,0,0,0,0,0,0,0,0,1,0,0,0,0,0,0,0,0,0,0,0,0,0,0,1,,,,1,,,,,,,0,0,0,0,1,0,0,0,0,0,0,0,1,0,0,0,0,0,0,0,0,0,0,0,0,0,0,0,0,1,0,0,0,0,0,0,0,0,0,0,0,0,0,0,0,0,0,0,0,0,0,0,0,1,0,0,1,0,0,0,0,0,0,0,0,0,,0,0,0,,0,0,0,0,0,0,0,0,0,0,0,0,0,0,0,0,0,0,0,0,0,0,0,0,1,0,0,0,0,0,0,0,0,0,0,0,0,0,0,0,0,0,0,0,0,0,0,0,0,0,0,0,0,0,TRUE,FALSE,FALSE,Left,Hole High Right,,,
Beeches - White,14,4/25/2026,Beeches,Beeches - White 14,,Jake,,Jake - Beeches - White - 4/25/2026,Jake – Beeches – 4/25/26,,4,4,,,checked,,,checked,checked,88,Driver,58,,,,,,,,,,,,,,,,,,,,,,,18,↖️ Long Left,2,1,1,,,,,,White,349,15,0,69.8,69.8,126,18 Holes,18,,18,,0,0,4,0,0,,,1,4,4,Par,1,Jake – Beeches – 4/25/26,1,1,0,Jake,1,100%,1,0,0,0,1,0,0,0,0,0,0,0,0,0,0,0,0,0,0,1,0,0,0,1,0,0,0,0,0,0,0,0,0,0,0,0,0,0,1,0,0,0,0,0,0,0,0,0,0,0,0,0,0,0,1,,,,,,0,,,,,0,0,0,0,0,1,0,0,0,0,0,0,0,1,1,0,1,0,1,0,0,0,0,0,0,0,0,0,1,0,0,0,0,0,0,0,0,0,0,0,0,0,0,0,0,0,0,0,0,0,0,0,1,0,1,0,1,0,1,0,0,0,1,0,0,0,,0,0,0,,0,0,0,0,0,0,0,0,0,0,0,0,0,0,0,0,0,0,0,0,0,0,0,1,0,0,0,0,0,0,0,0,0,0,0,0,0,0,0,0,0,0,0,0,0,0,0,0,0,0,0,0,0,0,TRUE,TRUE,TRUE,,Long Left,,,
Beeches - White,15,4/25/2026,Beeches,Beeches - White 15,,Jake,,Jake - Beeches - White - 4/25/2026,Jake – Beeches – 4/25/26,,3,4,,,,,⬅️ Left,,,166,7,7,⬅️ Left,3,,,,,,,,,,,,,,1,58 Degree Wedge,,,,,,12,⬇️ Short,2,1,1,,,,,,White,155,11,1,69.8,69.8,126,18 Holes,,,,,0,0,3,1,0,,,1,4,3,Bogey,0,Jake – Beeches – 4/25/26,0,0,0,Jake,0,N/A,0,0,0,0,0,1,0,0,1,1,0,0,0,0,1,0,0,0,0,1,0,0,0,0,0,0,0,0,0,0,0,0,0,0,0,0,0,0,0,1,0,0,0,0,0,0,0,0,0,0,0,0,0,0,1,,1,,,,,,,,,0,1,0,0,0,0,0,0,0,0,0,0,0,0,0,1,0,1,0,0,0,0,0,1,0,0,0,0,0,0,0,0,0,0,0,0,0,0,0,0,0,0,0,0,0,0,0,0,0,0,0,0,0,1,0,0,0,0,0,0,0,0,0,0,0,0,,0,0,0,,0,0,0,0,0,0,0,0,0,0,0,0,0,0,0,0,0,0,0,1,0,0,0,0,0,0,0,0,0,0,0,0,0,0,0,0,0,0,0,0,0,0,0,0,0,0,0,0,0,0,0,0,0,0,FALSE,FALSE,FALSE,Left,Short,Left,,
Beeches - White,16,4/25/2026,Beeches,Beeches - White 16,,Jake,,Jake - Beeches - White - 4/25/2026,Jake – Beeches – 4/25/26,,5,8,,,,,⬅️ Left,,,109,Driver,GW,⬇️ Short,5,,,,280,7,➡️ Right,,,,,,,2,3,58 Degree Wedge,,,,,,15,⬆️ Long,2,1,1,,,,,,White,484,3,3,69.8,69.8,126,18 Holes,,,,,0,0,5,3,0,,,1,8,5,Triple Bogey +,0,Jake – Beeches – 4/25/26,0,0,0,Jake,1,0%,0,0,0,0,0,0,0,1,3,1,0,0,0,0,1,0,0,2,0,1,0,0,0,0,0,0,0,0,0,1,0,0,0,0,0,0,0,0,0,0,0,1,0,0,0,0,0,0,0,0,0,0,0,0,1,,,,,,,,,3,,0,0,0,0,0,0,0,0,0,1,0,1,0,0,0,1,0,1,0,1,0,0,0,0,0,0,0,0,0,0,0,0,0,0,0,0,0,1,0,0,0,0,0,0,0,0,1,0,0,0,0,0,0,0,0,0,0,0,0,0,0,0,0,0,0,0,,0,0,0,,0,0,0,0,0,0,0,0,0,0,0,0,0,0,0,0,0,0,0,0,0,0,0,0,0,0,0,0,0,0,0,0,1,0,0,0,0,0,0,0,0,0,0,0,0,0,0,0,0,0,0,0,0,0,FALSE,FALSE,FALSE,Short,Long,Left,,
Beeches - White,17,4/25/2026,Beeches,Beeches - White 17,,Jake,,Jake - Beeches - White - 4/25/2026,Jake – Beeches – 4/25/26,,3,3,,,,,,checked,checked,128,PW,PW,,,,,,,,,,,,,,,,,,,,,,,14,⬇️ Short,2,1,1,,,,,,White,134,17,0,69.8,69.8,126,18 Holes,14,14,,,0,0,3,0,0,,,1,3,3,Par,0,Jake – Beeches – 4/25/26,1,1,0,Jake,0,N/A,0,0,0,0,1,0,0,0,0,0,0,0,0,0,0,0,0,0,0,1,0,0,0,1,0,0,0,0,0,0,0,0,0,0,0,0,0,0,1,0,0,0,0,0,0,0,0,0,0,0,0,0,0,0,1,0,,,,,,,,,,1,0,0,0,0,0,0,0,0,0,0,0,0,0,1,0,1,0,0,0,0,0,1,0,0,0,0,0,0,0,0,0,0,0,0,0,0,0,0,0,0,0,1,0,0,0,0,0,0,0,0,0,0,0,0,0,0,0,1,0,1,0,0,0,0,0,,0,0,0,,0,0,0,0,0,0,0,0,0,0,0,0,0,0,0,0,0,0,1,0,0,0,0,0,0,0,0,0,0,0,0,0,0,0,0,0,0,0,0,0,0,0,0,0,0,0,0,0,0,0,0,0,0,0,FALSE,TRUE,TRUE,,Short,,,
Beeches - White,18,4/25/2026,Beeches,Beeches - White 18,,Jake,,Jake - Beeches - White - 4/25/2026,Jake – Beeches – 4/25/26,,4,6,,,,,➡️ Right,,,60,Driver,58,⬇️ Short,2,,,,,,,,,1,5 Iron,Hazard - Water,,,1,58 Degree Wedge,,,,,,6,⬇️ Short,1,6,,,,,,,White,382,5,2,69.8,69.8,126,18 Holes,,,,,1,1,4,2,0,,,1,6,4,Double Bogey,0,Jake – Beeches – 4/25/26,0,0,0,Jake,1,0%,0,0,0,0,0,0,1,0,1,1,1,1,0,0,1,0,1,0,1,0,0,0,0,0,0,0,0,0,0,0,0,0,0,0,1,0,0,0,0,0,0,0,0,0,0,0,0,0,0,0,0,0,0,0,1,,,,,2,,,,,,0,0,0,1,0,0,0,0,0,0,0,1,0,0,0,1,0,1,0,1,0,0,0,0,0,0,0,0,0,0,1,0,0,0,0,0,0,0,0,0,0,1,0,0,0,0,1,0,0,0,0,0,0,0,0,0,0,0,0,0,0,0,0,0,0,0,,0,0,0,,0,0,0,0,0,0,0,0,0,1,0,0,0,0,0,0,0,0,0,0,0,0,0,0,0,0,0,0,0,0,0,0,0,0,0,0,0,0,0,0,0,0,0,0,0,0,0,0,0,0,0,0,0,0,FALSE,FALSE,FALSE,Short,Short,Right,,
Blossom Trails  - White,1,4/23/2026,Blossom Trail,Blossom Trail White 1,,Nate,,Nate - Blossom Trails - White - 4/23/2026,Nate – Blossom Trail – 4/23/26,,4,5,,,checked,,,,,155,,8,,,,,,,,,,,,,,,,,,,,,,,,,2,,,,,,,,White,404,7,1,68.3,68.3,117,Front 9,,,,,1,0,4,1,1,5,4,0,,,Bogey,1,Nate – Blossom Trail – 4/23/26,0,0,0,Nate,1,100%,0,0,0,0,0,1,0,0,0,0,0,0,0,0,1,0,0,0,0,1,0,0,0,0,0,0,0,0,0,0,0,0,0,0,0,0,0,0,0,1,0,0,0,0,0,0,0,0,0,0,0,0,0,0,1,,,,1,,,,,,,0,0,0,0,1,0,0,0,0,0,0,0,1,0,0,0,0,0,0,0,0,0,0,0,0,0,0,0,0,1,0,0,0,0,0,0,0,0,0,0,0,0,0,0,0,1,0,0,0,0,0,0,0,0,0,0,1,0,0,0,0,0,0,0,0,0,,0,0,0,,0,0,0,0,0,0,0,0,0,0,0,0,0,0,0,0,0,0,0,0,0,0,0,0,1,0,0,0,0,0,0,0,0,0,0,0,0,0,0,0,0,0,0,0,0,0,0,0,0,0,0,0,0,0,TRUE,FALSE,FALSE,,,,,
Blossom Trails  - White,2,4/23/2026,Blossom Trail,Blossom Trail White 2,,Nate,,Nate - Blossom Trails - White - 4/23/2026,Nate – Blossom Trail – 4/23/26,,4,4,,,,,,,,150,,7,,,,,,,,,,,,,,,,,,,,,,,,,1,,,,,,,,White,364,17,0,68.3,68.3,117,Front 9,,,,,1,1,4,0,1,4,4,0,,,Par,0,Nate – Blossom Trail – 4/23/26,0,0,0,Nate,1,0%,0,0,0,0,1,0,0,0,0,0,0,0,0,0,1,1,1,0,1,0,0,0,0,0,0,0,1,0,0,0,0,0,1,0,0,0,0,0,0,0,0,0,0,0,0,0,0,0,0,0,0,0,0,0,1,,,,,0,,,,,,0,0,0,1,0,0,0,0,0,0,0,1,0,0,0,1,0,1,0,1,0,0,0,0,0,0,0,0,1,0,0,0,0,0,0,0,0,0,0,0,1,1,0,0,1,0,0,0,0,0,0,0,0,0,0,0,0,0,0,0,0,0,0,0,0,0,,0,1,0,,0,0,0,0,0,0,0,1,0,0,0,0,0,0,0,0,0,0,0,0,0,0,0,0,0,0,0,0,0,0,0,0,0,0,0,0,0,0,0,0,0,0,0,0,0,0,0,0,0,0,0,0,0,0,FALSE,FALSE,FALSE,,,,,
Blossom Trails  - White,3,4/23/2026,Blossom Trail,Blossom Trail White 3,,Nate,,Nate - Blossom Trails - White - 4/23/2026,Nate – Blossom Trail – 4/23/26,,3,3,,,,,,,,170,,6,,,,,,,,,,,,,,,,,,,,,,,,,1,,,,,,,,White,169,9,0,68.3,68.3,117,Front 9,,,,,1,1,3,0,1,3,3,0,,,Par,0,Nate – Blossom Trail – 4/23/26,0,0,0,Nate,0,N/A,0,0,0,0,1,0,0,0,0,0,0,0,0,0,1,1,1,0,1,0,0,0,0,0,0,0,1,0,0,0,0,0,1,0,0,0,0,0,0,0,0,0,0,0,0,0,0,0,0,0,0,0,0,0,1,,0,,,,,,,,,0,1,0,0,0,0,0,0,0,0,0,0,0,0,0,1,0,1,0,0,0,0,1,0,0,0,0,0,0,0,0,0,0,0,0,0,0,0,0,0,1,1,0,0,1,0,0,0,0,0,0,0,0,0,0,0,0,0,0,0,0,0,0,0,0,0,,1,0,0,,0,1,0,0,0,0,0,0,0,0,0,0,0,0,0,0,0,0,0,0,0,0,0,0,0,0,0,0,0,0,0,0,0,0,0,0,0,0,0,0,0,0,0,0,0,0,0,0,0,0,0,0,0,0,FALSE,FALSE,FALSE,,,,,
Blossom Trails  - White,4,4/23/2026,Blossom Trail,Blossom Trail White 4,,Nate,,Nate - Blossom Trails - White - 4/23/2026,Nate – Blossom Trail – 4/23/26,,5,6,,,,,,,checked,130,,52,,,,,,,,,1,Driver,,,,,,,,,,,,,,,2,,,,,,,,White,488,15,1,68.3,68.3,117,Front 9,,,,,1,0,5,1,1,6,5,0,,,Bogey,0,Nate – Blossom Trail – 4/23/26,0,1,0,Nate,1,0%,0,0,0,0,0,1,0,0,0,0,0,0,0,0,1,0,0,0,0,1,0,0,0,0,0,0,0,0,0,0,0,0,0,0,0,0,0,0,0,1,0,0,0,0,0,0,0,0,0,0,0,0,0,0,1,,,,,,,,,1,,0,0,0,0,0,0,0,0,0,1,0,1,0,0,0,1,0,1,0,1,0,0,0,0,0,0,0,0,0,0,0,0,0,0,0,1,0,0,0,0,0,0,0,0,0,0,0,0,0,0,0,1,0,0,0,0,0,0,0,0,0,0,0,0,0,0,,0,0,0,,0,0,0,0,0,0,0,0,0,0,0,0,0,0,0,0,0,0,0,0,0,0,0,0,0,0,0,0,0,0,1,0,0,0,0,0,0,0,0,0,0,0,0,0,0,0,0,0,0,0,0,0,0,0,FALSE,FALSE,TRUE,,,,,
Blossom Trails  - White,5,4/23/2026,Blossom Trail,Blossom Trail White 5,,Nate,,Nate - Blossom Trails - White - 4/23/2026,Nate – Blossom Trail – 4/23/26,,3,4,,,,,,,,160,,7,,,,,,,,,,,,,,,,,,,,,,,,,2,,,,,,,,White,155,13,1,68.3,68.3,117,Front 9,,,,,1,0,3,1,1,4,3,0,,,Bogey,0,Nate – Blossom Trail – 4/23/26,0,0,0,Nate,0,N/A,0,0,0,0,0,1,0,0,0,0,0,0,0,0,1,0,0,0,0,1,0,0,0,0,0,0,0,0,0,0,0,0,0,0,0,0,0,0,0,1,0,0,0,0,0,0,0,0,0,0,0,0,0,0,1,,1,,,,,,,,,0,1,0,0,0,0,0,0,0,0,0,0,0,0,0,1,0,1,0,0,0,0,0,1,0,0,0,0,0,0,0,0,0,0,0,0,0,0,0,0,0,0,0,0,0,0,0,0,0,0,0,1,0,0,0,0,0,0,0,0,0,0,0,0,0,0,,0,0,0,,0,0,0,0,0,0,0,0,0,0,0,0,0,0,0,0,0,0,0,1,0,0,0,0,0,0,0,0,0,0,0,0,0,0,0,0,0,0,0,0,0,0,0,0,0,0,0,0,0,0,0,0,0,0,FALSE,FALSE,FALSE,,,,,
Blossom Trails  - White,6,4/23/2026,Blossom Trail,Blossom Trail White 6,,Nate,,Nate - Blossom Trails - White - 4/23/2026,Nate – Blossom Trail – 4/23/26,,4,8,,,,,,,,80,,58,,,,,,,,,,,1,7 Iron,,,,,,,,,,,,,1,,,,,,,,White,363,3,4,68.3,68.3,117,Front 9,,,,,1,1,4,4,1,8,4,0,,,Triple Bogey +,0,Nate – Blossom Trail – 4/23/26,0,0,0,Nate,1,0%,0,0,0,0,0,0,0,1,0,0,0,0,0,0,1,0,1,0,1,0,0,0,0,0,0,0,0,0,0,0,0,0,0,0,0,1,0,0,0,0,0,0,0,0,0,0,0,0,0,0,0,0,0,0,1,,,,,4,,,,,,0,0,0,1,0,0,0,0,0,0,0,1,0,0,0,1,0,1,0,1,0,0,0,0,0,0,0,0,0,0,0,1,0,0,0,0,0,0,0,0,0,1,0,0,0,0,0,0,0,0,0,1,0,0,0,0,0,0,0,0,0,0,0,0,0,0,,0,0,0,,0,0,0,0,0,0,0,0,0,0,1,0,0,0,0,0,0,0,0,0,0,0,0,0,0,0,0,0,0,0,0,0,0,0,0,0,0,0,0,0,0,0,0,0,0,0,0,0,0,0,0,0,0,0,FALSE,FALSE,FALSE,,,,,
Blossom Trails  - White,7,4/23/2026,Blossom Trail,Blossom Trail White 7,,Nate,,Nate - Blossom Trails - White - 4/23/2026,Nate – Blossom Trail – 4/23/26,,4,5,,,,,,,,155,,6,,,,,,,,,,,,,,,,,,,,,,,,,2,,,,,,,,White,417,1,1,68.3,68.3,117,Front 9,,,,,1,0,4,1,1,5,4,0,,,Bogey,0,Nate – Blossom Trail – 4/23/26,0,0,0,Nate,1,0%,0,0,0,0,0,1,0,0,0,0,0,0,0,0,1,0,0,0,0,1,0,0,0,0,0,0,0,0,0,0,0,0,0,0,0,0,0,0,0,1,0,0,0,0,0,0,0,0,0,0,0,0,0,0,1,,,,,1,,,,,,0,0,0,1,0,0,0,0,0,0,0,1,0,0,0,1,0,1,0,1,0,0,0,0,0,0,0,0,0,1,0,0,0,0,0,0,0,0,0,0,0,0,0,0,0,0,0,1,0,0,0,0,0,0,0,0,0,0,0,0,0,0,0,0,0,0,,0,0,0,,0,0,0,0,0,0,0,0,0,0,0,0,0,0,0,0,0,0,0,0,0,0,0,0,1,0,0,0,0,0,0,0,0,0,0,0,0,0,0,0,0,0,0,0,0,0,0,0,0,0,0,0,0,0,FALSE,FALSE,FALSE,,,,,
Blossom Trails  - White,8,4/23/2026,Blossom Trail,Blossom Trail White 8,,Nate,,Nate - Blossom Trails - White - 4/23/2026,Nate – Blossom Trail – 4/23/26,,3,3,,,,,,checked,checked,165,,6,,,,,,,,,,,,,,,,,,,,,,,,,2,,,,,,,,White,160,5,0,68.3,68.3,117,Front 9,,,,,1,0,3,0,1,3,3,0,,,Par,0,Nate – Blossom Trail – 4/23/26,1,1,0,Nate,0,N/A,0,0,0,0,1,0,0,0,0,0,0,0,0,0,0,0,0,0,0,1,0,0,0,1,0,0,0,0,0,0,0,0,0,0,0,0,0,0,1,0,0,0,0,0,0,0,0,0,0,0,0,0,0,0,1,0,,,,,,,,,,1,0,0,0,0,0,0,0,0,0,0,0,0,0,1,0,1,0,0,0,0,0,1,0,0,0,0,0,0,0,0,0,0,0,0,0,0,0,0,0,0,0,0,1,0,0,0,0,0,0,0,0,0,0,0,0,0,0,1,1,1,1,0,0,0,0,,0,0,0,,0,0,0,0,0,0,0,0,0,0,0,0,0,0,0,0,0,0,1,0,0,0,0,0,0,0,0,0,0,0,0,0,0,0,0,0,0,0,0,0,0,0,0,0,0,0,0,0,0,0,0,0,0,0,FALSE,TRUE,TRUE,,,,,
Blossom Trails  - White,9,4/23/2026,Blossom Trail,Blossom Trail White 9,,Nate,,Nate - Blossom Trails - White - 4/23/2026,Nate – Blossom Trail – 4/23/26,,5,6,,,,,,,,170,,6,,,,,,,,,,,,,,,,,,,,,,,,,1,,,,,,,,White,493,11,1,68.3,68.3,117,Front 9,,,,,1,1,5,1,1,6,5,0,,,Bogey,0,Nate – Blossom Trail – 4/23/26,0,0,0,Nate,1,0%,0,0,0,0,0,1,0,0,0,0,0,0,0,0,1,0,1,0,1,0,0,0,0,0,0,0,0,0,0,0,0,0,0,1,0,0,0,0,0,0,0,0,0,0,0,0,0,0,0,0,0,0,0,0,1,,,,,,,,,1,,0,0,0,0,0,0,0,0,0,1,0,1,0,0,0,1,0,1,0,1,0,0,0,0,0,0,0,0,0,0,0,0,0,0,0,1,0,0,0,0,0,1,0,0,0,0,0,1,0,0,0,0,0,0,0,0,0,0,0,0,0,0,0,0,0,0,,0,0,0,,0,0,0,0,0,0,0,0,0,0,0,0,0,0,0,1,0,0,0,0,0,0,0,0,0,0,0,0,0,0,0,0,0,0,0,0,0,0,0,0,0,0,0,0,0,0,0,0,0,0,0,0,0,0,FALSE,FALSE,FALSE,,,,,
Gardner - White,1,4/26/2026,Gardner,Gardner White 1,,Brent,,Brent - Gardner - White - 4/26/2026,Brent – Gardner – 4/26/26,,4,5,,,,,,,checked,57,,60,,,,,,,,,,,,,,,,,,,,,,,16,,2,5,5,,,,,,White,364,9,1,70.8,70.8,114,Custom,,,,,0,0,4,1,1,5,4,0,,,Bogey,0,Brent – Gardner – 4/26/26,0,1,0,Brent,1,0%,0,0,0,0,0,1,0,0,0,0,0,0,0,0,1,0,0,0,0,1,0,0,0,0,0,0,0,0,0,0,0,0,0,0,0,0,0,0,0,1,0,0,0,0,0,0,0,0,0,0,0,0,0,0,1,,,,,1,,,,,,0,0,0,1,0,0,0,0,0,0,0,1,0,0,0,1,0,1,0,1,0,0,0,0,0,0,0,0,0,1,0,0,0,0,0,0,0,0,0,0,0,0,0,0,0,1,0,0,0,0,0,0,0,0,0,0,0,0,0,0,0,0,0,0,0,0,,0,0,0,,0,0,0,0,0,0,0,0,0,0,0,0,0,0,0,0,0,0,0,0,0,0,0,0,1,0,0,0,0,0,0,0,0,0,0,0,0,0,0,0,0,0,0,0,0,0,0,0,0,0,0,0,0,0,FALSE,FALSE,TRUE,,,,,
Gardner - White,2,4/26/2026,Gardner,Gardner White 2,,Brent,,Brent - Gardner - White - 4/26/2026,Brent – Gardner – 4/26/26,,5,6,,,,,,,,157,,8,➡️ Right,10,,,,,,,,,,,,,,,,,,,,,15,,2,1,1,,,,,,White,473,15,1,70.8,70.8,114,Custom,,,,,0,0,5,1,1,6,5,0,,,Bogey,0,Brent – Gardner – 4/26/26,0,0,0,Brent,1,0%,0,0,0,0,0,1,0,0,0,0,0,0,0,0,1,0,0,0,0,1,0,0,0,0,0,0,0,0,0,0,0,0,0,0,0,0,0,0,0,1,0,0,0,0,0,0,0,0,0,0,0,0,0,0,1,,,,,,,,,1,,0,0,0,0,0,0,0,0,0,1,0,1,0,0,0,1,0,1,0,1,0,0,0,0,0,0,0,0,0,0,0,0,0,0,0,1,0,0,0,0,0,0,0,0,0,1,0,0,0,0,0,0,0,0,0,0,0,0,0,0,0,0,0,0,0,0,,0,0,0,,0,0,0,0,0,0,0,0,0,0,0,0,0,0,0,0,0,0,0,0,0,0,0,0,0,0,0,0,0,0,1,0,0,0,0,0,0,0,0,0,0,0,0,0,0,0,0,0,0,0,0,0,0,0,FALSE,FALSE,FALSE,Right,,,,
Gardner - White,3,4/26/2026,Gardner,Gardner White 3,,Brent,,Brent - Gardner - White - 4/26/2026,Brent – Gardner – 4/26/26,,4,5,,,,,,,,166,,6,➡️ Right,20,,,,,,,,,,,,,,,,,,,,,15,,2,1,1,,,,,,White,389,13,1,70.8,70.8,114,Custom,,,,,0,0,4,1,1,5,4,0,,,Bogey,0,Brent – Gardner – 4/26/26,0,0,0,Brent,1,0%,0,0,0,0,0,1,0,0,0,0,0,0,0,0,1,0,0,0,0,1,0,0,0,0,0,0,0,0,0,0,0,0,0,0,0,0,0,0,0,1,0,0,0,0,0,0,0,0,0,0,0,0,0,0,1,,,,,1,,,,,,0,0,0,1,0,0,0,0,0,0,0,1,0,0,0,1,0,1,0,1,0,0,0,0,0,0,0,0,0,1,0,0,0,0,0,0,0,0,0,0,0,0,0,0,0,1,0,0,0,0,0,0,0,0,0,0,0,0,0,0,0,0,0,0,0,0,,0,0,0,,0,0,0,0,0,0,0,0,0,0,0,0,0,0,0,0,0,0,0,0,0,0,0,0,1,0,0,0,0,0,0,0,0,0,0,0,0,0,0,0,0,0,0,0,0,0,0,0,0,0,0,0,0,0,FALSE,FALSE,FALSE,Right,,,,
Gardner - White,4,4/26/2026,Gardner,Gardner White 4,,Brent,,Brent - Gardner - White - 4/26/2026,Brent – Gardner – 4/26/26,,3,4,,,,,,,,143,,8,⬆️ Long,5,,,,,,,,,,,,,,,,,,,,,10,,2,1,1,,,,,,White,138,11,1,70.8,70.8,114,Custom,,,,,1,0,3,1,1,4,3,0,,,Bogey,0,Brent – Gardner – 4/26/26,0,0,0,Brent,0,N/A,0,0,0,0,0,1,0,0,0,0,0,0,0,0,1,0,0,0,0,1,0,0,0,0,0,0,0,0,0,0,0,0,0,0,0,0,0,0,0,1,0,0,0,0,0,0,0,0,0,0,0,0,0,0,1,,1,,,,,,,,,0,1,0,0,0,0,0,0,0,0,0,0,0,0,0,1,0,1,0,0,0,0,0,1,0,0,0,0,0,0,0,0,0,0,0,0,0,0,0,0,0,0,0,0,0,0,0,0,0,0,0,1,0,0,0,0,0,0,0,0,0,0,0,0,0,0,,0,0,0,,0,0,0,0,0,0,0,0,0,0,0,0,0,0,0,0,0,0,0,1,0,0,0,0,0,0,0,0,0,0,0,0,0,0,0,0,0,0,0,0,0,0,0,0,0,0,0,0,0,0,0,0,0,0,FALSE,FALSE,FALSE,Long,,,,
Gardner - White,5,4/26/2026,Gardner,Gardner White 5,,Brent,,Brent - Gardner - White - 4/26/2026,Brent – Gardner – 4/26/26,,4,3,,,,,,checked,checked,105,,GW,,,,,,,,,,,,,,,,,,,,,,,5,,1,5,,,,,,,White,366,3,-1,70.8,70.8,114,Custom,5,,5,,1,1,4,-1,1,3,4,0,,,Birdie,0,Brent – Gardner – 4/26/26,1,1,0,Brent,1,0%,0,0,0,1,0,0,0,0,0,0,0,0,0,0,0,0,0,0,1,0,0,0,0,0,0,0,0,1,0,0,0,1,0,0,0,0,0,0,0,0,0,0,0,0,0,0,0,0,0,0,0,0,0,0,1,,,-1,,,,,,,,0,0,1,0,0,0,0,0,0,0,1,0,0,0,0,0,0,0,0,0,0,0,0,0,0,0,0,1,0,0,0,0,0,0,0,0,0,0,0,0,0,0,0,0,0,0,0,0,0,0,1,0,0,0,1,0,0,0,1,1,0,0,1,1,0,0,,0,0,0,,0,0,0,0,0,0,1,0,0,0,0,0,0,0,0,0,0,0,0,0,0,0,0,0,0,0,0,0,0,0,0,0,0,0,0,0,0,0,0,0,0,0,0,0,0,0,0,0,0,0,0,0,0,0,FALSE,TRUE,TRUE,,,,,
Gardner - White,6,4/26/2026,Gardner,Gardner White 6,,Brent,,Brent - Gardner - White - 4/26/2026,Brent – Gardner – 4/26/26,,5,6,,,,,,,,113,,PW,⬆️ Long,15,,,,,,,,,,,,,,,,,,,,,8,,2,1,1,,,,,,White,430,17,1,70.8,70.8,114,Custom,,,,,1,0,5,1,1,6,5,0,,,Bogey,0,Brent – Gardner – 4/26/26,0,0,0,Brent,1,0%,0,0,0,0,0,1,0,0,0,0,0,0,0,0,1,0,0,0,0,1,0,0,0,0,0,0,0,0,0,0,0,0,0,0,0,0,0,0,0,1,0,0,0,0,0,0,0,0,0,0,0,0,0,0,1,,,,,,,,,1,,0,0,0,0,0,0,0,0,0,1,0,1,0,0,0,1,0,1,0,1,0,0,0,0,0,0,0,0,0,0,0,0,0,0,0,1,0,0,0,0,0,0,0,0,0,0,0,0,0,0,0,1,0,0,0,0,0,0,0,0,0,0,0,0,0,0,,0,0,0,,0,0,0,0,0,0,0,0,0,0,0,0,0,0,0,0,0,0,0,0,0,0,0,0,0,0,0,0,0,0,1,0,0,0,0,0,0,0,0,0,0,0,0,0,0,0,0,0,0,0,0,0,0,0,FALSE,FALSE,FALSE,Long,,,,
Gardner - White,2,4/26/2026,Gardner,Gardner White 2,,Brent,,Brent - Gardner - White - 4/26/2026,Brent – Gardner – 4/26/26,,5,5,,,checked,,,checked,checked,61,,60,,,,,,,,,,,,,,,,,,,,,,,20,,2,1,1,,,,,,White,473,15,0,70.8,70.8,114,Custom,20,,,20,0,0,5,0,1,5,5,0,,,Par,1,Brent – Gardner – 4/26/26,1,1,0,Brent,1,100%,1,0,0,0,1,0,0,0,0,0,0,0,0,0,0,0,0,0,0,1,0,0,0,1,0,0,0,0,0,0,0,0,0,0,0,0,0,0,1,0,0,0,0,0,0,0,0,0,0,0,0,0,0,0,1,,,,,,,,,,0,0,0,0,0,0,0,1,0,0,0,0,0,0,1,1,0,1,0,1,0,0,0,0,0,0,0,0,0,0,0,0,0,0,0,1,0,0,0,0,0,0,0,0,0,1,0,0,0,0,0,0,0,0,0,0,1,0,1,1,0,0,0,0,0,1,0,,0,0,0,,0,0,0,0,0,0,0,0,0,0,0,0,0,0,0,0,0,0,0,0,0,0,0,0,0,0,0,0,0,1,0,0,0,0,0,0,0,0,0,0,0,0,0,0,0,0,0,0,0,0,0,0,0,0,TRUE,TRUE,TRUE,,,,,
Gardner - White,3,4/26/2026,Gardner,Gardner White 3,,Brent,,Brent - Gardner - White - 4/26/2026,Brent – Gardner – 4/26/26,,4,4,,,,,,,,53,,56,⬆️ Long,2,,,,,,,,,,,,,,,,,,,,,10,,1,10,,,,,,,White,389,13,0,70.8,70.8,114,Custom,,,,,1,1,4,0,1,4,4,0,,,Par,0,Brent – Gardner – 4/26/26,0,0,0,Brent,1,0%,0,0,0,0,1,0,0,0,0,0,0,0,0,0,1,1,1,0,1,0,0,0,0,0,0,0,1,0,0,0,0,0,1,0,0,0,0,0,0,0,0,0,0,0,0,0,0,0,0,0,0,0,0,0,1,,,,,0,,,,,,0,0,0,1,0,0,0,0,0,0,0,1,0,0,0,1,0,1,0,1,0,0,0,0,0,0,0,0,1,0,0,0,0,0,0,0,0,0,0,0,1,1,0,0,1,0,0,0,0,0,0,0,0,0,0,0,0,0,0,0,0,0,0,0,0,0,,0,1,0,,0,0,0,0,0,0,0,1,0,0,0,0,0,0,0,0,0,0,0,0,0,0,0,0,0,0,0,0,0,0,0,0,0,0,0,0,0,0,0,0,0,0,0,0,0,0,0,0,0,0,0,0,0,0,FALSE,FALSE,FALSE,Long,,,,
Gardner - White,4,4/26/2026,Gardner,Gardner White 4,,Brent,,Brent - Gardner - White - 4/26/2026,Brent – Gardner – 4/26/26,,3,3,,,,,,checked,checked,143,,8,,,,,,,,,,,,,,,,,,,,,,,25,,2,1,1,,,,,,White,138,11,0,70.8,70.8,114,Custom,25,25,,,0,0,3,0,1,3,3,0,,,Par,0,Brent – Gardner – 4/26/26,1,1,0,Brent,0,N/A,0,0,0,0,1,0,0,0,0,0,0,0,0,0,0,0,0,0,0,1,0,0,0,1,0,0,0,0,0,0,0,0,0,0,0,0,0,0,1,0,0,0,0,0,0,0,0,0,0,0,0,0,0,0,1,0,,,,,,,,,,1,0,0,0,0,0,0,0,0,0,0,0,0,0,1,0,1,0,0,0,0,0,1,0,0,0,0,0,0,0,0,0,0,0,0,0,0,0,0,0,0,0,0,0,0,0,0,0,0,0,1,0,0,0,0,0,0,0,0,0,0,0,0,0,0,0,,0,0,0,,0,0,0,0,0,0,0,0,0,0,0,0,0,0,0,0,0,0,1,0,0,0,0,0,0,0,0,0,0,0,0,0,0,0,0,0,0,0,0,0,0,0,0,0,0,0,0,0,0,0,0,0,0,0,FALSE,TRUE,TRUE,,,,,
Gardner - White,5,4/26/2026,Gardner,Gardner White 5,,Brent,,Brent - Gardner - White - 4/26/2026,Brent – Gardner – 4/26/26,,4,5,,,,,,,,117,,GW,⬆️ Long,15,,,,,,,,,,,,,,,,,,,,,12,,2,1,1,,,,,,White,366,3,1,70.8,70.8,114,Custom,,,,,0,0,4,1,1,5,4,0,,,Bogey,0,Brent – Gardner – 4/26/26,0,0,0,Brent,1,0%,0,0,0,0,0,1,0,0,0,0,0,0,0,0,1,0,0,0,0,1,0,0,0,0,0,0,0,0,0,0,0,0,0,0,0,0,0,0,0,1,0,0,0,0,0,0,0,0,0,0,0,0,0,0,1,,,,,1,,,,,,0,0,0,1,0,0,0,0,0,0,0,1,0,0,0,1,0,1,0,1,0,0,0,0,0,0,0,0,0,1,0,0,0,0,0,0,0,0,0,0,0,0,0,0,0,0,0,0,0,0,0,1,0,0,0,0,0,0,0,0,0,0,0,0,0,0,,0,0,0,,0,0,0,0,0,0,0,0,0,0,0,0,0,0,0,0,0,0,0,0,0,0,0,0,1,0,0,0,0,0,0,0,0,0,0,0,0,0,0,0,0,0,0,0,0,0,0,0,0,0,0,0,0,0,FALSE,FALSE,FALSE,Long,,,,
Gardner - White,6,4/26/2026,Gardner,Gardner White 6,,Brent,,Brent - Gardner - White - 4/26/2026,Brent – Gardner – 4/26/26,,5,5,,,,,,checked,checked,60,,56,,,,,,,,,,,,,,,,,,,,,,,40,,2,4,4,,,,,,White,430,17,0,70.8,70.8,114,Custom,40,,,40,0,0,5,0,1,5,5,0,,,Par,0,Brent – Gardner – 4/26/26,1,1,0,Brent,1,0%,0,0,0,0,1,0,0,0,0,0,0,0,0,0,0,0,0,0,0,1,0,0,0,0,0,0,0,0,0,0,0,0,0,0,0,0,0,0,1,0,0,0,0,0,0,0,0,0,0,0,0,0,0,0,1,,,,,,,0,,,,0,0,0,0,0,0,0,0,1,0,1,0,0,0,0,0,0,0,0,0,0,0,0,0,0,0,0,0,0,0,0,0,0,0,1,0,0,0,0,0,0,0,0,0,0,0,0,0,0,0,1,0,0,0,0,1,0,0,0,0,0,0,0,0,0,0,,0,0,0,,0,0,0,0,0,0,0,0,0,0,0,0,0,0,0,0,0,0,0,0,0,0,0,0,0,0,0,0,0,1,0,0,0,0,0,0,0,0,0,0,0,0,0,0,0,0,0,0,0,0,0,0,0,0,FALSE,TRUE,TRUE,,,,,
Blossom Trails - White,1,4/26/2026,Blossom Trail,Blossom Trail White 1,,Nate,,Nate - Blossom Trails - White - 4/26/2026,Nate – Blossom Trail – 4/26/26,,4,4,,,,,,,,155,,7,,,,,,,,,,,,,,,,,,,,,,,21,,1,21,,,,,,,White,404,7,0,68.3,68.3,117,Front 9,,,,,0,0,4,0,1,4,4,0,,,Par,0,Nate – Blossom Trail – 4/26/26,0,0,0,Nate,1,0%,0,0,0,0,1,0,0,0,0,0,0,0,0,0,1,1,1,0,1,0,0,0,0,0,0,0,1,0,0,0,0,0,1,0,0,0,0,0,0,0,0,0,0,0,0,0,0,0,0,0,0,0,0,0,1,,,,,0,,,,,,0,0,0,1,0,0,0,0,0,0,0,1,0,0,0,1,0,1,0,1,0,0,0,0,0,0,0,0,1,0,0,0,0,0,0,0,0,0,0,0,1,1,0,0,1,0,0,0,0,0,0,0,0,0,0,0,0,0,0,0,0,0,0,0,0,0,,0,1,0,,0,0,0,0,0,0,0,1,0,0,0,0,0,0,0,0,0,0,0,0,0,0,0,0,0,0,0,0,0,0,0,0,0,0,0,0,0,0,0,0,0,0,0,0,0,0,0,0,0,0,0,0,0,0,FALSE,FALSE,FALSE,,,,,
Blossom Trails - White,2,4/26/2026,Blossom Trail,Blossom Trail White 2,,Nate,,Nate - Blossom Trails - White - 4/26/2026,Nate – Blossom Trail – 4/26/26,,4,6,,,,,,,checked,100,,58,,,,,,,,,,,,,,,,,,,,,,,6,,2,2,2,,,,,,White,364,17,2,68.3,68.3,117,Front 9,,,,,1,0,4,2,1,6,4,0,,,Double Bogey,0,Nate – Blossom Trail – 4/26/26,0,1,0,Nate,1,0%,0,0,0,0,0,0,1,0,0,0,0,0,0,0,1,0,0,0,0,1,0,0,0,0,0,0,0,0,0,0,0,0,0,0,0,0,0,0,0,0,1,0,0,0,0,0,0,0,0,0,0,0,0,0,1,,,,,2,,,,,,0,0,0,1,0,0,0,0,0,0,0,1,0,0,0,1,0,1,0,1,0,0,0,0,0,0,0,0,0,0,1,0,0,0,0,0,0,0,0,0,0,0,0,0,0,1,0,0,0,0,0,0,0,0,0,0,0,0,0,0,0,0,0,0,0,0,,0,0,0,,0,0,0,0,0,0,0,0,0,0,0,0,0,0,0,0,0,0,0,0,0,0,0,0,0,1,0,0,0,0,0,0,0,0,0,0,0,0,0,0,0,0,0,0,0,0,0,0,0,0,0,0,0,0,FALSE,FALSE,TRUE,,,,,
Blossom Trails - White,3,4/26/2026,Blossom Trail,Blossom Trail White 3,,Nate,,Nate - Blossom Trails - White - 4/26/2026,Nate – Blossom Trail – 4/26/26,,3,4,,,,,,,,185,,5,,,,,,,,,,,,,,,,,,,,,,,4.5,,2,5,5,,,,,,White,169,9,1,68.3,68.3,117,Front 9,,,,,1,0,3,1,1,4,3,0,,,Bogey,0,Nate – Blossom Trail – 4/26/26,0,0,0,Nate,0,N/A,0,0,0,0,0,1,0,0,0,0,0,0,0,0,1,0,0,0,0,1,0,0,0,0,0,0,0,0,0,0,0,0,0,0,0,0,0,0,0,1,0,0,0,0,0,0,0,0,0,0,0,0,0,0,1,,1,,,,,,,,,0,1,0,0,0,0,0,0,0,0,0,0,0,0,0,1,0,1,0,0,0,0,0,1,0,0,0,0,0,0,0,0,0,0,0,0,0,0,0,0,0,0,0,0,0,1,0,0,0,0,0,0,0,0,0,0,0,0,0,0,0,0,0,0,0,0,,0,0,0,,0,0,0,0,0,0,0,0,0,0,0,0,0,0,0,0,0,0,0,1,0,0,0,0,0,0,0,0,0,0,0,0,0,0,0,0,0,0,0,0,0,0,0,0,0,0,0,0,0,0,0,0,0,0,FALSE,FALSE,FALSE,,,,,
Blossom Trails - White,4,4/26/2026,Blossom Trail,Blossom Trail White 4,,Nate,,Nate - Blossom Trails - White - 4/26/2026,Nate – Blossom Trail – 4/26/26,,5,5,,,checked,,,,,40,,58,,,,,,,,,,,,,,,,,,,,,,,5,,1,5,,,,,,,White,488,15,0,68.3,68.3,117,Front 9,,,,,1,1,5,0,1,5,5,0,,,Par,1,Nate – Blossom Trail – 4/26/26,0,0,0,Nate,1,100%,0,0,0,0,1,0,0,0,0,0,0,0,0,0,1,1,1,0,1,0,0,0,0,0,0,0,0,0,0,0,0,0,1,0,0,0,0,0,0,0,0,0,0,0,0,0,0,0,0,0,0,0,0,0,1,,,,,,,,0,,,0,0,0,0,0,0,0,1,0,0,0,0,1,0,0,0,0,0,0,0,0,0,0,0,0,0,0,0,0,0,0,0,0,0,1,0,0,0,0,0,1,1,0,0,0,0,0,0,0,0,1,0,0,0,0,0,0,1,0,0,0,0,0,0,0,0,,0,0,1,,0,0,0,0,0,0,0,0,0,0,0,0,0,0,1,0,0,0,0,0,0,0,0,0,0,0,0,0,0,0,0,0,0,0,0,0,0,0,0,0,0,0,0,0,0,0,0,0,0,0,0,0,0,0,TRUE,FALSE,FALSE,,,,,
Blossom Trails - White,5,4/26/2026,Blossom Trail,Blossom Trail White 5,,Nate,,Nate - Blossom Trails - White - 4/26/2026,Nate – Blossom Trail – 4/26/26,,3,3,,,,,,checked,checked,169,,7,,,,,,,,,,,,,,,,,,,,,,,15,,2,1,1,,,,,,White,155,13,0,68.3,68.3,117,Front 9,15,15,,,0,0,3,0,1,3,3,0,,,Par,0,Nate – Blossom Trail – 4/26/26,1,1,0,Nate,0,N/A,0,0,0,0,1,0,0,0,0,0,0,0,0,0,0,0,0,0,0,1,0,0,0,1,0,0,0,0,0,0,0,0,0,0,0,0,0,0,1,0,0,0,0,0,0,0,0,0,0,0,0,0,0,0,1,0,,,,,,,,,,1,0,0,0,0,0,0,0,0,0,0,0,0,0,1,0,1,0,0,0,0,0,1,0,0,0,0,0,0,0,0,0,0,0,0,0,0,0,0,0,0,0,0,0,0,0,0,0,0,0,1,0,0,0,0,0,0,0,1,0,1,0,0,0,0,0,,0,0,0,,0,0,0,0,0,0,0,0,0,0,0,0,0,0,0,0,0,0,1,0,0,0,0,0,0,0,0,0,0,0,0,0,0,0,0,0,0,0,0,0,0,0,0,0,0,0,0,0,0,0,0,0,0,0,FALSE,TRUE,TRUE,,,,,
Blossom Trails - White,6,4/26/2026,Blossom Trail,Blossom Trail White 6,,Nate,,Nate - Blossom Trails - White - 4/26/2026,Nate – Blossom Trail – 4/26/26,,4,9,,,,,,,,,,,,,,,,,,,,,,,,,,,,,,,,,36,,3,1,3,1,,,,,White,363,3,5,68.3,68.3,117,Front 9,,,,,0,0,4,5,1,9,4,0,,,Triple Bogey +,0,Nate – Blossom Trail – 4/26/26,0,0,0,Nate,1,0%,0,0,0,0,0,0,0,1,0,0,0,0,0,0,1,0,0,0,0,0,1,0,0,0,0,0,0,0,0,0,0,0,0,0,0,0,0,0,0,0,0,0,0,0,0,0,0,1,0,0,0,0,0,0,1,,,,,5,,,,,,0,0,0,1,0,0,0,0,0,0,0,1,0,0,0,1,0,1,0,1,0,0,0,0,0,0,0,0,0,0,0,1,0,0,0,0,0,0,0,0,0,0,0,0,0,0,0,0,0,0,0,1,0,0,0,0,0,0,0,0,0,0,0,0,0,0,,0,0,0,,0,0,0,0,0,0,0,0,0,0,0,0,0,0,0,0,0,0,0,0,0,0,0,0,0,0,0,0,0,0,0,0,0,0,0,0,0,0,0,1,0,0,0,0,0,0,0,0,0,0,0,0,0,0,FALSE,FALSE,FALSE,,,,,
Blossom Trails - White,7,4/26/2026,Blossom Trail,Blossom Trail White 7,,Nate,,Nate - Blossom Trails - White - 4/26/2026,Nate – Blossom Trail – 4/26/26,,4,5,,,,,,,,80,,58,,,,,,,,,,,,,,,,,,,,,,,15,,2,1,1,,,,,,White,417,1,1,68.3,68.3,117,Front 9,,,,,0,0,4,1,1,5,4,0,,,Bogey,0,Nate – Blossom Trail – 4/26/26,0,0,0,Nate,1,0%,0,0,0,0,0,1,0,0,0,0,0,0,0,0,1,0,0,0,0,1,0,0,0,0,0,0,0,0,0,0,0,0,0,0,0,0,0,0,0,1,0,0,0,0,0,0,0,0,0,0,0,0,0,0,1,,,,,1,,,,,,0,0,0,1,0,0,0,0,0,0,0,1,0,0,0,1,0,1,0,1,0,0,0,0,0,0,0,0,0,1,0,0,0,0,0,0,0,0,0,0,0,0,0,0,0,0,0,1,0,0,0,0,0,0,0,0,0,0,0,0,0,0,0,0,0,0,,0,0,0,,0,0,0,0,0,0,0,0,0,0,0,0,0,0,0,0,0,0,0,0,0,0,0,0,1,0,0,0,0,0,0,0,0,0,0,0,0,0,0,0,0,0,0,0,0,0,0,0,0,0,0,0,0,0,FALSE,FALSE,FALSE,,,,,
Blossom Trails - White,8,4/26/2026,Blossom Trail,Blossom Trail White 8,,Nate,,Nate - Blossom Trails - White - 4/26/2026,Nate – Blossom Trail – 4/26/26,,3,3,,,,,,,,168,,7,,,,,,,,,,,,,,,,,,,,,,,7,,1,7,,,,,,,White,160,5,0,68.3,68.3,117,Front 9,,,,,1,1,3,0,1,3,3,0,,,Par,0,Nate – Blossom Trail – 4/26/26,0,0,0,Nate,0,N/A,0,0,0,0,1,0,0,0,0,0,0,0,0,0,1,1,1,0,1,0,0,0,0,0,0,0,1,0,0,0,0,0,1,0,0,0,0,0,0,0,0,0,0,0,0,0,0,0,0,0,0,0,0,0,1,,0,,,,,,,,,0,1,0,0,0,0,0,0,0,0,0,0,0,0,0,1,0,1,0,0,0,0,1,0,0,0,0,0,0,0,0,0,0,0,0,0,0,0,0,0,1,1,0,1,0,0,0,0,0,0,0,0,0,0,0,0,0,0,0,0,0,0,0,0,0,0,,1,0,0,,0,1,0,0,0,0,0,0,0,0,0,0,0,0,0,0,0,0,0,0,0,0,0,0,0,0,0,0,0,0,0,0,0,0,0,0,0,0,0,0,0,0,0,0,0,0,0,0,0,0,0,0,0,0,FALSE,FALSE,FALSE,,,,,
Blossom Trails - White,9,4/26/2026,Blossom Trail,Blossom Trail White 9,,Nate,,Nate - Blossom Trails - White - 4/26/2026,Nate – Blossom Trail – 4/26/26,,5,5,,,checked,,,checked,checked,30,,58,,,,,,,,,,,,,,,,,,,,,,,25,,2,3,3,,,,,,White,493,11,0,68.3,68.3,117,Front 9,25,,,25,0,0,5,0,1,5,5,0,,,Par,1,Nate – Blossom Trail – 4/26/26,1,1,0,Nate,1,100%,1,0,0,0,1,0,0,0,0,0,0,0,0,0,0,0,0,0,0,1,0,0,0,1,0,0,0,0,0,0,0,0,0,0,0,0,0,0,1,0,0,0,0,0,0,0,0,0,0,0,0,0,0,0,1,,,,,,,,,,0,0,0,0,0,0,0,1,0,0,0,0,0,0,1,1,0,1,0,1,0,0,0,0,0,0,0,0,0,0,0,0,0,0,0,1,0,0,0,0,0,0,0,0,1,0,0,0,0,0,0,0,0,0,0,0,1,0,1,0,0,0,0,0,0,0,0,,0,0,0,,0,0,0,0,0,0,0,0,0,0,0,0,0,0,0,0,0,0,0,0,0,0,0,0,0,0,0,0,0,1,0,0,0,0,0,0,0,0,0,0,0,0,0,0,0,0,0,0,0,0,0,0,0,0,TRUE,TRUE,TRUE,,,,,
Lake Michigan Hills - White,10,4/30/2026,Lake Michigan Hills,Lake Michigan Hills - White 10,,Nate,,Nate - Lake Michigan Hills - White - 4/30/2026,Nate – Lake Michigan Hills – 4/30/26,,5,8,,,,,,,,145,,9,,,,,,,,,,,,,,,,,,,,,,,3,,1,3,,,,,,,White,505,2,3,69.1,69.1,119,Back 9,,,,,1,1,5,3,0,,,1,8,5,Triple Bogey +,0,Nate – Lake Michigan Hills – 4/30/26,0,0,0,Nate,1,0%,0,0,0,0,0,0,0,1,0,0,0,0,0,0,1,0,1,0,1,0,0,0,0,0,0,0,0,0,0,0,0,0,0,0,0,1,0,0,0,0,0,0,0,0,0,0,0,0,0,0,0,0,0,0,1,,,,,,,,,3,,0,0,0,0,0,0,0,0,0,1,0,1,0,0,0,1,0,1,0,1,0,0,0,0,0,0,0,0,0,0,0,0,0,0,0,0,0,1,0,0,0,1,0,0,0,0,0,0,0,1,0,0,0,0,0,0,0,0,0,0,0,0,0,0,0,0,,0,0,0,,0,0,0,0,0,0,0,0,0,0,0,0,0,0,0,0,0,1,0,0,0,0,0,0,0,0,0,0,0,0,0,0,0,0,0,0,0,0,0,0,0,0,0,0,0,0,0,0,0,0,0,0,0,0,FALSE,FALSE,FALSE,,,,,
Lake Michigan Hills - White,11,4/30/2026,Lake Michigan Hills,Lake Michigan Hills - White 11,,Nate,,Nate - Lake Michigan Hills - White - 4/30/2026,Nate – Lake Michigan Hills – 4/30/26,,4,4,,,,,,checked,checked,90,,58,,,,,,,,,,,,,,,,,,,,,,,27,,2,3,3,,,,,,White,347,6,0,69.1,69.1,119,Back 9,27,,27,,0,0,4,0,0,,,1,4,4,Par,0,Nate – Lake Michigan Hills – 4/30/26,1,1,0,Nate,1,0%,0,0,0,0,1,0,0,0,0,0,0,0,0,0,0,0,0,0,0,1,0,0,0,0,0,0,0,0,0,0,0,0,0,0,0,0,0,0,1,0,0,0,0,0,0,0,0,0,0,0,0,0,0,0,1,,,0,,,,,,,,0,0,1,0,0,0,0,0,0,0,1,0,0,0,0,0,0,0,0,0,0,0,0,0,0,0,0,0,1,0,0,0,0,0,0,0,0,0,0,0,0,0,0,0,0,0,0,0,1,0,0,0,0,0,1,0,0,0,0,0,0,0,0,0,0,0,,0,0,0,,0,0,0,0,0,0,0,0,0,0,0,0,0,0,0,0,0,0,0,0,0,0,0,1,0,0,0,0,0,0,0,0,0,0,0,0,0,0,0,0,0,0,0,0,0,0,0,0,0,0,0,0,0,0,FALSE,TRUE,TRUE,,,,,
Lake Michigan Hills - White,12,4/30/2026,Lake Michigan Hills,Lake Michigan Hills - White 12,,Nate,,Nate - Lake Michigan Hills - White - 4/30/2026,Nate – Lake Michigan Hills – 4/30/26,,4,6,,,,,,,checked,80,,58,,,,,,,,,1,Driver,,,Hazard - Water,,,,,,,,,,45,,2,2,2,,,,,,White,348,4,2,69.1,69.1,119,Back 9,,,,,0,0,4,2,0,,,1,6,4,Double Bogey,0,Nate – Lake Michigan Hills – 4/30/26,0,1,0,Nate,1,0%,0,0,0,0,0,0,1,0,0,0,0,0,0,0,1,0,0,0,0,1,0,0,0,0,0,0,0,0,0,0,0,0,0,0,0,0,0,0,0,0,1,0,0,0,0,0,0,0,0,0,0,0,0,0,1,,,,,2,,,,,,0,0,0,1,0,0,0,0,0,0,0,1,0,0,0,1,0,1,0,1,0,0,0,0,0,0,0,0,0,0,1,0,0,0,0,0,0,0,0,0,0,0,0,0,0,0,0,0,0,1,0,0,0,0,0,0,0,0,0,0,0,0,0,0,0,0,,0,0,0,,0,0,0,0,0,0,0,0,0,0,0,0,0,0,0,0,0,0,0,0,0,0,0,0,0,1,0,0,0,0,0,0,0,0,0,0,0,0,0,0,0,0,0,0,0,0,0,0,0,0,0,0,0,0,FALSE,FALSE,TRUE,,,,,
Lake Michigan Hills - White,13,4/30/2026,Lake Michigan Hills,Lake Michigan Hills - White 13,,Nate,,Nate - Lake Michigan Hills - White - 4/30/2026,Nate – Lake Michigan Hills – 4/30/26,,3,5,,,,,,,,187,,6,,,,,,,,,,,,,,,,,,,,,,,18,,2,1,1,,,,,,White,172,16,2,69.1,69.1,119,Back 9,,,,,0,0,3,2,0,,,1,5,3,Double Bogey,0,Nate – Lake Michigan Hills – 4/30/26,0,0,0,Nate,0,N/A,0,0,0,0,0,0,1,0,0,0,0,0,0,0,1,0,0,0,0,1,0,0,0,0,0,0,0,0,0,0,0,0,0,0,0,0,0,0,0,0,1,0,0,0,0,0,0,0,0,0,0,0,0,0,1,,2,,,,,,,,,0,1,0,0,0,0,0,0,0,0,0,0,0,0,0,1,0,1,0,0,0,0,0,0,1,0,0,0,0,0,0,0,0,0,0,0,0,0,0,0,0,0,0,0,0,0,0,0,0,0,0,0,0,1,0,0,0,0,0,0,0,0,0,0,0,0,,0,0,0,,0,0,0,0,0,0,0,0,0,0,0,0,0,0,0,0,0,0,0,0,1,0,0,0,0,0,0,0,0,0,0,0,0,0,0,0,0,0,0,0,0,0,0,0,0,0,0,0,0,0,0,0,0,0,FALSE,FALSE,FALSE,,,,,
Lake Michigan Hills - White,14,4/30/2026,Lake Michigan Hills,Lake Michigan Hills - White 14,,Nate,,Nate - Lake Michigan Hills - White - 4/30/2026,Nate – Lake Michigan Hills – 4/30/26,,4,4,,,checked,,,,,150,,9,,,,,,,,,,,,,,,,,,,,,,,12,,1,12,,,,,,,White,359,10,0,69.1,69.1,119,Back 9,,,,,0,0,4,0,0,,,1,4,4,Par,1,Nate – Lake Michigan Hills – 4/30/26,0,0,0,Nate,1,100%,0,0,0,0,1,0,0,0,0,0,0,0,0,0,1,1,1,0,1,0,0,0,0,0,0,0,0,0,0,0,0,0,1,0,0,0,0,0,0,0,0,0,0,0,0,0,0,0,0,0,0,0,0,0,1,,,,0,,,,,,,0,0,0,0,1,0,0,0,0,0,0,0,1,0,0,0,0,0,0,0,0,0,0,0,0,0,0,0,1,0,0,0,0,0,0,0,0,0,0,0,1,1,0,0,0,0,0,0,0,0,0,0,1,0,0,0,1,0,0,0,0,0,0,0,0,0,,0,1,0,,0,0,0,0,0,0,0,1,0,0,0,0,0,0,0,0,0,0,0,0,0,0,0,0,0,0,0,0,0,0,0,0,0,0,0,0,0,0,0,0,0,0,0,0,0,0,0,0,0,0,0,0,0,0,TRUE,FALSE,FALSE,,,,,
Lake Michigan Hills - White,15,4/30/2026,Lake Michigan Hills,Lake Michigan Hills - White 15,,Nate,,Nate - Lake Michigan Hills - White - 4/30/2026,Nate – Lake Michigan Hills – 4/30/26,,5,6,,,,,,,,40,,58,,,,,,,,,,,,,,,,,,,,,,,18,,2,1,1,,,,,,White,432,12,1,69.1,69.1,119,Back 9,,,,,0,0,5,1,0,,,1,6,5,Bogey,0,Nate – Lake Michigan Hills – 4/30/26,0,0,0,Nate,1,0%,0,0,0,0,0,1,0,0,0,0,0,0,0,0,1,0,0,0,0,1,0,0,0,0,0,0,0,0,0,0,0,0,0,0,0,0,0,0,0,1,0,0,0,0,0,0,0,0,0,0,0,0,0,0,1,,,,,,,,,1,,0,0,0,0,0,0,0,0,0,1,0,1,0,0,0,1,0,1,0,1,0,0,0,0,0,0,0,0,0,0,0,0,0,0,0,1,0,0,0,0,0,0,0,0,0,0,0,0,0,0,0,0,0,1,0,0,0,0,0,0,0,0,0,0,0,0,,0,0,0,,0,0,0,0,0,0,0,0,0,0,0,0,0,0,0,0,0,0,0,0,0,0,0,0,0,0,0,0,0,0,1,0,0,0,0,0,0,0,0,0,0,0,0,0,0,0,0,0,0,0,0,0,0,0,FALSE,FALSE,FALSE,,,,,
Lake Michigan Hills - White,16,4/30/2026,Lake Michigan Hills,Lake Michigan Hills - White 16,,Nate,,Nate - Lake Michigan Hills - White - 4/30/2026,Nate – Lake Michigan Hills – 4/30/26,,4,4,,,checked,,,checked,checked,135,,52,,,,,,,,,,,,,,,,,,,,,,,36,,2,4,4,,,,,,White,353,8,0,69.1,69.1,119,Back 9,36,,36,,0,0,4,0,0,,,1,4,4,Par,1,Nate – Lake Michigan Hills – 4/30/26,1,1,0,Nate,1,100%,1,0,0,0,1,0,0,0,0,0,0,0,0,0,0,0,0,0,0,1,0,0,0,1,0,0,0,0,0,0,0,0,0,0,0,0,0,0,1,0,0,0,0,0,0,0,0,0,0,0,0,0,0,0,1,,,,,,0,,,,,0,0,0,0,0,1,0,0,0,0,0,0,0,1,1,0,1,0,1,0,0,0,0,0,0,0,0,0,1,0,0,0,0,0,0,0,0,0,0,0,0,0,1,0,0,0,0,0,0,0,0,0,0,0,1,0,1,0,0,0,0,0,0,0,0,0,,0,0,0,,0,0,0,0,0,0,0,0,0,0,0,0,0,0,0,0,0,0,0,0,0,0,0,1,0,0,0,0,0,0,0,0,0,0,0,0,0,0,0,0,0,0,0,0,0,0,0,0,0,0,0,0,0,0,TRUE,TRUE,TRUE,,,,,
Lake Michigan Hills - White,17,4/30/2026,Lake Michigan Hills,Lake Michigan Hills - White 17,,Nate,,Nate - Lake Michigan Hills - White - 4/30/2026,Nate – Lake Michigan Hills – 4/30/26,,3,3,,,,,,checked,checked,140,,7,,,,,,,,,,,,,,,,,,,,,,,57,,2,6,6,,,,,,White,196,14,0,69.1,69.1,119,Back 9,57,57,,,0,0,3,0,0,,,1,3,3,Par,0,Nate – Lake Michigan Hills – 4/30/26,1,1,0,Nate,0,N/A,0,0,0,0,1,0,0,0,0,0,0,0,0,0,0,0,0,0,0,1,0,0,0,1,0,0,0,0,0,0,0,0,0,0,0,0,0,0,1,0,0,0,0,0,0,0,0,0,0,0,0,0,0,0,1,0,,,,,,,,,,1,0,0,0,0,0,0,0,0,0,0,0,0,0,1,0,1,0,0,0,0,0,1,0,0,0,0,0,0,0,0,0,0,0,0,0,0,0,0,0,0,0,1,0,0,0,0,0,0,0,0,0,0,0,0,0,0,0,0,0,0,0,0,0,0,0,,0,0,0,,0,0,0,0,0,0,0,0,0,0,0,0,0,0,0,0,0,0,1,0,0,0,0,0,0,0,0,0,0,0,0,0,0,0,0,0,0,0,0,0,0,0,0,0,0,0,0,0,0,0,0,0,0,0,FALSE,TRUE,TRUE,,,,,
Lake Michigan Hills - White,18,4/30/2026,Lake Michigan Hills,Lake Michigan Hills - White 18,,Nate,,Nate - Lake Michigan Hills - White - 4/30/2026,Nate – Lake Michigan Hills – 4/30/26,,4,4,,,checked,,,,,50,,58,,,,,,,,,,,,,,,,,,,,,,,4,,1,4,,,,,,,White,332,18,0,69.1,69.1,119,Back 9,,,,,1,1,4,0,0,,,1,4,4,Par,1,Nate – Lake Michigan Hills – 4/30/26,0,0,0,Nate,1,100%,0,0,0,0,1,0,0,0,0,0,0,0,0,0,1,1,1,0,1,0,0,0,0,0,0,0,0,0,0,0,0,0,1,0,0,0,0,0,0,0,0,0,0,0,0,0,0,0,0,0,0,0,0,0,1,,,,0,,,,,,,0,0,0,0,1,0,0,0,0,0,0,0,1,0,0,0,0,0,0,0,0,0,0,0,0,0,0,0,1,0,0,0,0,0,0,0,0,0,0,0,1,1,1,0,0,0,0,0,0,0,0,0,0,0,0,0,1,0,0,0,0,0,0,0,0,0,,0,1,0,,0,0,0,0,0,0,0,1,0,0,0,0,0,0,0,0,0,0,0,0,0,0,0,0,0,0,0,0,0,0,0,0,0,0,0,0,0,0,0,0,0,0,0,0,0,0,0,0,0,0,0,0,0,0,TRUE,FALSE,FALSE,,,,,
Beeches - White,1,5/2/2026,Beeches,Beeches - White 1,,Jake,,Jake - Beeches - White - 5/2/2026,Jake – Beeches – 5/2/26,,4,4,,,,,⬅️ Left,checked,checked,135,Driver,PW,,,,,,,,,,,,,,,,,,,,,,,30,➡️ Hole High Right,2,4,4,,,,,,White,363,12,0,69.8,69.8,126,18 Holes,30,,30,,0,0,4,0,1,4,4,0,,,Par,0,Jake – Beeches – 5/2/26,1,1,0,Jake,1,0%,0,0,0,0,1,0,0,0,0,0,0,0,0,0,0,0,0,0,0,1,0,0,0,0,0,0,0,0,0,0,0,0,0,0,0,0,0,0,1,0,0,0,0,0,0,0,0,0,0,0,0,0,0,0,1,,,0,,,,,,,,0,0,1,0,0,0,0,0,0,0,1,0,0,0,0,0,0,0,0,0,0,0,0,0,0,0,0,0,1,0,0,0,0,0,0,0,0,0,0,0,0,0,0,0,1,0,0,0,0,0,0,0,0,0,1,0,0,0,0,0,0,0,0,0,0,0,,0,0,0,,0,0,0,0,0,0,0,0,0,0,0,0,0,0,0,0,0,0,0,0,0,0,0,1,0,0,0,0,0,0,0,0,0,0,0,0,0,0,0,0,0,0,0,0,0,0,0,0,0,0,0,0,0,0,FALSE,TRUE,TRUE,,Hole High Right,Left,,
Beeches - White,2,5/2/2026,Beeches,Beeches - White 2,,Jake,,Jake - Beeches - White - 5/2/2026,Jake – Beeches – 5/2/26,,5,5,checked,,,,➡️ Right,checked,checked,84,Driver,58,,,,,,245,8,,,,,,,,,,,,,,,,65,⬆️ Long,2,3,3,,,,,,White,514,4,0,69.8,69.8,126,18 Holes,65,,,65,0,0,5,0,1,5,5,0,,,Par,0,Jake – Beeches – 5/2/26,1,1,0,Jake,1,0%,0,0,0,0,1,0,0,0,0,0,0,0,0,0,0,0,0,0,0,1,0,0,0,0,0,0,0,0,0,0,0,0,0,0,0,0,0,0,1,0,0,0,0,0,0,0,0,0,0,0,0,0,0,0,1,,,,,,,0,,,,0,0,0,0,0,0,0,0,1,0,1,0,0,0,0,0,0,0,0,0,0,0,0,0,0,0,0,0,0,0,0,0,0,0,1,0,0,0,0,0,0,0,0,0,1,0,0,0,0,0,0,0,0,0,0,1,0,0,0,0,0,0,0,0,0,0,,0,0,0,,0,0,0,0,0,0,0,0,0,0,0,0,0,0,0,0,0,0,0,0,0,0,0,0,0,0,0,0,0,1,0,0,0,0,0,0,0,0,0,0,0,0,0,0,0,0,0,0,0,0,0,0,0,0,FALSE,TRUE,TRUE,,Long,Right,,
Beeches - White,3,5/2/2026,Beeches,Beeches - White 3,,Jake,,Jake - Beeches - White - 5/2/2026,Jake – Beeches – 5/2/26,,4,5,,,checked,,,checked,checked,90,4,58,,,,,,,,,,,,,,,,,,,,,↗️ Long Right,,40,➡️ Hole High Right,3,1,8,1,,,,,White,285,18,1,69.8,69.8,126,18 Holes,40,,40,,0,0,4,1,1,5,4,0,,,Bogey,1,Jake – Beeches – 5/2/26,1,1,0,Jake,1,100%,1,0,0,0,0,1,0,0,0,0,0,0,0,0,0,0,0,0,0,0,1,0,0,0,0,0,0,0,0,0,0,0,0,0,0,0,0,0,0,0,0,0,0,0,0,1,0,0,0,0,0,0,0,0,1,,,,,,1,,,,,0,0,0,0,0,1,0,0,0,0,0,0,0,1,1,0,1,0,1,0,0,0,0,0,0,0,0,0,0,1,0,0,0,0,0,0,0,0,0,0,0,0,0,0,0,1,0,0,0,0,0,0,0,0,1,0,1,0,0,0,0,0,0,0,0,0,,0,0,0,,0,0,0,0,0,0,0,0,0,0,0,0,0,0,0,0,0,0,0,0,0,0,0,0,0,0,0,0,0,0,0,0,0,0,0,0,0,1,0,0,0,0,0,0,0,0,0,0,0,0,0,0,0,0,TRUE,TRUE,TRUE,,Hole High Right,,Long Right,
Beeches - White,4,5/2/2026,Beeches,Beeches - White 4,,Jake,,Jake - Beeches - White - 5/2/2026,Jake – Beeches – 5/2/26,,4,4,,,,,⬅️ Left,,,135,Driver,PW,⬅️ Left,5,,,,,,,,,,,,1,,1,58 Degree Wedge,,,,,,13,⬅️ Hole High Left,1,13,,,,,,,White,374,6,0,69.8,69.8,126,18 Holes,,,,,0,0,4,0,1,4,4,0,,,Par,0,Jake – Beeches – 5/2/26,0,0,0,Jake,1,0%,0,0,0,0,1,0,0,0,1,1,0,0,0,0,1,1,1,1,1,0,0,0,0,0,0,0,1,0,1,1,0,0,1,0,0,0,0,0,0,0,0,0,0,0,0,0,0,0,0,0,0,0,0,0,1,,,,,0,,,,,,0,0,0,1,0,0,0,0,0,0,0,1,0,0,0,1,0,1,0,1,0,0,0,0,0,0,0,0,1,0,0,0,0,0,0,0,0,0,0,0,1,1,0,0,0,0,0,0,0,0,1,0,0,0,0,0,0,0,0,0,0,0,0,0,0,0,,0,1,0,,0,0,0,0,0,0,0,1,0,0,0,0,0,0,0,0,0,0,0,0,0,0,0,0,0,0,0,0,0,0,0,0,0,0,0,0,0,0,0,0,0,0,0,0,0,0,0,0,0,0,0,0,0,0,FALSE,FALSE,FALSE,Left,Hole High Left,Left,,
Beeches - White,5,5/2/2026,Beeches,Beeches - White 5,,Jake,,Jake - Beeches - White - 5/2/2026,Jake – Beeches – 5/2/26,,4,5,,,,,➡️ Right,,,170,Driver,7,➡️ Right,7,,,,,,,,,,,,,1,1,58 Degree Wedge,,,,,,14,⬅️ Hole High Left,2,4,4,,,,,,White,344,10,1,69.8,69.8,126,18 Holes,,,,,0,0,4,1,1,5,4,0,,,Bogey,0,Jake – Beeches – 5/2/26,0,0,0,Jake,1,0%,0,0,0,0,0,1,0,0,1,1,0,0,0,0,1,0,0,1,0,1,0,0,0,0,0,0,0,0,0,1,0,0,0,0,0,0,0,0,0,1,0,0,0,0,0,0,0,0,0,0,0,0,0,0,1,,,,,1,,,,,,0,0,0,1,0,0,0,0,0,0,0,1,0,0,0,1,0,1,0,1,0,0,0,0,0,0,0,0,0,1,0,0,0,0,0,0,0,0,0,0,0,0,0,0,0,0,0,0,0,0,0,1,0,0,0,0,0,0,0,0,0,0,0,0,0,0,,0,0,0,,0,0,0,0,0,0,0,0,0,0,0,0,0,0,0,0,0,0,0,0,0,0,0,0,1,0,0,0,0,0,0,0,0,0,0,0,0,0,0,0,0,0,0,0,0,0,0,0,0,0,0,0,0,0,FALSE,FALSE,FALSE,Right,Hole High Left,Right,,
Beeches - White,6,5/2/2026,Beeches,Beeches - White 6,,Jake,,Jake - Beeches - White - 5/2/2026,Jake – Beeches – 5/2/26,,4,5,,,,,➡️ Right,,,130,Driver,PW,⬆️ Long,1,,,,,,,1,Driver,,,Hazard - Tall Grass,,,1,58 Degree Wedge,,,,,,5,↙️ Short Left,1,5,,,,,,,White,364,8,1,69.8,69.8,126,18 Holes,,,,,1,1,4,1,1,5,4,0,,,Bogey,0,Jake – Beeches – 5/2/26,0,0,0,Jake,1,0%,0,0,0,0,0,1,0,0,1,1,1,1,1,1,1,0,1,0,1,0,0,0,0,0,0,0,0,0,0,0,0,0,0,1,0,0,0,0,0,0,0,0,0,0,0,0,0,0,0,0,0,0,0,0,1,,,,,1,,,,,,0,0,0,1,0,0,0,0,0,0,0,1,0,0,0,1,0,1,0,1,0,0,0,0,0,0,0,0,0,1,0,0,0,0,0,0,0,0,0,0,0,1,0,0,0,0,0,0,0,0,0,1,0,0,0,0,0,0,0,0,0,0,0,0,0,0,,0,0,0,,0,0,0,0,0,0,0,0,1,0,0,0,0,0,0,0,0,0,0,0,0,0,0,0,0,0,0,0,0,0,0,0,0,0,0,0,0,0,0,0,0,0,0,0,0,0,0,0,0,0,0,0,0,0,FALSE,FALSE,FALSE,Long,Short Left,Right,,
Beeches - White,7,5/2/2026,Beeches,Beeches - White 7,,Jake,,Jake - Beeches - White - 5/2/2026,Jake – Beeches – 5/2/26,,3,3,,,,,,checked,checked,168,8,8,,,,,,,,,,,,,,,,,,,,,,,45,⬇️ Short,2,2,2,,,,,,White,156,16,0,69.8,69.8,126,18 Holes,45,45,,,0,0,3,0,1,3,3,0,,,Par,0,Jake – Beeches – 5/2/26,1,1,0,Jake,0,N/A,0,0,0,0,1,0,0,0,0,0,0,0,0,0,0,0,0,0,0,1,0,0,0,1,0,0,0,0,0,0,0,0,0,0,0,0,0,0,1,0,0,0,0,0,0,0,0,0,0,0,0,0,0,0,1,0,,,,,,,,,,1,0,0,0,0,0,0,0,0,0,0,0,0,0,1,0,1,0,0,0,0,0,1,0,0,0,0,0,0,0,0,0,0,0,0,0,0,0,0,0,0,0,0,1,0,0,0,0,0,0,0,0,0,0,0,0,0,0,0,0,0,0,0,0,0,0,,0,0,0,,0,0,0,0,0,0,0,0,0,0,0,0,0,0,0,0,0,0,1,0,0,0,0,0,0,0,0,0,0,0,0,0,0,0,0,0,0,0,0,0,0,0,0,0,0,0,0,0,0,0,0,0,0,0,FALSE,TRUE,TRUE,,Short,,,
Beeches - White,8,5/2/2026,Beeches,Beeches - White 8,,Jake,,Jake - Beeches - White - 5/2/2026,Jake – Beeches – 5/2/26,,5,5,,,,,⬆️ Long,checked,checked,15,3W,58,,,,,,245,4H,➡️ Right,,,,,,,1,,,1,,,,58 Degree Wedge,15,⬆️ Long,2,1,1,,,,,,White,502,2,0,69.8,69.8,126,18 Holes,15,,,15,0,0,5,0,1,5,5,0,,,Par,0,Jake – Beeches – 5/2/26,1,1,0,Jake,1,0%,0,0,0,0,1,0,0,0,0,0,0,0,0,0,0,0,0,1,0,1,0,0,0,0,0,0,0,0,1,1,0,0,0,0,0,0,0,0,1,0,0,0,0,0,0,0,0,0,0,0,0,0,0,0,1,,,,,,,0,,,,0,0,0,0,0,0,0,0,1,0,1,0,0,0,0,0,0,0,0,0,0,0,0,0,0,0,0,0,0,0,0,0,0,0,1,0,0,0,0,0,0,0,0,1,0,0,0,0,0,0,0,0,0,0,0,1,0,0,1,0,0,0,0,0,1,0,,0,0,0,,0,0,0,0,0,0,0,0,0,0,0,0,0,0,0,0,0,0,0,0,0,0,0,0,0,0,0,0,0,1,0,0,0,0,0,0,0,0,0,0,0,0,0,0,0,0,0,0,0,0,0,0,0,0,FALSE,TRUE,TRUE,,Long,Long,,
Beeches - White,9,5/2/2026,Beeches,Beeches - White 9,,Jake,,Jake - Beeches - White - 5/2/2026,Jake – Beeches – 5/2/26,,3,4,,,,,↖️ Long Left,,,178,6,6,↖️ Long Left,3,,,,,,,,,,,,,,1,58 Degree Wedge,,,,,,20,➡️ Hole High Right,2,3,3,,,,,,White,175,14,1,69.8,69.8,126,18 Holes,,,,,0,0,3,1,1,4,3,0,,,Bogey,0,Jake – Beeches – 5/2/26,0,0,0,Jake,0,N/A,0,0,0,0,0,1,0,0,1,1,0,0,0,0,1,0,0,0,0,1,0,0,0,0,0,0,0,0,0,0,0,0,0,0,0,0,0,0,0,1,0,0,0,0,0,0,0,0,0,0,0,0,0,0,1,,1,,,,,,,,,0,1,0,0,0,0,0,0,0,0,0,0,0,0,0,1,0,1,0,0,0,0,0,1,0,0,0,0,0,0,0,0,0,0,0,0,0,0,0,0,0,0,0,0,0,0,0,1,0,0,0,0,0,0,0,0,0,0,0,0,0,0,0,0,0,0,,0,0,0,,0,0,0,0,0,0,0,0,0,0,0,0,0,0,0,0,0,0,0,1,0,0,0,0,0,0,0,0,0,0,0,0,0,0,0,0,0,0,0,0,0,0,0,0,0,0,0,0,0,0,0,0,0,0,FALSE,FALSE,FALSE,Long Left,Hole High Right,Long Left,,
Beeches - White,10,5/2/2026,Beeches,Beeches - White 10,,Jake,,Jake - Beeches - White - 5/2/2026,Jake – Beeches – 5/2/26,,5,5,,,checked,,,checked,checked,88,Driver,54,,,,,,221,8,➡️ Right,,,,,,1,,,,,,,,,75,⬇️ Short,2,3,3,,,,,,White,525,1,0,69.8,69.8,126,18 Holes,75,,,75,0,0,5,0,0,,,1,5,5,Par,1,Jake – Beeches – 5/2/26,1,1,0,Jake,1,100%,1,0,0,0,1,0,0,0,0,0,0,0,0,0,0,0,0,1,0,1,0,0,0,1,0,0,0,0,1,1,0,0,0,0,0,0,0,0,1,0,0,0,0,0,0,0,0,0,0,0,0,0,0,0,1,,,,,,,,,,0,0,0,0,0,0,0,1,0,0,0,0,0,0,1,1,0,1,0,1,0,0,0,0,0,0,0,0,0,0,0,0,0,0,0,1,0,0,0,0,0,0,0,0,0,0,0,0,0,1,0,0,0,0,0,0,1,0,1,0,0,0,0,0,0,0,0,,0,0,0,,0,0,0,0,0,0,0,0,0,0,0,0,0,0,0,0,0,0,0,0,0,0,0,0,0,0,0,0,0,1,0,0,0,0,0,0,0,0,0,0,0,0,0,0,0,0,0,0,0,0,0,0,0,0,TRUE,TRUE,TRUE,,Short,,,
Beeches - White,11,5/2/2026,Beeches,Beeches - White 11,,Jake,,Jake - Beeches - White - 5/2/2026,Jake – Beeches – 5/2/26,,4,6,,,,,➡️ Right,,,88,Driver,58,⬇️ Short,55,,,,,,,,,,,,,,1,58 Degree Wedge,,Putter,1,,,4,➡️ Hole High Right,2,4,4,,,,,,White,304,9,2,69.8,69.8,126,18 Holes,,,,,1,0,4,2,0,,,1,6,4,Double Bogey,0,Jake – Beeches – 5/2/26,0,0,0,Jake,1,0%,0,0,0,0,0,0,1,0,2,1,0,0,0,0,1,0,0,0,0,1,0,0,0,0,0,0,0,0,0,0,0,0,0,0,0,0,0,0,0,0,1,0,0,0,0,0,0,0,0,0,0,0,0,0,1,,,,,2,,,,,,0,0,0,1,0,0,0,0,0,0,0,1,0,0,0,1,0,1,0,1,0,0,0,0,0,0,0,0,0,0,1,0,0,0,0,0,0,0,0,0,0,0,0,0,0,0,0,0,0,1,0,0,0,0,0,0,0,0,0,0,0,0,0,0,0,0,,0,0,0,,0,0,0,0,0,0,0,0,0,0,0,0,0,0,0,0,0,0,0,0,0,0,0,0,0,1,0,0,0,0,0,0,0,0,0,0,0,0,0,0,0,0,0,0,0,0,0,0,0,0,0,0,0,0,FALSE,FALSE,FALSE,Short,Hole High Right,Right,,
Beeches - White,12,5/2/2026,Beeches,Beeches - White 12,,Jake,,Jake - Beeches - White - 5/2/2026,Jake – Beeches – 5/2/26,,4,5,,,checked,,,checked,checked,123,Driver,PW,,,,,,,,,,,,,,,,,,,,,⬆️ Long,,25,↗️ Long Right,3,1,11,1,,,,,White,337,13,1,69.8,69.8,126,18 Holes,25,,25,,0,0,4,1,0,,,1,5,4,Bogey,1,Jake – Beeches – 5/2/26,1,1,0,Jake,1,100%,1,0,0,0,0,1,0,0,0,0,0,0,0,0,0,0,0,0,0,0,1,0,0,0,0,0,0,0,0,0,0,0,0,0,0,0,0,0,0,0,0,0,0,0,0,1,0,0,0,0,0,0,0,0,1,,,,,,1,,,,,0,0,0,0,0,1,0,0,0,0,0,0,0,1,1,0,1,0,1,0,0,0,0,0,0,0,0,0,0,1,0,0,0,0,0,0,0,0,0,0,0,0,0,0,0,0,0,0,0,1,0,0,0,0,1,0,1,0,0,0,0,0,0,0,0,0,,0,0,0,,0,0,0,0,0,0,0,0,0,0,0,0,0,0,0,0,0,0,0,0,0,0,0,0,0,0,0,0,0,0,0,0,0,0,0,0,0,1,0,0,0,0,0,0,0,0,0,0,0,0,0,0,0,0,TRUE,TRUE,TRUE,,Long Right,,Long,
Beeches - White,13,5/2/2026,Beeches,Beeches - White 13,,Jake,,Jake - Beeches - White - 5/2/2026,Jake – Beeches – 5/2/26,,4,6,,,,,➡️ Right,,,115,Driver,GW,⬇️ Short,15,,,,,,,1,Driver,,,Hazard - Water,,,1,58 Degree Wedge,,Putter,1,,,5,➡️ Hole High Right,1,5,,,,,,,White,354,7,2,69.8,69.8,126,18 Holes,,,,,1,1,4,2,0,,,1,6,4,Double Bogey,0,Jake – Beeches – 5/2/26,0,0,0,Jake,1,0%,0,0,0,0,0,0,1,0,2,1,0,0,0,0,1,0,1,0,1,0,0,0,0,0,0,0,0,0,0,0,0,0,0,0,1,0,0,0,0,0,0,0,0,0,0,0,0,0,0,0,0,0,0,0,1,,,,,2,,,,,,0,0,0,1,0,0,0,0,0,0,0,1,0,0,0,1,0,1,0,1,0,0,0,0,0,0,0,0,0,0,1,0,0,0,0,0,0,0,0,0,0,1,0,0,0,0,0,0,0,0,0,0,0,1,0,0,0,0,0,0,0,0,0,0,0,0,,0,0,0,,0,0,0,0,0,0,0,0,0,1,0,0,0,0,0,0,0,0,0,0,0,0,0,0,0,0,0,0,0,0,0,0,0,0,0,0,0,0,0,0,0,0,0,0,0,0,0,0,0,0,0,0,0,0,FALSE,FALSE,FALSE,Short,Hole High Right,Right,,
Beeches - White,14,5/2/2026,Beeches,Beeches - White 14,,Jake,,Jake - Beeches - White - 5/2/2026,Jake – Beeches – 5/2/26,,4,4,,,checked,,,checked,checked,25,Driver,58,,,,,,,,,,,,,,,,,,,,,,,33,⬆️ Long,2,1,1,,,,,,White,349,15,0,69.8,69.8,126,18 Holes,33,,33,,0,0,4,0,0,,,1,4,4,Par,1,Jake – Beeches – 5/2/26,1,1,0,Jake,1,100%,1,0,0,0,1,0,0,0,0,0,0,0,0,0,0,0,0,0,0,1,0,0,0,1,0,0,0,0,0,0,0,0,0,0,0,0,0,0,1,0,0,0,0,0,0,0,0,0,0,0,0,0,0,0,1,,,,,,0,,,,,0,0,0,0,0,1,0,0,0,0,0,0,0,1,1,0,1,0,1,0,0,0,0,0,0,0,0,0,1,0,0,0,0,0,0,0,0,0,0,0,0,0,0,0,0,0,0,0,0,0,0,0,1,0,1,0,1,0,0,0,0,0,0,0,0,0,,0,0,0,,0,0,0,0,0,0,0,0,0,0,0,0,0,0,0,0,0,0,0,0,0,0,0,1,0,0,0,0,0,0,0,0,0,0,0,0,0,0,0,0,0,0,0,0,0,0,0,0,0,0,0,0,0,0,TRUE,TRUE,TRUE,,Long,,,
Beeches - White,15,5/2/2026,Beeches,Beeches - White 15,,Jake,,Jake - Beeches - White - 5/2/2026,Jake – Beeches – 5/2/26,,3,4,,,,,➡️ Right,,,158,8,8,➡️ Right,1,,,,,,,,,,,,,,1,58 Degree Wedge,,,,,,30,➡️ Hole High Right,2,2,2,,,,,,White,155,11,1,69.8,69.8,126,18 Holes,,,,,0,0,3,1,0,,,1,4,3,Bogey,0,Jake – Beeches – 5/2/26,0,0,0,Jake,0,N/A,0,0,0,0,0,1,0,0,1,1,0,0,0,0,1,0,0,0,0,1,0,0,0,0,0,0,0,0,0,0,0,0,0,0,0,0,0,0,0,1,0,0,0,0,0,0,0,0,0,0,0,0,0,0,1,,1,,,,,,,,,0,1,0,0,0,0,0,0,0,0,0,0,0,0,0,1,0,1,0,0,0,0,0,1,0,0,0,0,0,0,0,0,0,0,0,0,0,0,0,0,0,0,0,0,0,0,0,0,0,0,0,0,0,1,0,0,0,0,0,0,0,0,0,0,0,0,,0,0,0,,0,0,0,0,0,0,0,0,0,0,0,0,0,0,0,0,0,0,0,1,0,0,0,0,0,0,0,0,0,0,0,0,0,0,0,0,0,0,0,0,0,0,0,0,0,0,0,0,0,0,0,0,0,0,FALSE,FALSE,FALSE,Right,Hole High Right,Right,,
Beeches - White,16,5/2/2026,Beeches,Beeches - White 16,,Jake,,Jake - Beeches - White - 5/2/2026,Jake – Beeches – 5/2/26,,5,6,,,checked,,,,,108,Driver,GW,⬇️ Short,15,,,,265,3W,⬅️ Left,,,,,,,,1,58 Degree Wedge,,,,,,15,⬆️ Long,2,1,1,,,,,,White,484,3,1,69.8,69.8,126,18 Holes,,,,,0,0,5,1,0,,,1,6,5,Bogey,1,Jake – Beeches – 5/2/26,0,0,0,Jake,1,100%,0,0,0,0,0,1,0,0,1,1,0,0,0,0,1,0,0,0,0,1,0,0,0,0,0,0,0,0,0,0,0,0,0,0,0,0,0,0,0,1,0,0,0,0,0,0,0,0,0,0,0,0,0,0,1,,,,,,,,1,,,0,0,0,0,0,0,0,1,0,0,0,0,1,0,0,0,0,0,0,0,0,0,0,0,0,0,0,0,0,0,0,0,0,0,0,1,0,0,0,0,0,0,0,0,0,0,1,0,0,0,0,0,0,0,0,0,0,1,0,0,0,0,0,0,0,0,,0,0,0,,0,0,0,0,0,0,0,0,0,0,0,0,0,0,0,0,0,0,0,0,0,0,0,0,0,0,0,0,0,0,1,0,0,0,0,0,0,0,0,0,0,0,0,0,0,0,0,0,0,0,0,0,0,0,TRUE,FALSE,FALSE,Short,Long,,,
Beeches - White,17,5/2/2026,Beeches,Beeches - White 17,,Jake,,Jake - Beeches - White - 5/2/2026,Jake – Beeches – 5/2/26,,3,4,,,,,⬅️ Left,,,136,PW,PW,⬅️ Left,2,,,,,,,,,,,,,,1,58 Degree Wedge,,,,,,12,➡️ Hole High Right,2,1,1,,,,,,White,134,17,1,69.8,69.8,126,18 Holes,,,,,0,0,3,1,0,,,1,4,3,Bogey,0,Jake – Beeches – 5/2/26,0,0,0,Jake,0,N/A,0,0,0,0,0,1,0,0,1,1,0,0,0,0,1,0,0,0,0,1,0,0,0,0,0,0,0,0,0,0,0,0,0,0,0,0,0,0,0,1,0,0,0,0,0,0,0,0,0,0,0,0,0,0,1,,1,,,,,,,,,0,1,0,0,0,0,0,0,0,0,0,0,0,0,0,1,0,1,0,0,0,0,0,1,0,0,0,0,0,0,0,0,0,0,0,0,0,0,0,0,0,0,0,0,0,0,1,0,0,0,0,0,0,0,0,0,0,0,0,0,0,0,0,0,0,0,,0,0,0,,0,0,0,0,0,0,0,0,0,0,0,0,0,0,0,0,0,0,0,1,0,0,0,0,0,0,0,0,0,0,0,0,0,0,0,0,0,0,0,0,0,0,0,0,0,0,0,0,0,0,0,0,0,0,FALSE,FALSE,FALSE,Left,Hole High Right,Left,,
Beeches - White,18,5/2/2026,Beeches,Beeches - White 18,,Jake,,Jake - Beeches - White - 5/2/2026,Jake – Beeches – 5/2/26,,4,5,,,,,➡️ Right,checked,checked,178,Driver,7,,,,,,,,,,,,,,,,,,,,,⬇️ Short,,60,↘️ Short Right,3,4,18,4,,,,,White,382,5,1,69.8,69.8,126,18 Holes,60,,60,,0,0,4,1,0,,,1,5,4,Bogey,0,Jake – Beeches – 5/2/26,1,1,0,Jake,1,0%,0,0,0,0,0,1,0,0,0,0,0,0,0,0,0,0,0,0,0,0,1,0,0,0,0,0,0,0,0,0,0,0,0,0,0,0,0,0,0,0,0,0,0,0,0,1,0,0,0,0,0,0,0,0,1,,,1,,,,,,,,0,0,1,0,0,0,0,0,0,0,1,0,0,0,0,0,0,0,0,0,0,0,0,0,0,0,0,0,0,1,0,0,0,0,0,0,0,0,0,0,0,0,0,0,0,0,1,0,0,0,0,0,0,0,1,0,0,0,0,0,0,0,0,0,0,0,,0,0,0,,0,0,0,0,0,0,0,0,0,0,0,0,0,0,0,0,0,0,0,0,0,0,0,0,0,0,0,0,0,0,0,0,0,0,0,0,0,1,0,0,0,0,0,0,0,0,0,0,0,0,0,0,0,0,FALSE,TRUE,TRUE,,Short Right,Right,Short,
Gardner - White,2,5/3/2026,Gardner,Gardner White 2,,Brent,,Brent - Gardner - White - 5/3/2026,Brent – Gardner – 5/3/26,,5,6,,,,,,,,135,,5,⬇️ Short,10,,,,,,,1,Driver,,,,,,,,,,,,,12,,2,0.5,0.5,,,,,,White,473,15,1,70.8,70.8,114,Custom,,,,,0,0,5,1,1,6,5,0,,,Bogey,0,Brent – Gardner – 5/3/26,0,0,0,Brent,1,0%,0,0,0,0,0,1,0,0,0,0,0,0,0,0,1,0,0,0,0,1,0,0,0,0,0,0,0,0,0,0,0,0,0,0,0,0,0,0,0,1,0,0,0,0,0,0,0,0,0,0,0,0,0,0,1,,,,,,,,,1,,0,0,0,0,0,0,0,0,0,1,0,1,0,0,0,1,0,1,0,1,0,0,0,0,0,0,0,0,0,0,0,0,0,0,0,1,0,0,0,0,0,0,0,0,0,1,0,0,0,0,0,0,0,0,0,0,0,0,0,0,0,0,0,0,0,0,,0,0,0,,0,0,0,0,0,0,0,0,0,0,0,0,0,0,0,0,0,0,0,0,0,0,0,0,0,0,0,0,0,0,1,0,0,0,0,0,0,0,0,0,0,0,0,0,0,0,0,0,0,0,0,0,0,0,FALSE,FALSE,FALSE,Short,,,,
Gardner - White,3,5/3/2026,Gardner,Gardner White 3,,Brent,,Brent - Gardner - White - 5/3/2026,Brent – Gardner – 5/3/26,,4,5,,,,,,,,143,,PW,⬇️ Short,5,,,,,,,1,Driver,,,,,,,,,,,,,2,,1,2,,,,,,,White,389,13,1,70.8,70.8,114,Custom,,,,,1,1,4,1,1,5,4,0,,,Bogey,0,Brent – Gardner – 5/3/26,0,0,0,Brent,1,0%,0,0,0,0,0,1,0,0,0,0,0,0,0,0,1,0,1,0,1,0,0,0,0,0,0,0,0,0,0,0,0,0,0,1,0,0,0,0,0,0,0,0,0,0,0,0,0,0,0,0,0,0,0,0,1,,,,,1,,,,,,0,0,0,1,0,0,0,0,0,0,0,1,0,0,0,1,0,1,0,1,0,0,0,0,0,0,0,0,0,1,0,0,0,0,0,0,0,0,0,0,0,1,0,0,0,1,0,0,0,0,0,0,0,0,0,0,0,0,0,0,0,0,0,0,0,0,,0,0,0,,0,0,0,0,0,0,0,0,1,0,0,0,0,0,0,0,0,0,0,0,0,0,0,0,0,0,0,0,0,0,0,0,0,0,0,0,0,0,0,0,0,0,0,0,0,0,0,0,0,0,0,0,0,0,FALSE,FALSE,FALSE,Short,,,,
Gardner - White,4,5/3/2026,Gardner,Gardner White 4,,Brent,,Brent - Gardner - White - 5/3/2026,Brent – Gardner – 5/3/26,,3,3,,,,,,checked,checked,133,,PW,,,,,,,,,,,,,,,,,,,,,,,15,,2,3,3,,,,,,White,138,11,0,70.8,70.8,114,Custom,15,15,,,0,0,3,0,1,3,3,0,,,Par,0,Brent – Gardner – 5/3/26,1,1,0,Brent,0,N/A,0,0,0,0,1,0,0,0,0,0,0,0,0,0,0,0,0,0,0,1,0,0,0,1,0,0,0,0,0,0,0,0,0,0,0,0,0,0,1,0,0,0,0,0,0,0,0,0,0,0,0,0,0,0,1,0,,,,,,,,,,1,0,0,0,0,0,0,0,0,0,0,0,0,0,1,0,1,0,0,0,0,0,1,0,0,0,0,0,0,0,0,0,0,0,0,0,0,0,0,0,0,0,0,0,0,0,0,0,0,0,1,0,0,0,0,0,0,0,1,0,1,0,0,0,0,0,,0,0,0,,0,0,0,0,0,0,0,0,0,0,0,0,0,0,0,0,0,0,1,0,0,0,0,0,0,0,0,0,0,0,0,0,0,0,0,0,0,0,0,0,0,0,0,0,0,0,0,0,0,0,0,0,0,0,FALSE,TRUE,TRUE,,,,,
Gardner - White,5,5/3/2026,Gardner,Gardner White 5,,Brent,,Brent - Gardner - White - 5/3/2026,Brent – Gardner – 5/3/26,,4,5,,,,,,,,152,,5,➡️ Right,10,,,,,,,,,,,,,,,,,,,,,8,,2,1,1,,,,,,White,366,3,1,70.8,70.8,114,Custom,,,,,1,0,4,1,1,5,4,0,,,Bogey,0,Brent – Gardner – 5/3/26,0,0,0,Brent,1,0%,0,0,0,0,0,1,0,0,0,0,0,0,0,0,1,0,0,0,0,1,0,0,0,0,0,0,0,0,0,0,0,0,0,0,0,0,0,0,0,1,0,0,0,0,0,0,0,0,0,0,0,0,0,0,1,,,,,1,,,,,,0,0,0,1,0,0,0,0,0,0,0,1,0,0,0,1,0,1,0,1,0,0,0,0,0,0,0,0,0,1,0,0,0,0,0,0,0,0,0,0,0,0,0,0,0,0,0,0,0,0,0,1,0,0,0,0,0,0,0,0,0,0,0,0,0,0,,0,0,0,,0,0,0,0,0,0,0,0,0,0,0,0,0,0,0,0,0,0,0,0,0,0,0,0,1,0,0,0,0,0,0,0,0,0,0,0,0,0,0,0,0,0,0,0,0,0,0,0,0,0,0,0,0,0,FALSE,FALSE,FALSE,Right,,,,
Gardner - White,6,5/3/2026,Gardner,Gardner White 6,,Brent,,Brent - Gardner - White - 5/3/2026,Brent – Gardner – 5/3/26,,5,5,,,,,,checked,checked,75,,56,,,,,,,,,,,,,,,,,,,,,,,15,,2,1,1,,,,,,White,430,17,0,70.8,70.8,114,Custom,15,,,15,0,0,5,0,1,5,5,0,,,Par,0,Brent – Gardner – 5/3/26,1,1,0,Brent,1,0%,0,0,0,0,1,0,0,0,0,0,0,0,0,0,0,0,0,0,0,1,0,0,0,0,0,0,0,0,0,0,0,0,0,0,0,0,0,0,1,0,0,0,0,0,0,0,0,0,0,0,0,0,0,0,1,,,,,,,0,,,,0,0,0,0,0,0,0,0,1,0,1,0,0,0,0,0,0,0,0,0,0,0,0,0,0,0,0,0,0,0,0,0,0,0,1,0,0,0,0,0,0,0,0,0,0,0,0,0,0,0,1,0,0,0,0,1,0,0,1,0,0,0,0,0,1,0,,0,0,0,,0,0,0,0,0,0,0,0,0,0,0,0,0,0,0,0,0,0,0,0,0,0,0,0,0,0,0,0,0,1,0,0,0,0,0,0,0,0,0,0,0,0,0,0,0,0,0,0,0,0,0,0,0,0,FALSE,TRUE,TRUE,,,,,
Gardner - White,7,5/3/2026,Gardner,Gardner White 7,,Brent,,Brent - Gardner - White - 5/3/2026,Brent – Gardner – 5/3/26,,4,5,,,,,,,,133,,PW,⬅️ Left,3,,,,,,,,,,,,,,,,,,,,,8,,2,0.5,0.5,,,,,,White,404,5,1,70.8,70.8,114,Custom,,,,,1,0,4,1,1,5,4,0,,,Bogey,0,Brent – Gardner – 5/3/26,0,0,0,Brent,1,0%,0,0,0,0,0,1,0,0,0,0,0,0,0,0,1,0,0,0,0,1,0,0,0,0,0,0,0,0,0,0,0,0,0,0,0,0,0,0,0,1,0,0,0,0,0,0,0,0,0,0,0,0,0,0,1,,,,,1,,,,,,0,0,0,1,0,0,0,0,0,0,0,1,0,0,0,1,0,1,0,1,0,0,0,0,0,0,0,0,0,1,0,0,0,0,0,0,0,0,0,0,0,0,0,0,0,0,0,1,0,0,0,0,0,0,0,0,0,0,0,0,0,0,0,0,0,0,,0,0,0,,0,0,0,0,0,0,0,0,0,0,0,0,0,0,0,0,0,0,0,0,0,0,0,0,1,0,0,0,0,0,0,0,0,0,0,0,0,0,0,0,0,0,0,0,0,0,0,0,0,0,0,0,0,0,FALSE,FALSE,FALSE,Left,,,,
Gardner - White,8,5/3/2026,Gardner,Gardner White 8,,Brent,,Brent - Gardner - White - 5/3/2026,Brent – Gardner – 5/3/26,,3,3,,,,,,,,185,,7,⬇️ Short,3,,,,,,,,,,,,,,,,,,,,,1,,1,1,,,,,,,White,183,7,0,70.8,70.8,114,Custom,,,,,1,1,3,0,1,3,3,0,,,Par,0,Brent – Gardner – 5/3/26,0,0,0,Brent,0,N/A,0,0,0,0,1,0,0,0,0,0,0,0,0,0,1,1,1,0,1,0,0,0,0,0,0,0,1,0,0,0,0,0,1,0,0,0,0,0,0,0,0,0,0,0,0,0,0,0,0,0,0,0,0,0,1,,0,,,,,,,,,0,1,0,0,0,0,0,0,0,0,0,0,0,0,0,1,0,1,0,0,0,0,1,0,0,0,0,0,0,0,0,0,0,0,0,0,0,0,0,0,1,1,0,1,0,0,0,0,0,0,0,0,0,0,0,0,0,0,0,0,0,0,0,0,0,0,,1,0,0,,0,1,0,0,0,0,0,0,0,0,0,0,0,0,0,0,0,0,0,0,0,0,0,0,0,0,0,0,0,0,0,0,0,0,0,0,0,0,0,0,0,0,0,0,0,0,0,0,0,0,0,0,0,0,FALSE,FALSE,FALSE,Short,,,,
Gardner - White,9,5/3/2026,Gardner,Gardner White 9,,Brent,,Brent - Gardner - White - 5/3/2026,Brent – Gardner – 5/3/26,,4,5,,,checked,,,,,159,,8,⬆️ Long,5,,,,,,,,,,,,,,,,,,,,,6,,2,1,1,,,,,,White,392,1,1,70.8,70.8,114,Custom,,,,,1,0,4,1,1,5,4,0,,,Bogey,1,Brent – Gardner – 5/3/26,0,0,0,Brent,1,100%,0,0,0,0,0,1,0,0,0,0,0,0,0,0,1,0,0,0,0,1,0,0,0,0,0,0,0,0,0,0,0,0,0,0,0,0,0,0,0,1,0,0,0,0,0,0,0,0,0,0,0,0,0,0,1,,,,1,,,,,,,0,0,0,0,1,0,0,0,0,0,0,0,1,0,0,0,0,0,0,0,0,0,0,0,0,0,0,0,0,1,0,0,0,0,0,0,0,0,0,0,0,0,0,0,0,0,0,1,0,0,0,0,0,0,0,0,1,0,0,0,0,0,0,0,0,0,,0,0,0,,0,0,0,0,0,0,0,0,0,0,0,0,0,0,0,0,0,0,0,0,0,0,0,0,1,0,0,0,0,0,0,0,0,0,0,0,0,0,0,0,0,0,0,0,0,0,0,0,0,0,0,0,0,0,TRUE,FALSE,FALSE,Long,,,,
Gardner - White,2,5/3/2026,Gardner,Gardner White 2,,Brent,,Brent - Gardner - White - 5/3/2026,Brent – Gardner – 5/3/26,,5,6,,,checked,,,,,135,,5,⬇️ Short,15,,,,,,,,,,,,,,,,,,,,,10,,2,1,1,,,,,,White,473,15,1,70.8,70.8,114,Custom,,,,,1,0,5,1,1,6,5,0,,,Bogey,1,Brent – Gardner – 5/3/26,0,0,0,Brent,1,100%,0,0,0,0,0,1,0,0,0,0,0,0,0,0,1,0,0,0,0,1,0,0,0,0,0,0,0,0,0,0,0,0,0,0,0,0,0,0,0,1,0,0,0,0,0,0,0,0,0,0,0,0,0,0,1,,,,,,,,1,,,0,0,0,0,0,0,0,1,0,0,0,0,1,0,0,0,0,0,0,0,0,0,0,0,0,0,0,0,0,0,0,0,0,0,0,1,0,0,0,0,0,0,0,0,0,1,0,0,0,0,0,0,0,0,0,0,0,1,0,0,0,0,0,0,0,0,,0,0,0,,0,0,0,0,0,0,0,0,0,0,0,0,0,0,0,0,0,0,0,0,0,0,0,0,0,0,0,0,0,0,1,0,0,0,0,0,0,0,0,0,0,0,0,0,0,0,0,0,0,0,0,0,0,0,TRUE,FALSE,FALSE,Short,,,,
Gardner - White,3,5/3/2026,Gardner,Gardner White 3,,Brent,,Brent - Gardner - White - 5/3/2026,Brent – Gardner – 5/3/26,,4,4,,,,,,checked,checked,133,,PW,,,,,,,,,,,,,,,,,,,,,,,30,,2,6,6,,,,,,White,389,13,0,70.8,70.8,114,Custom,30,,30,,0,0,4,0,1,4,4,0,,,Par,0,Brent – Gardner – 5/3/26,1,1,0,Brent,1,0%,0,0,0,0,1,0,0,0,0,0,0,0,0,0,0,0,0,0,0,1,0,0,0,0,0,0,0,0,0,0,0,0,0,0,0,0,0,0,1,0,0,0,0,0,0,0,0,0,0,0,0,0,0,0,1,,,0,,,,,,,,0,0,1,0,0,0,0,0,0,0,1,0,0,0,0,0,0,0,0,0,0,0,0,0,0,0,0,0,1,0,0,0,0,0,0,0,0,0,0,0,0,0,0,0,1,0,0,0,0,0,0,0,0,0,1,0,0,0,0,0,0,0,0,0,0,0,,0,0,0,,0,0,0,0,0,0,0,0,0,0,0,0,0,0,0,0,0,0,0,0,0,0,0,1,0,0,0,0,0,0,0,0,0,0,0,0,0,0,0,0,0,0,0,0,0,0,0,0,0,0,0,0,0,0,FALSE,TRUE,TRUE,,,,,
Gardner - White,4,5/3/2026,Gardner,Gardner White 4,,Brent,,Brent - Gardner - White - 5/3/2026,Brent – Gardner – 5/3/26,,3,4,,,,,,checked,checked,131,,9,,,,,,,,,,,,,,,,,,,,,,,45,,2,1,1,,,,,,White,138,11,1,70.8,70.8,114,Custom,45,45,,,0,0,3,1,1,4,3,0,,,Bogey,0,Brent – Gardner – 5/3/26,1,1,0,Brent,0,N/A,0,0,0,0,0,1,0,0,0,0,0,0,0,0,0,0,0,0,0,1,0,0,0,0,0,0,0,0,0,0,0,0,0,0,0,0,0,0,0,1,0,0,0,0,0,0,0,0,0,0,0,0,0,0,1,1,,,,,,,,,,1,0,0,0,0,0,0,0,0,0,0,0,0,0,1,0,1,0,0,0,0,0,0,1,0,0,0,0,0,0,0,0,0,0,0,0,0,0,0,0,0,0,0,0,0,0,0,0,0,0,0,1,0,0,0,0,0,0,0,0,0,0,0,0,0,0,,0,0,0,,0,0,0,0,0,0,0,0,0,0,0,0,0,0,0,0,0,0,0,1,0,0,0,0,0,0,0,0,0,0,0,0,0,0,0,0,0,0,0,0,0,0,0,0,0,0,0,0,0,0,0,0,0,0,FALSE,TRUE,TRUE,,,,,
Gardner - White,5,5/3/2026,Gardner,Gardner White 5,,Brent,,Brent - Gardner - White - 5/3/2026,Brent – Gardner – 5/3/26,,4,5,,,,,,,,142,,9,⬇️ Short,10,,,,,,,,,,,,,,,,,,,,,5,,2,1,1,,,,,,White,366,3,1,70.8,70.8,114,Custom,,,,,1,0,4,1,1,5,4,0,,,Bogey,0,Brent – Gardner – 5/3/26,0,0,0,Brent,1,0%,0,0,0,0,0,1,0,0,0,0,0,0,0,0,1,0,0,0,0,1,0,0,0,0,0,0,0,0,0,0,0,0,0,0,0,0,0,0,0,1,0,0,0,0,0,0,0,0,0,0,0,0,0,0,1,,,,,1,,,,,,0,0,0,1,0,0,0,0,0,0,0,1,0,0,0,1,0,1,0,1,0,0,0,0,0,0,0,0,0,1,0,0,0,0,0,0,0,0,0,0,0,0,0,0,0,0,0,0,0,0,0,1,0,0,0,0,0,0,0,0,0,0,0,0,0,0,,0,0,0,,0,0,0,0,0,0,0,0,0,0,0,0,0,0,0,0,0,0,0,0,0,0,0,0,1,0,0,0,0,0,0,0,0,0,0,0,0,0,0,0,0,0,0,0,0,0,0,0,0,0,0,0,0,0,FALSE,FALSE,FALSE,Short,,,,
Gardner - White,6,5/3/2026,Gardner,Gardner White 6,,Brent,,Brent - Gardner - White - 5/3/2026,Brent – Gardner – 5/3/26,,5,5,,,,,,,,88,,56,⬇️ Short,5,,,,,,,,,,,,,,,,,,,,,6,,1,6,,,,,,,White,430,17,0,70.8,70.8,114,Custom,,,,,1,1,5,0,1,5,5,0,,,Par,0,Brent – Gardner – 5/3/26,0,0,0,Brent,1,0%,0,0,0,0,1,0,0,0,0,0,0,0,0,0,1,1,1,0,1,0,0,0,0,0,0,0,1,0,0,0,0,0,1,0,0,0,0,0,0,0,0,0,0,0,0,0,0,0,0,0,0,0,0,0,1,,,,,,,,,0,,0,0,0,0,0,0,0,0,0,1,0,1,0,0,0,1,0,1,0,1,0,0,0,0,0,0,0,0,0,0,0,0,0,0,1,0,0,0,0,0,1,1,0,0,0,0,0,0,0,0,1,0,0,0,0,0,0,0,0,0,0,0,0,0,0,0,,0,0,1,,0,0,0,0,0,0,0,0,0,0,0,0,0,0,1,0,0,0,0,0,0,0,0,0,0,0,0,0,0,0,0,0,0,0,0,0,0,0,0,0,0,0,0,0,0,0,0,0,0,0,0,0,0,0,FALSE,FALSE,FALSE,Short,,,,
Gardner - White,1,5/3/2026,Gardner,Gardner White 1,,Brent,,Brent - Gardner - White - 5/3/2026,Brent – Gardner – 5/3/26,,4,5,,,,,,,,145,,9,⬆️ Long,15,,,,,,,,,,,,,,,,,,,,,13,,2,2,2,,,,,,White,364,9,1,70.8,70.8,114,Custom,,,,,0,0,4,1,1,5,4,0,,,Bogey,0,Brent – Gardner – 5/3/26,0,0,0,Brent,1,0%,0,0,0,0,0,1,0,0,0,0,0,0,0,0,1,0,0,0,0,1,0,0,0,0,0,0,0,0,0,0,0,0,0,0,0,0,0,0,0,1,0,0,0,0,0,0,0,0,0,0,0,0,0,0,1,,,,,1,,,,,,0,0,0,1,0,0,0,0,0,0,0,1,0,0,0,1,0,1,0,1,0,0,0,0,0,0,0,0,0,1,0,0,0,0,0,0,0,0,0,0,0,0,0,0,0,1,0,0,0,0,0,0,0,0,0,0,0,0,0,0,0,0,0,0,0,0,,0,0,0,,0,0,0,0,0,0,0,0,0,0,0,0,0,0,0,0,0,0,0,0,0,0,0,0,1,0,0,0,0,0,0,0,0,0,0,0,0,0,0,0,0,0,0,0,0,0,0,0,0,0,0,0,0,0,FALSE,FALSE,FALSE,Long,,,,
Indian Lake Hills East - Green,1,5/3/2026,Indian Lake Hills East,Indian Lake Hills East - White - 1,,Nate,,Nate - Indian Lake Hills West & North - Green - 5/3/26,Nate – Indian Lake Hills West & East – 5/3/26,,4,6,,,,,,,,30,,58,,,,,,,,,,,,,,,,,,,,,,,6,,2,1,1,,,,,,White,291,6,2,,,,18 Holes,,,,,1,0,4,2,1,6,4,0,,,Double Bogey,0,Nate – Indian Lake Hills East – 5/3/26,0,0,0,Nate,1,0%,0,0,0,0,0,0,1,0,0,0,0,0,0,0,1,0,0,0,0,1,0,0,0,0,0,0,0,0,0,0,0,0,0,0,0,0,0,0,0,0,1,0,0,0,0,0,0,0,0,0,0,0,0,0,1,,,,,2,,,,,,0,0,0,1,0,0,0,0,0,0,0,1,0,0,0,1,0,1,0,1,0,0,0,0,0,0,0,0,0,0,1,0,0,0,0,0,0,0,0,0,0,0,0,0,0,1,0,0,0,0,0,0,0,0,0,0,0,0,0,0,0,0,0,0,0,0,,0,0,0,,0,0,0,0,0,0,0,0,0,0,0,0,0,0,0,0,0,0,0,0,0,0,0,0,0,1,0,0,0,0,0,0,0,0,0,0,0,0,0,0,0,0,0,0,0,0,0,0,0,0,0,0,0,0,FALSE,FALSE,FALSE,,,,,
Indian Lake Hills East - Green,2,5/3/2026,Indian Lake Hills East,Indian Lake Hills East - White - 2,,Nate,,Nate - Indian Lake Hills West & North - Green - 5/3/26,Nate – Indian Lake Hills West & East – 5/3/26,,3,3,,,,,,checked,checked,135,,7,,,,,,,,,,,,,,,,,,,,,,,24,,2,2,2,,,,,,White,149,9,0,,,,18 Holes,24,24,,,0,0,3,0,1,3,3,0,,,Par,0,Nate – Indian Lake Hills East – 5/3/26,1,1,0,Nate,0,N/A,0,0,0,0,1,0,0,0,0,0,0,0,0,0,0,0,0,0,0,1,0,0,0,1,0,0,0,0,0,0,0,0,0,0,0,0,0,0,1,0,0,0,0,0,0,0,0,0,0,0,0,0,0,0,1,0,,,,,,,,,,1,0,0,0,0,0,0,0,0,0,0,0,0,0,1,0,1,0,0,0,0,0,1,0,0,0,0,0,0,0,0,0,0,0,0,0,0,0,0,0,0,0,0,0,1,0,0,0,0,0,0,0,0,0,0,0,0,0,0,0,0,0,0,0,0,0,,0,0,0,,0,0,0,0,0,0,0,0,0,0,0,0,0,0,0,0,0,0,1,0,0,0,0,0,0,0,0,0,0,0,0,0,0,0,0,0,0,0,0,0,0,0,0,0,0,0,0,0,0,0,0,0,0,0,FALSE,TRUE,TRUE,,,,,
Indian Lake Hills East - Green,3,5/3/2026,Indian Lake Hills East,Indian Lake Hills East - White - 3,,Nate,,Nate - Indian Lake Hills West & North - Green - 5/3/26,Nate – Indian Lake Hills West & East – 5/3/26,,4,5,,,checked,,,,,145,,PW,,,,,,,,,,,,,,,,,,,,,,,21,,2,1,1,,,,,,White,382,2,1,,,,18 Holes,,,,,0,0,4,1,1,5,4,0,,,Bogey,1,Nate – Indian Lake Hills East – 5/3/26,0,0,0,Nate,1,100%,0,0,0,0,0,1,0,0,0,0,0,0,0,0,1,0,0,0,0,1,0,0,0,0,0,0,0,0,0,0,0,0,0,0,0,0,0,0,0,1,0,0,0,0,0,0,0,0,0,0,0,0,0,0,1,,,,1,,,,,,,0,0,0,0,1,0,0,0,0,0,0,0,1,0,0,0,0,0,0,0,0,0,0,0,0,0,0,0,0,1,0,0,0,0,0,0,0,0,0,0,0,0,0,0,0,1,0,0,0,0,0,0,0,0,0,0,1,0,0,0,0,0,0,0,0,0,,0,0,0,,0,0,0,0,0,0,0,0,0,0,0,0,0,0,0,0,0,0,0,0,0,0,0,0,1,0,0,0,0,0,0,0,0,0,0,0,0,0,0,0,0,0,0,0,0,0,0,0,0,0,0,0,0,0,TRUE,FALSE,FALSE,,,,,
Indian Lake Hills East - Green,4,5/3/2026,Indian Lake Hills East,Indian Lake Hills East - White - 4,,Nate,,Nate - Indian Lake Hills West & North - Green - 5/3/26,Nate – Indian Lake Hills West & East – 5/3/26,,5,4,,,,,,checked,checked,155,,8,,,,,,,,,,,,,,,,,,,,,,,3,,1,3,,,,,,,White,393,3,-1,,,,18 Holes,3,,,3,1,1,5,-1,1,4,5,0,,,Birdie,0,Nate – Indian Lake Hills East – 5/3/26,1,1,0,Nate,1,0%,0,0,0,1,0,0,0,0,0,0,0,0,0,0,0,0,0,0,1,0,0,0,0,0,0,0,0,1,0,0,0,1,0,0,0,0,0,0,0,0,0,0,0,0,0,0,0,0,0,0,0,0,0,0,1,,,,,,,-1,,,,0,0,0,0,0,0,0,0,1,0,1,0,0,0,0,0,0,0,0,0,0,0,0,0,0,0,0,0,0,0,0,0,0,1,0,0,0,0,0,0,0,0,0,0,0,0,0,0,0,0,1,0,0,0,0,1,0,0,1,1,0,0,0,0,1,1,,0,0,0,,0,0,0,0,0,0,0,0,0,0,0,0,0,1,0,0,0,0,0,0,0,0,0,0,0,0,0,0,0,0,0,0,0,0,0,0,0,0,0,0,0,0,0,0,0,0,0,0,0,0,0,0,0,0,FALSE,TRUE,TRUE,,,,,
Indian Lake Hills East - Green,5,5/3/2026,Indian Lake Hills East,Indian Lake Hills East - White - 5,,Nate,,Nate - Indian Lake Hills West & North - Green - 5/3/26,Nate – Indian Lake Hills West & East – 5/3/26,,3,6,,,,,,,,178,,5,,,,,,,,,1,5 Iron,,,,,,,,,,,,,5,,2,1,1,,,,,,White,178,8,3,,,,18 Holes,,,,,1,0,3,3,1,6,3,0,,,Triple Bogey +,0,Nate – Indian Lake Hills East – 5/3/26,0,0,0,Nate,0,N/A,0,0,0,0,0,0,0,1,0,0,0,0,0,0,1,0,0,0,0,1,0,0,0,0,0,0,0,0,0,0,0,0,0,0,0,0,0,0,0,0,0,1,0,0,0,0,0,0,0,0,0,0,0,0,1,,3,,,,,,,,,0,1,0,0,0,0,0,0,0,0,0,0,0,0,0,1,0,1,0,0,0,0,0,0,0,1,0,0,0,0,0,0,0,0,0,0,0,0,0,0,0,0,0,0,0,0,0,0,0,0,0,1,0,0,0,0,0,0,0,0,0,0,0,0,0,0,,0,0,0,,0,0,0,0,0,0,0,0,0,0,0,0,0,0,0,0,0,0,0,0,0,1,0,0,0,0,0,0,0,0,0,0,0,0,0,0,0,0,0,0,0,0,0,0,0,0,0,0,0,0,0,0,0,0,FALSE,FALSE,FALSE,,,,,
Indian Lake Hills East - Green,6,5/3/2026,Indian Lake Hills East,Indian Lake Hills East - White - 6,,Nate,,Nate - Indian Lake Hills West & North - Green - 5/3/26,Nate – Indian Lake Hills West & East – 5/3/26,,4,4,,,,,,checked,checked,170,,6,,,,,,,,,,,,,,,,,,,,,,,49,,2,1,1,,,,,,White,414,1,0,,,,18 Holes,49,,49,,0,0,4,0,1,4,4,0,,,Par,0,Nate – Indian Lake Hills East – 5/3/26,1,1,0,Nate,1,0%,0,0,0,0,1,0,0,0,0,0,0,0,0,0,0,0,0,0,0,1,0,0,0,0,0,0,0,0,0,0,0,0,0,0,0,0,0,0,1,0,0,0,0,0,0,0,0,0,0,0,0,0,0,0,1,,,0,,,,,,,,0,0,1,0,0,0,0,0,0,0,1,0,0,0,0,0,0,0,0,0,0,0,0,0,0,0,0,0,1,0,0,0,0,0,0,0,0,0,0,0,0,0,0,0,0,0,0,0,0,0,1,0,0,0,1,0,0,0,0,0,0,0,0,0,0,0,,0,0,0,,0,0,0,0,0,0,0,0,0,0,0,0,0,0,0,0,0,0,0,0,0,0,0,1,0,0,0,0,0,0,0,0,0,0,0,0,0,0,0,0,0,0,0,0,0,0,0,0,0,0,0,0,0,0,FALSE,TRUE,TRUE,,,,,
Indian Lake Hills East - Green,7,5/3/2026,Indian Lake Hills East,Indian Lake Hills East - White - 7,,Nate,,Nate - Indian Lake Hills West & North - Green - 5/3/26,Nate – Indian Lake Hills West & East – 5/3/26,,4,5,,,checked,,,,,108,,58,,,,,,,,,,,,,,,,,,,,,,,3,,2,2,2,,,,,,White,339,5,1,,,,18 Holes,,,,,1,0,4,1,1,5,4,0,,,Bogey,1,Nate – Indian Lake Hills East – 5/3/26,0,0,0,Nate,1,100%,0,0,0,0,0,1,0,0,0,0,0,0,0,0,1,0,0,0,0,1,0,0,0,0,0,0,0,0,0,0,0,0,0,0,0,0,0,0,0,1,0,0,0,0,0,0,0,0,0,0,0,0,0,0,1,,,,1,,,,,,,0,0,0,0,1,0,0,0,0,0,0,0,1,0,0,0,0,0,0,0,0,0,0,0,0,0,0,0,0,1,0,0,0,0,0,0,0,0,0,0,0,0,0,0,0,0,0,1,0,0,0,0,0,0,0,0,1,0,0,0,0,0,0,0,0,0,,0,0,0,,0,0,0,0,0,0,0,0,0,0,0,0,0,0,0,0,0,0,0,0,0,0,0,0,1,0,0,0,0,0,0,0,0,0,0,0,0,0,0,0,0,0,0,0,0,0,0,0,0,0,0,0,0,0,TRUE,FALSE,FALSE,,,,,
Indian Lake Hills East - Green,8,5/3/2026,Indian Lake Hills East,Indian Lake Hills East - White - 8,,Nate,,Nate - Indian Lake Hills West & North - Green - 5/3/26,Nate – Indian Lake Hills West & East – 5/3/26,,4,4,,,,,,,,105,,52,,,,,,,,,,,,,,,,,,,,,,,3,,1,3,,,,,,,White,280,7,0,,,,18 Holes,,,,,1,1,4,0,1,4,4,0,,,Par,0,Nate – Indian Lake Hills East – 5/3/26,0,0,0,Nate,1,0%,0,0,0,0,1,0,0,0,0,0,0,0,0,0,1,1,1,0,1,0,0,0,0,0,0,0,1,0,0,0,0,0,1,0,0,0,0,0,0,0,0,0,0,0,0,0,0,0,0,0,0,0,0,0,1,,,,,0,,,,,,0,0,0,1,0,0,0,0,0,0,0,1,0,0,0,1,0,1,0,1,0,0,0,0,0,0,0,0,1,0,0,0,0,0,0,0,0,0,0,0,1,1,0,1,0,0,0,0,0,0,0,0,0,0,0,0,0,0,0,0,0,0,0,0,0,0,,0,1,0,,0,0,0,0,0,0,0,1,0,0,0,0,0,0,0,0,0,0,0,0,0,0,0,0,0,0,0,0,0,0,0,0,0,0,0,0,0,0,0,0,0,0,0,0,0,0,0,0,0,0,0,0,0,0,FALSE,FALSE,FALSE,,,,,
Indian Lake Hills East - Green,9,5/3/2026,Indian Lake Hills East,Indian Lake Hills East - White - 9,,Nate,,Nate - Indian Lake Hills West & North - Green - 5/3/26,Nate – Indian Lake Hills West & East – 5/3/26,,4,4,,,,,,,,120,,PW,,,,,,,,,,,,,,,,,,,,,,,3,,1,3,,,,,,,White,318,4,0,,,,18 Holes,,,,,1,1,4,0,1,4,4,0,,,Par,0,Nate – Indian Lake Hills East – 5/3/26,0,0,0,Nate,1,0%,0,0,0,0,1,0,0,0,0,0,0,0,0,0,1,1,1,0,1,0,0,0,0,0,0,0,1,0,0,0,0,0,1,0,0,0,0,0,0,0,0,0,0,0,0,0,0,0,0,0,0,0,0,0,1,,,,,0,,,,,,0,0,0,1,0,0,0,0,0,0,0,1,0,0,0,1,0,1,0,1,0,0,0,0,0,0,0,0,1,0,0,0,0,0,0,0,0,0,0,0,1,1,0,1,0,0,0,0,0,0,0,0,0,0,0,0,0,0,0,0,0,0,0,0,0,0,,0,1,0,,0,0,0,0,0,0,0,1,0,0,0,0,0,0,0,0,0,0,0,0,0,0,0,0,0,0,0,0,0,0,0,0,0,0,0,0,0,0,0,0,0,0,0,0,0,0,0,0,0,0,0,0,0,0,FALSE,FALSE,FALSE,,,,,
Indian Lake Hills West - Green,1,5/3/2026,Indian Lake Hills West,Indian Lake Hills West - White - 1,,Nate,,Nate - Indian Lake Hills West & North - Green - 5/3/26,Nate – Indian Lake Hills West & East – 5/3/26,,4,5,,,,,,,,20,,58,,,,,,,,,,,,,,,,,,,,,,,9,,1,9,,,,,,,White,303,8,1,,,,18 Holes,,,,,1,1,4,1,1,5,4,0,,,Bogey,0,Nate – Indian Lake Hills West – 5/3/26,0,0,0,Nate,1,0%,0,0,0,0,0,1,0,0,0,0,0,0,0,0,1,0,1,0,1,0,0,0,0,0,0,0,0,0,0,0,0,0,0,1,0,0,0,0,0,0,0,0,0,0,0,0,0,0,0,0,0,0,0,0,1,,,,,1,,,,,,0,0,0,1,0,0,0,0,0,0,0,1,0,0,0,1,0,1,0,1,0,0,0,0,0,0,0,0,0,1,0,0,0,0,0,0,0,0,0,0,0,1,0,0,0,1,0,0,0,0,0,0,0,0,0,0,0,0,0,0,0,0,0,0,0,0,,0,0,0,,0,0,0,0,0,0,0,0,1,0,0,0,0,0,0,0,0,0,0,0,0,0,0,0,0,0,0,0,0,0,0,0,0,0,0,0,0,0,0,0,0,0,0,0,0,0,0,0,0,0,0,0,0,0,FALSE,FALSE,FALSE,,,,,
Indian Lake Hills West - Green,2,5/3/2026,Indian Lake Hills West,Indian Lake Hills West - White - 2,,Nate,,Nate - Indian Lake Hills West & North - Green - 5/3/26,Nate – Indian Lake Hills West & East – 5/3/26,,5,5,,,checked,,,checked,checked,80,,58,,,,,,,,,,,,,,,,,,,,,,,21,,2,4,,,,,,,White,525,1,0,,,,18 Holes,21,,,21,0,0,5,0,1,5,5,0,,,Par,1,Nate – Indian Lake Hills West – 5/3/26,1,1,0,Nate,1,100%,1,0,0,0,1,0,0,0,0,0,0,0,0,0,0,0,0,0,0,1,0,0,0,1,0,0,0,0,0,0,0,0,0,0,0,0,0,0,1,0,0,0,0,0,0,0,0,0,0,0,0,0,0,0,1,,,,,,,,,,0,0,0,0,0,0,0,1,0,0,0,0,0,0,1,1,0,1,0,1,0,0,0,0,0,0,0,0,0,0,0,0,0,0,0,1,0,0,0,0,0,0,0,0,0,1,0,0,0,0,0,0,0,0,0,0,1,0,1,0,0,0,0,0,0,0,0,,0,0,0,,0,0,0,0,0,0,0,0,0,0,0,0,0,0,0,0,0,0,0,0,0,0,0,0,0,0,0,0,0,1,0,0,0,0,0,0,0,0,0,0,0,0,0,0,0,0,0,0,0,0,0,0,0,0,TRUE,TRUE,TRUE,,,,,
Indian Lake Hills West - Green,3,5/3/2026,Indian Lake Hills West,Indian Lake Hills West - White - 3,,Nate,,Nate - Indian Lake Hills West & North - Green - 5/3/26,Nate – Indian Lake Hills West & East – 5/3/26,,4,5,,,,,,,,60,,58,,,,,,,,,,,,,,,,,,,,,,,18,,2,2,,,,,,,White,330,5,1,,,,18 Holes,,,,,0,0,4,1,1,5,4,0,,,Bogey,0,Nate – Indian Lake Hills West – 5/3/26,0,0,0,Nate,1,0%,0,0,0,0,0,1,0,0,0,0,0,0,0,0,1,0,0,0,0,1,0,0,0,0,0,0,0,0,0,0,0,0,0,0,0,0,0,0,0,1,0,0,0,0,0,0,0,0,0,0,0,0,0,0,1,,,,,1,,,,,,0,0,0,1,0,0,0,0,0,0,0,1,0,0,0,1,0,1,0,1,0,0,0,0,0,0,0,0,0,1,0,0,0,0,0,0,0,0,0,0,0,0,0,0,0,1,0,0,0,0,0,0,0,0,0,0,0,0,0,0,0,0,0,0,0,0,,0,0,0,,0,0,0,0,0,0,0,0,0,0,0,0,0,0,0,0,0,0,0,0,0,0,0,0,1,0,0,0,0,0,0,0,0,0,0,0,0,0,0,0,0,0,0,0,0,0,0,0,0,0,0,0,0,0,FALSE,FALSE,FALSE,,,,,
Indian Lake Hills West - Green,4,5/3/2026,Indian Lake Hills West,Indian Lake Hills West - White - 4,,Nate,,Nate - Indian Lake Hills West & North - Green - 5/3/26,Nate – Indian Lake Hills West & East – 5/3/26,,4,5,,,,,,,,140,,PW,,,,,,,,,,,,,,,,,,,,,,,5,,1,5,,,,,,,White,383,2,1,,,,18 Holes,,,,,1,1,4,1,1,5,4,0,,,Bogey,0,Nate – Indian Lake Hills West – 5/3/26,0,0,0,Nate,1,0%,0,0,0,0,0,1,0,0,0,0,0,0,0,0,1,0,1,0,1,0,0,0,0,0,0,0,0,0,0,0,0,0,0,1,0,0,0,0,0,0,0,0,0,0,0,0,0,0,0,0,0,0,0,0,1,,,,,1,,,,,,0,0,0,1,0,0,0,0,0,0,0,1,0,0,0,1,0,1,0,1,0,0,0,0,0,0,0,0,0,1,0,0,0,0,0,0,0,0,0,0,0,1,0,0,0,0,0,0,0,0,0,1,0,0,0,0,0,0,0,0,0,0,0,0,0,0,,0,0,0,,0,0,0,0,0,0,0,0,1,0,0,0,0,0,0,0,0,0,0,0,0,0,0,0,0,0,0,0,0,0,0,0,0,0,0,0,0,0,0,0,0,0,0,0,0,0,0,0,0,0,0,0,0,0,FALSE,FALSE,FALSE,,,,,
Indian Lake Hills West - Green,5,5/3/2026,Indian Lake Hills West,Indian Lake Hills West - White - 5,,Nate,,Nate - Indian Lake Hills West & North - Green - 5/3/26,Nate – Indian Lake Hills West & East – 5/3/26,,4,6,,,,,,,,40,,58,,,,,,,,,,,,,,,,,,,,,,,39,,3,1,11,1,,,,,White,332,6,2,,,,18 Holes,,,,,0,0,4,2,1,6,4,0,,,Double Bogey,0,Nate – Indian Lake Hills West – 5/3/26,0,0,0,Nate,1,0%,0,0,0,0,0,0,1,0,0,0,0,0,0,0,1,0,0,0,0,0,1,0,0,0,0,0,0,0,0,0,0,0,0,0,0,0,0,0,0,0,0,0,0,0,0,0,1,0,0,0,0,0,0,0,1,,,,,2,,,,,,0,0,0,1,0,0,0,0,0,0,0,1,0,0,0,1,0,1,0,1,0,0,0,0,0,0,0,0,0,0,1,0,0,0,0,0,0,0,0,0,0,0,0,0,0,0,0,0,0,0,0,1,0,0,0,0,0,0,0,0,0,0,0,0,0,0,,0,0,0,,0,0,0,0,0,0,0,0,0,0,0,0,0,0,0,0,0,0,0,0,0,0,0,0,0,0,0,0,0,0,0,0,0,0,0,0,0,0,1,0,0,0,0,0,0,0,0,0,0,0,0,0,0,0,FALSE,FALSE,FALSE,,,,,
Indian Lake Hills West - Green,6,5/3/2026,Indian Lake Hills West,Indian Lake Hills West - White - 6,,Nate,,Nate - Indian Lake Hills West & North - Green - 5/3/26,Nate – Indian Lake Hills West & East – 5/3/26,,4,6,,,,,,,,140,,PW,,,,,,,,,,,,,,,,,,,,,,,21,,3,1,4,1,,,,,White,390,3,2,,,,18 Holes,,,,,0,0,4,2,1,6,4,0,,,Double Bogey,0,Nate – Indian Lake Hills West – 5/3/26,0,0,0,Nate,1,0%,0,0,0,0,0,0,1,0,0,0,0,0,0,0,1,0,0,0,0,0,1,0,0,0,0,0,0,0,0,0,0,0,0,0,0,0,0,0,0,0,0,0,0,0,0,0,1,0,0,0,0,0,0,0,1,,,,,2,,,,,,0,0,0,1,0,0,0,0,0,0,0,1,0,0,0,1,0,1,0,1,0,0,0,0,0,0,0,0,0,0,1,0,0,0,0,0,0,0,0,0,0,0,0,0,0,0,0,0,0,0,0,1,0,0,0,0,0,0,0,0,0,0,0,0,0,0,,0,0,0,,0,0,0,0,0,0,0,0,0,0,0,0,0,0,0,0,0,0,0,0,0,0,0,0,0,0,0,0,0,0,0,0,0,0,0,0,0,0,1,0,0,0,0,0,0,0,0,0,0,0,0,0,0,0,FALSE,FALSE,FALSE,,,,,
Indian Lake Hills West - Green,7,5/3/2026,Indian Lake Hills West,Indian Lake Hills West - White - 7,,Nate,,Nate - Indian Lake Hills West & North - Green - 5/3/26,Nate – Indian Lake Hills West & East – 5/3/26,,3,3,,,,,,,,144,,PW,,,,,,,,,,,,,,,1,,,,,,,,1,,1,1,,,,,,,White,144,9,0,,,,18 Holes,,,,,1,1,3,0,1,3,3,0,,,Par,0,Nate – Indian Lake Hills West – 5/3/26,0,0,0,Nate,0,N/A,0,0,0,0,1,0,0,0,0,0,0,0,0,0,1,1,1,1,1,0,0,0,0,0,0,0,1,0,1,1,0,0,1,0,0,0,0,0,0,0,0,0,0,0,0,0,0,0,0,0,0,0,0,0,1,,0,,,,,,,,,0,1,0,0,0,0,0,0,0,0,0,0,0,0,0,1,0,1,0,0,0,0,1,0,0,0,0,0,0,0,0,0,0,0,0,0,0,0,0,0,1,1,0,1,0,0,0,0,0,0,0,0,0,0,0,0,0,0,0,0,0,0,0,0,0,0,,1,0,0,,0,1,0,0,0,0,0,0,0,0,0,0,0,0,0,0,0,0,0,0,0,0,0,0,0,0,0,0,0,0,0,0,0,0,0,0,0,0,0,0,0,0,0,0,0,0,0,0,0,0,0,0,0,0,FALSE,FALSE,FALSE,,,,,
Indian Lake Hills West - Green,8,5/3/2026,Indian Lake Hills West,Indian Lake Hills West - White - 8,,Nate,,Nate - Indian Lake Hills West & North - Green - 5/3/26,Nate – Indian Lake Hills West & East – 5/3/26,,4,4,,,,,,checked,checked,90,,58,,,,,,,,,,,,,,,,,,,,,,,2,,2,2,2,,,,,,White,338,4,0,,,,18 Holes,2,,2,,1,0,4,0,1,4,4,0,,,Par,0,Nate – Indian Lake Hills West – 5/3/26,1,1,0,Nate,1,0%,0,0,0,0,1,0,0,0,0,0,0,0,0,0,0,0,0,0,0,1,0,0,0,0,0,0,0,0,0,0,0,0,0,0,0,0,0,0,1,0,0,0,0,0,0,0,0,0,0,0,0,0,0,0,1,,,0,,,,,,,,0,0,1,0,0,0,0,0,0,0,1,0,0,0,0,0,0,0,0,0,0,0,0,0,0,0,0,0,1,0,0,0,0,0,0,0,0,0,0,0,0,0,0,1,0,0,0,0,0,0,0,0,0,0,1,0,0,0,1,1,0,0,1,1,0,0,,0,0,0,,0,0,0,0,0,0,0,0,0,0,0,0,0,0,0,0,0,0,0,0,0,0,0,1,0,0,0,0,0,0,0,0,0,0,0,0,0,0,0,0,0,0,0,0,0,0,0,0,0,0,0,0,0,0,FALSE,TRUE,TRUE,,,,,
Indian Lake Hills West - Green,9,5/3/2026,Indian Lake Hills West,Indian Lake Hills West - White - 9,,Nate,,Nate - Indian Lake Hills West & North - Green - 5/3/26,Nate – Indian Lake Hills West & East – 5/3/26,,4,5,,,,,,,,110,,6,,,,,,,,,,,,,,,,,,,,,,,2,,2,2,2,,,,,,White,311,7,1,,,,18 Holes,,,,,1,0,4,1,1,5,4,0,,,Bogey,0,Nate – Indian Lake Hills West – 5/3/26,0,0,0,Nate,1,0%,0,0,0,0,0,1,0,0,0,0,0,0,0,0,1,0,0,0,0,1,0,0,0,0,0,0,0,0,0,0,0,0,0,0,0,0,0,0,0,1,0,0,0,0,0,0,0,0,0,0,0,0,0,0,1,,,,,1,,,,,,0,0,0,1,0,0,0,0,0,0,0,1,0,0,0,1,0,1,0,1,0,0,0,0,0,0,0,0,0,1,0,0,0,0,0,0,0,0,0,0,0,0,0,0,0,0,0,1,0,0,0,0,0,0,0,0,0,0,0,0,0,0,0,0,0,0,,0,0,0,,0,0,0,0,0,0,0,0,0,0,0,0,0,0,0,0,0,0,0,0,0,0,0,0,1,0,0,0,0,0,0,0,0,0,0,0,0,0,0,0,0,0,0,0,0,0,0,0,0,0,0,0,0,0,FALSE,FALSE,FALSE,,,,,
Indian Lake Hills East - Green,1,5/3/2026,Indian Lake Hills East,Indian Lake Hills East - White - 1,,Jason,,Jason - Indian Lake Hills West & North - Green - 5/3/26,Jason – Indian Lake Hills West & East – 5/3/26,,4,7,,,checked,,,,,,,,,,,,,,,,,,,,,,,,,,,,,,,,1,,,,,,,,White,291,6,3,,,,18 Holes,,,,,1,1,4,3,1,7,4,0,,,Triple Bogey +,1,Jason – Indian Lake Hills East – 5/3/26,0,0,0,Jason,1,100%,0,0,0,0,0,0,0,1,0,0,0,0,0,0,1,0,1,0,1,0,0,0,0,0,0,0,0,0,0,0,0,0,0,0,0,1,0,0,0,0,0,0,0,0,0,0,0,0,0,0,0,0,0,0,1,,,,3,,,,,,,0,0,0,0,1,0,0,0,0,0,0,0,1,0,0,0,0,0,0,0,0,0,0,0,0,0,0,0,0,0,0,1,0,0,0,0,0,0,0,0,0,1,0,0,0,1,0,0,0,0,0,0,0,0,0,0,1,0,0,0,0,0,0,0,0,0,,0,0,0,,0,0,0,0,0,0,0,0,0,0,1,0,0,0,0,0,0,0,0,0,0,0,0,0,0,0,0,0,0,0,0,0,0,0,0,0,0,0,0,0,0,0,0,0,0,0,0,0,0,0,0,0,0,0,TRUE,FALSE,FALSE,,,,,
Indian Lake Hills East - Green,2,5/3/2026,Indian Lake Hills East,Indian Lake Hills East - White - 2,,Jason,,Jason - Indian Lake Hills West & North - Green - 5/3/26,Jason – Indian Lake Hills West & East – 5/3/26,,3,4,,,,,,,,,,,,,,,,,,,,,,,,,,,,,,,,,,,2,,,,,,,,White,149,9,1,,,,18 Holes,,,,,1,0,3,1,1,4,3,0,,,Bogey,0,Jason – Indian Lake Hills East – 5/3/26,0,0,0,Jason,0,N/A,0,0,0,0,0,1,0,0,0,0,0,0,0,0,1,0,0,0,0,1,0,0,0,0,0,0,0,0,0,0,0,0,0,0,0,0,0,0,0,1,0,0,0,0,0,0,0,0,0,0,0,0,0,0,1,,1,,,,,,,,,0,1,0,0,0,0,0,0,0,0,0,0,0,0,0,1,0,1,0,0,0,0,0,1,0,0,0,0,0,0,0,0,0,0,0,0,0,0,0,0,0,0,0,0,0,1,0,0,0,0,0,0,0,0,0,0,0,0,0,0,0,0,0,0,0,0,,0,0,0,,0,0,0,0,0,0,0,0,0,0,0,0,0,0,0,0,0,0,0,1,0,0,0,0,0,0,0,0,0,0,0,0,0,0,0,0,0,0,0,0,0,0,0,0,0,0,0,0,0,0,0,0,0,0,FALSE,FALSE,FALSE,,,,,
Indian Lake Hills East - Green,3,5/3/2026,Indian Lake Hills East,Indian Lake Hills East - White - 3,,Jason,,Jason - Indian Lake Hills West & North - Green - 5/3/26,Jason – Indian Lake Hills West & East – 5/3/26,,4,6,,,,,,,,,,,,,,,,,,,,,,,,,,,,,,,,,,,2,,,,,,,,White,382,2,2,,,,18 Holes,,,,,1,0,4,2,1,6,4,0,,,Double Bogey,0,Jason – Indian Lake Hills East – 5/3/26,0,0,0,Jason,1,0%,0,0,0,0,0,0,1,0,0,0,0,0,0,0,1,0,0,0,0,1,0,0,0,0,0,0,0,0,0,0,0,0,0,0,0,0,0,0,0,0,1,0,0,0,0,0,0,0,0,0,0,0,0,0,1,,,,,2,,,,,,0,0,0,1,0,0,0,0,0,0,0,1,0,0,0,1,0,1,0,1,0,0,0,0,0,0,0,0,0,0,1,0,0,0,0,0,0,0,0,0,0,0,0,0,0,1,0,0,0,0,0,0,0,0,0,0,0,0,0,0,0,0,0,0,0,0,,0,0,0,,0,0,0,0,0,0,0,0,0,0,0,0,0,0,0,0,0,0,0,0,0,0,0,0,0,1,0,0,0,0,0,0,0,0,0,0,0,0,0,0,0,0,0,0,0,0,0,0,0,0,0,0,0,0,FALSE,FALSE,FALSE,,,,,
Indian Lake Hills East - Green,4,5/3/2026,Indian Lake Hills East,Indian Lake Hills East - White - 4,,Jason,,Jason - Indian Lake Hills West & North - Green - 5/3/26,Jason – Indian Lake Hills West & East – 5/3/26,,5,7,,,,,,,,,,,,,,,,,,,,,,,,,,,,,,,,,,,2,,,,,,,,White,393,3,2,,,,18 Holes,,,,,1,0,5,2,1,7,5,0,,,Double Bogey,0,Jason – Indian Lake Hills East – 5/3/26,0,0,0,Jason,1,0%,0,0,0,0,0,0,1,0,0,0,0,0,0,0,1,0,0,0,0,1,0,0,0,0,0,0,0,0,0,0,0,0,0,0,0,0,0,0,0,0,1,0,0,0,0,0,0,0,0,0,0,0,0,0,1,,,,,,,,,2,,0,0,0,0,0,0,0,0,0,1,0,1,0,0,0,1,0,1,0,1,0,0,0,0,0,0,0,0,0,0,0,0,0,0,0,0,1,0,0,0,0,0,0,0,0,0,0,0,0,0,0,1,0,0,0,0,0,0,0,0,0,0,0,0,0,0,,0,0,0,,0,0,0,0,0,0,0,0,0,0,0,0,0,0,0,0,0,0,0,0,0,0,0,0,0,0,0,0,0,0,0,1,0,0,0,0,0,0,0,0,0,0,0,0,0,0,0,0,0,0,0,0,0,0,FALSE,FALSE,FALSE,,,,,
Indian Lake Hills East - Green,5,5/3/2026,Indian Lake Hills East,Indian Lake Hills East - White - 5,,Jason,,Jason - Indian Lake Hills West & North - Green - 5/3/26,Jason – Indian Lake Hills West & East – 5/3/26,,3,7,,,,,,,,,,,,,,,,,,,1,,,,,,,,,,,,,,,,3,,,,,,,,White,178,8,4,,,,18 Holes,,,,,1,0,3,4,1,7,3,0,,,Triple Bogey +,0,Jason – Indian Lake Hills East – 5/3/26,0,0,0,Jason,0,N/A,0,0,0,0,0,0,0,1,0,0,0,0,0,0,1,0,0,0,0,0,1,0,0,0,0,0,0,0,0,0,0,0,0,0,0,0,0,0,0,0,0,0,0,0,0,0,0,1,0,0,0,0,0,0,1,,4,,,,,,,,,0,1,0,0,0,0,0,0,0,0,0,0,0,0,0,1,0,1,0,0,0,0,0,0,0,1,0,0,0,0,0,0,0,0,0,0,0,0,0,0,0,0,0,0,0,0,0,0,0,0,0,1,0,0,0,0,0,0,0,0,0,0,0,0,0,0,,0,0,0,,0,0,0,0,0,0,0,0,0,0,0,0,0,0,0,0,0,0,0,0,0,0,0,0,0,0,0,0,0,0,0,0,0,0,0,1,0,0,0,0,0,0,0,0,0,0,0,0,0,0,0,0,0,0,FALSE,FALSE,FALSE,,,,,
Indian Lake Hills East - Green,6,5/3/2026,Indian Lake Hills East,Indian Lake Hills East - White - 6,,Jason,,Jason - Indian Lake Hills West & North - Green - 5/3/26,Jason – Indian Lake Hills West & East – 5/3/26,,4,11,,,,,,,,,,,,,,,,,,,,,,,,,,,,,,,,,,,2,,,,,,,,White,414,1,7,,,,18 Holes,,,,,1,0,4,7,1,11,4,0,,,Triple Bogey +,0,Jason – Indian Lake Hills East – 5/3/26,0,0,0,Jason,1,0%,0,0,0,0,0,0,0,1,0,0,0,0,0,0,1,0,0,0,0,1,0,0,0,0,0,0,0,0,0,0,0,0,0,0,0,0,0,0,0,0,0,1,0,0,0,0,0,0,0,0,0,0,0,0,1,,,,,7,,,,,,0,0,0,1,0,0,0,0,0,0,0,1,0,0,0,1,0,1,0,1,0,0,0,0,0,0,0,0,0,0,0,1,0,0,0,0,0,0,0,0,0,0,0,0,0,0,0,0,0,0,0,1,0,0,0,0,0,0,0,0,0,0,0,0,0,0,,0,0,0,,0,0,0,0,0,0,0,0,0,0,0,0,0,0,0,0,0,0,0,0,0,0,0,0,0,0,1,0,0,0,0,0,0,0,0,0,0,0,0,0,0,0,0,0,0,0,0,0,0,0,0,0,0,0,FALSE,FALSE,FALSE,,,,,
Indian Lake Hills East - Green,7,5/3/2026,Indian Lake Hills East,Indian Lake Hills East - White - 7,,Jason,,Jason - Indian Lake Hills West & North - Green - 5/3/26,Jason – Indian Lake Hills West & East – 5/3/26,,4,6,,,,,,,,,,,,,,,,,,,,,,,,,,,,,,,,,,,1,,,,,,,,White,339,5,2,,,,18 Holes,,,,,1,1,4,2,1,6,4,0,,,Double Bogey,0,Jason – Indian Lake Hills East – 5/3/26,0,0,0,Jason,1,0%,0,0,0,0,0,0,1,0,0,0,0,0,0,0,1,0,1,0,1,0,0,0,0,0,0,0,0,0,0,0,0,0,0,0,1,0,0,0,0,0,0,0,0,0,0,0,0,0,0,0,0,0,0,0,1,,,,,2,,,,,,0,0,0,1,0,0,0,0,0,0,0,1,0,0,0,1,0,1,0,1,0,0,0,0,0,0,0,0,0,0,1,0,0,0,0,0,0,0,0,0,0,1,0,0,0,0,0,1,0,0,0,0,0,0,0,0,0,0,0,0,0,0,0,0,0,0,,0,0,0,,0,0,0,0,0,0,0,0,0,1,0,0,0,0,0,0,0,0,0,0,0,0,0,0,0,0,0,0,0,0,0,0,0,0,0,0,0,0,0,0,0,0,0,0,0,0,0,0,0,0,0,0,0,0,FALSE,FALSE,FALSE,,,,,
Indian Lake Hills East - Green,8,5/3/2026,Indian Lake Hills East,Indian Lake Hills East - White - 8,,Jason,,Jason - Indian Lake Hills West & North - Green - 5/3/26,Jason – Indian Lake Hills West & East – 5/3/26,,4,7,,,,,,,,,,,,,,,,,,,,,,,,,,,,,,,,,,,1,,,,,,,,White,280,7,3,,,,18 Holes,,,,,1,1,4,3,1,7,4,0,,,Triple Bogey +,0,Jason – Indian Lake Hills East – 5/3/26,0,0,0,Jason,1,0%,0,0,0,0,0,0,0,1,0,0,0,0,0,0,1,0,1,0,1,0,0,0,0,0,0,0,0,0,0,0,0,0,0,0,0,1,0,0,0,0,0,0,0,0,0,0,0,0,0,0,0,0,0,0,1,,,,,3,,,,,,0,0,0,1,0,0,0,0,0,0,0,1,0,0,0,1,0,1,0,1,0,0,0,0,0,0,0,0,0,0,0,1,0,0,0,0,0,0,0,0,0,1,0,0,0,0,0,1,0,0,0,0,0,0,0,0,0,0,0,0,0,0,0,0,0,0,,0,0,0,,0,0,0,0,0,0,0,0,0,0,1,0,0,0,0,0,0,0,0,0,0,0,0,0,0,0,0,0,0,0,0,0,0,0,0,0,0,0,0,0,0,0,0,0,0,0,0,0,0,0,0,0,0,0,FALSE,FALSE,FALSE,,,,,
Indian Lake Hills East - Green,9,5/3/2026,Indian Lake Hills East,Indian Lake Hills East - White - 9,,Jason,,Jason - Indian Lake Hills West & North - Green - 5/3/26,Jason – Indian Lake Hills West & East – 5/3/26,,4,8,,,,,,,,,,,,,,,,,,,,,,,,,,,,,,,,,,,2,,,,,,,,White,318,4,4,,,,18 Holes,,,,,1,0,4,4,1,8,4,0,,,Triple Bogey +,0,Jason – Indian Lake Hills East – 5/3/26,0,0,0,Jason,1,0%,0,0,0,0,0,0,0,1,0,0,0,0,0,0,1,0,0,0,0,1,0,0,0,0,0,0,0,0,0,0,0,0,0,0,0,0,0,0,0,0,0,1,0,0,0,0,0,0,0,0,0,0,0,0,1,,,,,4,,,,,,0,0,0,1,0,0,0,0,0,0,0,1,0,0,0,1,0,1,0,1,0,0,0,0,0,0,0,0,0,0,0,1,0,0,0,0,0,0,0,0,0,0,0,0,0,0,0,1,0,0,0,0,0,0,0,0,0,0,0,0,0,0,0,0,0,0,,0,0,0,,0,0,0,0,0,0,0,0,0,0,0,0,0,0,0,0,0,0,0,0,0,0,0,0,0,0,1,0,0,0,0,0,0,0,0,0,0,0,0,0,0,0,0,0,0,0,0,0,0,0,0,0,0,0,FALSE,FALSE,FALSE,,,,,
Indian Lake Hills West - Green,1,5/3/2026,Indian Lake Hills West,Indian Lake Hills West - White - 1,,Jason,,Jason - Indian Lake Hills West & North - Green - 5/3/26,Jason – Indian Lake Hills West & East – 5/3/26,,4,9,,,,,,,,,,,,,,,,,,,,,,,,,,,,,,,,,,,3,,,,,,,,White,303,8,5,,,,18 Holes,,,,,1,0,4,5,1,9,4,0,,,Triple Bogey +,0,Jason – Indian Lake Hills West – 5/3/26,0,0,0,Jason,1,0%,0,0,0,0,0,0,0,1,0,0,0,0,0,0,1,0,0,0,0,0,1,0,0,0,0,0,0,0,0,0,0,0,0,0,0,0,0,0,0,0,0,0,0,0,0,0,0,1,0,0,0,0,0,0,1,,,,,5,,,,,,0,0,0,1,0,0,0,0,0,0,0,1,0,0,0,1,0,1,0,1,0,0,0,0,0,0,0,0,0,0,0,1,0,0,0,0,0,0,0,0,0,0,0,0,0,1,0,0,0,0,0,0,0,0,0,0,0,0,0,0,0,0,0,0,0,0,,0,0,0,,0,0,0,0,0,0,0,0,0,0,0,0,0,0,0,0,0,0,0,0,0,0,0,0,0,0,0,0,0,0,0,0,0,0,0,0,0,0,0,1,0,0,0,0,0,0,0,0,0,0,0,0,0,0,FALSE,FALSE,FALSE,,,,,
Indian Lake Hills West - Green,2,5/3/2026,Indian Lake Hills West,Indian Lake Hills West - White - 2,,Jason,,Jason - Indian Lake Hills West & North - Green - 5/3/26,Jason – Indian Lake Hills West & East – 5/3/26,,5,12,,,checked,,,,,,,,,,,,,,,,,,,,,,,,,,,,,,,,4,,,,,,,,White,525,1,7,,,,18 Holes,,,,,1,0,5,7,1,12,5,0,,,Triple Bogey +,1,Jason – Indian Lake Hills West – 5/3/26,0,0,0,Jason,1,100%,0,0,0,0,0,0,0,1,0,0,0,0,0,0,1,0,0,0,0,0,0,1,0,0,0,0,0,0,0,0,0,0,0,0,0,0,0,0,0,0,0,0,0,0,0,0,0,0,0,0,0,0,0,1,1,,,,,,,,7,,,0,0,0,0,0,0,0,1,0,0,0,0,1,0,0,0,0,0,0,0,0,0,0,0,0,0,0,0,0,0,0,0,0,0,0,0,0,1,0,0,0,0,0,0,0,1,0,0,0,0,0,0,0,0,0,0,0,1,0,0,0,0,0,0,0,0,,0,0,0,,0,0,0,0,0,0,0,0,0,0,0,0,0,0,0,0,0,0,0,0,0,0,0,0,0,0,0,0,0,0,0,0,0,0,0,0,0,0,0,0,0,0,0,0,0,0,0,0,0,0,0,0,0,1,TRUE,FALSE,FALSE,,,,,
Indian Lake Hills West - Green,3,5/3/2026,Indian Lake Hills West,Indian Lake Hills West - White - 3,,Jason,,Jason - Indian Lake Hills West & North - Green - 5/3/26,Jason – Indian Lake Hills West & East – 5/3/26,,4,9,,,,,,,,,,,,,,,,,,,,,,,,,,,,,,,,,,,2,,,,,,,,White,330,5,5,,,,18 Holes,,,,,1,0,4,5,1,9,4,0,,,Triple Bogey +,0,Jason – Indian Lake Hills West – 5/3/26,0,0,0,Jason,1,0%,0,0,0,0,0,0,0,1,0,0,0,0,0,0,1,0,0,0,0,1,0,0,0,0,0,0,0,0,0,0,0,0,0,0,0,0,0,0,0,0,0,1,0,0,0,0,0,0,0,0,0,0,0,0,1,,,,,5,,,,,,0,0,0,1,0,0,0,0,0,0,0,1,0,0,0,1,0,1,0,1,0,0,0,0,0,0,0,0,0,0,0,1,0,0,0,0,0,0,0,0,0,0,0,0,0,1,0,0,0,0,0,0,0,0,0,0,0,0,0,0,0,0,0,0,0,0,,0,0,0,,0,0,0,0,0,0,0,0,0,0,0,0,0,0,0,0,0,0,0,0,0,0,0,0,0,0,1,0,0,0,0,0,0,0,0,0,0,0,0,0,0,0,0,0,0,0,0,0,0,0,0,0,0,0,FALSE,FALSE,FALSE,,,,,
Indian Lake Hills West - Green,4,5/3/2026,Indian Lake Hills West,Indian Lake Hills West - White - 4,,Jason,,Jason - Indian Lake Hills West & North - Green - 5/3/26,Jason – Indian Lake Hills West & East – 5/3/26,,4,9,,,checked,,,,,,,,,,,,,,,,,,,,,,,,,,,,,,,,3,,,,,,,,White,383,2,5,,,,18 Holes,,,,,1,0,4,5,1,9,4,0,,,Triple Bogey +,1,Jason – Indian Lake Hills West – 5/3/26,0,0,0,Jason,1,100%,0,0,0,0,0,0,0,1,0,0,0,0,0,0,1,0,0,0,0,0,1,0,0,0,0,0,0,0,0,0,0,0,0,0,0,0,0,0,0,0,0,0,0,0,0,0,0,1,0,0,0,0,0,0,1,,,,5,,,,,,,0,0,0,0,1,0,0,0,0,0,0,0,1,0,0,0,0,0,0,0,0,0,0,0,0,0,0,0,0,0,0,1,0,0,0,0,0,0,0,0,0,0,0,0,0,0,0,0,0,0,0,1,0,0,0,0,1,0,0,0,0,0,0,0,0,0,,0,0,0,,0,0,0,0,0,0,0,0,0,0,0,0,0,0,0,0,0,0,0,0,0,0,0,0,0,0,0,0,0,0,0,0,0,0,0,0,0,0,0,1,0,0,0,0,0,0,0,0,0,0,0,0,0,0,TRUE,FALSE,FALSE,,,,,
Indian Lake Hills West - Green,5,5/3/2026,Indian Lake Hills West,Indian Lake Hills West - White - 5,,Jason,,Jason - Indian Lake Hills West & North - Green - 5/3/26,Jason – Indian Lake Hills West & East – 5/3/26,,4,6,,,checked,,,,,,,,,,,,,,,,,,,,,,,,,,,,,,,,1,,,,,,,,White,332,6,2,,,,18 Holes,,,,,1,1,4,2,1,6,4,0,,,Double Bogey,1,Jason – Indian Lake Hills West – 5/3/26,0,0,0,Jason,1,100%,0,0,0,0,0,0,1,0,0,0,0,0,0,0,1,0,1,0,1,0,0,0,0,0,0,0,0,0,0,0,0,0,0,0,1,0,0,0,0,0,0,0,0,0,0,0,0,0,0,0,0,0,0,0,1,,,,2,,,,,,,0,0,0,0,1,0,0,0,0,0,0,0,1,0,0,0,0,0,0,0,0,0,0,0,0,0,0,0,0,0,1,0,0,0,0,0,0,0,0,0,0,1,0,0,0,0,0,0,0,0,0,1,0,0,0,0,1,0,0,0,0,0,0,0,0,0,,0,0,0,,0,0,0,0,0,0,0,0,0,1,0,0,0,0,0,0,0,0,0,0,0,0,0,0,0,0,0,0,0,0,0,0,0,0,0,0,0,0,0,0,0,0,0,0,0,0,0,0,0,0,0,0,0,0,TRUE,FALSE,FALSE,,,,,
Indian Lake Hills West - Green,6,5/3/2026,Indian Lake Hills West,Indian Lake Hills West - White - 6,,Jason,,Jason - Indian Lake Hills West & North - Green - 5/3/26,Jason – Indian Lake Hills West & East – 5/3/26,,4,9,,,,,,,,,,,,,,,,,,,,,,,,,,,,,,,,,,,1,,,,,,,,White,390,3,5,,,,18 Holes,,,,,1,1,4,5,1,9,4,0,,,Triple Bogey +,0,Jason – Indian Lake Hills West – 5/3/26,0,0,0,Jason,1,0%,0,0,0,0,0,0,0,1,0,0,0,0,0,0,1,0,1,0,1,0,0,0,0,0,0,0,0,0,0,0,0,0,0,0,0,1,0,0,0,0,0,0,0,0,0,0,0,0,0,0,0,0,0,0,1,,,,,5,,,,,,0,0,0,1,0,0,0,0,0,0,0,1,0,0,0,1,0,1,0,1,0,0,0,0,0,0,0,0,0,0,0,1,0,0,0,0,0,0,0,0,0,1,0,0,0,0,0,0,0,0,0,1,0,0,0,0,0,0,0,0,0,0,0,0,0,0,,0,0,0,,0,0,0,0,0,0,0,0,0,0,1,0,0,0,0,0,0,0,0,0,0,0,0,0,0,0,0,0,0,0,0,0,0,0,0,0,0,0,0,0,0,0,0,0,0,0,0,0,0,0,0,0,0,0,FALSE,FALSE,FALSE,,,,,
Indian Lake Hills West - Green,7,5/3/2026,Indian Lake Hills West,Indian Lake Hills West - White - 7,,Jason,,Jason - Indian Lake Hills West & North - Green - 5/3/26,Jason – Indian Lake Hills West & East – 5/3/26,,3,7,,,,,,,,,,,,,,,,,,,,,,,,,,,,,,,,,,,3,,,,,,,,White,144,9,4,,,,18 Holes,,,,,1,0,3,4,1,7,3,0,,,Triple Bogey +,0,Jason – Indian Lake Hills West – 5/3/26,0,0,0,Jason,0,N/A,0,0,0,0,0,0,0,1,0,0,0,0,0,0,1,0,0,0,0,0,1,0,0,0,0,0,0,0,0,0,0,0,0,0,0,0,0,0,0,0,0,0,0,0,0,0,0,1,0,0,0,0,0,0,1,,4,,,,,,,,,0,1,0,0,0,0,0,0,0,0,0,0,0,0,0,1,0,1,0,0,0,0,0,0,0,1,0,0,0,0,0,0,0,0,0,0,0,0,0,0,0,0,0,0,0,0,0,1,0,0,0,0,0,0,0,0,0,0,0,0,0,0,0,0,0,0,,0,0,0,,0,0,0,0,0,0,0,0,0,0,0,0,0,0,0,0,0,0,0,0,0,0,0,0,0,0,0,0,0,0,0,0,0,0,0,1,0,0,0,0,0,0,0,0,0,0,0,0,0,0,0,0,0,0,FALSE,FALSE,FALSE,,,,,
Indian Lake Hills West - Green,8,5/3/2026,Indian Lake Hills West,Indian Lake Hills West - White - 8,,Jason,,Jason - Indian Lake Hills West & North - Green - 5/3/26,Jason – Indian Lake Hills West & East – 5/3/26,,4,6,,,,,,,,,,,,,,,,,,,,,,,,,,,,,,,,,,,2,,,,,,,,White,338,4,2,,,,18 Holes,,,,,1,0,4,2,1,6,4,0,,,Double Bogey,0,Jason – Indian Lake Hills West – 5/3/26,0,0,0,Jason,1,0%,0,0,0,0,0,0,1,0,0,0,0,0,0,0,1,0,0,0,0,1,0,0,0,0,0,0,0,0,0,0,0,0,0,0,0,0,0,0,0,0,1,0,0,0,0,0,0,0,0,0,0,0,0,0,1,,,,,2,,,,,,0,0,0,1,0,0,0,0,0,0,0,1,0,0,0,1,0,1,0,1,0,0,0,0,0,0,0,0,0,0,1,0,0,0,0,0,0,0,0,0,0,0,0,0,0,0,0,1,0,0,0,0,0,0,0,0,0,0,0,0,0,0,0,0,0,0,,0,0,0,,0,0,0,0,0,0,0,0,0,0,0,0,0,0,0,0,0,0,0,0,0,0,0,0,0,1,0,0,0,0,0,0,0,0,0,0,0,0,0,0,0,0,0,0,0,0,0,0,0,0,0,0,0,0,FALSE,FALSE,FALSE,,,,,
Indian Lake Hills West - Green,9,5/3/2026,Indian Lake Hills West,Indian Lake Hills West - White - 9,,Jason,,Jason - Indian Lake Hills West & North - Green - 5/3/26,Jason – Indian Lake Hills West & East – 5/3/26,,4,11,,,,,,,,,,,,,,,,,,,,,,,,,,,,,,,,,,,1,,,,,,,,White,311,7,7,,,,18 Holes,,,,,1,1,4,7,1,11,4,0,,,Triple Bogey +,0,Jason – Indian Lake Hills West – 5/3/26,0,0,0,Jason,1,0%,0,0,0,0,0,0,0,1,0,0,0,0,0,0,1,0,1,0,1,0,0,0,0,0,0,0,0,0,0,0,0,0,0,0,0,1,0,0,0,0,0,0,0,0,0,0,0,0,0,0,0,0,0,0,1,,,,,7,,,,,,0,0,0,1,0,0,0,0,0,0,0,1,0,0,0,1,0,1,0,1,0,0,0,0,0,0,0,0,0,0,0,1,0,0,0,0,0,0,0,0,0,1,0,0,0,0,0,1,0,0,0,0,0,0,0,0,0,0,0,0,0,0,0,0,0,0,,0,0,0,,0,0,0,0,0,0,0,0,0,0,1,0,0,0,0,0,0,0,0,0,0,0,0,0,0,0,0,0,0,0,0,0,0,0,0,0,0,0,0,0,0,0,0,0,0,0,0,0,0,0,0,0,0,0,FALSE,FALSE,FALSE,,,,,
Gardner - White,1,5/7/2026,Gardner,Gardner White 1,,Brent,,Brent - Gardner - White - 5/7/2026,Brent – Gardner – 5/7/26,,4,5,,,,,,,,137,,PW,⬅️ Left,5,,,,,,,,,,,,,,,,,,,,,20,,2,2,2,,,,,,White,364,9,1,70.8,70.8,114,Custom,,,,,0,0,4,1,1,5,4,0,,,Bogey,0,Brent – Gardner – 5/7/26,0,0,0,Brent,1,0%,0,0,0,0,0,1,0,0,0,0,0,0,0,0,1,0,0,0,0,1,0,0,0,0,0,0,0,0,0,0,0,0,0,0,0,0,0,0,0,1,0,0,0,0,0,0,0,0,0,0,0,0,0,0,1,,,,,1,,,,,,0,0,0,1,0,0,0,0,0,0,0,1,0,0,0,1,0,1,0,1,0,0,0,0,0,0,0,0,0,1,0,0,0,0,0,0,0,0,0,0,0,0,0,0,0,1,0,0,0,0,0,0,0,0,0,0,0,0,0,0,0,0,0,0,0,0,,0,0,0,,0,0,0,0,0,0,0,0,0,0,0,0,0,0,0,0,0,0,0,0,0,0,0,0,1,0,0,0,0,0,0,0,0,0,0,0,0,0,0,0,0,0,0,0,0,0,0,0,0,0,0,0,0,0,FALSE,FALSE,FALSE,Left,,,,
Gardner - White,2,5/7/2026,Gardner,Gardner White 2,,Brent,,Brent - Gardner - White - 5/7/2026,Brent – Gardner – 5/7/26,,5,6,,,,,,,,109,,PW,⬇️ Short,30,,,,,,,,,,,,,,,,,,,,,15,,2,0.5,0.5,,,,,,White,473,15,1,70.8,70.8,114,Custom,,,,,0,0,5,1,1,6,5,0,,,Bogey,0,Brent – Gardner – 5/7/26,0,0,0,Brent,1,0%,0,0,0,0,0,1,0,0,0,0,0,0,0,0,1,0,0,0,0,1,0,0,0,0,0,0,0,0,0,0,0,0,0,0,0,0,0,0,0,1,0,0,0,0,0,0,0,0,0,0,0,0,0,0,1,,,,,,,,,1,,0,0,0,0,0,0,0,0,0,1,0,1,0,0,0,1,0,1,0,1,0,0,0,0,0,0,0,0,0,0,0,0,0,0,0,1,0,0,0,0,0,0,0,0,0,1,0,0,0,0,0,0,0,0,0,0,0,0,0,0,0,0,0,0,0,0,,0,0,0,,0,0,0,0,0,0,0,0,0,0,0,0,0,0,0,0,0,0,0,0,0,0,0,0,0,0,0,0,0,0,1,0,0,0,0,0,0,0,0,0,0,0,0,0,0,0,0,0,0,0,0,0,0,0,FALSE,FALSE,FALSE,Short,,,,
Gardner - White,3,5/7/2026,Gardner,Gardner White 3,,Brent,,Brent - Gardner - White - 5/7/2026,Brent – Gardner – 5/7/26,,4,7,,,,,,,,105,,GW,⬆️ Long,1,,,,,,,1,Driver,,,Hazard - Water,,,,,,,,,,10,,1,10,,,,,,,White,389,13,3,70.8,70.8,114,Custom,,,,,1,1,4,3,1,7,4,0,,,Triple Bogey +,0,Brent – Gardner – 5/7/26,0,0,0,Brent,1,0%,0,0,0,0,0,0,0,1,0,0,0,0,0,0,1,0,1,0,1,0,0,0,0,0,0,0,0,0,0,0,0,0,0,0,0,1,0,0,0,0,0,0,0,0,0,0,0,0,0,0,0,0,0,0,1,,,,,3,,,,,,0,0,0,1,0,0,0,0,0,0,0,1,0,0,0,1,0,1,0,1,0,0,0,0,0,0,0,0,0,0,0,1,0,0,0,0,0,0,0,0,0,1,0,0,0,1,0,0,0,0,0,0,0,0,0,0,0,0,0,0,0,0,0,0,0,0,,0,0,0,,0,0,0,0,0,0,0,0,0,0,1,0,0,0,0,0,0,0,0,0,0,0,0,0,0,0,0,0,0,0,0,0,0,0,0,0,0,0,0,0,0,0,0,0,0,0,0,0,0,0,0,0,0,0,FALSE,FALSE,FALSE,Long,,,,
Gardner - White,4,5/7/2026,Gardner,Gardner White 4,,Brent,,Brent - Gardner - White - 5/7/2026,Brent – Gardner – 5/7/26,,3,3,,,,,,,,142,,8,⬆️ Long,5,,,,,,,,,,,,,,,,,,,,,5,,1,5,,,,,,,White,138,11,0,70.8,70.8,114,Custom,,,,,1,1,3,0,1,3,3,0,,,Par,0,Brent – Gardner – 5/7/26,0,0,0,Brent,0,N/A,0,0,0,0,1,0,0,0,0,0,0,0,0,0,1,1,1,0,1,0,0,0,0,0,0,0,1,0,0,0,0,0,1,0,0,0,0,0,0,0,0,0,0,0,0,0,0,0,0,0,0,0,0,0,1,,0,,,,,,,,,0,1,0,0,0,0,0,0,0,0,0,0,0,0,0,1,0,1,0,0,0,0,1,0,0,0,0,0,0,0,0,0,0,0,0,0,0,0,0,0,1,1,0,0,0,0,0,0,0,0,1,0,0,0,0,0,0,0,0,0,0,0,0,0,0,0,,1,0,0,,0,1,0,0,0,0,0,0,0,0,0,0,0,0,0,0,0,0,0,0,0,0,0,0,0,0,0,0,0,0,0,0,0,0,0,0,0,0,0,0,0,0,0,0,0,0,0,0,0,0,0,0,0,0,FALSE,FALSE,FALSE,Long,,,,
Gardner - White,5,5/7/2026,Gardner,Gardner White 5,,Brent,,Brent - Gardner - White - 5/7/2026,Brent – Gardner – 5/7/26,,4,4,,,checked,,,,,94,,60,⬇️ Short,2,,,,,,,,,,,,,,,,,,,,,1,,1,1,,,,,,,White,366,3,0,70.8,70.8,114,Custom,,,,,1,1,4,0,1,4,4,0,,,Par,1,Brent – Gardner – 5/7/26,0,0,0,Brent,1,100%,0,0,0,0,1,0,0,0,0,0,0,0,0,0,1,1,1,0,1,0,0,0,0,0,0,0,0,0,0,0,0,0,1,0,0,0,0,0,0,0,0,0,0,0,0,0,0,0,0,0,0,0,0,0,1,,,,0,,,,,,,0,0,0,0,1,0,0,0,0,0,0,0,1,0,0,0,0,0,0,0,0,0,0,0,0,0,0,0,1,0,0,0,0,0,0,0,0,0,0,0,1,1,0,0,0,0,0,0,0,0,1,0,0,0,0,0,1,0,0,0,0,0,0,0,0,0,,0,1,0,,0,0,0,0,0,0,0,1,0,0,0,0,0,0,0,0,0,0,0,0,0,0,0,0,0,0,0,0,0,0,0,0,0,0,0,0,0,0,0,0,0,0,0,0,0,0,0,0,0,0,0,0,0,0,TRUE,FALSE,FALSE,Short,,,,
Gardner - White,6,5/7/2026,Gardner,Gardner White 6,,Brent,,Brent - Gardner - White - 5/7/2026,Brent – Gardner – 5/7/26,,5,4,,,,,,checked,checked,179,,8,,,,,,,,,,,,,,,,,,,,,,,18,,2,3,3,,,,,,White,430,17,-1,70.8,70.8,114,Custom,18,,,18,0,0,5,-1,1,4,5,0,,,Birdie,0,Brent – Gardner – 5/7/26,1,1,0,Brent,1,0%,0,0,0,1,0,0,0,0,0,0,0,0,0,0,0,0,0,0,0,1,0,0,0,0,0,0,0,1,0,0,0,0,0,0,0,0,0,1,0,0,0,0,0,0,0,0,0,0,0,0,0,0,0,0,1,,,,,,,-1,,,,0,0,0,0,0,0,0,0,1,0,1,0,0,0,0,0,0,0,0,0,0,0,0,0,0,0,0,0,0,0,0,0,0,1,0,0,0,0,0,0,0,0,0,0,0,0,0,0,0,0,1,0,0,0,0,1,0,0,1,0,0,0,0,0,1,0,,0,0,0,,0,0,0,0,0,0,0,0,0,0,0,0,0,0,0,0,0,0,0,0,0,0,0,0,0,0,0,0,1,0,0,0,0,0,0,0,0,0,0,0,0,0,0,0,0,0,0,0,0,0,0,0,0,0,FALSE,TRUE,TRUE,,,,,
Gardner - White,7,5/7/2026,Gardner,Gardner White 7,,Brent,,Brent - Gardner - White - 5/7/2026,Brent – Gardner – 5/7/26,,4,4,,,,,,checked,checked,202,,7,,,,,,,,,,,,,,,,,,,,,,,25,,2,1,1,,,,,,White,404,5,0,70.8,70.8,114,Custom,25,,25,,0,0,4,0,1,4,4,0,,,Par,0,Brent – Gardner – 5/7/26,1,1,0,Brent,1,0%,0,0,0,0,1,0,0,0,0,0,0,0,0,0,0,0,0,0,0,1,0,0,0,0,0,0,0,0,0,0,0,0,0,0,0,0,0,0,1,0,0,0,0,0,0,0,0,0,0,0,0,0,0,0,1,,,0,,,,,,,,0,0,1,0,0,0,0,0,0,0,1,0,0,0,0,0,0,0,0,0,0,0,0,0,0,0,0,0,1,0,0,0,0,0,0,0,0,0,0,0,0,0,0,1,0,0,0,0,0,0,0,0,0,0,1,0,0,0,0,0,0,0,0,0,0,0,,0,0,0,,0,0,0,0,0,0,0,0,0,0,0,0,0,0,0,0,0,0,0,0,0,0,0,1,0,0,0,0,0,0,0,0,0,0,0,0,0,0,0,0,0,0,0,0,0,0,0,0,0,0,0,0,0,0,FALSE,TRUE,TRUE,,,,,
Gardner - White,8,5/7/2026,Gardner,Gardner White 8,,Brent,,Brent - Gardner - White - 5/7/2026,Brent – Gardner – 5/7/26,,3,3,,,,,,,,179,,7,⬇️ Short,51,,,,,,,,,,,,,,,,,,,,,2,,1,2,2,,,,,,White,183,7,0,70.8,70.8,114,Custom,,,,,1,1,3,0,1,3,3,0,,,Par,0,Brent – Gardner – 5/7/26,0,0,0,Brent,0,N/A,0,0,0,0,1,0,0,0,0,0,0,0,0,0,1,1,1,0,1,0,0,0,0,0,0,0,1,0,0,0,0,0,1,0,0,0,0,0,0,0,0,0,0,0,0,0,0,0,0,0,0,0,0,0,1,,0,,,,,,,,,0,1,0,0,0,0,0,0,0,0,0,0,0,0,0,1,0,1,0,0,0,0,1,0,0,0,0,0,0,0,0,0,0,0,0,0,0,0,0,0,1,1,0,1,0,0,0,0,0,0,0,0,0,0,0,0,0,0,0,0,0,0,0,0,0,0,,1,0,0,,0,1,0,0,0,0,0,0,0,0,0,0,0,0,0,0,0,0,0,0,0,0,0,0,0,0,0,0,0,0,0,0,0,0,0,0,0,0,0,0,0,0,0,0,0,0,0,0,0,0,0,0,0,0,FALSE,FALSE,FALSE,Short,,,,
Gardner - White,9,5/7/2026,Gardner,Gardner White 9,,Brent,,Brent - Gardner - White - 5/7/2026,Brent – Gardner – 5/7/26,,4,4,,,,,,,,138,,PW,⬅️ Left,5,,,,,,,,,,,,,,,,,,,,,4,,1,4,4,,,,,,White,392,1,0,70.8,70.8,114,Custom,,,,,1,1,4,0,1,4,4,0,,,Par,0,Brent – Gardner – 5/7/26,0,0,0,Brent,1,0%,0,0,0,0,1,0,0,0,0,0,0,0,0,0,1,1,1,0,1,0,0,0,0,0,0,0,1,0,0,0,0,0,1,0,0,0,0,0,0,0,0,0,0,0,0,0,0,0,0,0,0,0,0,0,1,,,,,0,,,,,,0,0,0,1,0,0,0,0,0,0,0,1,0,0,0,1,0,1,0,1,0,0,0,0,0,0,0,0,1,0,0,0,0,0,0,0,0,0,0,0,1,1,0,1,0,0,0,0,0,0,0,0,0,0,0,0,0,0,0,0,0,0,0,0,0,0,,0,1,0,,0,0,0,0,0,0,0,1,0,0,0,0,0,0,0,0,0,0,0,0,0,0,0,0,0,0,0,0,0,0,0,0,0,0,0,0,0,0,0,0,0,0,0,0,0,0,0,0,0,0,0,0,0,0,FALSE,FALSE,FALSE,Left,,,,
Beeches - White,10,5/8/2026,Beeches,Beeches - White 10,,Jake,,Jake - Beeches - White - 5/8/2026,Jake – Beeches – 5/8/26,,5,6,checked,checked,,,➡️ Right,,,109,Driver,GW,➡️ Right,8,,,,,,,,,,,,,,1,58 Degree Wedge,,,,,,12,,2,1,1,,,,,,White,525,1,1,69.8,69.8,126,Custom,,,,,0,0,5,1,0,,,1,6,5,Bogey,0,Jake – Beeches – 5/8/26,0,0,0,Jake,1,0%,0,0,0,0,0,1,0,0,1,1,0,0,0,0,1,0,0,0,0,1,0,0,0,0,0,0,0,0,0,0,0,0,0,0,0,0,0,0,0,1,0,0,0,0,0,0,0,0,0,0,0,0,0,0,1,,,,,,,,,1,,0,0,0,0,0,0,0,0,0,1,0,1,0,0,0,1,0,1,0,1,0,0,0,0,0,0,0,0,0,0,0,0,0,0,0,1,0,0,0,0,0,0,0,0,0,0,0,0,0,1,0,0,0,0,0,0,0,0,0,0,0,0,0,0,0,0,,0,0,0,,0,0,0,0,0,0,0,0,0,0,0,0,0,0,0,0,0,0,0,0,0,0,0,0,0,0,0,0,0,0,1,0,0,0,0,0,0,0,0,0,0,0,0,0,0,0,0,0,0,0,0,0,0,0,FALSE,FALSE,FALSE,Right,,Right,,
Beeches - White,11,5/8/2026,Beeches,Beeches - White 11,,Jake,,Jake - Beeches - White - 5/8/2026,Jake – Beeches – 5/8/26,,4,5,,,,,➡️ Right,,,84,Driver,54,⬇️ Short,15,,,,,,,,,,,,,,1,58 Degree Wedge,,,,,,20,,2,3,3,,,,,,White,304,9,1,69.8,69.8,126,Custom,,,,,0,0,4,1,0,,,1,5,4,Bogey,0,Jake – Beeches – 5/8/26,0,0,0,Jake,1,0%,0,0,0,0,0,1,0,0,1,1,0,0,0,0,1,0,0,0,0,1,0,0,0,0,0,0,0,0,0,0,0,0,0,0,0,0,0,0,0,1,0,0,0,0,0,0,0,0,0,0,0,0,0,0,1,,,,,1,,,,,,0,0,0,1,0,0,0,0,0,0,0,1,0,0,0,1,0,1,0,1,0,0,0,0,0,0,0,0,0,1,0,0,0,0,0,0,0,0,0,0,0,0,0,0,0,0,0,0,0,1,0,0,0,0,0,0,0,0,0,0,0,0,0,0,0,0,,0,0,0,,0,0,0,0,0,0,0,0,0,0,0,0,0,0,0,0,0,0,0,0,0,0,0,0,1,0,0,0,0,0,0,0,0,0,0,0,0,0,0,0,0,0,0,0,0,0,0,0,0,0,0,0,0,0,FALSE,FALSE,FALSE,Short,,Right,,
Beeches - White,12,5/8/2026,Beeches,Beeches - White 12,,Jake,,Jake - Beeches - White - 5/8/2026,Jake – Beeches – 5/8/26,,4,5,,,,,⬅️ Left,,,115,Driver,GW,↙️ Short Left,10,,,,,,,,,,,,,,1,58 Degree Wedge,,,,,,12,,2,1,1,,,,,,White,337,13,1,69.8,69.8,126,Custom,,,,,0,0,4,1,0,,,1,5,4,Bogey,0,Jake – Beeches – 5/8/26,0,0,0,Jake,1,0%,0,0,0,0,0,1,0,0,1,1,0,0,0,0,1,0,0,0,0,1,0,0,0,0,0,0,0,0,0,0,0,0,0,0,0,0,0,0,0,1,0,0,0,0,0,0,0,0,0,0,0,0,0,0,1,,,,,1,,,,,,0,0,0,1,0,0,0,0,0,0,0,1,0,0,0,1,0,1,0,1,0,0,0,0,0,0,0,0,0,1,0,0,0,0,0,0,0,0,0,0,0,0,0,0,0,0,0,0,0,1,0,0,0,0,0,0,0,0,0,0,0,0,0,0,0,0,,0,0,0,,0,0,0,0,0,0,0,0,0,0,0,0,0,0,0,0,0,0,0,0,0,0,0,0,1,0,0,0,0,0,0,0,0,0,0,0,0,0,0,0,0,0,0,0,0,0,0,0,0,0,0,0,0,0,FALSE,FALSE,FALSE,Short Left,,Left,,
Beeches - White,13,5/8/2026,Beeches,Beeches - White 13,,Jake,,Jake - Beeches - White - 5/8/2026,Jake – Beeches – 5/8/26,,4,4,,checked,,,➡️ Right,,checked,80,Driver,58,,,,,,,,,1,Driver,,,Hazard - Water,,,,,,,,,,20,,1,20,,,,,,,White,354,7,0,69.8,69.8,126,Custom,,,,,0,0,4,0,0,,,1,4,4,Par,0,Jake – Beeches – 5/8/26,0,1,0,Jake,1,0%,0,0,0,0,1,0,0,0,0,0,0,0,0,0,1,1,1,0,1,0,0,0,0,0,0,0,1,0,0,0,0,0,1,0,0,0,0,0,0,0,0,0,0,0,0,0,0,0,0,0,0,0,0,0,1,,,,,0,,,,,,0,0,0,1,0,0,0,0,0,0,0,1,0,0,0,1,0,1,0,1,0,0,0,0,0,0,0,0,1,0,0,0,0,0,0,0,0,0,0,0,1,1,0,0,0,0,0,0,0,0,0,0,1,0,0,0,0,0,0,0,0,0,0,0,0,0,,0,1,0,,0,0,0,0,0,0,0,1,0,0,0,0,0,0,0,0,0,0,0,0,0,0,0,0,0,0,0,0,0,0,0,0,0,0,0,0,0,0,0,0,0,0,0,0,0,0,0,0,0,0,0,0,0,0,FALSE,FALSE,TRUE,,,Right,,
Beeches - White,14,5/8/2026,Beeches,Beeches - White 14,,Jake,,Jake - Beeches - White - 5/8/2026,Jake – Beeches – 5/8/26,,4,4,,,,,➡️ Right,checked,checked,88,Driver,58,,,,,,,,,,,,,,,,,,,,,,,18,,2,1,1,,,,,,White,349,15,0,69.8,69.8,126,Custom,18,,18,,0,0,4,0,0,,,1,4,4,Par,0,Jake – Beeches – 5/8/26,1,1,0,Jake,1,0%,0,0,0,0,1,0,0,0,0,0,0,0,0,0,0,0,0,0,0,1,0,0,0,0,0,0,0,0,0,0,0,0,0,0,0,0,0,0,1,0,0,0,0,0,0,0,0,0,0,0,0,0,0,0,1,,,0,,,,,,,,0,0,1,0,0,0,0,0,0,0,1,0,0,0,0,0,0,0,0,0,0,0,0,0,0,0,0,0,1,0,0,0,0,0,0,0,0,0,0,0,0,0,0,0,0,0,0,0,0,0,0,0,1,0,1,0,0,0,1,0,0,0,1,0,0,0,,0,0,0,,0,0,0,0,0,0,0,0,0,0,0,0,0,0,0,0,0,0,0,0,0,0,0,1,0,0,0,0,0,0,0,0,0,0,0,0,0,0,0,0,0,0,0,0,0,0,0,0,0,0,0,0,0,0,FALSE,TRUE,TRUE,,,Right,,
Beeches - White,15,5/8/2026,Beeches,Beeches - White 15,,Jake,,Jake - Beeches - White - 5/8/2026,Jake – Beeches – 5/8/26,,3,5,,,,,➡️ Right,,checked,166,7,7,,,,,,,,,1,7 Iron,,,Hazard - Water,,,,,,,,,,35,,2,3,3,,,,,,White,155,11,2,69.8,69.8,126,Custom,,,,,0,0,3,2,0,,,1,5,3,Double Bogey,0,Jake – Beeches – 5/8/26,0,1,0,Jake,0,N/A,0,0,0,0,0,0,1,0,0,0,0,0,0,0,1,0,0,0,0,1,0,0,0,0,0,0,0,0,0,0,0,0,0,0,0,0,0,0,0,0,1,0,0,0,0,0,0,0,0,0,0,0,0,0,1,,2,,,,,,,,,0,1,0,0,0,0,0,0,0,0,0,0,0,0,0,1,0,1,0,0,0,0,0,0,1,0,0,0,0,0,0,0,0,0,0,0,0,0,0,0,0,0,0,0,0,0,0,0,0,0,0,0,0,1,0,0,0,0,0,0,0,0,0,0,0,0,,0,0,0,,0,0,0,0,0,0,0,0,0,0,0,0,0,0,0,0,0,0,0,0,1,0,0,0,0,0,0,0,0,0,0,0,0,0,0,0,0,0,0,0,0,0,0,0,0,0,0,0,0,0,0,0,0,0,FALSE,FALSE,TRUE,,,Right,,
Beeches - White,16,5/8/2026,Beeches,Beeches - White 16,,Jake,,Jake - Beeches - White - 5/8/2026,Jake – Beeches – 5/8/26,,5,6,checked,checked,,,➡️ Right,,,187,Driver,6,↘️ Short Right,20,,,,,,,,,,,,,,1,58 Degree Wedge,,,,,,20,,2,2,2,,,,,,White,484,3,1,69.8,69.8,126,Custom,,,,,0,0,5,1,0,,,1,6,5,Bogey,0,Jake – Beeches – 5/8/26,0,0,0,Jake,1,0%,0,0,0,0,0,1,0,0,1,1,0,0,0,0,1,0,0,0,0,1,0,0,0,0,0,0,0,0,0,0,0,0,0,0,0,0,0,0,0,1,0,0,0,0,0,0,0,0,0,0,0,0,0,0,1,,,,,,,,,1,,0,0,0,0,0,0,0,0,0,1,0,1,0,0,0,1,0,1,0,1,0,0,0,0,0,0,0,0,0,0,0,0,0,0,0,1,0,0,0,0,0,0,0,0,0,0,1,0,0,0,0,0,0,0,0,0,0,0,0,0,0,0,0,0,0,0,,0,0,0,,0,0,0,0,0,0,0,0,0,0,0,0,0,0,0,0,0,0,0,0,0,0,0,0,0,0,0,0,0,0,1,0,0,0,0,0,0,0,0,0,0,0,0,0,0,0,0,0,0,0,0,0,0,0,FALSE,FALSE,FALSE,Short Right,,Right,,
Beeches - White,17,5/8/2026,Beeches,Beeches - White 17,,Jake,,Jake - Beeches - White - 5/8/2026,Jake – Beeches – 5/8/26,,3,4,,,,,,checked,checked,129,PW,PW,,,,,,,,,,,,,,,,,,,,,⬆️ Long,,30,,3,1,12,1,,,,,White,134,17,1,69.8,69.8,126,Custom,30,30,,,0,0,3,1,0,,,1,4,3,Bogey,0,Jake – Beeches – 5/8/26,1,1,0,Jake,0,N/A,0,0,0,0,0,1,0,0,0,0,0,0,0,0,0,0,0,0,0,0,1,0,0,0,0,0,0,0,0,0,0,0,0,0,0,0,0,0,0,0,0,0,0,0,0,1,0,0,0,0,0,0,0,0,1,1,,,,,,,,,,1,0,0,0,0,0,0,0,0,0,0,0,0,0,1,0,1,0,0,0,0,0,0,1,0,0,0,0,0,0,0,0,0,0,0,0,0,0,0,0,0,0,0,0,0,0,1,0,0,0,0,0,0,0,0,0,0,0,0,0,0,0,0,0,0,0,,0,0,0,,0,0,0,0,0,0,0,0,0,0,0,0,0,0,0,0,0,0,0,0,0,0,0,0,0,0,0,0,0,0,0,0,0,1,0,0,0,0,0,0,0,0,0,0,0,0,0,0,0,0,0,0,0,0,FALSE,TRUE,TRUE,,,,Long,
Beeches - White,18,5/8/2026,Beeches,Beeches - White 18,,Jake,,Jake - Beeches - White - 5/8/2026,Jake – Beeches – 5/8/26,,4,6,,,,,➡️ Right,,,139,Driver,PW,⬅️ Left,8,,,,,,,,,,,,,1,2,58 Degree Wedge,,,,,,8,,2,1,1,,,,,,White,382,5,2,69.8,69.8,126,Custom,,,,,1,0,4,2,0,,,1,6,4,Double Bogey,0,Jake – Beeches – 5/8/26,0,0,0,Jake,1,0%,0,0,0,0,0,0,1,0,2,1,0,0,0,0,1,0,0,1,0,1,0,0,0,0,0,0,0,0,0,1,0,0,0,0,0,0,0,0,0,0,1,0,0,0,0,0,0,0,0,0,0,0,0,0,1,,,,,2,,,,,,0,0,0,1,0,0,0,0,0,0,0,1,0,0,0,1,0,1,0,1,0,0,0,0,0,0,0,0,0,0,1,0,0,0,0,0,0,0,0,0,0,0,0,0,0,0,1,0,0,0,0,0,0,0,0,0,0,0,0,0,0,0,0,0,0,0,,0,0,0,,0,0,0,0,0,0,0,0,0,0,0,0,0,0,0,0,0,0,0,0,0,0,0,0,0,1,0,0,0,0,0,0,0,0,0,0,0,0,0,0,0,0,0,0,0,0,0,0,0,0,0,0,0,0,FALSE,FALSE,FALSE,Left,,Right,,
Beeches - White,1,5/8/2026,Beeches,Beeches - White 1,,Jake,,Jake - Beeches - White - 5/8/2026,Jake – Beeches – 5/8/26,,4,4,,,checked,,,checked,checked,70,Driver,58,,,,,,,,,,,,,,,,,,,,,,,15,,2,2,2,,,,,,White,363,12,0,69.8,69.8,126,Custom,15,,15,,0,0,4,0,1,4,4,0,,,Par,1,Jake – Beeches – 5/8/26,1,1,0,Jake,1,100%,1,0,0,0,1,0,0,0,0,0,0,0,0,0,0,0,0,0,0,1,0,0,0,1,0,0,0,0,0,0,0,0,0,0,0,0,0,0,1,0,0,0,0,0,0,0,0,0,0,0,0,0,0,0,1,,,,,,0,,,,,0,0,0,0,0,1,0,0,0,0,0,0,0,1,1,0,1,0,1,0,0,0,0,0,0,0,0,0,1,0,0,0,0,0,0,0,0,0,0,0,0,0,0,0,1,0,0,0,0,0,0,0,0,0,1,0,1,0,1,0,0,0,1,0,0,0,,0,0,0,,0,0,0,0,0,0,0,0,0,0,0,0,0,0,0,0,0,0,0,0,0,0,0,1,0,0,0,0,0,0,0,0,0,0,0,0,0,0,0,0,0,0,0,0,0,0,0,0,0,0,0,0,0,0,TRUE,TRUE,TRUE,,,,,
Beeches - White,2,5/8/2026,Beeches,Beeches - White 2,,Jake,,Jake - Beeches - White - 5/8/2026,Jake – Beeches – 5/8/26,,5,5,,,,,➡️ Right,checked,checked,80,Driver,58,,,,,,,,,,,,,,,,,,,,,,,25,,2,3,3,,,,,,White,514,4,0,69.8,69.8,126,Custom,25,,,25,0,0,5,0,1,5,5,0,,,Par,0,Jake – Beeches – 5/8/26,1,1,0,Jake,1,0%,0,0,0,0,1,0,0,0,0,0,0,0,0,0,0,0,0,0,0,1,0,0,0,0,0,0,0,0,0,0,0,0,0,0,0,0,0,0,1,0,0,0,0,0,0,0,0,0,0,0,0,0,0,0,1,,,,,,,0,,,,0,0,0,0,0,0,0,0,1,0,1,0,0,0,0,0,0,0,0,0,0,0,0,0,0,0,0,0,0,0,0,0,0,0,1,0,0,0,0,0,0,0,0,0,1,0,0,0,0,0,0,0,0,0,0,1,0,0,0,0,0,0,0,0,0,0,,0,0,0,,0,0,0,0,0,0,0,0,0,0,0,0,0,0,0,0,0,0,0,0,0,0,0,0,0,0,0,0,0,1,0,0,0,0,0,0,0,0,0,0,0,0,0,0,0,0,0,0,0,0,0,0,0,0,FALSE,TRUE,TRUE,,,Right,,
Beeches - White,1,5/9/2026,Beeches,Beeches - White 1,,Jake,,Jake - Beeches - White - 5/9/2026,Jake – Beeches – 5/9/26,,4,3,,,checked,,,checked,checked,125,Driver,PW,,,,,,,,,,,,,,,,,,,,,,,33,➡️ Hole High Right,1,33,,,,,,,White,363,12,-1,69.8,69.8,126,18 Holes,33,,33,,0,0,4,-1,1,3,4,0,,,Birdie,1,Jake – Beeches – 5/9/26,1,1,0,Jake,1,100%,1,0,0,1,0,0,0,0,0,0,0,0,0,0,0,0,0,0,1,0,0,0,0,0,1,0,0,0,0,0,0,1,0,0,0,0,0,0,0,0,0,0,0,0,0,0,0,0,0,0,0,0,0,0,1,,,,,,-1,,,,,0,0,0,0,0,1,0,0,0,0,0,0,0,1,1,0,1,0,1,0,0,0,0,0,0,0,0,1,0,0,0,0,0,0,0,0,0,0,0,0,0,0,0,0,1,0,0,0,0,0,0,0,0,0,1,0,1,0,0,0,0,0,0,0,0,0,,0,0,0,,0,0,0,0,0,0,1,0,0,0,0,0,0,0,0,0,0,0,0,0,0,0,0,0,0,0,0,0,0,0,0,0,0,0,0,0,0,0,0,0,0,0,0,0,0,0,0,0,0,0,0,0,0,0,TRUE,TRUE,TRUE,,Hole High Right,,,
Beeches - White,2,5/9/2026,Beeches,Beeches - White 2,,Jake,,Jake - Beeches - White - 5/9/2026,Jake – Beeches – 5/9/26,,5,4,checked,checked,,,➡️ Right,checked,checked,70,Driver,58,,,,,,250,7,,,,,,,,,,,,,,,,16,⬇️ Short,1,16,,,,,,,White,514,4,-1,69.8,69.8,126,18 Holes,16,,,16,0,0,5,-1,1,4,5,0,,,Birdie,0,Jake – Beeches – 5/9/26,1,1,0,Jake,1,0%,0,0,0,1,0,0,0,0,0,0,0,0,0,0,0,0,0,0,1,0,0,0,0,0,0,0,0,1,0,0,0,1,0,0,0,0,0,0,0,0,0,0,0,0,0,0,0,0,0,0,0,0,0,0,1,,,,,,,-1,,,,0,0,0,0,0,0,0,0,1,0,1,0,0,0,0,0,0,0,0,0,0,0,0,0,0,0,0,0,0,0,0,0,0,1,0,0,0,0,0,0,0,0,0,0,1,0,0,0,0,0,0,0,0,0,0,1,0,0,1,0,0,0,0,0,1,0,,0,0,0,,0,0,0,0,0,0,0,0,0,0,0,0,0,1,0,0,0,0,0,0,0,0,0,0,0,0,0,0,0,0,0,0,0,0,0,0,0,0,0,0,0,0,0,0,0,0,0,0,0,0,0,0,0,0,FALSE,TRUE,TRUE,,Short,Right,,
Beeches - White,3,5/9/2026,Beeches,Beeches - White 3,,Jake,,Jake - Beeches - White - 5/9/2026,Jake – Beeches – 5/9/26,,4,5,,,,,↗️ Long Right,checked,checked,72,4,58,,,,,,,,,,,,,,,,,,,,,⬆️ Long,,50,➡️ Hole High Right,3,2,18,2,,,,,White,285,18,1,69.8,69.8,126,18 Holes,50,,50,,0,0,4,1,1,5,4,0,,,Bogey,0,Jake – Beeches – 5/9/26,1,1,0,Jake,1,0%,0,0,0,0,0,1,0,0,0,0,0,0,0,0,0,0,0,0,0,0,1,0,0,0,0,0,0,0,0,0,0,0,0,0,0,0,0,0,0,0,0,0,0,0,0,1,0,0,0,0,0,0,0,0,1,,,1,,,,,,,,0,0,1,0,0,0,0,0,0,0,1,0,0,0,0,0,0,0,0,0,0,0,0,0,0,0,0,0,0,1,0,0,0,0,0,0,0,0,0,0,0,0,0,0,0,1,0,0,0,0,0,0,0,0,1,0,0,0,0,0,0,0,0,0,0,0,,0,0,0,,0,0,0,0,0,0,0,0,0,0,0,0,0,0,0,0,0,0,0,0,0,0,0,0,0,0,0,0,0,0,0,0,0,0,0,0,0,1,0,0,0,0,0,0,0,0,0,0,0,0,0,0,0,0,FALSE,TRUE,TRUE,,Hole High Right,Long Right,Long,
Beeches - White,4,5/9/2026,Beeches,Beeches - White 4,,Jake,,Jake - Beeches - White - 5/9/2026,Jake – Beeches – 5/9/26,,4,4,,,,,➡️ Right,checked,checked,140,Driver,PW,,,,,,,,,,,,,,,,,,,,,,,33,↙️ Short Left,2,0.1,0.1,,,,,,White,374,6,0,69.8,69.8,126,18 Holes,33,,33,,0,0,4,0,1,4,4,0,,,Par,0,Jake – Beeches – 5/9/26,1,1,0,Jake,1,0%,0,0,0,0,1,0,0,0,0,0,0,0,0,0,0,0,0,0,0,1,0,0,0,0,0,0,0,0,0,0,0,0,0,0,0,0,0,0,1,0,0,0,0,0,0,0,0,0,0,0,0,0,0,0,1,,,0,,,,,,,,0,0,1,0,0,0,0,0,0,0,1,0,0,0,0,0,0,0,0,0,0,0,0,0,0,0,0,0,1,0,0,0,0,0,0,0,0,0,0,0,0,0,0,0,0,0,0,0,0,0,1,0,0,0,1,0,0,0,0,0,0,0,0,0,0,0,,0,0,0,,0,0,0,0,0,0,0,0,0,0,0,0,0,0,0,0,0,0,0,0,0,0,0,1,0,0,0,0,0,0,0,0,0,0,0,0,0,0,0,0,0,0,0,0,0,0,0,0,0,0,0,0,0,0,FALSE,TRUE,TRUE,,Short Left,Right,,
Beeches - White,5,5/9/2026,Beeches,Beeches - White 5,,Jake,,Jake - Beeches - White - 5/9/2026,Jake – Beeches – 5/9/26,,4,6,,,,,➡️ Right,,,128,Driver,PW,↙️ Short Left,20,,,,,,,,,,,,,,1,58 Degree Wedge,,,,⬇️ Short,,25,⬇️ Short,3,1,5,1,,,,,White,344,10,2,69.8,69.8,126,18 Holes,,,,,0,0,4,2,1,6,4,0,,,Double Bogey,0,Jake – Beeches – 5/9/26,0,0,0,Jake,1,0%,0,0,0,0,0,0,1,0,1,1,0,0,0,0,1,0,0,0,0,0,1,0,0,0,0,0,0,0,0,0,0,0,0,0,0,0,0,0,0,0,0,0,0,0,0,0,1,0,0,0,0,0,0,0,1,,,,,2,,,,,,0,0,0,1,0,0,0,0,0,0,0,1,0,0,0,1,0,1,0,1,0,0,0,0,0,0,0,0,0,0,1,0,0,0,0,0,0,0,0,0,0,0,0,0,0,0,0,0,0,0,0,1,0,0,0,0,0,0,0,0,0,0,0,0,0,0,,0,0,0,,0,0,0,0,0,0,0,0,0,0,0,0,0,0,0,0,0,0,0,0,0,0,0,0,0,0,0,0,0,0,0,0,0,0,0,0,0,0,1,0,0,0,0,0,0,0,0,0,0,0,0,0,0,0,FALSE,FALSE,FALSE,Short Left,Short,Right,Short,
Beeches - White,6,5/9/2026,Beeches,Beeches - White 6,,Jake,,Jake - Beeches - White - 5/9/2026,Jake – Beeches – 5/9/26,,4,4,,,,,➡️ Right,,,110,Driver,54,⬇️ Short,8,,,,,,,,,,,,,1,1,58 Degree Wedge,,,,,,12,⬆️ Long,1,12,,,,,,,White,364,8,0,69.8,69.8,126,18 Holes,,,,,0,0,4,0,1,4,4,0,,,Par,0,Jake – Beeches – 5/9/26,0,0,0,Jake,1,0%,0,0,0,0,1,0,0,0,1,1,0,0,0,0,1,1,1,1,1,0,0,0,0,0,0,0,1,0,1,1,0,0,1,0,0,0,0,0,0,0,0,0,0,0,0,0,0,0,0,0,0,0,0,0,1,,,,,0,,,,,,0,0,0,1,0,0,0,0,0,0,0,1,0,0,0,1,0,1,0,1,0,0,0,0,0,0,0,0,1,0,0,0,0,0,0,0,0,0,0,0,1,1,0,0,0,0,0,0,0,0,1,0,0,0,0,0,0,0,0,0,0,0,0,0,0,0,,0,1,0,,0,0,0,0,0,0,0,1,0,0,0,0,0,0,0,0,0,0,0,0,0,0,0,0,0,0,0,0,0,0,0,0,0,0,0,0,0,0,0,0,0,0,0,0,0,0,0,0,0,0,0,0,0,0,FALSE,FALSE,FALSE,Short,Long,Right,,
Beeches - White,7,5/9/2026,Beeches,Beeches - White 7,,Jake,,Jake - Beeches - White - 5/9/2026,Jake – Beeches – 5/9/26,,3,4,,,,,,checked,checked,142,9,9,,,,,,,,,,,,,,,,,,,,,➡️ High Side Right,,75,⬇️ Short,3,1,7,1,,,,,White,156,16,1,69.8,69.8,126,18 Holes,75,75,,,0,0,3,1,1,4,3,0,,,Bogey,0,Jake – Beeches – 5/9/26,1,1,0,Jake,0,N/A,0,0,0,0,0,1,0,0,0,0,0,0,0,0,0,0,0,0,0,0,1,0,0,0,0,0,0,0,0,0,0,0,0,0,0,0,0,0,0,0,0,0,0,0,0,1,0,0,0,0,0,0,0,0,1,1,,,,,,,,,,1,0,0,0,0,0,0,0,0,0,0,0,0,0,1,0,1,0,0,0,0,0,0,1,0,0,0,0,0,0,0,0,0,0,0,0,0,0,0,0,0,0,0,0,0,0,0,1,0,0,0,0,0,0,0,0,0,0,0,0,0,0,0,0,0,0,,0,0,0,,0,0,0,0,0,0,0,0,0,0,0,0,0,0,0,0,0,0,0,0,0,0,0,0,0,0,0,0,0,0,0,0,0,1,0,0,0,0,0,0,0,0,0,0,0,0,0,0,0,0,0,0,0,0,FALSE,TRUE,TRUE,,Short,,High Side Right,
Beeches - White,8,5/9/2026,Beeches,Beeches - White 8,,Jake,,Jake - Beeches - White - 5/9/2026,Jake – Beeches – 5/9/26,,5,4,,,,,⬆️ Long,checked,checked,227,3W,7,,,,,,,,,,,,,,,,,,,,,,,78,⬇️ Short,2,2,2,,,,,,White,502,2,-1,69.8,69.8,126,18 Holes,78,,,78,0,0,5,-1,1,4,5,0,,,Birdie,0,Jake – Beeches – 5/9/26,1,1,0,Jake,1,0%,0,0,0,1,0,0,0,0,0,0,0,0,0,0,0,0,0,0,0,1,0,0,0,0,0,0,0,1,0,0,0,0,0,0,0,0,0,1,0,0,0,0,0,0,0,0,0,0,0,0,0,0,0,0,1,,,,,,,-1,,,,0,0,0,0,0,0,0,0,1,0,1,0,0,0,0,0,0,0,0,0,0,0,0,0,0,0,0,0,0,0,0,0,0,1,0,0,0,0,0,0,0,0,0,1,0,0,0,0,0,0,0,0,0,0,0,1,0,0,0,0,0,0,0,0,0,0,,0,0,0,,0,0,0,0,0,0,0,0,0,0,0,0,0,0,0,0,0,0,0,0,0,0,0,0,0,0,0,0,1,0,0,0,0,0,0,0,0,0,0,0,0,0,0,0,0,0,0,0,0,0,0,0,0,0,FALSE,TRUE,TRUE,,Short,Long,,
Beeches - White,9,5/9/2026,Beeches,Beeches - White 9,,Jake,,Jake - Beeches - White - 5/9/2026,Jake – Beeches – 5/9/26,,3,4,,,,,➡️ Right,,,176,6,6,➡️ Right,20,,,,,,,,,,,,,,1,58 Degree Wedge,,,,,,25,➡️ Hole High Right,2,3,3,,,,,,White,175,14,1,69.8,69.8,126,18 Holes,,,,,0,0,3,1,1,4,3,0,,,Bogey,0,Jake – Beeches – 5/9/26,0,0,0,Jake,0,N/A,0,0,0,0,0,1,0,0,1,1,0,0,0,0,1,0,0,0,0,1,0,0,0,0,0,0,0,0,0,0,0,0,0,0,0,0,0,0,0,1,0,0,0,0,0,0,0,0,0,0,0,0,0,0,1,,1,,,,,,,,,0,1,0,0,0,0,0,0,0,0,0,0,0,0,0,1,0,1,0,0,0,0,0,1,0,0,0,0,0,0,0,0,0,0,0,0,0,0,0,0,0,0,0,0,0,0,0,1,0,0,0,0,0,0,0,0,0,0,0,0,0,0,0,0,0,0,,0,0,0,,0,0,0,0,0,0,0,0,0,0,0,0,0,0,0,0,0,0,0,1,0,0,0,0,0,0,0,0,0,0,0,0,0,0,0,0,0,0,0,0,0,0,0,0,0,0,0,0,0,0,0,0,0,0,FALSE,FALSE,FALSE,Right,Hole High Right,Right,,
Beeches - White,10,5/9/2026,Beeches,Beeches - White 10,,Jake,,Jake - Beeches - White - 5/9/2026,Jake – Beeches – 5/9/26,,5,5,,,checked,,,checked,checked,30,Driver,58,,,,,,230,4H,⬆️ Long,,,,,,,,,,1,,,,58 Degree Wedge,25,➡️ Hole High Right,2,3,3,,,,,,White,525,1,0,69.8,69.8,126,18 Holes,25,,,25,0,0,5,0,0,,,1,5,5,Par,1,Jake – Beeches – 5/9/26,1,1,0,Jake,1,100%,1,0,0,0,1,0,0,0,0,0,0,0,0,0,0,0,0,0,0,1,0,0,0,1,0,0,0,0,0,0,0,0,0,0,0,0,0,0,1,0,0,0,0,0,0,0,0,0,0,0,0,0,0,0,1,,,,,,,,,,0,0,0,0,0,0,0,1,0,0,0,0,0,0,1,1,0,1,0,1,0,0,0,0,0,0,0,0,0,0,0,0,0,0,0,1,0,0,0,0,0,0,0,0,0,0,0,0,0,1,0,0,0,0,0,0,1,0,1,0,0,0,0,0,0,0,0,,0,0,0,,0,0,0,0,0,0,0,0,0,0,0,0,0,0,0,0,0,0,0,0,0,0,0,0,0,0,0,0,0,1,0,0,0,0,0,0,0,0,0,0,0,0,0,0,0,0,0,0,0,0,0,0,0,0,TRUE,TRUE,TRUE,,Hole High Right,,,
Beeches - White,11,5/9/2026,Beeches,Beeches - White 11,,Jake,,Jake - Beeches - White - 5/9/2026,Jake – Beeches – 5/9/26,,4,4,,,,,Fairway Bunker,,,55,Driver,58,⬇️ Short,15,,,,,,,,,,,,1,,1,58 Degree Wedge,,,,,,10,⬆️ Long,1,10,,,,,,,White,304,9,0,69.8,69.8,126,18 Holes,,,,,1,1,4,0,0,,,1,4,4,Par,0,Jake – Beeches – 5/9/26,0,0,0,Jake,1,0%,0,0,0,0,1,0,0,0,1,1,1,1,0,0,1,1,1,1,1,0,0,0,0,0,0,0,1,0,1,1,0,0,1,0,0,0,0,0,0,0,0,0,0,0,0,0,0,0,0,0,0,0,0,0,1,,,,,0,,,,,,0,0,0,1,0,0,0,0,0,0,0,1,0,0,0,1,0,1,0,1,0,0,0,0,0,0,0,0,1,0,0,0,0,0,0,0,0,0,0,0,1,1,0,0,0,0,0,0,1,0,0,0,0,0,0,0,0,0,0,0,0,0,0,0,0,0,,0,1,0,,0,0,0,0,0,0,0,1,0,0,0,0,0,0,0,0,0,0,0,0,0,0,0,0,0,0,0,0,0,0,0,0,0,0,0,0,0,0,0,0,0,0,0,0,0,0,0,0,0,0,0,0,0,0,FALSE,FALSE,FALSE,Short,Long,Fairway Bunker,,
Beeches - White,12,5/9/2026,Beeches,Beeches - White 12,,Jake,,Jake - Beeches - White - 5/9/2026,Jake – Beeches – 5/9/26,,4,3,,,,,➡️ Right,checked,checked,84,Driver,54,,,,,,,,,,,,,,,,,,,,,,,16,⬇️ Short,1,16,,,,,,,White,337,13,-1,69.8,69.8,126,18 Holes,16,,16,,0,0,4,-1,0,,,1,3,4,Birdie,0,Jake – Beeches – 5/9/26,1,1,0,Jake,1,0%,0,0,0,1,0,0,0,0,0,0,0,0,0,0,0,0,0,0,1,0,0,0,0,0,0,0,0,1,0,0,0,1,0,0,0,0,0,0,0,0,0,0,0,0,0,0,0,0,0,0,0,0,0,0,1,,,-1,,,,,,,,0,0,1,0,0,0,0,0,0,0,1,0,0,0,0,0,0,0,0,0,0,0,0,0,0,0,0,1,0,0,0,0,0,0,0,0,0,0,0,0,0,0,0,0,0,0,0,0,1,0,0,0,0,0,1,0,0,0,1,0,0,0,1,0,0,0,,0,0,0,,0,0,0,0,0,0,1,0,0,0,0,0,0,0,0,0,0,0,0,0,0,0,0,0,0,0,0,0,0,0,0,0,0,0,0,0,0,0,0,0,0,0,0,0,0,0,0,0,0,0,0,0,0,0,FALSE,TRUE,TRUE,,Short,Right,,
Beeches - White,13,5/9/2026,Beeches,Beeches - White 13,,Jake,,Jake - Beeches - White - 5/9/2026,Jake – Beeches – 5/9/26,,4,5,,,,,⬆️ Long,checked,checked,110,Driver,GW,,,,,,,,,,,,,,,,,,,,,⬆️ Long,,40,⬅️ Hole High Left,3,1,8,1,,,,,White,354,7,1,69.8,69.8,126,18 Holes,40,,40,,0,0,4,1,0,,,1,5,4,Bogey,0,Jake – Beeches – 5/9/26,1,1,0,Jake,1,0%,0,0,0,0,0,1,0,0,0,0,0,0,0,0,0,0,0,0,0,0,1,0,0,0,0,0,0,0,0,0,0,0,0,0,0,0,0,0,0,0,0,0,0,0,0,1,0,0,0,0,0,0,0,0,1,,,1,,,,,,,,0,0,1,0,0,0,0,0,0,0,1,0,0,0,0,0,0,0,0,0,0,0,0,0,0,0,0,0,0,1,0,0,0,0,0,0,0,0,0,0,0,0,0,0,0,0,0,0,0,0,0,0,0,1,1,0,0,0,0,0,0,0,0,0,0,0,,0,0,0,,0,0,0,0,0,0,0,0,0,0,0,0,0,0,0,0,0,0,0,0,0,0,0,0,0,0,0,0,0,0,0,0,0,0,0,0,0,1,0,0,0,0,0,0,0,0,0,0,0,0,0,0,0,0,FALSE,TRUE,TRUE,,Hole High Left,Long,Long,
Beeches - White,14,5/9/2026,Beeches,Beeches - White 14,,Jake,,Jake - Beeches - White - 5/9/2026,Jake – Beeches – 5/9/26,,4,6,,,,,⬆️ Long,,,110,Driver,54,⬇️ Short,15,,,,,,,,,,,,,,1,58 Degree Wedge,,,,⬇️ Short,,25,⬇️ Short,3,1,9,1,,,,,White,349,15,2,69.8,69.8,126,18 Holes,,,,,0,0,4,2,0,,,1,6,4,Double Bogey,0,Jake – Beeches – 5/9/26,0,0,0,Jake,1,0%,0,0,0,0,0,0,1,0,1,1,0,0,0,0,1,0,0,0,0,0,1,0,0,0,0,0,0,0,0,0,0,0,0,0,0,0,0,0,0,0,0,0,0,0,0,0,1,0,0,0,0,0,0,0,1,,,,,2,,,,,,0,0,0,1,0,0,0,0,0,0,0,1,0,0,0,1,0,1,0,1,0,0,0,0,0,0,0,0,0,0,1,0,0,0,0,0,0,0,0,0,0,0,0,0,0,0,0,0,0,0,0,0,0,1,0,0,0,0,0,0,0,0,0,0,0,0,,0,0,0,,0,0,0,0,0,0,0,0,0,0,0,0,0,0,0,0,0,0,0,0,0,0,0,0,0,0,0,0,0,0,0,0,0,0,0,0,0,0,1,0,0,0,0,0,0,0,0,0,0,0,0,0,0,0,FALSE,FALSE,FALSE,Short,Short,Long,Short,
Beeches - White,15,5/9/2026,Beeches,Beeches - White 15,,Jake,,Jake - Beeches - White - 5/9/2026,Jake – Beeches – 5/9/26,,3,4,,,,,➡️ Right,,,146,9,9,➡️ Right,20,,,,,,,,,,,,,,1,58 Degree Wedge,,,,,,25,➡️ Hole High Right,2,1,1,,,,,,White,155,11,1,69.8,69.8,126,18 Holes,,,,,0,0,3,1,0,,,1,4,3,Bogey,0,Jake – Beeches – 5/9/26,0,0,0,Jake,0,N/A,0,0,0,0,0,1,0,0,1,1,0,0,0,0,1,0,0,0,0,1,0,0,0,0,0,0,0,0,0,0,0,0,0,0,0,0,0,0,0,1,0,0,0,0,0,0,0,0,0,0,0,0,0,0,1,,1,,,,,,,,,0,1,0,0,0,0,0,0,0,0,0,0,0,0,0,1,0,1,0,0,0,0,0,1,0,0,0,0,0,0,0,0,0,0,0,0,0,0,0,0,0,0,0,0,0,0,0,0,0,0,0,0,0,1,0,0,0,0,0,0,0,0,0,0,0,0,,0,0,0,,0,0,0,0,0,0,0,0,0,0,0,0,0,0,0,0,0,0,0,1,0,0,0,0,0,0,0,0,0,0,0,0,0,0,0,0,0,0,0,0,0,0,0,0,0,0,0,0,0,0,0,0,0,0,FALSE,FALSE,FALSE,Right,Hole High Right,Right,,
Beeches - White,16,5/9/2026,Beeches,Beeches - White 16,,Jake,,Jake - Beeches - White - 5/9/2026,Jake – Beeches – 5/9/26,,5,6,checked,checked,,,➡️ Right,,,240,Driver,4H,➡️ Right,20,,,,,,,,,,,,,1,2,58 Degree Wedge,,,,,,12,⬇️ Short,1,12,,,,,,,White,484,3,1,69.8,69.8,126,18 Holes,,,,,0,0,5,1,0,,,1,6,5,Bogey,0,Jake – Beeches – 5/9/26,0,0,0,Jake,1,0%,0,0,0,0,0,1,0,0,2,1,0,0,0,0,1,0,1,1,1,0,0,0,0,0,0,0,0,0,0,1,0,0,0,1,0,0,0,0,0,0,0,0,0,0,0,0,0,0,0,0,0,0,0,0,1,,,,,,,,,1,,0,0,0,0,0,0,0,0,0,1,0,1,0,0,0,1,0,1,0,1,0,0,0,0,0,0,0,0,0,0,0,0,0,0,0,1,0,0,0,0,0,1,0,0,0,0,1,0,0,0,0,0,0,0,0,0,0,0,0,0,0,0,0,0,0,0,,0,0,0,,0,0,0,0,0,0,0,0,0,0,0,0,0,0,0,1,0,0,0,0,0,0,0,0,0,0,0,0,0,0,0,0,0,0,0,0,0,0,0,0,0,0,0,0,0,0,0,0,0,0,0,0,0,0,FALSE,FALSE,FALSE,Right,Short,Right,,
Beeches - White,17,5/9/2026,Beeches,Beeches - White 17,,Jake,,Jake - Beeches - White - 5/9/2026,Jake – Beeches – 5/9/26,,3,3,,,,,,checked,checked,145,PW,PW,,,,,,,,,,,,,,,,,,,,,,,25,⬇️ Short,2,2,2,,,,,,White,134,17,0,69.8,69.8,126,18 Holes,25,25,,,0,0,3,0,0,,,1,3,3,Par,0,Jake – Beeches – 5/9/26,1,1,0,Jake,0,N/A,0,0,0,0,1,0,0,0,0,0,0,0,0,0,0,0,0,0,0,1,0,0,0,1,0,0,0,0,0,0,0,0,0,0,0,0,0,0,1,0,0,0,0,0,0,0,0,0,0,0,0,0,0,0,1,0,,,,,,,,,,1,0,0,0,0,0,0,0,0,0,0,0,0,0,1,0,1,0,0,0,0,0,1,0,0,0,0,0,0,0,0,0,0,0,0,0,0,0,0,0,0,0,1,0,0,0,0,0,0,0,0,0,0,0,0,0,0,0,0,0,0,0,0,0,0,0,,0,0,0,,0,0,0,0,0,0,0,0,0,0,0,0,0,0,0,0,0,0,1,0,0,0,0,0,0,0,0,0,0,0,0,0,0,0,0,0,0,0,0,0,0,0,0,0,0,0,0,0,0,0,0,0,0,0,FALSE,TRUE,TRUE,,Short,,,
Beeches - White,18,5/9/2026,Beeches,Beeches - White 18,,Jake,,Jake - Beeches - White - 5/9/2026,Jake – Beeches – 5/9/26,,4,4,,,,,➡️ Right,checked,checked,156,Driver,8,,,,,,,,,,,,,,,,,,,,,,,50,➡️ Hole High Right,2,3,3,,,,,,White,382,5,0,69.8,69.8,126,18 Holes,50,,50,,0,0,4,0,0,,,1,4,4,Par,0,Jake – Beeches – 5/9/26,1,1,0,Jake,1,0%,0,0,0,0,1,0,0,0,0,0,0,0,0,0,0,0,0,0,0,1,0,0,0,0,0,0,0,0,0,0,0,0,0,0,0,0,0,0,1,0,0,0,0,0,0,0,0,0,0,0,0,0,0,0,1,,,0,,,,,,,,0,0,1,0,0,0,0,0,0,0,1,0,0,0,0,0,0,0,0,0,0,0,0,0,0,0,0,0,1,0,0,0,0,0,0,0,0,0,0,0,0,0,1,0,0,0,0,0,0,0,0,0,0,0,1,0,0,0,0,0,0,0,0,0,0,0,,0,0,0,,0,0,0,0,0,0,0,0,0,0,0,0,0,0,0,0,0,0,0,0,0,0,0,1,0,0,0,0,0,0,0,0,0,0,0,0,0,0,0,0,0,0,0,0,0,0,0,0,0,0,0,0,0,0,FALSE,TRUE,TRUE,,Hole High Right,Right,,
Blossom Trails  - White,1,5/9/2026,Blossom Trail,Blossom Trail White 1,,Nate,,Nate - Blossom Trails - White - 5/9/2026,Nate – Blossom Trail – 5/9/26,,4,4,,,,,,,,180,,5,,,,,,,,,,,,,,,,,,,,,,,2,,1,2,,,,,,,White,404,7,0,68.3,68.3,117,Custom,,,,,1,1,4,0,1,4,4,0,,,Par,0,Nate – Blossom Trail – 5/9/26,0,0,0,Nate,1,0%,0,0,0,0,1,0,0,0,0,0,0,0,0,0,1,1,1,0,1,0,0,0,0,0,0,0,1,0,0,0,0,0,1,0,0,0,0,0,0,0,0,0,0,0,0,0,0,0,0,0,0,0,0,0,1,,,,,0,,,,,,0,0,0,1,0,0,0,0,0,0,0,1,0,0,0,1,0,1,0,1,0,0,0,0,0,0,0,0,1,0,0,0,0,0,0,0,0,0,0,0,1,1,0,0,1,0,0,0,0,0,0,0,0,0,0,0,0,0,0,0,0,0,0,0,0,0,,0,1,0,,0,0,0,0,0,0,0,1,0,0,0,0,0,0,0,0,0,0,0,0,0,0,0,0,0,0,0,0,0,0,0,0,0,0,0,0,0,0,0,0,0,0,0,0,0,0,0,0,0,0,0,0,0,0,FALSE,FALSE,FALSE,,,,,
Blossom Trails  - White,2,5/9/2026,Blossom Trail,Blossom Trail White 2,,Nate,,Nate - Blossom Trails - White - 5/9/2026,Nate – Blossom Trail – 5/9/26,,4,5,,,,,,,,105,,58,,,,,,,,,,,,,,,,,,,,,,,1,,1,1,,,,,,,White,364,17,1,68.3,68.3,117,Custom,,,,,1,1,4,1,1,5,4,0,,,Bogey,0,Nate – Blossom Trail – 5/9/26,0,0,0,Nate,1,0%,0,0,0,0,0,1,0,0,0,0,0,0,0,0,1,0,1,0,1,0,0,0,0,0,0,0,0,0,0,0,0,0,0,1,0,0,0,0,0,0,0,0,0,0,0,0,0,0,0,0,0,0,0,0,1,,,,,1,,,,,,0,0,0,1,0,0,0,0,0,0,0,1,0,0,0,1,0,1,0,1,0,0,0,0,0,0,0,0,0,1,0,0,0,0,0,0,0,0,0,0,0,1,0,0,0,1,0,0,0,0,0,0,0,0,0,0,0,0,0,0,0,0,0,0,0,0,,0,0,0,,0,0,0,0,0,0,0,0,1,0,0,0,0,0,0,0,0,0,0,0,0,0,0,0,0,0,0,0,0,0,0,0,0,0,0,0,0,0,0,0,0,0,0,0,0,0,0,0,0,0,0,0,0,0,FALSE,FALSE,FALSE,,,,,
Blossom Trails  - White,3,5/9/2026,Blossom Trail,Blossom Trail White 3,,Nate,,Nate - Blossom Trails - White - 5/9/2026,Nate – Blossom Trail – 5/9/26,,3,4,,,,,,,,170,,7,,,,,,,,,,,,,,,,,,,,,,,17,,2,3,3,,,,,,White,169,9,1,68.3,68.3,117,Custom,,,,,0,0,3,1,1,4,3,0,,,Bogey,0,Nate – Blossom Trail – 5/9/26,0,0,0,Nate,0,N/A,0,0,0,0,0,1,0,0,0,0,0,0,0,0,1,0,0,0,0,1,0,0,0,0,0,0,0,0,0,0,0,0,0,0,0,0,0,0,0,1,0,0,0,0,0,0,0,0,0,0,0,0,0,0,1,,1,,,,,,,,,0,1,0,0,0,0,0,0,0,0,0,0,0,0,0,1,0,1,0,0,0,0,0,1,0,0,0,0,0,0,0,0,0,0,0,0,0,0,0,0,0,0,0,0,0,1,0,0,0,0,0,0,0,0,0,0,0,0,0,0,0,0,0,0,0,0,,0,0,0,,0,0,0,0,0,0,0,0,0,0,0,0,0,0,0,0,0,0,0,1,0,0,0,0,0,0,0,0,0,0,0,0,0,0,0,0,0,0,0,0,0,0,0,0,0,0,0,0,0,0,0,0,0,0,FALSE,FALSE,FALSE,,,,,
Blossom Trails  - White,4,5/9/2026,Blossom Trail,Blossom Trail White 4,,Nate,,Nate - Blossom Trails - White - 5/9/2026,Nate – Blossom Trail – 5/9/26,,5,5,,,,,,,,191,,7W,,,,,,,,,,,,,,,,,,,,,,,1,,1,1,,,,,,,White,488,15,0,68.3,68.3,117,Custom,,,,,1,1,5,0,1,5,5,0,,,Par,0,Nate – Blossom Trail – 5/9/26,0,0,0,Nate,1,0%,0,0,0,0,1,0,0,0,0,0,0,0,0,0,1,1,1,0,1,0,0,0,0,0,0,0,1,0,0,0,0,0,1,0,0,0,0,0,0,0,0,0,0,0,0,0,0,0,0,0,0,0,0,0,1,,,,,,,,,0,,0,0,0,0,0,0,0,0,0,1,0,1,0,0,0,1,0,1,0,1,0,0,0,0,0,0,0,0,0,0,0,0,0,0,1,0,0,0,0,0,1,1,0,0,0,0,0,0,0,0,1,0,0,0,0,0,0,0,0,0,0,0,0,0,0,0,,0,0,1,,0,0,0,0,0,0,0,0,0,0,0,0,0,0,1,0,0,0,0,0,0,0,0,0,0,0,0,0,0,0,0,0,0,0,0,0,0,0,0,0,0,0,0,0,0,0,0,0,0,0,0,0,0,0,FALSE,FALSE,FALSE,,,,,
Blossom Trails  - White,5,5/9/2026,Blossom Trail,Blossom Trail White 5,,Nate,,Nate - Blossom Trails - White - 5/9/2026,Nate – Blossom Trail – 5/9/26,,3,4,,,,,,,,160,,7,,,,,,,,,,,,,,,,,,,,,,,14,,2,4,,,,,,,White,155,13,1,68.3,68.3,117,Custom,,,,,0,0,3,1,1,4,3,0,,,Bogey,0,Nate – Blossom Trail – 5/9/26,0,0,0,Nate,0,N/A,0,0,0,0,0,1,0,0,0,0,0,0,0,0,1,0,0,0,0,1,0,0,0,0,0,0,0,0,0,0,0,0,0,0,0,0,0,0,0,1,0,0,0,0,0,0,0,0,0,0,0,0,0,0,1,,1,,,,,,,,,0,1,0,0,0,0,0,0,0,0,0,0,0,0,0,1,0,1,0,0,0,0,0,1,0,0,0,0,0,0,0,0,0,0,0,0,0,0,0,0,0,0,0,0,0,0,0,0,0,0,0,1,0,0,0,0,0,0,0,0,0,0,0,0,0,0,,0,0,0,,0,0,0,0,0,0,0,0,0,0,0,0,0,0,0,0,0,0,0,1,0,0,0,0,0,0,0,0,0,0,0,0,0,0,0,0,0,0,0,0,0,0,0,0,0,0,0,0,0,0,0,0,0,0,FALSE,FALSE,FALSE,,,,,
Blossom Trails  - White,6,5/9/2026,Blossom Trail,Blossom Trail White 6,,Nate,,Nate - Blossom Trails - White - 5/9/2026,Nate – Blossom Trail – 5/9/26,,4,6,,,,,,,,,,,,,,,,,,,1,Driver,,,Hazard - Woods,,,,,,,,,,6,,1,6,,,,,,,White,363,3,2,68.3,68.3,117,Custom,,,,,1,1,4,2,1,6,4,0,,,Double Bogey,0,Nate – Blossom Trail – 5/9/26,0,0,0,Nate,1,0%,0,0,0,0,0,0,1,0,0,0,0,0,0,0,1,0,1,0,1,0,0,0,0,0,0,0,0,0,0,0,0,0,0,0,1,0,0,0,0,0,0,0,0,0,0,0,0,0,0,0,0,0,0,0,1,,,,,2,,,,,,0,0,0,1,0,0,0,0,0,0,0,1,0,0,0,1,0,1,0,1,0,0,0,0,0,0,0,0,0,0,1,0,0,0,0,0,0,0,0,0,0,1,0,0,0,0,0,0,0,0,0,1,0,0,0,0,0,0,0,0,0,0,0,0,0,0,,0,0,0,,0,0,0,0,0,0,0,0,0,1,0,0,0,0,0,0,0,0,0,0,0,0,0,0,0,0,0,0,0,0,0,0,0,0,0,0,0,0,0,0,0,0,0,0,0,0,0,0,0,0,0,0,0,0,FALSE,FALSE,FALSE,,,,,
Blossom Trails  - White,7,5/9/2026,Blossom Trail,Blossom Trail White 7,,Nate,,Nate - Blossom Trails - White - 5/9/2026,Nate – Blossom Trail – 5/9/26,,4,6,,,,,,,,105,,7,,,,,,,,,,,,,,,,,,,,,,,6,,2,2,2,,,,,,White,417,1,2,68.3,68.3,117,Custom,,,,,1,0,4,2,1,6,4,0,,,Double Bogey,0,Nate – Blossom Trail – 5/9/26,0,0,0,Nate,1,0%,0,0,0,0,0,0,1,0,0,0,0,0,0,0,1,0,0,0,0,1,0,0,0,0,0,0,0,0,0,0,0,0,0,0,0,0,0,0,0,0,1,0,0,0,0,0,0,0,0,0,0,0,0,0,1,,,,,2,,,,,,0,0,0,1,0,0,0,0,0,0,0,1,0,0,0,1,0,1,0,1,0,0,0,0,0,0,0,0,0,0,1,0,0,0,0,0,0,0,0,0,0,0,0,0,0,0,0,1,0,0,0,0,0,0,0,0,0,0,0,0,0,0,0,0,0,0,,0,0,0,,0,0,0,0,0,0,0,0,0,0,0,0,0,0,0,0,0,0,0,0,0,0,0,0,0,1,0,0,0,0,0,0,0,0,0,0,0,0,0,0,0,0,0,0,0,0,0,0,0,0,0,0,0,0,FALSE,FALSE,FALSE,,,,,
Blossom Trails  - White,8,5/9/2026,Blossom Trail,Blossom Trail White 8,,Nate,,Nate - Blossom Trails - White - 5/9/2026,Nate – Blossom Trail – 5/9/26,,3,5,,,,,,,,170,,7,,,,,,,,,1,Driver,,,Hazard - Woods,,,,,,,,,,24,,2,4,4,,,,,,White,160,5,2,68.3,68.3,117,Custom,,,,,0,0,3,2,1,5,3,0,,,Double Bogey,0,Nate – Blossom Trail – 5/9/26,0,0,0,Nate,0,N/A,0,0,0,0,0,0,1,0,0,0,0,0,0,0,1,0,0,0,0,1,0,0,0,0,0,0,0,0,0,0,0,0,0,0,0,0,0,0,0,0,1,0,0,0,0,0,0,0,0,0,0,0,0,0,1,,2,,,,,,,,,0,1,0,0,0,0,0,0,0,0,0,0,0,0,0,1,0,1,0,0,0,0,0,0,1,0,0,0,0,0,0,0,0,0,0,0,0,0,0,0,0,0,0,0,0,0,0,1,0,0,0,0,0,0,0,0,0,0,0,0,0,0,0,0,0,0,,0,0,0,,0,0,0,0,0,0,0,0,0,0,0,0,0,0,0,0,0,0,0,0,1,0,0,0,0,0,0,0,0,0,0,0,0,0,0,0,0,0,0,0,0,0,0,0,0,0,0,0,0,0,0,0,0,0,FALSE,FALSE,FALSE,,,,,
Blossom Trails  - White,9,5/9/2026,Blossom Trail,Blossom Trail White 9,,Nate,,Nate - Blossom Trails - White - 5/9/2026,Nate – Blossom Trail – 5/9/26,,5,5,,,,,,,,155,,5,,,,,,,,,,,,,,,,,,,,,,,16,,2,4,4,,,,,,White,493,11,0,68.3,68.3,117,Custom,,,,,0,0,5,0,1,5,5,0,,,Par,0,Nate – Blossom Trail – 5/9/26,0,0,0,Nate,1,0%,0,0,0,0,1,0,0,0,0,0,0,0,0,0,1,1,0,0,0,1,0,0,0,0,0,0,1,0,0,0,0,0,0,0,0,0,0,0,1,0,0,0,0,0,0,0,0,0,0,0,0,0,0,0,1,,,,,,,,,0,,0,0,0,0,0,0,0,0,0,1,0,1,0,0,0,1,0,1,0,1,0,0,0,0,0,0,0,0,0,0,0,0,0,0,1,0,0,0,0,0,1,0,0,1,0,0,0,0,0,0,0,0,0,0,0,0,0,0,0,0,0,0,0,0,0,0,,0,0,1,,0,0,0,0,0,0,0,0,0,0,0,0,0,0,0,0,0,0,0,0,0,0,0,0,0,0,0,0,0,1,0,0,0,0,0,0,0,0,0,0,0,0,0,0,0,0,0,0,0,0,0,0,0,0,FALSE,FALSE,FALSE,,,,,
Blossom Trails  - White,1,5/9/2026,Blossom Trail,Blossom Trail White 1,,Nate,,Nate - Blossom Trails - White - 5/9/2026,Nate – Blossom Trail – 5/9/26,,4,5,,,checked,,,,,158,,7,,,,,,,,,,,,,,,,,,,,,,,13,,2,2,2,,,,,,White,404,7,1,68.3,68.3,117,Custom,,,,,0,0,4,1,1,5,4,0,,,Bogey,1,Nate – Blossom Trail – 5/9/26,0,0,0,Nate,1,100%,0,0,0,0,0,1,0,0,0,0,0,0,0,0,1,0,0,0,0,1,0,0,0,0,0,0,0,0,0,0,0,0,0,0,0,0,0,0,0,1,0,0,0,0,0,0,0,0,0,0,0,0,0,0,1,,,,1,,,,,,,0,0,0,0,1,0,0,0,0,0,0,0,1,0,0,0,0,0,0,0,0,0,0,0,0,0,0,0,0,1,0,0,0,0,0,0,0,0,0,0,0,0,0,0,0,1,0,0,0,0,0,0,0,0,0,0,1,0,0,0,0,0,0,0,0,0,,0,0,0,,0,0,0,0,0,0,0,0,0,0,0,0,0,0,0,0,0,0,0,0,0,0,0,0,1,0,0,0,0,0,0,0,0,0,0,0,0,0,0,0,0,0,0,0,0,0,0,0,0,0,0,0,0,0,TRUE,FALSE,FALSE,,,,,
Blossom Trails  - White,9,5/9/2026,Blossom Trail,Blossom Trail White 9,,Nate,,Nate - Blossom Trails - White - 5/9/2026,Nate – Blossom Trail – 5/9/26,,5,5,,,,,,checked,checked,30,,58,,,,,,,,,,,,,,,,,,,,,,,7,,2,2,2,,,,,,White,493,11,0,68.3,68.3,117,Custom,7,,,7,1,0,5,0,1,5,5,0,,,Par,0,Nate – Blossom Trail – 5/9/26,1,1,0,Nate,1,0%,0,0,0,0,1,0,0,0,0,0,0,0,0,0,0,0,0,0,0,1,0,0,0,0,0,0,0,0,0,0,0,0,0,0,0,0,0,0,1,0,0,0,0,0,0,0,0,0,0,0,0,0,0,0,1,,,,,,,0,,,,0,0,0,0,0,0,0,0,1,0,1,0,0,0,0,0,0,0,0,0,0,0,0,0,0,0,0,0,0,0,0,0,0,0,1,0,0,0,0,0,0,0,0,1,0,0,0,0,0,0,0,0,0,0,0,1,0,0,1,1,0,0,0,0,1,1,,0,0,0,,0,0,0,0,0,0,0,0,0,0,0,0,0,0,0,0,0,0,0,0,0,0,0,0,0,0,0,0,0,1,0,0,0,0,0,0,0,0,0,0,0,0,0,0,0,0,0,0,0,0,0,0,0,0,FALSE,TRUE,TRUE,,,,,
Blossom Trails  - White,1,5/17/2026,Blossom Trail,Blossom Trail White 1,,,,Nate - Blossom Trails - White - 5/17/2026,Nate – Blossom Trail – 5/17/26,,4,5,,,,,,,,152,,9,,,,,,,,,,,,,,,,,,,,,,,5,,1,5,,,,,,,White,404,7,1,68.3,68.3,117,Custom,,,,,1,1,4,1,1,5,4,0,,,Bogey,0, – Blossom Trail – 5/17/26,0,0,0,Nate,1,0%,0,0,0,0,0,1,0,0,0,0,0,0,0,0,1,0,1,0,1,0,0,0,0,0,0,0,0,0,0,0,0,0,0,1,0,0,0,0,0,0,0,0,0,0,0,0,0,0,0,0,0,0,0,0,1,,,,,1,,,,,,0,0,0,1,0,0,0,0,0,0,0,1,0,0,0,1,0,1,0,1,0,0,0,0,0,0,0,0,0,1,0,0,0,0,0,0,0,0,0,0,0,1,0,0,0,1,0,0,0,0,0,0,0,0,0,0,0,0,0,0,0,0,0,0,0,0,,0,0,0,,0,0,0,0,0,0,0,0,1,0,0,0,0,0,0,0,0,0,0,0,0,0,0,0,0,0,0,0,0,0,0,0,0,0,0,0,0,0,0,0,0,0,0,0,0,0,0,0,0,0,0,0,0,0,FALSE,FALSE,FALSE,,,,,
Blossom Trails  - White,2,5/17/2026,Blossom Trail,Blossom Trail White 2,,,,Nate - Blossom Trails - White - 5/17/2026,Nate – Blossom Trail – 5/17/26,,4,4,,,checked,,,,,119,,5,,,,,,,,,,,,,,,,,,,,,,,6,,1,6,,,,,,,White,364,17,0,68.3,68.3,117,Custom,,,,,1,1,4,0,1,4,4,0,,,Par,1, – Blossom Trail – 5/17/26,0,0,0,Nate,1,100%,0,0,0,0,1,0,0,0,0,0,0,0,0,0,1,1,1,0,1,0,0,0,0,0,0,0,0,0,0,0,0,0,1,0,0,0,0,0,0,0,0,0,0,0,0,0,0,0,0,0,0,0,0,0,1,,,,0,,,,,,,0,0,0,0,1,0,0,0,0,0,0,0,1,0,0,0,0,0,0,0,0,0,0,0,0,0,0,0,1,0,0,0,0,0,0,0,0,0,0,0,1,1,0,0,1,0,0,0,0,0,0,0,0,0,0,0,1,0,0,0,0,0,0,0,0,0,,0,1,0,,0,0,0,0,0,0,0,1,0,0,0,0,0,0,0,0,0,0,0,0,0,0,0,0,0,0,0,0,0,0,0,0,0,0,0,0,0,0,0,0,0,0,0,0,0,0,0,0,0,0,0,0,0,0,TRUE,FALSE,FALSE,,,,,
Blossom Trails  - White,3,5/17/2026,Blossom Trail,Blossom Trail White 3,,,,Nate - Blossom Trails - White - 5/17/2026,Nate – Blossom Trail – 5/17/26,,3,4,,,,,,,,170,,6,,,,,,,,,,,,,,,,,,,,,,,11,,2,2,2,,,,,,White,169,9,1,68.3,68.3,117,Custom,,,,,0,0,3,1,1,4,3,0,,,Bogey,0, – Blossom Trail – 5/17/26,0,0,0,Nate,0,N/A,0,0,0,0,0,1,0,0,0,0,0,0,0,0,1,0,0,0,0,1,0,0,0,0,0,0,0,0,0,0,0,0,0,0,0,0,0,0,0,1,0,0,0,0,0,0,0,0,0,0,0,0,0,0,1,,1,,,,,,,,,0,1,0,0,0,0,0,0,0,0,0,0,0,0,0,1,0,1,0,0,0,0,0,1,0,0,0,0,0,0,0,0,0,0,0,0,0,0,0,0,0,0,0,0,0,1,0,0,0,0,0,0,0,0,0,0,0,0,0,0,0,0,0,0,0,0,,0,0,0,,0,0,0,0,0,0,0,0,0,0,0,0,0,0,0,0,0,0,0,1,0,0,0,0,0,0,0,0,0,0,0,0,0,0,0,0,0,0,0,0,0,0,0,0,0,0,0,0,0,0,0,0,0,0,FALSE,FALSE,FALSE,,,,,
Blossom Trails  - White,4,5/17/2026,Blossom Trail,Blossom Trail White 4,,,,Nate - Blossom Trails - White - 5/17/2026,Nate – Blossom Trail – 5/17/26,,5,5,,,,,,,,120,,52,,,,,,,,,,,,,,,,,,,,,,,2,,1,2,,,,,,,White,488,15,0,68.3,68.3,117,Custom,,,,,1,1,5,0,1,5,5,0,,,Par,0, – Blossom Trail – 5/17/26,0,0,0,Nate,1,0%,0,0,0,0,1,0,0,0,0,0,0,0,0,0,1,1,1,0,1,0,0,0,0,0,0,0,1,0,0,0,0,0,1,0,0,0,0,0,0,0,0,0,0,0,0,0,0,0,0,0,0,0,0,0,1,,,,,,,,,0,,0,0,0,0,0,0,0,0,0,1,0,1,0,0,0,1,0,1,0,1,0,0,0,0,0,0,0,0,0,0,0,0,0,0,1,0,0,0,0,0,1,1,0,0,0,0,0,0,0,0,1,0,0,0,0,0,0,0,0,0,0,0,0,0,0,0,,0,0,1,,0,0,0,0,0,0,0,0,0,0,0,0,0,0,1,0,0,0,0,0,0,0,0,0,0,0,0,0,0,0,0,0,0,0,0,0,0,0,0,0,0,0,0,0,0,0,0,0,0,0,0,0,0,0,FALSE,FALSE,FALSE,,,,,
Blossom Trails  - White,5,5/17/2026,Blossom Trail,Blossom Trail White 5,,,,Nate - Blossom Trails - White - 5/17/2026,Nate – Blossom Trail – 5/17/26,,3,3,,,,,,,,165,,8,,,,,,,,,,,,,,,,,,,,,,,7,,1,7,,,,,,,White,155,13,0,68.3,68.3,117,Custom,,,,,1,1,3,0,1,3,3,0,,,Par,0, – Blossom Trail – 5/17/26,0,0,0,Nate,0,N/A,0,0,0,0,1,0,0,0,0,0,0,0,0,0,1,1,1,0,1,0,0,0,0,0,0,0,1,0,0,0,0,0,1,0,0,0,0,0,0,0,0,0,0,0,0,0,0,0,0,0,0,0,0,0,1,,0,,,,,,,,,0,1,0,0,0,0,0,0,0,0,0,0,0,0,0,1,0,1,0,0,0,0,1,0,0,0,0,0,0,0,0,0,0,0,0,0,0,0,0,0,1,1,0,0,0,0,0,0,0,0,1,0,0,0,0,0,0,0,0,0,0,0,0,0,0,0,,1,0,0,,0,1,0,0,0,0,0,0,0,0,0,0,0,0,0,0,0,0,0,0,0,0,0,0,0,0,0,0,0,0,0,0,0,0,0,0,0,0,0,0,0,0,0,0,0,0,0,0,0,0,0,0,0,0,FALSE,FALSE,FALSE,,,,,
Blossom Trails  - White,6,5/17/2026,Blossom Trail,Blossom Trail White 6,,,,Nate - Blossom Trails - White - 5/17/2026,Nate – Blossom Trail – 5/17/26,,4,5,,,,,,,,125,,7,,,,,,,,,,,,,,,,,,,,,,,4,,1,4,,,,,,,White,363,3,1,68.3,68.3,117,Custom,,,,,1,1,4,1,1,5,4,0,,,Bogey,0, – Blossom Trail – 5/17/26,0,0,0,Nate,1,0%,0,0,0,0,0,1,0,0,0,0,0,0,0,0,1,0,1,0,1,0,0,0,0,0,0,0,0,0,0,0,0,0,0,1,0,0,0,0,0,0,0,0,0,0,0,0,0,0,0,0,0,0,0,0,1,,,,,1,,,,,,0,0,0,1,0,0,0,0,0,0,0,1,0,0,0,1,0,1,0,1,0,0,0,0,0,0,0,0,0,1,0,0,0,0,0,0,0,0,0,0,0,1,0,0,0,0,0,0,0,0,0,1,0,0,0,0,0,0,0,0,0,0,0,0,0,0,,0,0,0,,0,0,0,0,0,0,0,0,1,0,0,0,0,0,0,0,0,0,0,0,0,0,0,0,0,0,0,0,0,0,0,0,0,0,0,0,0,0,0,0,0,0,0,0,0,0,0,0,0,0,0,0,0,0,FALSE,FALSE,FALSE,,,,,
Blossom Trails  - White,7,5/17/2026,Blossom Trail,Blossom Trail White 7,,,,Nate - Blossom Trails - White - 5/17/2026,Nate – Blossom Trail – 5/17/26,,4,4,,,checked,,,,,134,,52,,,,,,,,,,,,,,,,,,,,,,,4,,1,4,,,,,,,White,417,1,0,68.3,68.3,117,Custom,,,,,1,1,4,0,1,4,4,0,,,Par,1, – Blossom Trail – 5/17/26,0,0,0,Nate,1,100%,0,0,0,0,1,0,0,0,0,0,0,0,0,0,1,1,1,0,1,0,0,0,0,0,0,0,0,0,0,0,0,0,1,0,0,0,0,0,0,0,0,0,0,0,0,0,0,0,0,0,0,0,0,0,1,,,,0,,,,,,,0,0,0,0,1,0,0,0,0,0,0,0,1,0,0,0,0,0,0,0,0,0,0,0,0,0,0,0,1,0,0,0,0,0,0,0,0,0,0,0,1,1,0,1,0,0,0,0,0,0,0,0,0,0,0,0,1,0,0,0,0,0,0,0,0,0,,0,1,0,,0,0,0,0,0,0,0,1,0,0,0,0,0,0,0,0,0,0,0,0,0,0,0,0,0,0,0,0,0,0,0,0,0,0,0,0,0,0,0,0,0,0,0,0,0,0,0,0,0,0,0,0,0,0,TRUE,FALSE,FALSE,,,,,
Blossom Trails  - White,8,5/17/2026,Blossom Trail,Blossom Trail White 8,,,,Nate - Blossom Trails - White - 5/17/2026,Nate – Blossom Trail – 5/17/26,,3,4,,,,,,,,170,,7,,,,,,,,,,,,,,,,,,,,,,,5,,2,1,1,,,,,,White,160,5,1,68.3,68.3,117,Custom,,,,,1,0,3,1,1,4,3,0,,,Bogey,0, – Blossom Trail – 5/17/26,0,0,0,Nate,0,N/A,0,0,0,0,0,1,0,0,0,0,0,0,0,0,1,0,0,0,0,1,0,0,0,0,0,0,0,0,0,0,0,0,0,0,0,0,0,0,0,1,0,0,0,0,0,0,0,0,0,0,0,0,0,0,1,,1,,,,,,,,,0,1,0,0,0,0,0,0,0,0,0,0,0,0,0,1,0,1,0,0,0,0,0,1,0,0,0,0,0,0,0,0,0,0,0,0,0,0,0,0,0,0,0,0,0,0,0,1,0,0,0,0,0,0,0,0,0,0,0,0,0,0,0,0,0,0,,0,0,0,,0,0,0,0,0,0,0,0,0,0,0,0,0,0,0,0,0,0,0,1,0,0,0,0,0,0,0,0,0,0,0,0,0,0,0,0,0,0,0,0,0,0,0,0,0,0,0,0,0,0,0,0,0,0,FALSE,FALSE,FALSE,,,,,
Blossom Trails  - White,9,5/17/2026,Blossom Trail,Blossom Trail White 9,,,,Nate - Blossom Trails - White - 5/17/2026,Nate – Blossom Trail – 5/17/26,,5,5,,,checked,,,checked,checked,220,,3W,,,,,,,,,,,,,,,,,,,,,,,5,,2,2,2,,,,,,White,493,11,0,68.3,68.3,117,Custom,5,,,5,1,0,5,0,1,5,5,0,,,Par,1, – Blossom Trail – 5/17/26,1,1,0,Nate,1,100%,1,0,0,0,1,0,0,0,0,0,0,0,0,0,0,0,0,0,0,1,0,0,0,1,0,0,0,0,0,0,0,0,0,0,0,0,0,0,1,0,0,0,0,0,0,0,0,0,0,0,0,0,0,0,1,,,,,,,,,,0,0,0,0,0,0,0,1,0,0,0,0,0,0,1,1,0,1,0,1,0,0,0,0,0,0,0,0,0,0,0,0,0,0,0,1,0,0,0,0,0,0,0,0,1,0,0,0,0,0,0,0,0,0,0,0,1,0,1,1,1,0,0,0,0,1,1,,0,0,0,,0,0,0,0,0,0,0,0,0,0,0,0,0,0,0,0,0,0,0,0,0,0,0,0,0,0,0,0,0,1,0,0,0,0,0,0,0,0,0,0,0,0,0,0,0,0,0,0,0,0,0,0,0,0,TRUE,TRUE,TRUE,,,,,
Blossom Trails  - White,2,5/17/2026,Blossom Trail,Blossom Trail White 2,,,,Nate - Blossom Trails - White - 5/17/2026,Nate – Blossom Trail – 5/17/26,,4,5,,,checked,,,,,155,,8,,,,,,,,,,,,,,,,,,,,,,,12,,2,1,1,,,,,,White,364,17,1,68.3,68.3,117,Custom,,,,,0,0,4,1,1,5,4,0,,,Bogey,1, – Blossom Trail – 5/17/26,0,0,0,Nate,1,100%,0,0,0,0,0,1,0,0,0,0,0,0,0,0,1,0,0,0,0,1,0,0,0,0,0,0,0,0,0,0,0,0,0,0,0,0,0,0,0,1,0,0,0,0,0,0,0,0,0,0,0,0,0,0,1,,,,1,,,,,,,0,0,0,0,1,0,0,0,0,0,0,0,1,0,0,0,0,0,0,0,0,0,0,0,0,0,0,0,0,1,0,0,0,0,0,0,0,0,0,0,0,0,0,0,0,1,0,0,0,0,0,0,0,0,0,0,1,0,0,0,0,0,0,0,0,0,,0,0,0,,0,0,0,0,0,0,0,0,0,0,0,0,0,0,0,0,0,0,0,0,0,0,0,0,1,0,0,0,0,0,0,0,0,0,0,0,0,0,0,0,0,0,0,0,0,0,0,0,0,0,0,0,0,0,TRUE,FALSE,FALSE,,,,,
Blossom Trails  - White,3,5/17/2026,Blossom Trail,Blossom Trail White 3,,,,Nate - Blossom Trails - White - 5/17/2026,Nate – Blossom Trail – 5/17/26,,3,6,,,,,,,,,,,,,,,,,,,,,,,,,,,,,,,,,45,,3,1,9,1,,,,,White,169,9,3,68.3,68.3,117,Custom,,,,,0,0,3,3,1,6,3,0,,,Triple Bogey +,0, – Blossom Trail – 5/17/26,0,0,0,Nate,0,N/A,0,0,0,0,0,0,0,1,0,0,0,0,0,0,1,0,0,0,0,0,1,0,0,0,0,0,0,0,0,0,0,0,0,0,0,0,0,0,0,0,0,0,0,0,0,0,0,1,0,0,0,0,0,0,1,,3,,,,,,,,,0,1,0,0,0,0,0,0,0,0,0,0,0,0,0,1,0,1,0,0,0,0,0,0,0,1,0,0,0,0,0,0,0,0,0,0,0,0,0,0,0,0,0,0,0,1,0,0,0,0,0,0,0,0,0,0,0,0,0,0,0,0,0,0,0,0,,0,0,0,,0,0,0,0,0,0,0,0,0,0,0,0,0,0,0,0,0,0,0,0,0,0,0,0,0,0,0,0,0,0,0,0,0,0,0,1,0,0,0,0,0,0,0,0,0,0,0,0,0,0,0,0,0,0,FALSE,FALSE,FALSE,,,,,
Lake Michigan Hills - White,10,5/14/2026,Lake Michigan Hills,Lake Michigan Hills - White 10,,,,Nate - Lake Michigan Hills - White - 5/14/2026,Nate – Lake Michigan Hills – 5/14/26,,5,5,,,,,,,,130,,7,,,,,,,,,,,,,,,,,,,,,,,5,,1,5,,,,,,,White,505,2,0,69.1,69.1,119,Back 9,,,,,1,1,5,0,0,,,1,5,5,Par,0, – Lake Michigan Hills – 5/14/26,0,0,0,Nate,1,0%,0,0,0,0,1,0,0,0,0,0,0,0,0,0,1,1,1,0,1,0,0,0,0,0,0,0,1,0,0,0,0,0,1,0,0,0,0,0,0,0,0,0,0,0,0,0,0,0,0,0,0,0,0,0,1,,,,,,,,,0,,0,0,0,0,0,0,0,0,0,1,0,1,0,0,0,1,0,1,0,1,0,0,0,0,0,0,0,0,0,0,0,0,0,0,1,0,0,0,0,0,1,1,0,0,0,0,0,0,1,0,0,0,0,0,0,0,0,0,0,0,0,0,0,0,0,0,,0,0,1,,0,0,0,0,0,0,0,0,0,0,0,0,0,0,1,0,0,0,0,0,0,0,0,0,0,0,0,0,0,0,0,0,0,0,0,0,0,0,0,0,0,0,0,0,0,0,0,0,0,0,0,0,0,0,FALSE,FALSE,FALSE,,,,,
Lake Michigan Hills - White,11,5/14/2026,Lake Michigan Hills,Lake Michigan Hills - White 11,,,,Nate - Lake Michigan Hills - White - 5/14/2026,Nate – Lake Michigan Hills – 5/14/26,,4,3,,,,,,checked,checked,89,,58,,,,,,,,,,,,,,,,,,,,,,,3,,1,3,,,,,,,White,347,6,-1,69.1,69.1,119,Back 9,3,,3,,1,1,4,-1,0,,,1,3,4,Birdie,0, – Lake Michigan Hills – 5/14/26,1,1,0,Nate,1,0%,0,0,0,1,0,0,0,0,0,0,0,0,0,0,0,0,0,0,1,0,0,0,0,0,0,0,0,1,0,0,0,1,0,0,0,0,0,0,0,0,0,0,0,0,0,0,0,0,0,0,0,0,0,0,1,,,-1,,,,,,,,0,0,1,0,0,0,0,0,0,0,1,0,0,0,0,0,0,0,0,0,0,0,0,0,0,0,0,1,0,0,0,0,0,0,0,0,0,0,0,0,0,0,0,0,0,0,0,0,1,0,0,0,0,0,1,0,0,0,1,1,0,0,1,1,0,0,,0,0,0,,0,0,0,0,0,0,1,0,0,0,0,0,0,0,0,0,0,0,0,0,0,0,0,0,0,0,0,0,0,0,0,0,0,0,0,0,0,0,0,0,0,0,0,0,0,0,0,0,0,0,0,0,0,0,FALSE,TRUE,TRUE,,,,,
Lake Michigan Hills - White,12,5/14/2026,Lake Michigan Hills,Lake Michigan Hills - White 12,,,,Nate - Lake Michigan Hills - White - 5/14/2026,Nate – Lake Michigan Hills – 5/14/26,,4,4,,,checked,,,checked,checked,88,,58,,,,,,,,,,,,,,,,,,,,,,,5,,2,1,1,,,,,,White,348,4,0,69.1,69.1,119,Back 9,5,,5,,1,0,4,0,0,,,1,4,4,Par,1, – Lake Michigan Hills – 5/14/26,1,1,0,Nate,1,100%,1,0,0,0,1,0,0,0,0,0,0,0,0,0,0,0,0,0,0,1,0,0,0,1,0,0,0,0,0,0,0,0,0,0,0,0,0,0,1,0,0,0,0,0,0,0,0,0,0,0,0,0,0,0,1,,,,,,0,,,,,0,0,0,0,0,1,0,0,0,0,0,0,0,1,1,0,1,0,1,0,0,0,0,0,0,0,0,0,1,0,0,0,0,0,0,0,0,0,0,0,0,0,0,0,0,0,0,0,1,0,0,0,0,0,1,0,1,0,1,1,0,0,1,1,0,0,,0,0,0,,0,0,0,0,0,0,0,0,0,0,0,0,0,0,0,0,0,0,0,0,0,0,0,1,0,0,0,0,0,0,0,0,0,0,0,0,0,0,0,0,0,0,0,0,0,0,0,0,0,0,0,0,0,0,TRUE,TRUE,TRUE,,,,,
Lake Michigan Hills - White,13,5/14/2026,Lake Michigan Hills,Lake Michigan Hills - White 13,,,,Nate - Lake Michigan Hills - White - 5/14/2026,Nate – Lake Michigan Hills – 5/14/26,,3,4,,,,,,,,185,,7,,,,,,,,,,,,,,,,,,,,,,,4,,1,4,,,,,,,White,172,16,1,69.1,69.1,119,Back 9,,,,,1,1,3,1,0,,,1,4,3,Bogey,0, – Lake Michigan Hills – 5/14/26,0,0,0,Nate,0,N/A,0,0,0,0,0,1,0,0,0,0,0,0,0,0,1,0,1,0,1,0,0,0,0,0,0,0,0,0,0,0,0,0,0,1,0,0,0,0,0,0,0,0,0,0,0,0,0,0,0,0,0,0,0,0,1,,1,,,,,,,,,0,1,0,0,0,0,0,0,0,0,0,0,0,0,0,1,0,1,0,0,0,0,0,1,0,0,0,0,0,0,0,0,0,0,0,0,0,0,0,0,0,1,0,0,0,0,0,0,0,0,0,0,0,1,0,0,0,0,0,0,0,0,0,0,0,0,,0,0,0,,0,0,1,0,0,0,0,0,0,0,0,0,0,0,0,0,0,0,0,0,0,0,0,0,0,0,0,0,0,0,0,0,0,0,0,0,0,0,0,0,0,0,0,0,0,0,0,0,0,0,0,0,0,0,FALSE,FALSE,FALSE,,,,,
Lake Michigan Hills - White,14,5/14/2026,Lake Michigan Hills,Lake Michigan Hills - White 14,,,,Nate - Lake Michigan Hills - White - 5/14/2026,Nate – Lake Michigan Hills – 5/14/26,,4,5,,,,,,,checked,92,,58,,,,,,,,,,,,,,,,,,,,,,,45,,2,4,4,,,,,,White,359,10,1,69.1,69.1,119,Back 9,,,,,0,0,4,1,0,,,1,5,4,Bogey,0, – Lake Michigan Hills – 5/14/26,0,1,0,Nate,1,0%,0,0,0,0,0,1,0,0,0,0,0,0,0,0,1,0,0,0,0,1,0,0,0,0,0,0,0,0,0,0,0,0,0,0,0,0,0,0,0,1,0,0,0,0,0,0,0,0,0,0,0,0,0,0,1,,,,,1,,,,,,0,0,0,1,0,0,0,0,0,0,0,1,0,0,0,1,0,1,0,1,0,0,0,0,0,0,0,0,0,1,0,0,0,0,0,0,0,0,0,0,0,0,0,0,0,0,0,0,0,0,0,0,0,1,0,0,0,0,0,0,0,0,0,0,0,0,,0,0,0,,0,0,0,0,0,0,0,0,0,0,0,0,0,0,0,0,0,0,0,0,0,0,0,0,1,0,0,0,0,0,0,0,0,0,0,0,0,0,0,0,0,0,0,0,0,0,0,0,0,0,0,0,0,0,FALSE,FALSE,TRUE,,,,,
Lake Michigan Hills - White,15,5/14/2026,Lake Michigan Hills,Lake Michigan Hills - White 15,,,,Nate - Lake Michigan Hills - White - 5/14/2026,Nate – Lake Michigan Hills – 5/14/26,,5,6,,,,,,,,90,,58,,,,,,,,,,,,,,,,,,,,,,,2,,1,2,,,,,,,White,432,12,1,69.1,69.1,119,Back 9,,,,,1,1,5,1,0,,,1,6,5,Bogey,0, – Lake Michigan Hills – 5/14/26,0,0,0,Nate,1,0%,0,0,0,0,0,1,0,0,0,0,0,0,0,0,1,0,1,0,1,0,0,0,0,0,0,0,0,0,0,0,0,0,0,1,0,0,0,0,0,0,0,0,0,0,0,0,0,0,0,0,0,0,0,0,1,,,,,,,,,1,,0,0,0,0,0,0,0,0,0,1,0,1,0,0,0,1,0,1,0,1,0,0,0,0,0,0,0,0,0,0,0,0,0,0,0,1,0,0,0,0,0,1,0,0,0,0,0,0,0,0,0,0,0,1,0,0,0,0,0,0,0,0,0,0,0,0,,0,0,0,,0,0,0,0,0,0,0,0,0,0,0,0,0,0,0,1,0,0,0,0,0,0,0,0,0,0,0,0,0,0,0,0,0,0,0,0,0,0,0,0,0,0,0,0,0,0,0,0,0,0,0,0,0,0,FALSE,FALSE,FALSE,,,,,
Lake Michigan Hills - White,16,5/14/2026,Lake Michigan Hills,Lake Michigan Hills - White 16,,,,Nate - Lake Michigan Hills - White - 5/14/2026,Nate – Lake Michigan Hills – 5/14/26,,4,5,,,checked,,,,,90,,58,,,,,,,,,,,,,,,,,,,,,,,15,,2,4,4,,,,,,White,353,8,1,69.1,69.1,119,Back 9,,,,,0,0,4,1,0,,,1,5,4,Bogey,1, – Lake Michigan Hills – 5/14/26,0,0,0,Nate,1,100%,0,0,0,0,0,1,0,0,0,0,0,0,0,0,1,0,0,0,0,1,0,0,0,0,0,0,0,0,0,0,0,0,0,0,0,0,0,0,0,1,0,0,0,0,0,0,0,0,0,0,0,0,0,0,1,,,,1,,,,,,,0,0,0,0,1,0,0,0,0,0,0,0,1,0,0,0,0,0,0,0,0,0,0,0,0,0,0,0,0,1,0,0,0,0,0,0,0,0,0,0,0,0,0,0,0,0,1,0,0,0,0,0,0,0,0,0,1,0,0,0,0,0,0,0,0,0,,0,0,0,,0,0,0,0,0,0,0,0,0,0,0,0,0,0,0,0,0,0,0,0,0,0,0,0,1,0,0,0,0,0,0,0,0,0,0,0,0,0,0,0,0,0,0,0,0,0,0,0,0,0,0,0,0,0,TRUE,FALSE,FALSE,,,,,
Lake Michigan Hills - White,17,5/14/2026,Lake Michigan Hills,Lake Michigan Hills - White 17,,,,Nate - Lake Michigan Hills - White - 5/14/2026,Nate – Lake Michigan Hills – 5/14/26,,3,4,,,,,,,,206,,3W,,,,,,,,,,,,,,,,,,,,,,,18,,2,2,2,,,,,,White,196,14,1,69.1,69.1,119,Back 9,,,,,0,0,3,1,0,,,1,4,3,Bogey,0, – Lake Michigan Hills – 5/14/26,0,0,0,Nate,0,N/A,0,0,0,0,0,1,0,0,0,0,0,0,0,0,1,0,0,0,0,1,0,0,0,0,0,0,0,0,0,0,0,0,0,0,0,0,0,0,0,1,0,0,0,0,0,0,0,0,0,0,0,0,0,0,1,,1,,,,,,,,,0,1,0,0,0,0,0,0,0,0,0,0,0,0,0,1,0,1,0,0,0,0,0,1,0,0,0,0,0,0,0,0,0,0,0,0,0,0,0,0,0,0,0,0,0,0,1,0,0,0,0,0,0,0,0,0,0,0,0,0,0,0,0,0,0,0,,0,0,0,,0,0,0,0,0,0,0,0,0,0,0,0,0,0,0,0,0,0,0,1,0,0,0,0,0,0,0,0,0,0,0,0,0,0,0,0,0,0,0,0,0,0,0,0,0,0,0,0,0,0,0,0,0,0,FALSE,FALSE,FALSE,,,,,
Lake Michigan Hills - White,18,5/14/2026,Lake Michigan Hills,Lake Michigan Hills - White 18,,,,Nate - Lake Michigan Hills - White - 5/14/2026,Nate – Lake Michigan Hills – 5/14/26,,4,5,,,,,,checked,checked,60,,58,,,,,,,,,,,,,,,,,,,,,,,45,,3,1,5,1,,,,,White,332,18,1,69.1,69.1,119,Back 9,45,,45,,0,0,4,1,0,,,1,5,4,Bogey,0, – Lake Michigan Hills – 5/14/26,1,1,0,Nate,1,0%,0,0,0,0,0,1,0,0,0,0,0,0,0,0,0,0,0,0,0,0,1,0,0,0,0,0,0,0,0,0,0,0,0,0,0,0,0,0,0,0,0,0,0,0,0,1,0,0,0,0,0,0,0,0,1,,,1,,,,,,,,0,0,1,0,0,0,0,0,0,0,1,0,0,0,0,0,0,0,0,0,0,0,0,0,0,0,0,0,0,1,0,0,0,0,0,0,0,0,0,0,0,0,0,0,0,0,1,0,0,0,0,0,0,0,1,0,0,0,0,0,0,0,0,0,0,0,,0,0,0,,0,0,0,0,0,0,0,0,0,0,0,0,0,0,0,0,0,0,0,0,0,0,0,0,0,0,0,0,0,0,0,0,0,0,0,0,0,1,0,0,0,0,0,0,0,0,0,0,0,0,0,0,0,0,FALSE,TRUE,TRUE,,,,,
Gardner - White,1,5/19/2026,Gardner,Gardner White 1,,,,Brent - Gardner - White - 5/19/2026,Brent – Gardner – 5/19/26,,4,4,,,,,,checked,checked,174,,8,,,,,,,,,,,,,,,,,,,,,,,15,,2,1,1,,,,,,White,364,9,0,70.8,70.8,114,Custom,15,,15,,0,0,4,0,1,4,4,0,,,Par,0, – Gardner – 5/19/26,1,1,0,Brent,1,0%,0,0,0,0,1,0,0,0,0,0,0,0,0,0,0,0,0,0,0,1,0,0,0,0,0,0,0,0,0,0,0,0,0,0,0,0,0,0,1,0,0,0,0,0,0,0,0,0,0,0,0,0,0,0,1,,,0,,,,,,,,0,0,1,0,0,0,0,0,0,0,1,0,0,0,0,0,0,0,0,0,0,0,0,0,0,0,0,0,1,0,0,0,0,0,0,0,0,0,0,0,0,0,0,0,1,0,0,0,0,0,0,0,0,0,1,0,0,0,1,0,0,0,1,0,0,0,,0,0,0,,0,0,0,0,0,0,0,0,0,0,0,0,0,0,0,0,0,0,0,0,0,0,0,1,0,0,0,0,0,0,0,0,0,0,0,0,0,0,0,0,0,0,0,0,0,0,0,0,0,0,0,0,0,0,FALSE,TRUE,TRUE,,,,,
Gardner - White,2,5/19/2026,Gardner,Gardner White 2,,,,Brent - Gardner - White - 5/19/2026,Brent – Gardner – 5/19/26,,5,6,,,,,,,checked,66,,60,,,,,,,,,,,,,,,,,,,,,,,15,,2,3,3,,,,,,White,473,15,1,70.8,70.8,114,Custom,,,,,0,0,5,1,1,6,5,0,,,Bogey,0, – Gardner – 5/19/26,0,1,0,Brent,1,0%,0,0,0,0,0,1,0,0,0,0,0,0,0,0,1,0,0,0,0,1,0,0,0,0,0,0,0,0,0,0,0,0,0,0,0,0,0,0,0,1,0,0,0,0,0,0,0,0,0,0,0,0,0,0,1,,,,,,,,,1,,0,0,0,0,0,0,0,0,0,1,0,1,0,0,0,1,0,1,0,1,0,0,0,0,0,0,0,0,0,0,0,0,0,0,0,1,0,0,0,0,0,0,0,0,0,1,0,0,0,0,0,0,0,0,0,0,0,0,0,0,0,0,0,0,0,0,,0,0,0,,0,0,0,0,0,0,0,0,0,0,0,0,0,0,0,0,0,0,0,0,0,0,0,0,0,0,0,0,0,0,1,0,0,0,0,0,0,0,0,0,0,0,0,0,0,0,0,0,0,0,0,0,0,0,FALSE,FALSE,TRUE,,,,,
Gardner - White,3,5/19/2026,Gardner,Gardner White 3,,,,Brent - Gardner - White - 5/19/2026,Brent – Gardner – 5/19/26,,4,4,,,,,,,,139,,PW,⬇️ Short,5,,,,,,,,,,,,,,,,,,,,,2,,1,2,,,,,,,White,389,13,0,70.8,70.8,114,Custom,,,,,1,1,4,0,1,4,4,0,,,Par,0, – Gardner – 5/19/26,0,0,0,Brent,1,0%,0,0,0,0,1,0,0,0,0,0,0,0,0,0,1,1,1,0,1,0,0,0,0,0,0,0,1,0,0,0,0,0,1,0,0,0,0,0,0,0,0,0,0,0,0,0,0,0,0,0,0,0,0,0,1,,,,,0,,,,,,0,0,0,1,0,0,0,0,0,0,0,1,0,0,0,1,0,1,0,1,0,0,0,0,0,0,0,0,1,0,0,0,0,0,0,0,0,0,0,0,1,1,0,0,1,0,0,0,0,0,0,0,0,0,0,0,0,0,0,0,0,0,0,0,0,0,,0,1,0,,0,0,0,0,0,0,0,1,0,0,0,0,0,0,0,0,0,0,0,0,0,0,0,0,0,0,0,0,0,0,0,0,0,0,0,0,0,0,0,0,0,0,0,0,0,0,0,0,0,0,0,0,0,0,FALSE,FALSE,FALSE,Short,,,,
Gardner - White,4,5/19/2026,Gardner,Gardner White 4,,,,Brent - Gardner - White - 5/19/2026,Brent – Gardner – 5/19/26,,3,3,,,,,,,,143,9,9,⬇️ Short,1,,,,,,,,,,,,,,,,,,,,,5,,1,5,,,,,,,White,138,11,0,70.8,70.8,114,Custom,,,,,1,1,3,0,1,3,3,0,,,Par,0, – Gardner – 5/19/26,0,0,0,Brent,0,N/A,0,0,0,0,1,0,0,0,0,0,0,0,0,0,1,1,1,0,1,0,0,0,0,0,0,0,1,0,0,0,0,0,1,0,0,0,0,0,0,0,0,0,0,0,0,0,0,0,0,0,0,0,0,0,1,,0,,,,,,,,,0,1,0,0,0,0,0,0,0,0,0,0,0,0,0,1,0,1,0,0,0,0,1,0,0,0,0,0,0,0,0,0,0,0,0,0,0,0,0,0,1,1,0,0,0,0,0,0,0,0,1,0,0,0,0,0,0,0,0,0,0,0,0,0,0,0,,1,0,0,,0,1,0,0,0,0,0,0,0,0,0,0,0,0,0,0,0,0,0,0,0,0,0,0,0,0,0,0,0,0,0,0,0,0,0,0,0,0,0,0,0,0,0,0,0,0,0,0,0,0,0,0,0,0,FALSE,FALSE,FALSE,Short,,,,
Gardner - White,5,5/19/2026,Gardner,Gardner White 5,,,,Brent - Gardner - White - 5/19/2026,Brent – Gardner – 5/19/26,,4,5,,,,,,,,137,,7,➡️ Right,20,,,,,,,,,,,,,,,,,,,,,15,,1,2,,,,,,,White,366,3,1,70.8,70.8,114,Custom,,,,,0,0,4,1,1,5,4,0,,,Bogey,0, – Gardner – 5/19/26,0,0,0,Brent,1,0%,0,0,0,0,0,1,0,0,0,0,0,0,0,0,1,0,1,0,1,0,0,0,0,0,0,0,0,0,0,0,0,0,0,1,0,0,0,0,0,0,0,0,0,0,0,0,0,0,0,0,0,0,0,0,1,,,,,1,,,,,,0,0,0,1,0,0,0,0,0,0,0,1,0,0,0,1,0,1,0,1,0,0,0,0,0,0,0,0,0,1,0,0,0,0,0,0,0,0,0,0,0,1,0,0,0,0,0,0,0,0,0,1,0,0,0,0,0,0,0,0,0,0,0,0,0,0,,0,0,0,,0,0,0,0,0,0,0,0,1,0,0,0,0,0,0,0,0,0,0,0,0,0,0,0,0,0,0,0,0,0,0,0,0,0,0,0,0,0,0,0,0,0,0,0,0,0,0,0,0,0,0,0,0,0,FALSE,FALSE,FALSE,Right,,,,
Gardner - White,6,5/19/2026,Gardner,Gardner White 6,,,,Brent - Gardner - White - 5/19/2026,Brent – Gardner – 5/19/26,,5,5,,,,,,checked,checked,25,,60,⬇️ Short,15,,,,235,5,⬇️ Short,,,,,,,,,,,,,,,15,,2,1,1,,,,,,White,430,17,0,70.8,70.8,114,Custom,15,,,15,0,0,5,0,1,5,5,0,,,Par,0, – Gardner – 5/19/26,1,1,0,Brent,1,0%,0,0,0,0,1,0,0,0,0,0,0,0,0,0,0,0,0,0,0,1,0,0,0,0,0,0,0,0,0,0,0,0,0,0,0,0,0,0,1,0,0,0,0,0,0,0,0,0,0,0,0,0,0,0,1,,,,,,,0,,,,0,0,0,0,0,0,0,0,1,0,1,0,0,0,0,0,0,0,0,0,0,0,0,0,0,0,0,0,0,0,0,0,0,0,1,0,0,0,0,0,0,0,0,0,0,0,0,0,0,0,1,0,0,0,0,1,0,0,1,0,0,0,0,0,1,0,,0,0,0,,0,0,0,0,0,0,0,0,0,0,0,0,0,0,0,0,0,0,0,0,0,0,0,0,0,0,0,0,0,1,0,0,0,0,0,0,0,0,0,0,0,0,0,0,0,0,0,0,0,0,0,0,0,0,FALSE,TRUE,TRUE,Short,,,,
Gardner - White,7,5/19/2026,Gardner,Gardner White 7,,,,Brent - Gardner - White - 5/19/2026,Brent – Gardner – 5/19/26,,4,5,,,checked,,,,,134,,PW,⬇️ Short,2,,,,,,,,,,,,,,,,,,,,,10,,2,1,1,,,,,,White,404,5,1,70.8,70.8,114,Custom,,,,,1,0,4,1,1,5,4,0,,,Bogey,1, – Gardner – 5/19/26,0,0,0,Brent,1,100%,0,0,0,0,0,1,0,0,0,0,0,0,0,0,1,0,0,0,0,1,0,0,0,0,0,0,0,0,0,0,0,0,0,0,0,0,0,0,0,1,0,0,0,0,0,0,0,0,0,0,0,0,0,0,1,,,,1,,,,,,,0,0,0,0,1,0,0,0,0,0,0,0,1,0,0,0,0,0,0,0,0,0,0,0,0,0,0,0,0,1,0,0,0,0,0,0,0,0,0,0,0,0,0,0,0,0,0,1,0,0,0,0,0,0,0,0,1,0,0,0,0,0,0,0,0,0,,0,0,0,,0,0,0,0,0,0,0,0,0,0,0,0,0,0,0,0,0,0,0,0,0,0,0,0,1,0,0,0,0,0,0,0,0,0,0,0,0,0,0,0,0,0,0,0,0,0,0,0,0,0,0,0,0,0,TRUE,FALSE,FALSE,Short,,,,
Gardner - White,8,5/19/2026,Gardner,Gardner White 8,,,,Brent - Gardner - White - 5/19/2026,Brent – Gardner – 5/19/26,,3,3,,,,,,,,199,5,5,⬅️ Left,1,,,,,,,,,,,,,,,,,,,,,1,,2,1,1,,,,,,White,183,7,0,70.8,70.8,114,Custom,,,,,1,0,3,0,1,3,3,0,,,Par,0, – Gardner – 5/19/26,0,0,0,Brent,0,N/A,0,0,0,0,1,0,0,0,0,0,0,0,0,0,1,1,0,0,0,1,0,0,0,0,0,0,1,0,0,0,0,0,0,0,0,0,0,0,1,0,0,0,0,0,0,0,0,0,0,0,0,0,0,0,1,,0,,,,,,,,,0,1,0,0,0,0,0,0,0,0,0,0,0,0,0,1,0,1,0,0,0,0,1,0,0,0,0,0,0,0,0,0,0,0,0,0,0,0,0,0,1,0,0,1,0,0,0,0,0,0,0,0,0,0,0,0,0,0,0,0,0,0,0,0,0,0,,1,0,0,,0,0,0,0,0,0,0,0,0,0,0,0,0,0,0,0,0,0,1,0,0,0,0,0,0,0,0,0,0,0,0,0,0,0,0,0,0,0,0,0,0,0,0,0,0,0,0,0,0,0,0,0,0,0,FALSE,FALSE,FALSE,Left,,,,
Gardner - White,9,5/19/2026,Gardner,Gardner White 9,,,,Brent - Gardner - White - 5/19/2026,Brent – Gardner – 5/19/26,,4,4,,,,,,,,171,Driver,6,➡️ Right,5,,,,,,,,,,,,,,1,56 Degree Wedge,,,,,,5,,1,5,,,,,,,White,392,1,0,70.8,70.8,114,Custom,,,,,1,1,4,0,1,4,4,0,,,Par,0, – Gardner – 5/19/26,0,0,0,Brent,1,0%,0,0,0,0,1,0,0,0,1,1,1,1,1,1,1,1,1,0,1,0,0,0,0,0,0,0,1,0,0,0,0,0,1,0,0,0,0,0,0,0,0,0,0,0,0,0,0,0,0,0,0,0,0,0,1,,,,,0,,,,,,0,0,0,1,0,0,0,0,0,0,0,1,0,0,0,1,0,1,0,1,0,0,0,0,0,0,0,0,1,0,0,0,0,0,0,0,0,0,0,0,1,1,0,1,0,0,0,0,0,0,0,0,0,0,0,0,0,0,0,0,0,0,0,0,0,0,,0,1,0,,0,0,0,0,0,0,0,1,0,0,0,0,0,0,0,0,0,0,0,0,0,0,0,0,0,0,0,0,0,0,0,0,0,0,0,0,0,0,0,0,0,0,0,0,0,0,0,0,0,0,0,0,0,0,FALSE,FALSE,FALSE,Right,,,,
Gardner - White,10,5/19/2026,Gardner,Gardner White 10,,,,Brent - Gardner - White - 5/19/2026,Brent – Gardner – 5/19/26,,4,4,,,checked,,,,,146,Driver,9,⬇️ Short,6,,,,,,,,,,,,,,1,56 Degree Wedge,,,,,,1,,1,1,,,,,,,White,415,10,0,70.8,70.8,114,Custom,,,,,1,1,4,0,0,,,1,4,4,Par,1, – Gardner – 5/19/26,0,0,0,Brent,1,100%,0,0,0,0,1,0,0,0,1,1,1,1,1,1,1,1,1,0,1,0,0,0,0,0,0,0,0,0,0,0,0,0,1,0,0,0,0,0,0,0,0,0,0,0,0,0,0,0,0,0,0,0,0,0,1,,,,0,,,,,,,0,0,0,0,1,0,0,0,0,0,0,0,1,0,0,0,0,0,0,0,0,0,0,0,0,0,0,0,1,0,0,0,0,0,0,0,0,0,0,0,1,1,0,0,0,0,0,0,1,0,0,0,0,0,0,0,1,0,0,0,0,0,0,0,0,0,,0,1,0,,0,0,0,0,0,0,0,1,0,0,0,0,0,0,0,0,0,0,0,0,0,0,0,0,0,0,0,0,0,0,0,0,0,0,0,0,0,0,0,0,0,0,0,0,0,0,0,0,0,0,0,0,0,0,TRUE,FALSE,FALSE,Short,,,,
Gardner - White,11,5/19/2026,Gardner,Gardner White 11,,,,Brent - Gardner - White - 5/19/2026,Brent – Gardner – 5/19/26,,5,5,,,,,⬅️ Left,,,169,Driver,56,⬇️ Short,1,,,,169,8,⬅️ Left,,,,,,,,1,Putter,1,,,,56 Degree Wedge,4.5,,1,4.5,,,,,,,White,416,18,0,70.8,70.8,114,Custom,,,,,1,1,5,0,0,,,1,5,5,Par,0, – Gardner – 5/19/26,0,0,0,Brent,1,0%,0,0,0,0,1,0,0,0,1,1,1,1,1,1,1,1,1,0,1,0,0,0,0,0,0,0,1,0,0,0,0,0,1,0,0,0,0,0,0,0,0,0,0,0,0,0,0,0,0,0,0,0,0,0,1,,,,,,,,,0,,0,0,0,0,0,0,0,0,0,1,0,1,0,0,0,1,0,1,0,1,0,0,0,0,0,0,0,0,0,0,0,0,0,0,1,0,0,0,0,0,1,1,0,0,0,0,0,0,1,0,0,0,0,0,0,0,0,0,0,0,0,0,0,0,0,0,,0,0,1,,0,0,0,0,0,0,0,0,0,0,0,0,0,0,1,0,0,0,0,0,0,0,0,0,0,0,0,0,0,0,0,0,0,0,0,0,0,0,0,0,0,0,0,0,0,0,0,0,0,0,0,0,0,0,FALSE,FALSE,FALSE,Short,,Left,,
Gardner - White,12,5/19/2026,Gardner,Gardner White 12,,,,Brent - Gardner - White - 5/19/2026,Brent – Gardner – 5/19/26,,4,4,,,,,⬅️ Left,checked,checked,110,Driver,GW,,,,,,,,,,,,,,,,,,,,,,,30,,2,3,3,,,,,,White,357,8,0,70.8,70.8,114,Custom,30,,30,,0,0,4,0,0,,,1,4,4,Par,0, – Gardner – 5/19/26,1,1,0,Brent,1,0%,0,0,0,0,1,0,0,0,0,0,0,0,0,0,0,0,0,0,0,1,0,0,0,0,0,0,0,0,0,0,0,0,0,0,0,0,0,0,1,0,0,0,0,0,0,0,0,0,0,0,0,0,0,0,1,,,0,,,,,,,,0,0,1,0,0,0,0,0,0,0,1,0,0,0,0,0,0,0,0,0,0,0,0,0,0,0,0,0,1,0,0,0,0,0,0,0,0,0,0,0,0,0,0,0,0,0,0,0,1,0,0,0,0,0,1,0,0,0,0,0,0,0,0,0,0,0,,0,0,0,,0,0,0,0,0,0,0,0,0,0,0,0,0,0,0,0,0,0,0,0,0,0,0,1,0,0,0,0,0,0,0,0,0,0,0,0,0,0,0,0,0,0,0,0,0,0,0,0,0,0,0,0,0,0,FALSE,TRUE,TRUE,,,Left,,
Gardner - White,13,5/19/2026,Gardner,Gardner White 13,,,,Brent - Gardner - White - 5/19/2026,Brent – Gardner – 5/19/26,,3,3,,,,,⬇️ Short,,,126,9,9,⬇️ Short,3,,,,,,,,,,,,,,1,56 Degree Wedge,,,,,,2,,1,3,,,,,,,White,138,14,0,70.8,70.8,114,Custom,,,,,1,1,3,0,0,,,1,3,3,Par,0, – Gardner – 5/19/26,0,0,0,Brent,0,N/A,0,0,0,0,1,0,0,0,1,1,1,1,1,1,1,1,1,0,1,0,0,0,0,0,0,0,1,0,0,0,0,0,1,0,0,0,0,0,0,0,0,0,0,0,0,0,0,0,0,0,0,0,0,0,1,,0,,,,,,,,,0,1,0,0,0,0,0,0,0,0,0,0,0,0,0,1,0,1,0,0,0,0,1,0,0,0,0,0,0,0,0,0,0,0,0,0,0,0,0,0,1,1,0,0,0,0,0,0,0,0,0,0,1,0,0,0,0,0,0,0,0,0,0,0,0,0,,1,0,0,,0,1,0,0,0,0,0,0,0,0,0,0,0,0,0,0,0,0,0,0,0,0,0,0,0,0,0,0,0,0,0,0,0,0,0,0,0,0,0,0,0,0,0,0,0,0,0,0,0,0,0,0,0,0,FALSE,FALSE,FALSE,Short,,Short,,
Gardner - White,17,5/19/2026,Gardner,Gardner White 17,,,,Brent - Gardner - White - 5/19/2026,Brent – Gardner – 5/19/26,,3,4,,,,,,checked,checked,149,8,8,,,,,,,,,,,,,,,,,,,,,⬇️ Short,,40,,3,1,2,1,,,,,White,144,16,1,70.8,70.8,114,Custom,40,40,,,0,0,3,1,0,,,1,4,3,Bogey,0, – Gardner – 5/19/26,1,1,0,Brent,0,N/A,0,0,0,0,0,1,0,0,0,0,0,0,0,0,0,0,0,0,0,0,1,0,0,0,0,0,0,0,0,0,0,0,0,0,0,0,0,0,0,0,0,0,0,0,0,1,0,0,0,0,0,0,0,0,1,1,,,,,,,,,,1,0,0,0,0,0,0,0,0,0,0,0,0,0,1,0,1,0,0,0,0,0,0,1,0,0,0,0,0,0,0,0,0,0,0,0,0,0,0,0,0,0,0,0,0,0,1,0,0,0,0,0,0,0,0,0,0,0,0,0,0,0,0,0,0,0,,0,0,0,,0,0,0,0,0,0,0,0,0,0,0,0,0,0,0,0,0,0,0,0,0,0,0,0,0,0,0,0,0,0,0,0,0,1,0,0,0,0,0,0,0,0,0,0,0,0,0,0,0,0,0,0,0,0,FALSE,TRUE,TRUE,,,,Short,
Blossom Trails  - White,10,5/20/2026,Blossom Trail,Blossom Trail White 10,,,,Nate - Blossom Trails - White - 5/20/2026,Nate – Blossom Trail – 5/20/26,,4,5,,,,,,,,128,,6,,,,,,,,,,,,,,,,,,,,,,,6,,2,1,1,,,,,,White,306,12,1,68.3,68.3,117,Custom,,,,,1,0,4,1,0,,,1,5,4,Bogey,0, – Blossom Trail – 5/20/26,0,0,0,Nate,1,0%,0,0,0,0,0,1,0,0,0,0,0,0,0,0,1,0,0,0,0,1,0,0,0,0,0,0,0,0,0,0,0,0,0,0,0,0,0,0,0,1,0,0,0,0,0,0,0,0,0,0,0,0,0,0,1,,,,,1,,,,,,0,0,0,1,0,0,0,0,0,0,0,1,0,0,0,1,0,1,0,1,0,0,0,0,0,0,0,0,0,1,0,0,0,0,0,0,0,0,0,0,0,0,0,0,0,0,0,0,0,1,0,0,0,0,0,0,0,0,0,0,0,0,0,0,0,0,,0,0,0,,0,0,0,0,0,0,0,0,0,0,0,0,0,0,0,0,0,0,0,0,0,0,0,0,1,0,0,0,0,0,0,0,0,0,0,0,0,0,0,0,0,0,0,0,0,0,0,0,0,0,0,0,0,0,FALSE,FALSE,FALSE,,,,,
Blossom Trails  - White,11,5/20/2026,Blossom Trail,Blossom Trail White 11,,,,Nate - Blossom Trails - White - 5/20/2026,Nate – Blossom Trail – 5/20/26,,4,6,,,checked,,,,,155,,9,,,,,,,,,,,,,,,,,,,,,,,8,,2,2,2,,,,,,White,296,6,2,68.3,68.3,117,Custom,,,,,1,0,4,2,0,,,1,6,4,Double Bogey,1, – Blossom Trail – 5/20/26,0,0,0,Nate,1,100%,0,0,0,0,0,0,1,0,0,0,0,0,0,0,1,0,0,0,0,1,0,0,0,0,0,0,0,0,0,0,0,0,0,0,0,0,0,0,0,0,1,0,0,0,0,0,0,0,0,0,0,0,0,0,1,,,,2,,,,,,,0,0,0,0,1,0,0,0,0,0,0,0,1,0,0,0,0,0,0,0,0,0,0,0,0,0,0,0,0,0,1,0,0,0,0,0,0,0,0,0,0,0,0,0,0,0,0,0,0,1,0,0,0,0,0,0,1,0,0,0,0,0,0,0,0,0,,0,0,0,,0,0,0,0,0,0,0,0,0,0,0,0,0,0,0,0,0,0,0,0,0,0,0,0,0,1,0,0,0,0,0,0,0,0,0,0,0,0,0,0,0,0,0,0,0,0,0,0,0,0,0,0,0,0,TRUE,FALSE,FALSE,,,,,
Blossom Trails  - White,12,5/20/2026,Blossom Trail,Blossom Trail White 12,,,,Nate - Blossom Trails - White - 5/20/2026,Nate – Blossom Trail – 5/20/26,,3,4,,,,,,,,164,,8,,,,,,,,,,,,,,,,,,,,,,,1,,1,1,,,,,,,White,125,16,1,68.3,68.3,117,Custom,,,,,1,1,3,1,0,,,1,4,3,Bogey,0, – Blossom Trail – 5/20/26,0,0,0,Nate,0,N/A,0,0,0,0,0,1,0,0,0,0,0,0,0,0,1,0,1,0,1,0,0,0,0,0,0,0,0,0,0,0,0,0,0,1,0,0,0,0,0,0,0,0,0,0,0,0,0,0,0,0,0,0,0,0,1,,1,,,,,,,,,0,1,0,0,0,0,0,0,0,0,0,0,0,0,0,1,0,1,0,0,0,0,0,1,0,0,0,0,0,0,0,0,0,0,0,0,0,0,0,0,0,1,0,0,0,0,0,0,0,1,0,0,0,0,0,0,0,0,0,0,0,0,0,0,0,0,,0,0,0,,0,0,1,0,0,0,0,0,0,0,0,0,0,0,0,0,0,0,0,0,0,0,0,0,0,0,0,0,0,0,0,0,0,0,0,0,0,0,0,0,0,0,0,0,0,0,0,0,0,0,0,0,0,0,FALSE,FALSE,FALSE,,,,,
Blossom Trails  - White,13,5/20/2026,Blossom Trail,Blossom Trail White 13,,,,Nate - Blossom Trails - White - 5/20/2026,Nate – Blossom Trail – 5/20/26,,4,5,,,checked,,,,,65,,58,,,,,,,,,,,,,,,,,,,,,,,15,,2,3,3,,,,,,White,250,2,1,68.3,68.3,117,Custom,,,,,0,0,4,1,0,,,1,5,4,Bogey,1, – Blossom Trail – 5/20/26,0,0,0,Nate,1,100%,0,0,0,0,0,1,0,0,0,0,0,0,0,0,1,0,0,0,0,1,0,0,0,0,0,0,0,0,0,0,0,0,0,0,0,0,0,0,0,1,0,0,0,0,0,0,0,0,0,0,0,0,0,0,1,,,,1,,,,,,,0,0,0,0,1,0,0,0,0,0,0,0,1,0,0,0,0,0,0,0,0,0,0,0,0,0,0,0,0,1,0,0,0,0,0,0,0,0,0,0,0,0,0,0,0,0,0,0,0,0,0,0,0,1,0,0,1,0,0,0,0,0,0,0,0,0,,0,0,0,,0,0,0,0,0,0,0,0,0,0,0,0,0,0,0,0,0,0,0,0,0,0,0,0,1,0,0,0,0,0,0,0,0,0,0,0,0,0,0,0,0,0,0,0,0,0,0,0,0,0,0,0,0,0,TRUE,FALSE,FALSE,,,,,
Blossom Trails  - White,14,5/20/2026,Blossom Trail,Blossom Trail White 14,,,,Nate - Blossom Trails - White - 5/20/2026,Nate – Blossom Trail – 5/20/26,,5,6,,,checked,,,,,99,,58,,,,,,,,,,,,,,,,,,,,,,,6,,1,6,,,,,,,White,442,14,1,68.3,68.3,117,Custom,,,,,1,1,5,1,0,,,1,6,5,Bogey,1, – Blossom Trail – 5/20/26,0,0,0,Nate,1,100%,0,0,0,0,0,1,0,0,0,0,0,0,0,0,1,0,1,0,1,0,0,0,0,0,0,0,0,0,0,0,0,0,0,1,0,0,0,0,0,0,0,0,0,0,0,0,0,0,0,0,0,0,0,0,1,,,,,,,,1,,,0,0,0,0,0,0,0,1,0,0,0,0,1,0,0,0,0,0,0,0,0,0,0,0,0,0,0,0,0,0,0,0,0,0,0,1,0,0,0,0,0,1,0,0,0,0,0,0,0,0,0,0,0,1,0,0,0,1,0,0,0,0,0,0,0,0,,0,0,0,,0,0,0,0,0,0,0,0,0,0,0,0,0,0,0,1,0,0,0,0,0,0,0,0,0,0,0,0,0,0,0,0,0,0,0,0,0,0,0,0,0,0,0,0,0,0,0,0,0,0,0,0,0,0,TRUE,FALSE,FALSE,,,,,
Blossom Trails  - White,15,5/20/2026,Blossom Trail,Blossom Trail White 15,,,,Nate - Blossom Trails - White - 5/20/2026,Nate – Blossom Trail – 5/20/26,,4,4,,,,,,,,110,,52,,,,,,,,,,,,,,,,,,,,,,,4,,1,4,,,,,,,White,223,18,0,68.3,68.3,117,Custom,,,,,1,1,4,0,0,,,1,4,4,Par,0, – Blossom Trail – 5/20/26,0,0,0,Nate,1,0%,0,0,0,0,1,0,0,0,0,0,0,0,0,0,1,1,1,0,1,0,0,0,0,0,0,0,1,0,0,0,0,0,1,0,0,0,0,0,0,0,0,0,0,0,0,0,0,0,0,0,0,0,0,0,1,,,,,0,,,,,,0,0,0,1,0,0,0,0,0,0,0,1,0,0,0,1,0,1,0,1,0,0,0,0,0,0,0,0,1,0,0,0,0,0,0,0,0,0,0,0,1,1,0,0,0,0,0,0,0,0,0,0,1,0,0,0,0,0,0,0,0,0,0,0,0,0,,0,1,0,,0,0,0,0,0,0,0,1,0,0,0,0,0,0,0,0,0,0,0,0,0,0,0,0,0,0,0,0,0,0,0,0,0,0,0,0,0,0,0,0,0,0,0,0,0,0,0,0,0,0,0,0,0,0,FALSE,FALSE,FALSE,,,,,
Blossom Trails  - White,16,5/20/2026,Blossom Trail,Blossom Trail White 16,,,,Nate - Blossom Trails - White - 5/20/2026,Nate – Blossom Trail – 5/20/26,,4,5,,,,,,,,125,,7,,,,,,,,,,,,,,,,,,,,,,,9,,2,1,1,,,,,,White,300,10,1,68.3,68.3,117,Custom,,,,,1,0,4,1,0,,,1,5,4,Bogey,0, – Blossom Trail – 5/20/26,0,0,0,Nate,1,0%,0,0,0,0,0,1,0,0,0,0,0,0,0,0,1,0,0,0,0,1,0,0,0,0,0,0,0,0,0,0,0,0,0,0,0,0,0,0,0,1,0,0,0,0,0,0,0,0,0,0,0,0,0,0,1,,,,,1,,,,,,0,0,0,1,0,0,0,0,0,0,0,1,0,0,0,1,0,1,0,1,0,0,0,0,0,0,0,0,0,1,0,0,0,0,0,0,0,0,0,0,0,0,0,0,0,0,1,0,0,0,0,0,0,0,0,0,0,0,0,0,0,0,0,0,0,0,,0,0,0,,0,0,0,0,0,0,0,0,0,0,0,0,0,0,0,0,0,0,0,0,0,0,0,0,1,0,0,0,0,0,0,0,0,0,0,0,0,0,0,0,0,0,0,0,0,0,0,0,0,0,0,0,0,0,FALSE,FALSE,FALSE,,,,,
Blossom Trails  - White,17,5/20/2026,Blossom Trail,Blossom Trail White 17,,,,Nate - Blossom Trails - White - 5/20/2026,Nate – Blossom Trail – 5/20/26,,3,4,,,,,,,,196,,7W,,,,,,,,,,,,,,,,,,,,,,,12,,2,1,1,,,,,,White,156,4,1,68.3,68.3,117,Custom,,,,,0,0,3,1,0,,,1,4,3,Bogey,0, – Blossom Trail – 5/20/26,0,0,0,Nate,0,N/A,0,0,0,0,0,1,0,0,0,0,0,0,0,0,1,0,0,0,0,1,0,0,0,0,0,0,0,0,0,0,0,0,0,0,0,0,0,0,0,1,0,0,0,0,0,0,0,0,0,0,0,0,0,0,1,,1,,,,,,,,,0,1,0,0,0,0,0,0,0,0,0,0,0,0,0,1,0,1,0,0,0,0,0,1,0,0,0,0,0,0,0,0,0,0,0,0,0,0,0,0,0,0,0,0,0,0,1,0,0,0,0,0,0,0,0,0,0,0,0,0,0,0,0,0,0,0,,0,0,0,,0,0,0,0,0,0,0,0,0,0,0,0,0,0,0,0,0,0,0,1,0,0,0,0,0,0,0,0,0,0,0,0,0,0,0,0,0,0,0,0,0,0,0,0,0,0,0,0,0,0,0,0,0,0,FALSE,FALSE,FALSE,,,,,
Blossom Trails  - White,18,5/20/2026,Blossom Trail,Blossom Trail White 18,,,,Nate - Blossom Trails - White - 5/20/2026,Nate – Blossom Trail – 5/20/26,,4,6,,,,,,,,194,,3W,,,,,,,,,,,,,,,,,,,,,,,16,,2,2,2,,,,,,White,493,8,2,68.3,68.3,117,Custom,,,,,0,0,4,2,0,,,1,6,4,Double Bogey,0, – Blossom Trail – 5/20/26,0,0,0,Nate,1,0%,0,0,0,0,0,0,1,0,0,0,0,0,0,0,1,0,0,0,0,1,0,0,0,0,0,0,0,0,0,0,0,0,0,0,0,0,0,0,0,0,1,0,0,0,0,0,0,0,0,0,0,0,0,0,1,,,,,2,,,,,,0,0,0,1,0,0,0,0,0,0,0,1,0,0,0,1,0,1,0,1,0,0,0,0,0,0,0,0,0,0,1,0,0,0,0,0,0,0,0,0,0,0,0,0,0,0,1,0,0,0,0,0,0,0,0,0,0,0,0,0,0,0,0,0,0,0,,0,0,0,,0,0,0,0,0,0,0,0,0,0,0,0,0,0,0,0,0,0,0,0,0,0,0,0,0,1,0,0,0,0,0,0,0,0,0,0,0,0,0,0,0,0,0,0,0,0,0,0,0,0,0,0,0,0,FALSE,FALSE,FALSE,,,,,
Blossom Trails  - White,12,5/20/2026,Blossom Trail,Blossom Trail White 12,,,,Nate - Blossom Trails - White - 5/20/2026,Nate – Blossom Trail – 5/20/26,,3,3,,,,,,,,164,,8,,,,,,,,,,,,,,,,,,,,,,,13,,1,13,,,,,,,White,125,16,0,68.3,68.3,117,Custom,,,,,0,0,3,0,0,,,1,3,3,Par,0, – Blossom Trail – 5/20/26,0,0,0,Nate,0,N/A,0,0,0,0,1,0,0,0,0,0,0,0,0,0,1,1,1,0,1,0,0,0,0,0,0,0,1,0,0,0,0,0,1,0,0,0,0,0,0,0,0,0,0,0,0,0,0,0,0,0,0,0,0,0,1,,0,,,,,,,,,0,1,0,0,0,0,0,0,0,0,0,0,0,0,0,1,0,1,0,0,0,0,1,0,0,0,0,0,0,0,0,0,0,0,0,0,0,0,0,0,1,1,0,0,0,0,0,0,1,0,0,0,0,0,0,0,0,0,0,0,0,0,0,0,0,0,,1,0,0,,0,1,0,0,0,0,0,0,0,0,0,0,0,0,0,0,0,0,0,0,0,0,0,0,0,0,0,0,0,0,0,0,0,0,0,0,0,0,0,0,0,0,0,0,0,0,0,0,0,0,0,0,0,0,FALSE,FALSE,FALSE,,,,,
Blossom Trails  - White,13,5/20/2026,Blossom Trail,Blossom Trail White 13,,,,Nate - Blossom Trails - White - 5/20/2026,Nate – Blossom Trail – 5/20/26,,4,6,,,,,,,,135,,5,,,,,,,,,,,,,,,,,,,,,,,3,,2,1,1,,,,,,White,250,2,2,68.3,68.3,117,Custom,,,,,1,0,4,2,0,,,1,6,4,Double Bogey,0, – Blossom Trail – 5/20/26,0,0,0,Nate,1,0%,0,0,0,0,0,0,1,0,0,0,0,0,0,0,1,0,0,0,0,1,0,0,0,0,0,0,0,0,0,0,0,0,0,0,0,0,0,0,0,0,1,0,0,0,0,0,0,0,0,0,0,0,0,0,1,,,,,2,,,,,,0,0,0,1,0,0,0,0,0,0,0,1,0,0,0,1,0,1,0,1,0,0,0,0,0,0,0,0,0,0,1,0,0,0,0,0,0,0,0,0,0,0,0,0,0,0,0,0,0,0,0,0,0,1,0,0,0,0,0,0,0,0,0,0,0,0,,0,0,0,,0,0,0,0,0,0,0,0,0,0,0,0,0,0,0,0,0,0,0,0,0,0,0,0,0,1,0,0,0,0,0,0,0,0,0,0,0,0,0,0,0,0,0,0,0,0,0,0,0,0,0,0,0,0,FALSE,FALSE,FALSE,,,,,
Blossom Trails  - White,10,5/29/2026,Blossom Trail,Blossom Trail White 10,,Nate,,Nate - Blossom Trails - White - 5/29/2026,Nate – Blossom Trail – 5/29/26,,4,5,,,,,,,,130,,52,,,,,,,,,,,,,,,,,,,,,,,12,,2,1,1,,,,,,White,306,12,1,68.3,68.3,117,Custom,,,,,0,0,4,1,0,,,1,5,4,Bogey,0,Nate – Blossom Trail – 5/29/26,0,0,0,Nate,1,0%,0,0,0,0,0,1,0,0,0,0,0,0,0,0,1,0,0,0,0,1,0,0,0,0,0,0,0,0,0,0,0,0,0,0,0,0,0,0,0,1,0,0,0,0,0,0,0,0,0,0,0,0,0,0,1,,,,,1,,,,,,0,0,0,1,0,0,0,0,0,0,0,1,0,0,0,1,0,1,0,1,0,0,0,0,0,0,0,0,0,1,0,0,0,0,0,0,0,0,0,0,0,0,0,0,0,0,0,0,0,1,0,0,0,0,0,0,0,0,0,0,0,0,0,0,0,0,,0,0,0,,0,0,0,0,0,0,0,0,0,0,0,0,0,0,0,0,0,0,0,0,0,0,0,0,1,0,0,0,0,0,0,0,0,0,0,0,0,0,0,0,0,0,0,0,0,0,0,0,0,0,0,0,0,0,FALSE,FALSE,FALSE,,,,,
Blossom Trails  - White,11,5/29/2026,Blossom Trail,Blossom Trail White 11,,Nate,,Nate - Blossom Trails - White - 5/29/2026,Nate – Blossom Trail – 5/29/26,,4,4,,,checked,,,,,110,,52,,,,,,,,,,,,,,,,,,,,,,,4,,1,4,,,,,,,White,296,6,0,68.3,68.3,117,Custom,,,,,1,1,4,0,0,,,1,4,4,Par,1,Nate – Blossom Trail – 5/29/26,0,0,0,Nate,1,100%,0,0,0,0,1,0,0,0,0,0,0,0,0,0,1,1,1,0,1,0,0,0,0,0,0,0,0,0,0,0,0,0,1,0,0,0,0,0,0,0,0,0,0,0,0,0,0,0,0,0,0,0,0,0,1,,,,0,,,,,,,0,0,0,0,1,0,0,0,0,0,0,0,1,0,0,0,0,0,0,0,0,0,0,0,0,0,0,0,1,0,0,0,0,0,0,0,0,0,0,0,1,1,0,0,0,0,0,0,1,0,0,0,0,0,0,0,1,0,0,0,0,0,0,0,0,0,,0,1,0,,0,0,0,0,0,0,0,1,0,0,0,0,0,0,0,0,0,0,0,0,0,0,0,0,0,0,0,0,0,0,0,0,0,0,0,0,0,0,0,0,0,0,0,0,0,0,0,0,0,0,0,0,0,0,TRUE,FALSE,FALSE,,,,,
Blossom Trails  - White,12,5/29/2026,Blossom Trail,Blossom Trail White 12,,Nate,,Nate - Blossom Trails - White - 5/29/2026,Nate – Blossom Trail – 5/29/26,,3,3,,,,,,checked,checked,164,,7,,,,,,,,,,,,,,,,,,,,,,,15,,2,1,1,,,,,,White,125,16,0,68.3,68.3,117,Custom,15,15,,,0,0,3,0,0,,,1,3,3,Par,0,Nate – Blossom Trail – 5/29/26,1,1,0,Nate,0,N/A,0,0,0,0,1,0,0,0,0,0,0,0,0,0,0,0,0,0,0,1,0,0,0,1,0,0,0,0,0,0,0,0,0,0,0,0,0,0,1,0,0,0,0,0,0,0,0,0,0,0,0,0,0,0,1,0,,,,,,,,,,1,0,0,0,0,0,0,0,0,0,0,0,0,0,1,0,1,0,0,0,0,0,1,0,0,0,0,0,0,0,0,0,0,0,0,0,0,0,0,0,0,0,0,0,0,0,0,0,1,0,0,0,0,0,0,0,0,0,1,0,1,0,0,0,0,0,,0,0,0,,0,0,0,0,0,0,0,0,0,0,0,0,0,0,0,0,0,0,1,0,0,0,0,0,0,0,0,0,0,0,0,0,0,0,0,0,0,0,0,0,0,0,0,0,0,0,0,0,0,0,0,0,0,0,FALSE,TRUE,TRUE,,,,,
Blossom Trails  - White,13,5/29/2026,Blossom Trail,Blossom Trail White 13,,Nate,,Nate - Blossom Trails - White - 5/29/2026,Nate – Blossom Trail – 5/29/26,,4,4,,,checked,,,checked,checked,88,,58,,,,,,,,,,,,,,,,,,,,,,,9,,2,1,1,,,,,,White,250,2,0,68.3,68.3,117,Custom,9,,9,,1,0,4,0,0,,,1,4,4,Par,1,Nate – Blossom Trail – 5/29/26,1,1,0,Nate,1,100%,1,0,0,0,1,0,0,0,0,0,0,0,0,0,0,0,0,0,0,1,0,0,0,1,0,0,0,0,0,0,0,0,0,0,0,0,0,0,1,0,0,0,0,0,0,0,0,0,0,0,0,0,0,0,1,,,,,,0,,,,,0,0,0,0,0,1,0,0,0,0,0,0,0,1,1,0,1,0,1,0,0,0,0,0,0,0,0,0,1,0,0,0,0,0,0,0,0,0,0,0,0,0,0,0,0,0,0,0,0,0,0,0,1,0,1,0,1,0,1,1,0,0,1,1,0,0,,0,0,0,,0,0,0,0,0,0,0,0,0,0,0,0,0,0,0,0,0,0,0,0,0,0,0,1,0,0,0,0,0,0,0,0,0,0,0,0,0,0,0,0,0,0,0,0,0,0,0,0,0,0,0,0,0,0,TRUE,TRUE,TRUE,,,,,
Blossom Trails  - White,14,5/29/2026,Blossom Trail,Blossom Trail White 14,,Nate,,Nate - Blossom Trails - White - 5/29/2026,Nate – Blossom Trail – 5/29/26,,5,7,,,,,,,,50,,58,,,,,,,,,,,,,,,,,,,,,,,5,,2,1,1,,,,,,White,442,14,2,68.3,68.3,117,Custom,,,,,1,0,5,2,0,,,1,7,5,Double Bogey,0,Nate – Blossom Trail – 5/29/26,0,0,0,Nate,1,0%,0,0,0,0,0,0,1,0,0,0,0,0,0,0,1,0,0,0,0,1,0,0,0,0,0,0,0,0,0,0,0,0,0,0,0,0,0,0,0,0,1,0,0,0,0,0,0,0,0,0,0,0,0,0,1,,,,,,,,,2,,0,0,0,0,0,0,0,0,0,1,0,1,0,0,0,1,0,1,0,1,0,0,0,0,0,0,0,0,0,0,0,0,0,0,0,0,1,0,0,0,0,0,0,0,0,0,0,0,0,0,0,0,0,1,0,0,0,0,0,0,0,0,0,0,0,0,,0,0,0,,0,0,0,0,0,0,0,0,0,0,0,0,0,0,0,0,0,0,0,0,0,0,0,0,0,0,0,0,0,0,0,1,0,0,0,0,0,0,0,0,0,0,0,0,0,0,0,0,0,0,0,0,0,0,FALSE,FALSE,FALSE,,,,,
Blossom Trails  - White,15,5/29/2026,Blossom Trail,Blossom Trail White 15,,Nate,,Nate - Blossom Trails - White - 5/29/2026,Nate – Blossom Trail – 5/29/26,,4,5,,,,,,checked,checked,30,,6,,,,,,,,,,,,,,,,,,,,,,,36,,3,1,3,1,,,,,White,223,18,1,68.3,68.3,117,Custom,36,,36,,0,0,4,1,0,,,1,5,4,Bogey,0,Nate – Blossom Trail – 5/29/26,1,1,0,Nate,1,0%,0,0,0,0,0,1,0,0,0,0,0,0,0,0,0,0,0,0,0,0,1,0,0,0,0,0,0,0,0,0,0,0,0,0,0,0,0,0,0,0,0,0,0,0,0,1,0,0,0,0,0,0,0,0,1,,,1,,,,,,,,0,0,1,0,0,0,0,0,0,0,1,0,0,0,0,0,0,0,0,0,0,0,0,0,0,0,0,0,0,1,0,0,0,0,0,0,0,0,0,0,0,0,0,0,0,0,0,0,0,0,0,0,0,1,1,0,0,0,0,0,0,0,0,0,0,0,,0,0,0,,0,0,0,0,0,0,0,0,0,0,0,0,0,0,0,0,0,0,0,0,0,0,0,0,0,0,0,0,0,0,0,0,0,0,0,0,0,1,0,0,0,0,0,0,0,0,0,0,0,0,0,0,0,0,FALSE,TRUE,TRUE,,,,,
Blossom Trails  - White,16,5/29/2026,Blossom Trail,Blossom Trail White 16,,Nate,,Nate - Blossom Trails - White - 5/29/2026,Nate – Blossom Trail – 5/29/26,,4,7,,,,,,,,165,,7,,,,,,,,,,,1,7 Iron,,,,,,,,,,,10,,3,1,3,1,,,,,White,300,10,3,68.3,68.3,117,Custom,,,,,1,0,4,3,0,,,1,7,4,Triple Bogey +,0,Nate – Blossom Trail – 5/29/26,0,0,0,Nate,1,0%,0,0,0,0,0,0,0,1,0,0,0,0,0,0,1,0,0,0,0,0,1,0,0,0,0,0,0,0,0,0,0,0,0,0,0,0,0,0,0,0,0,0,0,0,0,0,0,1,0,0,0,0,0,0,1,,,,,3,,,,,,0,0,0,1,0,0,0,0,0,0,0,1,0,0,0,1,0,1,0,1,0,0,0,0,0,0,0,0,0,0,0,1,0,0,0,0,0,0,0,0,0,0,0,0,0,0,1,0,0,0,0,0,0,0,0,0,0,0,0,0,0,0,0,0,0,0,,0,0,0,,0,0,0,0,0,0,0,0,0,0,0,0,0,0,0,0,0,0,0,0,0,0,0,0,0,0,0,0,0,0,0,0,0,0,0,0,0,0,0,1,0,0,0,0,0,0,0,0,0,0,0,0,0,0,FALSE,FALSE,FALSE,,,,,
Blossom Trails  - White,17,5/29/2026,Blossom Trail,Blossom Trail White 17,,Nate,,Nate - Blossom Trails - White - 5/29/2026,Nate – Blossom Trail – 5/29/26,,3,3,,,,,,,,10,3W,58,,,,,,,,,,,,,,,,,,,,,,,1,,1,1,,,,,,,White,156,4,0,68.3,68.3,117,Custom,,,,,1,1,3,0,0,,,1,3,3,Par,0,Nate – Blossom Trail – 5/29/26,0,0,0,Nate,0,N/A,0,0,0,0,1,0,0,0,0,0,0,0,0,0,1,1,1,0,1,0,0,0,0,0,0,0,1,0,0,0,0,0,1,0,0,0,0,0,0,0,0,0,0,0,0,0,0,0,0,0,0,0,0,0,1,,0,,,,,,,,,0,1,0,0,0,0,0,0,0,0,0,0,0,0,0,1,0,1,0,0,0,0,1,0,0,0,0,0,0,0,0,0,0,0,0,0,0,0,0,0,1,1,1,0,0,0,0,0,0,0,0,0,0,0,0,0,0,0,0,0,0,0,0,0,0,0,,1,0,0,,0,1,0,0,0,0,0,0,0,0,0,0,0,0,0,0,0,0,0,0,0,0,0,0,0,0,0,0,0,0,0,0,0,0,0,0,0,0,0,0,0,0,0,0,0,0,0,0,0,0,0,0,0,0,FALSE,FALSE,FALSE,,,,,
Blossom Trails  - White,18,5/29/2026,Blossom Trail,Blossom Trail White 18,,Nate,,Nate - Blossom Trails - White - 5/29/2026,Nate – Blossom Trail – 5/29/26,,4,7,,,,,,,,155,,8,,,,,,,,,,,,,,,,,,,,,,,4,,1,4,,,,,,,White,493,8,3,68.3,68.3,117,Custom,,,,,1,1,4,3,0,,,1,7,4,Triple Bogey +,0,Nate – Blossom Trail – 5/29/26,0,0,0,Nate,1,0%,0,0,0,0,0,0,0,1,0,0,0,0,0,0,1,0,1,0,1,0,0,0,0,0,0,0,0,0,0,0,0,0,0,0,0,1,0,0,0,0,0,0,0,0,0,0,0,0,0,0,0,0,0,0,1,,,,,3,,,,,,0,0,0,1,0,0,0,0,0,0,0,1,0,0,0,1,0,1,0,1,0,0,0,0,0,0,0,0,0,0,0,1,0,0,0,0,0,0,0,0,0,1,0,0,0,0,1,0,0,0,0,0,0,0,0,0,0,0,0,0,0,0,0,0,0,0,,0,0,0,,0,0,0,0,0,0,0,0,0,0,1,0,0,0,0,0,0,0,0,0,0,0,0,0,0,0,0,0,0,0,0,0,0,0,0,0,0,0,0,0,0,0,0,0,0,0,0,0,0,0,0,0,0,0,FALSE,FALSE,FALSE,,,,,
Blossom Trails - White,1,5/29/2026,Blossom Trail,Blossom Trail White 1,,Nate,,Nate - Blossom Trails - White - 5/29/2026,Nate – Blossom Trail – 5/29/26,,4,4,,,checked,,,checked,checked,138,,PW,,,,,,,,,,,,,,,,,,,,,,,39,,2,1,1,,,,,,White,404,7,0,68.3,68.3,117,Custom,39,,39,,0,0,4,0,1,4,4,0,,,Par,1,Nate – Blossom Trail – 5/29/26,1,1,0,Nate,1,100%,1,0,0,0,1,0,0,0,0,0,0,0,0,0,0,0,0,0,0,1,0,0,0,1,0,0,0,0,0,0,0,0,0,0,0,0,0,0,1,0,0,0,0,0,0,0,0,0,0,0,0,0,0,0,1,,,,,,0,,,,,0,0,0,0,0,1,0,0,0,0,0,0,0,1,1,0,1,0,1,0,0,0,0,0,0,0,0,0,1,0,0,0,0,0,0,0,0,0,0,0,0,0,0,0,1,0,0,0,0,0,0,0,0,0,1,0,1,0,0,0,0,0,0,0,0,0,,0,0,0,,0,0,0,0,0,0,0,0,0,0,0,0,0,0,0,0,0,0,0,0,0,0,0,1,0,0,0,0,0,0,0,0,0,0,0,0,0,0,0,0,0,0,0,0,0,0,0,0,0,0,0,0,0,0,TRUE,TRUE,TRUE,,,,,
Blossom Trails - White,2,5/29/2026,Blossom Trail,Blossom Trail White 2,,Nate,,Nate - Blossom Trails - White - 5/29/2026,Nate – Blossom Trail – 5/29/26,,4,4,,,,,,,,135,,7,,,,,,,,,,,,,,,,,,,,,,,4,,1,4,,,,,,,White,364,17,0,68.3,68.3,117,Custom,,,,,1,1,4,0,1,4,4,0,,,Par,0,Nate – Blossom Trail – 5/29/26,0,0,0,Nate,1,0%,0,0,0,0,1,0,0,0,0,0,0,0,0,0,1,1,1,0,1,0,0,0,0,0,0,0,1,0,0,0,0,0,1,0,0,0,0,0,0,0,0,0,0,0,0,0,0,0,0,0,0,0,0,0,1,,,,,0,,,,,,0,0,0,1,0,0,0,0,0,0,0,1,0,0,0,1,0,1,0,1,0,0,0,0,0,0,0,0,1,0,0,0,0,0,0,0,0,0,0,0,1,1,0,0,1,0,0,0,0,0,0,0,0,0,0,0,0,0,0,0,0,0,0,0,0,0,,0,1,0,,0,0,0,0,0,0,0,1,0,0,0,0,0,0,0,0,0,0,0,0,0,0,0,0,0,0,0,0,0,0,0,0,0,0,0,0,0,0,0,0,0,0,0,0,0,0,0,0,0,0,0,0,0,0,FALSE,FALSE,FALSE,,,,,
Blossom Trails - White,3,5/29/2026,Blossom Trail,Blossom Trail White 3,,Nate,,Nate - Blossom Trails - White - 5/29/2026,Nate – Blossom Trail – 5/29/26,,3,2,,,,,,checked,checked,175,,6,,,,,,,,,,,,,,,,,,,,,,,9,,1,9,,,,,,,White,169,9,-1,68.3,68.3,117,Custom,9,9,,,1,1,3,-1,1,2,3,0,,,Birdie,0,Nate – Blossom Trail – 5/29/26,1,1,0,Nate,0,N/A,0,0,0,1,0,0,0,0,0,0,0,0,0,0,0,0,0,0,1,0,0,0,0,0,1,0,0,0,0,0,0,1,0,0,0,0,0,0,0,0,0,0,0,0,0,0,0,0,0,0,0,0,0,0,1,-1,,,,,,,,,,1,0,0,0,0,0,0,0,0,0,0,0,0,0,1,0,1,0,0,0,0,1,0,0,0,0,0,0,0,0,0,0,0,0,0,0,0,0,0,0,0,0,0,0,1,0,0,0,0,0,0,0,0,0,0,0,0,0,1,1,1,1,0,0,0,0,,0,0,0,,1,0,0,0,0,0,0,0,0,0,0,0,0,0,0,0,0,0,0,0,0,0,0,0,0,0,0,0,0,0,0,0,0,0,0,0,0,0,0,0,0,0,0,0,0,0,0,0,0,0,0,0,0,0,FALSE,TRUE,TRUE,,,,,
Blossom Trails - White,4,5/29/2026,Blossom Trail,Blossom Trail White 4,,Nate,,Nate - Blossom Trails - White - 5/29/2026,Nate – Blossom Trail – 5/29/26,,5,6,,,checked,,,,,85,,58,,,,,,,,,,,1,3W,,,,,,,,,,,3,,1,3,,,,,,,White,488,15,1,68.3,68.3,117,Custom,,,,,1,1,5,1,1,6,5,0,,,Bogey,1,Nate – Blossom Trail – 5/29/26,0,0,0,Nate,1,100%,0,0,0,0,0,1,0,0,0,0,0,0,0,0,1,0,1,0,1,0,0,0,0,0,0,0,0,0,0,0,0,0,0,1,0,0,0,0,0,0,0,0,0,0,0,0,0,0,0,0,0,0,0,0,1,,,,,,,,1,,,0,0,0,0,0,0,0,1,0,0,0,0,1,0,0,0,0,0,0,0,0,0,0,0,0,0,0,0,0,0,0,0,0,0,0,1,0,0,0,0,0,1,0,0,0,0,0,0,0,0,0,1,0,0,0,0,0,1,0,0,0,0,0,0,0,0,,0,0,0,,0,0,0,0,0,0,0,0,0,0,0,0,0,0,0,1,0,0,0,0,0,0,0,0,0,0,0,0,0,0,0,0,0,0,0,0,0,0,0,0,0,0,0,0,0,0,0,0,0,0,0,0,0,0,TRUE,FALSE,FALSE,,,,,
Blossom Trails - White,5,5/29/2026,Blossom Trail,Blossom Trail White 5,,Nate,,Nate - Blossom Trails - White - 5/29/2026,Nate – Blossom Trail – 5/29/26,,3,3,,,,,,,,150,,8,,,,,,,,,,,,,,,,,,,,,,,10,,1,10,,,,,,,White,155,13,0,68.3,68.3,117,Custom,,,,,1,1,3,0,1,3,3,0,,,Par,0,Nate – Blossom Trail – 5/29/26,0,0,0,Nate,0,N/A,0,0,0,0,1,0,0,0,0,0,0,0,0,0,1,1,1,0,1,0,0,0,0,0,0,0,1,0,0,0,0,0,1,0,0,0,0,0,0,0,0,0,0,0,0,0,0,0,0,0,0,0,0,0,1,,0,,,,,,,,,0,1,0,0,0,0,0,0,0,0,0,0,0,0,0,1,0,1,0,0,0,0,1,0,0,0,0,0,0,0,0,0,0,0,0,0,0,0,0,0,1,1,0,0,0,0,0,0,0,0,1,0,0,0,0,0,0,0,0,0,0,0,0,0,0,0,,1,0,0,,0,1,0,0,0,0,0,0,0,0,0,0,0,0,0,0,0,0,0,0,0,0,0,0,0,0,0,0,0,0,0,0,0,0,0,0,0,0,0,0,0,0,0,0,0,0,0,0,0,0,0,0,0,0,FALSE,FALSE,FALSE,,,,,
Blossom Trails - White,8,5/29/2026,Blossom Trail,Blossom Trail White 8,,Nate,,Nate - Blossom Trails - White - 5/29/2026,Nate – Blossom Trail – 5/29/26,,3,3,,,,,,,,170,,8,,,,,,,,,,,,,,,,,,,,,,,3,,1,3,,,,,,,White,160,5,0,68.3,68.3,117,Custom,,,,,1,1,3,0,1,3,3,0,,,Par,0,Nate – Blossom Trail – 5/29/26,0,0,0,Nate,0,N/A,0,0,0,0,1,0,0,0,0,0,0,0,0,0,1,1,1,0,1,0,0,0,0,0,0,0,1,0,0,0,0,0,1,0,0,0,0,0,0,0,0,0,0,0,0,0,0,0,0,0,0,0,0,0,1,,0,,,,,,,,,0,1,0,0,0,0,0,0,0,0,0,0,0,0,0,1,0,1,0,0,0,0,1,0,0,0,0,0,0,0,0,0,0,0,0,0,0,0,0,0,1,1,0,1,0,0,0,0,0,0,0,0,0,0,0,0,0,0,0,0,0,0,0,0,0,0,,1,0,0,,0,1,0,0,0,0,0,0,0,0,0,0,0,0,0,0,0,0,0,0,0,0,0,0,0,0,0,0,0,0,0,0,0,0,0,0,0,0,0,0,0,0,0,0,0,0,0,0,0,0,0,0,0,0,FALSE,FALSE,FALSE,,,,,
Blossom Trails - White,9,5/29/2026,Blossom Trail,Blossom Trail White 9,,Nate,,Nate - Blossom Trails - White - 5/29/2026,Nate – Blossom Trail – 5/29/26,,5,4,,,checked,,,checked,checked,10,,58,,,,,,210,3W,,,,,,,,,,,,,,,,2,,1,2,,,,,,,White,493,11,-1,68.3,68.3,117,Custom,2,,,2,1,1,5,-1,1,4,5,0,,,Birdie,1,Nate – Blossom Trail – 5/29/26,1,1,0,Nate,1,100%,1,0,0,1,0,0,0,0,0,0,0,0,0,0,0,0,0,0,1,0,0,0,0,0,1,0,0,0,0,0,0,1,0,0,0,0,0,0,0,0,0,0,0,0,0,0,0,0,0,0,0,0,0,0,1,,,,,,,,,,-1,0,0,0,0,0,0,1,0,0,0,0,0,0,1,1,0,1,0,1,0,0,0,0,0,0,0,0,0,0,0,0,0,0,1,0,0,0,0,0,0,0,0,0,1,0,0,0,0,0,0,0,0,0,0,0,1,0,1,1,1,0,0,0,0,1,1,,0,0,0,,0,0,0,0,0,0,0,0,0,0,0,0,0,1,0,0,0,0,0,0,0,0,0,0,0,0,0,0,0,0,0,0,0,0,0,0,0,0,0,0,0,0,0,0,0,0,0,0,0,0,0,0,0,0,TRUE,TRUE,TRUE,,,,,
Beeches - White,1,5/30/2026,Beeches,Beeches - White 1,,Jake,,Jake - Beeches - White - 5/30/2026,Jake – Beeches – 5/30/26,,4,4,,,checked,,,checked,checked,85,Driver,58,,,,,,,,,,,,,,,,,,,,,,,42,⬆️ Long,2,4,4,,,,,,White,363,12,0,69.8,69.8,126,18 Holes,42,,42,,0,0,4,0,1,4,4,0,,,Par,1,Jake – Beeches – 5/30/26,1,1,0,Jake,1,100%,1,0,0,0,1,0,0,0,0,0,0,0,0,0,0,0,0,0,0,1,0,0,0,1,0,0,0,0,0,0,0,0,0,0,0,0,0,0,1,0,0,0,0,0,0,0,0,0,0,0,0,0,0,0,1,,,,,,0,,,,,0,0,0,0,0,1,0,0,0,0,0,0,0,1,1,0,1,0,1,0,0,0,0,0,0,0,0,0,1,0,0,0,0,0,0,0,0,0,0,0,0,0,0,0,1,0,0,0,0,0,0,0,0,0,1,0,1,0,0,0,0,0,0,0,0,0,,0,0,0,,0,0,0,0,0,0,0,0,0,0,0,0,0,0,0,0,0,0,0,0,0,0,0,1,0,0,0,0,0,0,0,0,0,0,0,0,0,0,0,0,0,0,0,0,0,0,0,0,0,0,0,0,0,0,TRUE,TRUE,TRUE,,Long,,,
Beeches - White,2,5/30/2026,Beeches,Beeches - White 2,,Jake,,Jake - Beeches - White - 5/30/2026,Jake – Beeches – 5/30/26,,5,6,,,,,➡️ Right,,,115,Driver,GW,⬇️ Short,1,,,,280,4H,➡️ Right,,,,,,,,1,58 Degree Wedge,,,,,,20,⬅️ Hole High Left,2,4,4,,,,,,White,514,4,1,69.8,69.8,126,18 Holes,,,,,0,0,5,1,1,6,5,0,,,Bogey,0,Jake – Beeches – 5/30/26,0,0,0,Jake,1,0%,0,0,0,0,0,1,0,0,1,1,0,0,0,0,1,0,0,0,0,1,0,0,0,0,0,0,0,0,0,0,0,0,0,0,0,0,0,0,0,1,0,0,0,0,0,0,0,0,0,0,0,0,0,0,1,,,,,,,,,1,,0,0,0,0,0,0,0,0,0,1,0,1,0,0,0,1,0,1,0,1,0,0,0,0,0,0,0,0,0,0,0,0,0,0,0,1,0,0,0,0,0,0,0,0,0,1,0,0,0,0,0,0,0,0,0,0,0,0,0,0,0,0,0,0,0,0,,0,0,0,,0,0,0,0,0,0,0,0,0,0,0,0,0,0,0,0,0,0,0,0,0,0,0,0,0,0,0,0,0,0,1,0,0,0,0,0,0,0,0,0,0,0,0,0,0,0,0,0,0,0,0,0,0,0,FALSE,FALSE,FALSE,Short,Hole High Left,Right,,
Beeches - White,3,5/30/2026,Beeches,Beeches - White 3,,Jake,,Jake - Beeches - White - 5/30/2026,Jake – Beeches – 5/30/26,,4,4,,,checked,,,checked,checked,54,4,54,,,,,,,,,,,,,,,,,,,,,,,14,⬆️ Long,2,2,2,,,,,,White,285,18,0,69.8,69.8,126,18 Holes,14,,14,,0,0,4,0,1,4,4,0,,,Par,1,Jake – Beeches – 5/30/26,1,1,0,Jake,1,100%,1,0,0,0,1,0,0,0,0,0,0,0,0,0,0,0,0,0,0,1,0,0,0,1,0,0,0,0,0,0,0,0,0,0,0,0,0,0,1,0,0,0,0,0,0,0,0,0,0,0,0,0,0,0,1,,,,,,0,,,,,0,0,0,0,0,1,0,0,0,0,0,0,0,1,1,0,1,0,1,0,0,0,0,0,0,0,0,0,1,0,0,0,0,0,0,0,0,0,0,0,0,0,0,0,1,0,0,0,0,0,0,0,0,0,1,0,1,0,1,0,0,0,1,0,0,0,,0,0,0,,0,0,0,0,0,0,0,0,0,0,0,0,0,0,0,0,0,0,0,0,0,0,0,1,0,0,0,0,0,0,0,0,0,0,0,0,0,0,0,0,0,0,0,0,0,0,0,0,0,0,0,0,0,0,TRUE,TRUE,TRUE,,Long,,,
Beeches - White,4,5/30/2026,Beeches,Beeches - White 4,,Jake,,Jake - Beeches - White - 5/30/2026,Jake – Beeches – 5/30/26,,4,4,,,checked,,,checked,checked,123,Driver,GW,,,,,,,,,,,,,,,,,,,,,,,15,➡️ Hole High Right,2,2,2,,,,,,White,374,6,0,69.8,69.8,126,18 Holes,15,,15,,0,0,4,0,1,4,4,0,,,Par,1,Jake – Beeches – 5/30/26,1,1,0,Jake,1,100%,1,0,0,0,1,0,0,0,0,0,0,0,0,0,0,0,0,0,0,1,0,0,0,1,0,0,0,0,0,0,0,0,0,0,0,0,0,0,1,0,0,0,0,0,0,0,0,0,0,0,0,0,0,0,1,,,,,,0,,,,,0,0,0,0,0,1,0,0,0,0,0,0,0,1,1,0,1,0,1,0,0,0,0,0,0,0,0,0,1,0,0,0,0,0,0,0,0,0,0,0,0,0,0,0,0,0,0,0,0,0,1,0,0,0,1,0,1,0,1,0,0,0,1,0,0,0,,0,0,0,,0,0,0,0,0,0,0,0,0,0,0,0,0,0,0,0,0,0,0,0,0,0,0,1,0,0,0,0,0,0,0,0,0,0,0,0,0,0,0,0,0,0,0,0,0,0,0,0,0,0,0,0,0,0,TRUE,TRUE,TRUE,,Hole High Right,,,
Beeches - White,5,5/30/2026,Beeches,Beeches - White 5,,Jake,,Jake - Beeches - White - 5/30/2026,Jake – Beeches – 5/30/26,,4,5,,,,,➡️ Right,checked,checked,140,Driver,9,,,,,,,,,,,,,,1,,,,,,,,,33,⬆️ Long,3,0.5,5,0.5,,,,,White,344,10,1,69.8,69.8,126,18 Holes,33,,33,,0,0,4,1,1,5,4,0,,,Bogey,0,Jake – Beeches – 5/30/26,1,1,0,Jake,1,0%,0,0,0,0,0,1,0,0,0,0,0,0,0,0,0,0,0,1,0,0,1,0,0,0,0,0,0,0,0,1,0,0,0,0,0,0,0,0,0,0,0,0,0,0,0,1,0,0,0,0,0,0,0,0,1,,,1,,,,,,,,0,0,1,0,0,0,0,0,0,0,1,0,0,0,0,0,0,0,0,0,0,0,0,0,0,0,0,0,0,1,0,0,0,0,0,0,0,0,0,0,0,0,0,0,0,0,0,0,0,0,0,1,0,0,1,0,0,0,0,0,0,0,0,0,0,0,,0,0,0,,0,0,0,0,0,0,0,0,0,0,0,0,0,0,0,0,0,0,0,0,0,0,0,0,0,0,0,0,0,0,0,0,0,0,0,0,0,1,0,0,0,0,0,0,0,0,0,0,0,0,0,0,0,0,FALSE,TRUE,TRUE,,Long,Right,,
Beeches - White,6,5/30/2026,Beeches,Beeches - White 6,,Jake,,Jake - Beeches - White - 5/30/2026,Jake – Beeches – 5/30/26,,4,5,,,,,➡️ Right,,,142,Driver,PW,⬇️ Short,1,,,,,,,,,,,,,,1,58 Degree Wedge,,Putter,1,,,2,Tight (3 feet or less) ,1,2,,,,,,,White,364,8,1,69.8,69.8,126,18 Holes,,,,,1,1,4,1,1,5,4,0,,,Bogey,0,Jake – Beeches – 5/30/26,0,0,0,Jake,1,0%,0,0,0,0,0,1,0,0,2,1,0,0,0,0,1,0,1,0,1,0,0,0,0,0,0,0,0,0,0,0,0,0,0,1,0,0,0,0,0,0,0,0,0,0,0,0,0,0,0,0,0,0,0,0,1,,,,,1,,,,,,0,0,0,1,0,0,0,0,0,0,0,1,0,0,0,1,0,1,0,1,0,0,0,0,0,0,0,0,0,1,0,0,0,0,0,0,0,0,0,0,0,1,0,0,0,0,0,0,0,0,0,1,0,0,0,0,0,0,0,0,0,0,0,0,0,0,,0,0,0,,0,0,0,0,0,0,0,0,1,0,0,0,0,0,0,0,0,0,0,0,0,0,0,0,0,0,0,0,0,0,0,0,0,0,0,0,0,0,0,0,0,0,0,0,0,0,0,0,0,0,0,0,0,0,FALSE,FALSE,FALSE,Short,Tight (3 feet or less),Right,,
Beeches - White,7,5/30/2026,Beeches,Beeches - White 7,,Jake,,Jake - Beeches - White - 5/30/2026,Jake – Beeches – 5/30/26,,3,3,,,,,,checked,checked,136,PW,PW,,,,,,,,,,,,,,,,,,,,,,,14,⬆️ Long,2,2,2,,,,,,White,156,16,0,69.8,69.8,126,18 Holes,14,14,,,0,0,3,0,1,3,3,0,,,Par,0,Jake – Beeches – 5/30/26,1,1,0,Jake,0,N/A,0,0,0,0,1,0,0,0,0,0,0,0,0,0,0,0,0,0,0,1,0,0,0,1,0,0,0,0,0,0,0,0,0,0,0,0,0,0,1,0,0,0,0,0,0,0,0,0,0,0,0,0,0,0,1,0,,,,,,,,,,1,0,0,0,0,0,0,0,0,0,0,0,0,0,1,0,1,0,0,0,0,0,1,0,0,0,0,0,0,0,0,0,0,0,0,0,0,0,0,0,0,0,0,1,0,0,0,0,0,0,0,0,0,0,0,0,0,0,1,0,1,0,0,0,0,0,,0,0,0,,0,0,0,0,0,0,0,0,0,0,0,0,0,0,0,0,0,0,1,0,0,0,0,0,0,0,0,0,0,0,0,0,0,0,0,0,0,0,0,0,0,0,0,0,0,0,0,0,0,0,0,0,0,0,FALSE,TRUE,TRUE,,Long,,,
Beeches - White,8,5/30/2026,Beeches,Beeches - White 8,,Jake,,Jake - Beeches - White - 5/30/2026,Jake – Beeches – 5/30/26,,5,5,checked,,,,⬇️ Short,checked,checked,142,3W,9,,,,,,280,8,,,,,,,,,,,,,,,,33,⬆️ Long,2,3,3,,,,,,White,502,2,0,69.8,69.8,126,18 Holes,33,,,33,0,0,5,0,1,5,5,0,,,Par,0,Jake – Beeches – 5/30/26,1,1,0,Jake,1,0%,0,0,0,0,1,0,0,0,0,0,0,0,0,0,0,0,0,0,0,1,0,0,0,0,0,0,0,0,0,0,0,0,0,0,0,0,0,0,1,0,0,0,0,0,0,0,0,0,0,0,0,0,0,0,1,,,,,,,0,,,,0,0,0,0,0,0,0,0,1,0,1,0,0,0,0,0,0,0,0,0,0,0,0,0,0,0,0,0,0,0,0,0,0,0,1,0,0,0,0,0,0,0,0,1,0,0,0,0,0,0,0,0,0,0,0,1,0,0,0,0,0,0,0,0,0,0,,0,0,0,,0,0,0,0,0,0,0,0,0,0,0,0,0,0,0,0,0,0,0,0,0,0,0,0,0,0,0,0,0,1,0,0,0,0,0,0,0,0,0,0,0,0,0,0,0,0,0,0,0,0,0,0,0,0,FALSE,TRUE,TRUE,,Long,Short,,
Beeches - White,9,5/30/2026,Beeches,Beeches - White 9,,Jake,,Jake - Beeches - White - 5/30/2026,Jake – Beeches – 5/30/26,,3,4,,,,,➡️ Right,,,166,8,8,➡️ Right,2,,,,,,,,,,,,,,1,58 Degree Wedge,,Putter,1,,,5,➡️ Hole High Right,1,5,,,,,,,White,175,14,1,69.8,69.8,126,18 Holes,,,,,1,1,3,1,1,4,3,0,,,Bogey,0,Jake – Beeches – 5/30/26,0,0,0,Jake,0,N/A,0,0,0,0,0,1,0,0,2,1,0,0,0,0,1,0,1,0,1,0,0,0,0,0,0,0,0,0,0,0,0,0,0,1,0,0,0,0,0,0,0,0,0,0,0,0,0,0,0,0,0,0,0,0,1,,1,,,,,,,,,0,1,0,0,0,0,0,0,0,0,0,0,0,0,0,1,0,1,0,0,0,0,0,1,0,0,0,0,0,0,0,0,0,0,0,0,0,0,0,0,0,1,0,0,0,0,0,1,0,0,0,0,0,0,0,0,0,0,0,0,0,0,0,0,0,0,,0,0,0,,0,0,1,0,0,0,0,0,0,0,0,0,0,0,0,0,0,0,0,0,0,0,0,0,0,0,0,0,0,0,0,0,0,0,0,0,0,0,0,0,0,0,0,0,0,0,0,0,0,0,0,0,0,0,FALSE,FALSE,FALSE,Right,Hole High Right,Right,,
Beeches - White,10,5/30/2026,Beeches,Beeches - White 10,,Jake,,Jake - Beeches - White - 5/30/2026,Jake – Beeches – 5/30/26,,5,6,,,,,➡️ Right,,,126,Driver,GW,⬆️ Long,1,,,,240,8,↘️ Short Right,,,,,,,,1,Putter,,,,,,12,➡️ Hole High Right,2,1,1,,,,,,White,525,1,1,69.8,69.8,126,18 Holes,,,,,0,0,5,1,0,,,1,6,5,Bogey,0,Jake – Beeches – 5/30/26,0,0,0,Jake,1,0%,0,0,0,0,0,1,0,0,1,1,0,0,0,0,1,0,0,0,0,1,0,0,0,0,0,0,0,0,0,0,0,0,0,0,0,0,0,0,0,1,0,0,0,0,0,0,0,0,0,0,0,0,0,0,1,,,,,,,,,1,,0,0,0,0,0,0,0,0,0,1,0,1,0,0,0,1,0,1,0,1,0,0,0,0,0,0,0,0,0,0,0,0,0,0,0,1,0,0,0,0,0,0,0,0,0,0,0,0,0,1,0,0,0,0,0,0,0,0,0,0,0,0,0,0,0,0,,0,0,0,,0,0,0,0,0,0,0,0,0,0,0,0,0,0,0,0,0,0,0,0,0,0,0,0,0,0,0,0,0,0,1,0,0,0,0,0,0,0,0,0,0,0,0,0,0,0,0,0,0,0,0,0,0,0,FALSE,FALSE,FALSE,Long,Hole High Right,Right,,
Beeches - White,11,5/30/2026,Beeches,Beeches - White 11,,Jake,,Jake - Beeches - White - 5/30/2026,Jake – Beeches – 5/30/26,,4,5,,,,,⬅️ Left,,,62,Driver,58,⬇️ Short,1,,,,,,,,,,,,,,1,Putter,,,,,,7,↙️ Short Left,2,1,1,,,,,,White,304,9,1,69.8,69.8,126,18 Holes,,,,,1,0,4,1,0,,,1,5,4,Bogey,0,Jake – Beeches – 5/30/26,0,0,0,Jake,1,0%,0,0,0,0,0,1,0,0,1,1,1,0,0,0,1,0,0,0,0,1,0,0,0,0,0,0,0,0,0,0,0,0,0,0,0,0,0,0,0,1,0,0,0,0,0,0,0,0,0,0,0,0,0,0,1,,,,,1,,,,,,0,0,0,1,0,0,0,0,0,0,0,1,0,0,0,1,0,1,0,1,0,0,0,0,0,0,0,0,0,1,0,0,0,0,0,0,0,0,0,0,0,0,0,0,0,0,0,0,0,1,0,0,0,0,0,0,0,0,0,0,0,0,0,0,0,0,,0,0,0,,0,0,0,0,0,0,0,0,0,0,0,0,0,0,0,0,0,0,0,0,0,0,0,0,1,0,0,0,0,0,0,0,0,0,0,0,0,0,0,0,0,0,0,0,0,0,0,0,0,0,0,0,0,0,FALSE,FALSE,FALSE,Short,Short Left,Left,,
Beeches - White,12,5/30/2026,Beeches,Beeches - White 12,,Jake,,Jake - Beeches - White - 5/30/2026,Jake – Beeches – 5/30/26,,4,8,,,,,➡️ Right,,,142,Driver,PW,⬇️ Short,40,,,,,,,1,Driver,,,Hazard - Water,,1,1,54 Degree Wedge,,58 Degree Wedge,2,,,15,⬇️ Short,2,1,1,,,,,,White,337,13,4,69.8,69.8,126,18 Holes,,,,,0,0,4,4,0,,,1,8,4,Triple Bogey +,0,Jake – Beeches – 5/30/26,0,0,0,Jake,1,0%,0,0,0,0,0,0,0,1,3,1,0,0,0,0,1,0,0,1,0,1,0,0,0,0,0,0,0,0,0,1,0,0,0,0,0,0,0,0,0,0,0,1,0,0,0,0,0,0,0,0,0,0,0,0,1,,,,,4,,,,,,0,0,0,1,0,0,0,0,0,0,0,1,0,0,0,1,0,1,0,1,0,0,0,0,0,0,0,0,0,0,0,1,0,0,0,0,0,0,0,0,0,0,0,0,0,0,0,0,0,1,0,0,0,0,0,0,0,0,0,0,0,0,0,0,0,0,,0,0,0,,0,0,0,0,0,0,0,0,0,0,0,0,0,0,0,0,0,0,0,0,0,0,0,0,0,0,1,0,0,0,0,0,0,0,0,0,0,0,0,0,0,0,0,0,0,0,0,0,0,0,0,0,0,0,FALSE,FALSE,FALSE,Short,Short,Right,,
Beeches - White,13,5/30/2026,Beeches,Beeches - White 13,,Jake,,Jake - Beeches - White - 5/30/2026,Jake – Beeches – 5/30/26,,4,5,,,,,➡️ Right,,checked,142,Driver,PW,,,,,,,,,1,Driver,,,Hazard - Water,,,,,,,,,,40,↖️ Long Left,2,12,12,,,,,,White,354,7,1,69.8,69.8,126,18 Holes,,,,,0,0,4,1,0,,,1,5,4,Bogey,0,Jake – Beeches – 5/30/26,0,1,0,Jake,1,0%,0,0,0,0,0,1,0,0,0,0,0,0,0,0,1,0,0,0,0,1,0,0,0,0,0,0,0,0,0,0,0,0,0,0,0,0,0,0,0,1,0,0,0,0,0,0,0,0,0,0,0,0,0,0,1,,,,,1,,,,,,0,0,0,1,0,0,0,0,0,0,0,1,0,0,0,1,0,1,0,1,0,0,0,0,0,0,0,0,0,1,0,0,0,0,0,0,0,0,0,0,0,0,0,0,0,0,0,0,0,0,0,0,0,1,0,0,0,0,0,0,0,0,0,0,0,0,,0,0,0,,0,0,0,0,0,0,0,0,0,0,0,0,0,0,0,0,0,0,0,0,0,0,0,0,1,0,0,0,0,0,0,0,0,0,0,0,0,0,0,0,0,0,0,0,0,0,0,0,0,0,0,0,0,0,FALSE,FALSE,TRUE,,Long Left,Right,,
Beeches - White,14,5/30/2026,Beeches,Beeches - White 14,,Jake,,Jake - Beeches - White - 5/30/2026,Jake – Beeches – 5/30/26,,4,5,,,checked,,,,,124,3W,GW,⬅️ Left,5,,,,,,,,,,,,,1,1,58 Degree Wedge,,,,,,18,➡️ Hole High Right,2,1,1,,,,,,White,349,15,1,69.8,69.8,126,18 Holes,,,,,0,0,4,1,0,,,1,5,4,Bogey,1,Jake – Beeches – 5/30/26,0,0,0,Jake,1,100%,0,0,0,0,0,1,0,0,1,1,0,0,0,0,1,0,0,1,0,1,0,0,0,0,0,0,0,0,0,1,0,0,0,0,0,0,0,0,0,1,0,0,0,0,0,0,0,0,0,0,0,0,0,0,1,,,,1,,,,,,,0,0,0,0,1,0,0,0,0,0,0,0,1,0,0,0,0,0,0,0,0,0,0,0,0,0,0,0,0,1,0,0,0,0,0,0,0,0,0,0,0,0,0,0,0,0,0,0,0,0,0,0,0,1,0,0,1,0,0,0,0,0,0,0,0,0,,0,0,0,,0,0,0,0,0,0,0,0,0,0,0,0,0,0,0,0,0,0,0,0,0,0,0,0,1,0,0,0,0,0,0,0,0,0,0,0,0,0,0,0,0,0,0,0,0,0,0,0,0,0,0,0,0,0,TRUE,FALSE,FALSE,Left,Hole High Right,,,
Beeches - White,15,5/30/2026,Beeches,Beeches - White 15,,Jake,,Jake - Beeches - White - 5/30/2026,Jake – Beeches – 5/30/26,,3,3,,,,,,checked,checked,160,8,8,,,,,,,,,,,,,,,,,,,,,,,35,➡️ Hole High Right,2,3,3,,,,,,White,155,11,0,69.8,69.8,126,18 Holes,35,35,,,0,0,3,0,0,,,1,3,3,Par,0,Jake – Beeches – 5/30/26,1,1,0,Jake,0,N/A,0,0,0,0,1,0,0,0,0,0,0,0,0,0,0,0,0,0,0,1,0,0,0,1,0,0,0,0,0,0,0,0,0,0,0,0,0,0,1,0,0,0,0,0,0,0,0,0,0,0,0,0,0,0,1,0,,,,,,,,,,1,0,0,0,0,0,0,0,0,0,0,0,0,0,1,0,1,0,0,0,0,0,1,0,0,0,0,0,0,0,0,0,0,0,0,0,0,0,0,0,0,0,0,0,0,0,0,0,0,0,0,0,1,0,0,0,0,0,0,0,0,0,0,0,0,0,,0,0,0,,0,0,0,0,0,0,0,0,0,0,0,0,0,0,0,0,0,0,1,0,0,0,0,0,0,0,0,0,0,0,0,0,0,0,0,0,0,0,0,0,0,0,0,0,0,0,0,0,0,0,0,0,0,0,FALSE,TRUE,TRUE,,Hole High Right,,,
Beeches - White,16,5/30/2026,Beeches,Beeches - White 16,,Jake,,Jake - Beeches - White - 5/30/2026,Jake – Beeches – 5/30/26,,5,5,,,,,⬆️ Long,,,18,3W,58,⬆️ Long,1,,,,210,7,➡️ Right,,,,,,,,2,58 Degree Wedge,1,,,,58 Degree Wedge,5,➡️ Hole High Right,1,5,,,,,,,White,484,3,0,69.8,69.8,126,18 Holes,,,,,1,1,5,0,0,,,1,5,5,Par,0,Jake – Beeches – 5/30/26,0,0,0,Jake,1,0%,0,0,0,0,1,0,0,0,2,1,0,0,0,0,1,1,1,0,1,0,0,0,0,0,0,0,1,0,0,0,0,0,1,0,0,0,0,0,0,0,0,0,0,0,0,0,0,0,0,0,0,0,0,0,1,,,,,,,,,0,,0,0,0,0,0,0,0,0,0,1,0,1,0,0,0,1,0,1,0,1,0,0,0,0,0,0,0,0,0,0,0,0,0,0,1,0,0,0,0,0,1,1,1,0,0,0,0,0,0,0,0,0,0,0,0,0,0,0,0,0,0,0,0,0,0,0,,0,0,1,,0,0,0,0,0,0,0,0,0,0,0,0,0,0,1,0,0,0,0,0,0,0,0,0,0,0,0,0,0,0,0,0,0,0,0,0,0,0,0,0,0,0,0,0,0,0,0,0,0,0,0,0,0,0,FALSE,FALSE,FALSE,Long,Hole High Right,Long,,
Beeches - White,17,5/30/2026,Beeches,Beeches - White 17,,Jake,,Jake - Beeches - White - 5/30/2026,Jake – Beeches – 5/30/26,,3,3,,,,,,checked,checked,142,PW,PW,,,,,,,,,,,,,,,,,,,,,,,15,⬇️ Short,2,2,2,,,,,,White,134,17,0,69.8,69.8,126,18 Holes,15,15,,,0,0,3,0,0,,,1,3,3,Par,0,Jake – Beeches – 5/30/26,1,1,0,Jake,0,N/A,0,0,0,0,1,0,0,0,0,0,0,0,0,0,0,0,0,0,0,1,0,0,0,1,0,0,0,0,0,0,0,0,0,0,0,0,0,0,1,0,0,0,0,0,0,0,0,0,0,0,0,0,0,0,1,0,,,,,,,,,,1,0,0,0,0,0,0,0,0,0,0,0,0,0,1,0,1,0,0,0,0,0,1,0,0,0,0,0,0,0,0,0,0,0,0,0,0,0,0,0,0,0,1,0,0,0,0,0,0,0,0,0,0,0,0,0,0,0,1,0,1,0,0,0,0,0,,0,0,0,,0,0,0,0,0,0,0,0,0,0,0,0,0,0,0,0,0,0,1,0,0,0,0,0,0,0,0,0,0,0,0,0,0,0,0,0,0,0,0,0,0,0,0,0,0,0,0,0,0,0,0,0,0,0,FALSE,TRUE,TRUE,,Short,,,
Beeches - White,18,5/30/2026,Beeches,Beeches - White 18,,Jake,,Jake - Beeches - White - 5/30/2026,Jake – Beeches – 5/30/26,,4,5,,,checked,,,,,180,3W,7,⬇️ Short,1,,,,,,,,,,,,,,1,58 Degree Wedge,,,,,,18,⬇️ Short,2,0.5,0.5,,,,,,White,382,5,1,69.8,69.8,126,18 Holes,,,,,0,0,4,1,0,,,1,5,4,Bogey,1,Jake – Beeches – 5/30/26,0,0,0,Jake,1,100%,0,0,0,0,0,1,0,0,1,1,0,0,0,0,1,0,0,0,0,1,0,0,0,0,0,0,0,0,0,0,0,0,0,0,0,0,0,0,0,1,0,0,0,0,0,0,0,0,0,0,0,0,0,0,1,,,,1,,,,,,,0,0,0,0,1,0,0,0,0,0,0,0,1,0,0,0,0,0,0,0,0,0,0,0,0,0,0,0,0,1,0,0,0,0,0,0,0,0,0,0,0,0,0,0,0,0,1,0,0,0,0,0,0,0,0,0,1,0,0,0,0,0,0,0,0,0,,0,0,0,,0,0,0,0,0,0,0,0,0,0,0,0,0,0,0,0,0,0,0,0,0,0,0,0,1,0,0,0,0,0,0,0,0,0,0,0,0,0,0,0,0,0,0,0,0,0,0,0,0,0,0,0,0,0,TRUE,FALSE,FALSE,Short,Short,,,
Gardner - White,1,5/30/2026,Gardner,Gardner White 1,,Brent,,Brent - Gardner - White - 5/30/2026,Brent – Gardner – 5/30/26,,4,4,,,,,,,,151,,8,⬆️ Long,15,,,,,,,,,,,,,,,,,,,,,6,,1,6,,,,,,,White,364,9,0,70.8,70.8,114,Custom,,,,,1,1,4,0,1,4,4,0,,,Par,0,Brent – Gardner – 5/30/26,0,0,0,Brent,1,0%,0,0,0,0,1,0,0,0,0,0,0,0,0,0,1,1,1,0,1,0,0,0,0,0,0,0,1,0,0,0,0,0,1,0,0,0,0,0,0,0,0,0,0,0,0,0,0,0,0,0,0,0,0,0,1,,,,,0,,,,,,0,0,0,1,0,0,0,0,0,0,0,1,0,0,0,1,0,1,0,1,0,0,0,0,0,0,0,0,1,0,0,0,0,0,0,0,0,0,0,0,1,1,0,0,1,0,0,0,0,0,0,0,0,0,0,0,0,0,0,0,0,0,0,0,0,0,,0,1,0,,0,0,0,0,0,0,0,1,0,0,0,0,0,0,0,0,0,0,0,0,0,0,0,0,0,0,0,0,0,0,0,0,0,0,0,0,0,0,0,0,0,0,0,0,0,0,0,0,0,0,0,0,0,0,FALSE,FALSE,FALSE,Long,,,,
Gardner - White,2,5/30/2026,Gardner,Gardner White 2,,Brent,,Brent - Gardner - White - 5/30/2026,Brent – Gardner – 5/30/26,,5,6,,,,,,,checked,56,,60,,,,,,,,,1,Driver,,,Hazard - Tall Grass,,,,,,,,,,15,,2,2,2,,,,,,White,473,15,1,70.8,70.8,114,Custom,,,,,0,0,5,1,1,6,5,0,,,Bogey,0,Brent – Gardner – 5/30/26,0,1,0,Brent,1,0%,0,0,0,0,0,1,0,0,0,0,0,0,0,0,1,0,0,0,0,1,0,0,0,0,0,0,0,0,0,0,0,0,0,0,0,0,0,0,0,1,0,0,0,0,0,0,0,0,0,0,0,0,0,0,1,,,,,,,,,1,,0,0,0,0,0,0,0,0,0,1,0,1,0,0,0,1,0,1,0,1,0,0,0,0,0,0,0,0,0,0,0,0,0,0,0,1,0,0,0,0,0,0,0,0,0,1,0,0,0,0,0,0,0,0,0,0,0,0,0,0,0,0,0,0,0,0,,0,0,0,,0,0,0,0,0,0,0,0,0,0,0,0,0,0,0,0,0,0,0,0,0,0,0,0,0,0,0,0,0,0,1,0,0,0,0,0,0,0,0,0,0,0,0,0,0,0,0,0,0,0,0,0,0,0,FALSE,FALSE,TRUE,,,,,
Gardner - White,3,5/30/2026,Gardner,Gardner White 3,,Brent,,Brent - Gardner - White - 5/30/2026,Brent – Gardner – 5/30/26,,4,5,,,,,,,,152,,9,⬆️ Long,15,,,,,,,,,,,,,,,,,,,,,18,,2,1,1,,,,,,White,389,13,1,70.8,70.8,114,Custom,,,,,0,0,4,1,1,5,4,0,,,Bogey,0,Brent – Gardner – 5/30/26,0,0,0,Brent,1,0%,0,0,0,0,0,1,0,0,0,0,0,0,0,0,1,0,0,0,0,1,0,0,0,0,0,0,0,0,0,0,0,0,0,0,0,0,0,0,0,1,0,0,0,0,0,0,0,0,0,0,0,0,0,0,1,,,,,1,,,,,,0,0,0,1,0,0,0,0,0,0,0,1,0,0,0,1,0,1,0,1,0,0,0,0,0,0,0,0,0,1,0,0,0,0,0,0,0,0,0,0,0,0,0,0,0,1,0,0,0,0,0,0,0,0,0,0,0,0,0,0,0,0,0,0,0,0,,0,0,0,,0,0,0,0,0,0,0,0,0,0,0,0,0,0,0,0,0,0,0,0,0,0,0,0,1,0,0,0,0,0,0,0,0,0,0,0,0,0,0,0,0,0,0,0,0,0,0,0,0,0,0,0,0,0,FALSE,FALSE,FALSE,Long,,,,
Gardner - White,4,5/30/2026,Gardner,Gardner White 4,,Brent,,Brent - Gardner - White - 5/30/2026,Brent – Gardner – 5/30/26,,3,3,,,,,,checked,checked,155,,8,,,,,,,,,,,,,,,,,,,,,,,30,,2,4,4,,,,,,White,138,11,0,70.8,70.8,114,Custom,30,30,,,0,0,3,0,1,3,3,0,,,Par,0,Brent – Gardner – 5/30/26,1,1,0,Brent,0,N/A,0,0,0,0,1,0,0,0,0,0,0,0,0,0,0,0,0,0,0,1,0,0,0,1,0,0,0,0,0,0,0,0,0,0,0,0,0,0,1,0,0,0,0,0,0,0,0,0,0,0,0,0,0,0,1,0,,,,,,,,,,1,0,0,0,0,0,0,0,0,0,0,0,0,0,1,0,1,0,0,0,0,0,1,0,0,0,0,0,0,0,0,0,0,0,0,0,0,0,0,0,0,0,0,0,0,0,0,0,0,0,1,0,0,0,0,0,0,0,0,0,0,0,0,0,0,0,,0,0,0,,0,0,0,0,0,0,0,0,0,0,0,0,0,0,0,0,0,0,1,0,0,0,0,0,0,0,0,0,0,0,0,0,0,0,0,0,0,0,0,0,0,0,0,0,0,0,0,0,0,0,0,0,0,0,FALSE,TRUE,TRUE,,,,,
Gardner - White,5,5/30/2026,Gardner,Gardner White 5,,Brent,,Brent - Gardner - White - 5/30/2026,Brent – Gardner – 5/30/26,,4,5,,,checked,,,,,106,,56,⬇️ Short,10,,,,,,,,,,,,,,,,,,,,,12,,2,1,1,,,,,,White,366,3,1,70.8,70.8,114,Custom,,,,,0,0,4,1,1,5,4,0,,,Bogey,1,Brent – Gardner – 5/30/26,0,0,0,Brent,1,100%,0,0,0,0,0,1,0,0,0,0,0,0,0,0,1,0,0,0,0,1,0,0,0,0,0,0,0,0,0,0,0,0,0,0,0,0,0,0,0,1,0,0,0,0,0,0,0,0,0,0,0,0,0,0,1,,,,1,,,,,,,0,0,0,0,1,0,0,0,0,0,0,0,1,0,0,0,0,0,0,0,0,0,0,0,0,0,0,0,0,1,0,0,0,0,0,0,0,0,0,0,0,0,0,0,0,0,0,0,0,0,0,1,0,0,0,0,1,0,0,0,0,0,0,0,0,0,,0,0,0,,0,0,0,0,0,0,0,0,0,0,0,0,0,0,0,0,0,0,0,0,0,0,0,0,1,0,0,0,0,0,0,0,0,0,0,0,0,0,0,0,0,0,0,0,0,0,0,0,0,0,0,0,0,0,TRUE,FALSE,FALSE,Short,,,,
Gardner - White,6,5/30/2026,Gardner,Gardner White 6,,Brent,,Brent - Gardner - White - 5/30/2026,Brent – Gardner – 5/30/26,,5,5,,,checked,,,checked,checked,144,,6,,,,,,,,,,,,,,,,,,,,,,,20,,2,1,1,,,,,,White,430,17,0,70.8,70.8,114,Custom,20,,,20,0,0,5,0,1,5,5,0,,,Par,1,Brent – Gardner – 5/30/26,1,1,0,Brent,1,100%,1,0,0,0,1,0,0,0,0,0,0,0,0,0,0,0,0,0,0,1,0,0,0,1,0,0,0,0,0,0,0,0,0,0,0,0,0,0,1,0,0,0,0,0,0,0,0,0,0,0,0,0,0,0,1,,,,,,,,,,0,0,0,0,0,0,0,1,0,0,0,0,0,0,1,1,0,1,0,1,0,0,0,0,0,0,0,0,0,0,0,0,0,0,0,1,0,0,0,0,0,0,0,0,0,0,0,0,0,0,0,1,0,0,0,0,1,0,1,1,0,0,0,0,0,1,0,,0,0,0,,0,0,0,0,0,0,0,0,0,0,0,0,0,0,0,0,0,0,0,0,0,0,0,0,0,0,0,0,0,1,0,0,0,0,0,0,0,0,0,0,0,0,0,0,0,0,0,0,0,0,0,0,0,0,TRUE,TRUE,TRUE,,,,,
Gardner - White,7,5/30/2026,Gardner,Gardner White 7,,Brent,,Brent - Gardner - White - 5/30/2026,Brent – Gardner – 5/30/26,,4,4,,,,,,,,185,,6,➡️ Right,10,,,,,,,,,,,,,,,,,,,,,3,,1,3,,,,,,,White,404,5,0,70.8,70.8,114,Custom,,,,,1,1,4,0,1,4,4,0,,,Par,0,Brent – Gardner – 5/30/26,0,0,0,Brent,1,0%,0,0,0,0,1,0,0,0,0,0,0,0,0,0,1,1,1,0,1,0,0,0,0,0,0,0,1,0,0,0,0,0,1,0,0,0,0,0,0,0,0,0,0,0,0,0,0,0,0,0,0,0,0,0,1,,,,,0,,,,,,0,0,0,1,0,0,0,0,0,0,0,1,0,0,0,1,0,1,0,1,0,0,0,0,0,0,0,0,1,0,0,0,0,0,0,0,0,0,0,0,1,1,0,1,0,0,0,0,0,0,0,0,0,0,0,0,0,0,0,0,0,0,0,0,0,0,,0,1,0,,0,0,0,0,0,0,0,1,0,0,0,0,0,0,0,0,0,0,0,0,0,0,0,0,0,0,0,0,0,0,0,0,0,0,0,0,0,0,0,0,0,0,0,0,0,0,0,0,0,0,0,0,0,0,FALSE,FALSE,FALSE,Right,,,,
Gardner - White,8,5/30/2026,Gardner,Gardner White 8,,Brent,,Brent - Gardner - White - 5/30/2026,Brent – Gardner – 5/30/26,,3,4,,,,,,,,175,,6,➡️ Right,20,,,,,,,,,,,,,,,,,,,,,5,,2,1,1,,,,,,White,183,7,1,70.8,70.8,114,Custom,,,,,1,0,3,1,1,4,3,0,,,Bogey,0,Brent – Gardner – 5/30/26,0,0,0,Brent,0,N/A,0,0,0,0,0,1,0,0,0,0,0,0,0,0,1,0,0,0,0,1,0,0,0,0,0,0,0,0,0,0,0,0,0,0,0,0,0,0,0,1,0,0,0,0,0,0,0,0,0,0,0,0,0,0,1,,1,,,,,,,,,0,1,0,0,0,0,0,0,0,0,0,0,0,0,0,1,0,1,0,0,0,0,0,1,0,0,0,0,0,0,0,0,0,0,0,0,0,0,0,0,0,0,0,0,0,0,0,1,0,0,0,0,0,0,0,0,0,0,0,0,0,0,0,0,0,0,,0,0,0,,0,0,0,0,0,0,0,0,0,0,0,0,0,0,0,0,0,0,0,1,0,0,0,0,0,0,0,0,0,0,0,0,0,0,0,0,0,0,0,0,0,0,0,0,0,0,0,0,0,0,0,0,0,0,FALSE,FALSE,FALSE,Right,,,,
Gardner - White,9,5/30/2026,Gardner,Gardner White 9,,Brent,,Brent - Gardner - White - 5/30/2026,Brent – Gardner – 5/30/26,,4,5,,,checked,,,,,137,,PW,⬅️ Left,5,,,,,,,,,,,,,,,,,,,,,12,,2,1,1,,,,,,White,392,1,1,70.8,70.8,114,Custom,,,,,0,0,4,1,1,5,4,0,,,Bogey,1,Brent – Gardner – 5/30/26,0,0,0,Brent,1,100%,0,0,0,0,0,1,0,0,0,0,0,0,0,0,1,0,0,0,0,1,0,0,0,0,0,0,0,0,0,0,0,0,0,0,0,0,0,0,0,1,0,0,0,0,0,0,0,0,0,0,0,0,0,0,1,,,,1,,,,,,,0,0,0,0,1,0,0,0,0,0,0,0,1,0,0,0,0,0,0,0,0,0,0,0,0,0,0,0,0,1,0,0,0,0,0,0,0,0,0,0,0,0,0,0,0,0,0,1,0,0,0,0,0,0,0,0,1,0,0,0,0,0,0,0,0,0,,0,0,0,,0,0,0,0,0,0,0,0,0,0,0,0,0,0,0,0,0,0,0,0,0,0,0,0,1,0,0,0,0,0,0,0,0,0,0,0,0,0,0,0,0,0,0,0,0,0,0,0,0,0,0,0,0,0,TRUE,FALSE,FALSE,Left,,,,
Gardner - White,10,5/30/2026,Gardner,Gardner White 10,,Brent,,Brent - Gardner - White - 5/30/2026,Brent – Gardner – 5/30/26,,4,4,,,,,,checked,checked,56,,9,,,,,,,,,,,,,,,,,,,,,,,25,,2,3,3,,,,,,White,415,10,0,70.8,70.8,114,Custom,25,,25,,0,0,4,0,0,,,1,4,4,Par,0,Brent – Gardner – 5/30/26,1,1,0,Brent,1,0%,0,0,0,0,1,0,0,0,0,0,0,0,0,0,0,0,0,0,0,1,0,0,0,0,0,0,0,0,0,0,0,0,0,0,0,0,0,0,1,0,0,0,0,0,0,0,0,0,0,0,0,0,0,0,1,,,0,,,,,,,,0,0,1,0,0,0,0,0,0,0,1,0,0,0,0,0,0,0,0,0,0,0,0,0,0,0,0,0,1,0,0,0,0,0,0,0,0,0,0,0,0,0,0,0,0,0,0,0,1,0,0,0,0,0,1,0,0,0,0,0,0,0,0,0,0,0,,0,0,0,,0,0,0,0,0,0,0,0,0,0,0,0,0,0,0,0,0,0,0,0,0,0,0,1,0,0,0,0,0,0,0,0,0,0,0,0,0,0,0,0,0,0,0,0,0,0,0,0,0,0,0,0,0,0,FALSE,TRUE,TRUE,,,,,
Gardner - White,11,5/30/2026,Gardner,Gardner White 11,,Brent,,Brent - Gardner - White - 5/30/2026,Brent – Gardner – 5/30/26,,5,5,,,,,,checked,checked,147,,6,,,,,,,,,,,,,,,,,,,,,,,30,,2,0.5,0.5,,,,,,White,416,18,0,70.8,70.8,114,Custom,30,,,30,0,0,5,0,0,,,1,5,5,Par,0,Brent – Gardner – 5/30/26,1,1,0,Brent,1,0%,0,0,0,0,1,0,0,0,0,0,0,0,0,0,0,0,0,0,0,1,0,0,0,0,0,0,0,0,0,0,0,0,0,0,0,0,0,0,1,0,0,0,0,0,0,0,0,0,0,0,0,0,0,0,1,,,,,,,0,,,,0,0,0,0,0,0,0,0,1,0,1,0,0,0,0,0,0,0,0,0,0,0,0,0,0,0,0,0,0,0,0,0,0,0,1,0,0,0,0,0,0,0,0,0,0,0,0,0,1,0,0,0,0,0,0,1,0,0,0,0,0,0,0,0,0,0,,0,0,0,,0,0,0,0,0,0,0,0,0,0,0,0,0,0,0,0,0,0,0,0,0,0,0,0,0,0,0,0,0,1,0,0,0,0,0,0,0,0,0,0,0,0,0,0,0,0,0,0,0,0,0,0,0,0,FALSE,TRUE,TRUE,,,,,
Gardner - White,12,5/30/2026,Gardner,Gardner White 12,,Brent,,Brent - Gardner - White - 5/30/2026,Brent – Gardner – 5/30/26,,4,4,,,,,,checked,checked,68,,60,,,,,,,,,,,,,,,,,,,,,,,30,,2,1,1,,,,,,White,357,8,0,70.8,70.8,114,Custom,30,,30,,0,0,4,0,0,,,1,4,4,Par,0,Brent – Gardner – 5/30/26,1,1,0,Brent,1,0%,0,0,0,0,1,0,0,0,0,0,0,0,0,0,0,0,0,0,0,1,0,0,0,0,0,0,0,0,0,0,0,0,0,0,0,0,0,0,1,0,0,0,0,0,0,0,0,0,0,0,0,0,0,0,1,,,0,,,,,,,,0,0,1,0,0,0,0,0,0,0,1,0,0,0,0,0,0,0,0,0,0,0,0,0,0,0,0,0,1,0,0,0,0,0,0,0,0,0,0,0,0,0,0,0,0,0,0,0,1,0,0,0,0,0,1,0,0,0,0,0,0,0,0,0,0,0,,0,0,0,,0,0,0,0,0,0,0,0,0,0,0,0,0,0,0,0,0,0,0,0,0,0,0,1,0,0,0,0,0,0,0,0,0,0,0,0,0,0,0,0,0,0,0,0,0,0,0,0,0,0,0,0,0,0,FALSE,TRUE,TRUE,,,,,
Gardner - White,13,5/30/2026,Gardner,Gardner White 13,,Brent,,Brent - Gardner - White - 5/30/2026,Brent – Gardner – 5/30/26,,3,3,,,,,,checked,checked,141,9,9,,,,,,,,,,,,,,,,,,,,,,,15,,2,1,1,,,,,,White,138,14,0,70.8,70.8,114,Custom,15,15,,,0,0,3,0,0,,,1,3,3,Par,0,Brent – Gardner – 5/30/26,1,1,0,Brent,0,N/A,0,0,0,0,1,0,0,0,0,0,0,0,0,0,0,0,0,0,0,1,0,0,0,1,0,0,0,0,0,0,0,0,0,0,0,0,0,0,1,0,0,0,0,0,0,0,0,0,0,0,0,0,0,0,1,0,,,,,,,,,,1,0,0,0,0,0,0,0,0,0,0,0,0,0,1,0,1,0,0,0,0,0,1,0,0,0,0,0,0,0,0,0,0,0,0,0,0,0,0,0,0,0,0,0,0,0,0,0,0,0,0,0,1,0,0,0,0,0,1,0,1,0,0,0,0,0,,0,0,0,,0,0,0,0,0,0,0,0,0,0,0,0,0,0,0,0,0,0,1,0,0,0,0,0,0,0,0,0,0,0,0,0,0,0,0,0,0,0,0,0,0,0,0,0,0,0,0,0,0,0,0,0,0,0,FALSE,TRUE,TRUE,,,,,
Gardner - White,17,5/30/2026,Gardner,Gardner White 17,,Brent,,Brent - Gardner - White - 5/30/2026,Brent – Gardner – 5/30/26,,3,3,,,,,,checked,checked,141,8,8,,,,,,,,,,,,,,,,,,,,,,,25,,2,2,2,,,,,,White,144,16,0,70.8,70.8,114,Custom,25,25,,,0,0,3,0,0,,,1,3,3,Par,0,Brent – Gardner – 5/30/26,1,1,0,Brent,0,N/A,0,0,0,0,1,0,0,0,0,0,0,0,0,0,0,0,0,0,0,1,0,0,0,1,0,0,0,0,0,0,0,0,0,0,0,0,0,0,1,0,0,0,0,0,0,0,0,0,0,0,0,0,0,0,1,0,,,,,,,,,,1,0,0,0,0,0,0,0,0,0,0,0,0,0,1,0,1,0,0,0,0,0,1,0,0,0,0,0,0,0,0,0,0,0,0,0,0,0,0,0,0,0,1,0,0,0,0,0,0,0,0,0,0,0,0,0,0,0,0,0,0,0,0,0,0,0,,0,0,0,,0,0,0,0,0,0,0,0,0,0,0,0,0,0,0,0,0,0,1,0,0,0,0,0,0,0,0,0,0,0,0,0,0,0,0,0,0,0,0,0,0,0,0,0,0,0,0,0,0,0,0,0,0,0,FALSE,TRUE,TRUE,,,,,
Blossom Trails  - White,1,6/3/2026,Blossom Trail,Blossom Trail White 1,,Nate,,Nate - Blossom Trails - White - 6/3/2026,Nate – Blossom Trail – 6/3/26,,4,4,,,,,,,,,,8,,,,,,,,,,,,,,,,,,,,,,,3,,1,3,,,,,,,White,404,7,0,68.3,68.3,117,18 Holes,,,,,1,1,4,0,1,4,4,0,,,Par,0,Nate – Blossom Trail – 6/3/26,0,0,0,Nate,1,0%,0,0,0,0,1,0,0,0,0,0,0,0,0,0,1,1,1,0,1,0,0,0,0,0,0,0,1,0,0,0,0,0,1,0,0,0,0,0,0,0,0,0,0,0,0,0,0,0,0,0,0,0,0,0,1,,,,,0,,,,,,0,0,0,1,0,0,0,0,0,0,0,1,0,0,0,1,0,1,0,1,0,0,0,0,0,0,0,0,1,0,0,0,0,0,0,0,0,0,0,0,1,1,0,0,1,0,0,0,0,0,0,0,0,0,0,0,0,0,0,0,0,0,0,0,0,0,,0,1,0,,0,0,0,0,0,0,0,1,0,0,0,0,0,0,0,0,0,0,0,0,0,0,0,0,0,0,0,0,0,0,0,0,0,0,0,0,0,0,0,0,0,0,0,0,0,0,0,0,0,0,0,0,0,0,FALSE,FALSE,FALSE,,,,,
Blossom Trails  - White,2,6/3/2026,Blossom Trail,Blossom Trail White 2,,Nate,,Nate - Blossom Trails - White - 6/3/2026,Nate – Blossom Trail – 6/3/26,,4,4,,,checked,,,,,170,,7,,,,,,,,,,,,,,,,,,,,,,,0,Hole Out,0,0,,,,8,,Putter,White,364,17,0,68.3,68.3,117,18 Holes,,,,,1,0,4,0,1,4,4,0,,,Par,1,Nate – Blossom Trail – 6/3/26,0,0,0,Nate,1,100%,0,0,0,0,1,0,0,0,0,0,0,0,0,0,1,1,1,0,0,0,0,0,1,0,0,0,0,0,0,0,0,0,0,0,0,0,0,0,0,0,0,0,0,0,0,0,0,0,0,0,0,0,0,0,0,,,,0,,,,,,,0,0,0,0,1,0,0,0,0,0,0,0,1,0,0,0,0,0,0,0,0,0,0,0,0,0,0,0,1,0,0,0,0,0,0,0,0,0,0,0,1,0,0,0,1,0,0,0,0,0,0,0,0,0,0,0,1,0,0,0,0,0,0,0,0,0,,0,1,0,,0,0,0,0,0,0,0,0,0,0,0,0,0,0,0,0,0,0,0,0,0,0,0,0,0,0,0,0,0,0,0,0,0,0,0,0,0,0,0,0,0,0,0,0,0,0,0,0,0,0,0,0,0,0,TRUE,FALSE,FALSE,,Hole Out,,,
Blossom Trails  - White,3,6/3/2026,Blossom Trail,Blossom Trail White 3,,Nate,,Nate - Blossom Trails - White - 6/3/2026,Nate – Blossom Trail – 6/3/26,,3,3,,,,,,checked,checked,175,,6,,,,,,,,,,,,,,,,,,,,,,,24,,2,2,2,,,,,,White,169,9,0,68.3,68.3,117,18 Holes,24,24,,,0,0,3,0,1,3,3,0,,,Par,0,Nate – Blossom Trail – 6/3/26,1,1,0,Nate,0,N/A,0,0,0,0,1,0,0,0,0,0,0,0,0,0,0,0,0,0,0,1,0,0,0,1,0,0,0,0,0,0,0,0,0,0,0,0,0,0,1,0,0,0,0,0,0,0,0,0,0,0,0,0,0,0,1,0,,,,,,,,,,1,0,0,0,0,0,0,0,0,0,0,0,0,0,1,0,1,0,0,0,0,0,1,0,0,0,0,0,0,0,0,0,0,0,0,0,0,0,0,0,0,0,0,0,1,0,0,0,0,0,0,0,0,0,0,0,0,0,0,0,0,0,0,0,0,0,,0,0,0,,0,0,0,0,0,0,0,0,0,0,0,0,0,0,0,0,0,0,1,0,0,0,0,0,0,0,0,0,0,0,0,0,0,0,0,0,0,0,0,0,0,0,0,0,0,0,0,0,0,0,0,0,0,0,FALSE,TRUE,TRUE,,,,,
Blossom Trails  - White,4,6/3/2026,Blossom Trail,Blossom Trail White 4,,Nate,,Nate - Blossom Trails - White - 6/3/2026,Nate – Blossom Trail – 6/3/26,,5,5,,,,,,,,160,,7,,,,,,,,,,,,,,,,,,,,,,,0,Hole Out,0,0,,,,12,,58,White,488,15,0,68.3,68.3,117,18 Holes,,,,,1,0,5,0,1,5,5,0,,,Par,0,Nate – Blossom Trail – 6/3/26,0,0,0,Nate,1,0%,0,0,0,0,1,0,0,0,0,0,0,0,0,0,1,1,1,0,0,0,0,0,1,0,0,0,1,0,0,0,0,0,0,0,0,0,0,0,0,0,0,0,0,0,0,0,0,0,0,0,0,0,0,0,0,,,,,,,,,0,,0,0,0,0,0,0,0,0,0,1,0,1,0,0,0,1,0,1,0,1,0,0,0,0,0,0,0,0,0,0,0,0,0,0,1,0,0,0,0,0,1,0,0,0,0,0,0,0,0,0,1,0,0,0,0,0,0,0,0,0,0,0,0,0,0,0,,0,0,1,,0,0,0,0,0,0,0,0,0,0,0,0,0,0,0,0,0,0,0,0,0,0,0,0,0,0,0,0,0,0,0,0,0,0,0,0,0,0,0,0,0,0,0,0,0,0,0,0,0,0,0,0,0,0,FALSE,FALSE,FALSE,,Hole Out,,,
Blossom Trails  - White,5,6/3/2026,Blossom Trail,Blossom Trail White 5,,Nate,,Nate - Blossom Trails - White - 6/3/2026,Nate – Blossom Trail – 6/3/26,,3,3,,,,,,,,170,,8,,,,,,,,,,,,,,,,,,,,,,,2,,1,2,,,,,,,White,155,13,0,68.3,68.3,117,18 Holes,,,,,1,1,3,0,1,3,3,0,,,Par,0,Nate – Blossom Trail – 6/3/26,0,0,0,Nate,0,N/A,0,0,0,0,1,0,0,0,0,0,0,0,0,0,1,1,1,0,1,0,0,0,0,0,0,0,1,0,0,0,0,0,1,0,0,0,0,0,0,0,0,0,0,0,0,0,0,0,0,0,0,0,0,0,1,,0,,,,,,,,,0,1,0,0,0,0,0,0,0,0,0,0,0,0,0,1,0,1,0,0,0,0,1,0,0,0,0,0,0,0,0,0,0,0,0,0,0,0,0,0,1,1,0,0,0,0,0,0,0,0,1,0,0,0,0,0,0,0,0,0,0,0,0,0,0,0,,1,0,0,,0,1,0,0,0,0,0,0,0,0,0,0,0,0,0,0,0,0,0,0,0,0,0,0,0,0,0,0,0,0,0,0,0,0,0,0,0,0,0,0,0,0,0,0,0,0,0,0,0,0,0,0,0,0,FALSE,FALSE,FALSE,,,,,
Blossom Trails  - White,6,6/3/2026,Blossom Trail,Blossom Trail White 6,,Nate,,Nate - Blossom Trails - White - 6/3/2026,Nate – Blossom Trail – 6/3/26,,4,5,,,,,,,,118,,58,,,,,,,,,,,,,,,,,,,,,,,9,,2,1,1,,,,,,White,363,3,1,68.3,68.3,117,18 Holes,,,,,1,0,4,1,1,5,4,0,,,Bogey,0,Nate – Blossom Trail – 6/3/26,0,0,0,Nate,1,0%,0,0,0,0,0,1,0,0,0,0,0,0,0,0,1,0,0,0,0,1,0,0,0,0,0,0,0,0,0,0,0,0,0,0,0,0,0,0,0,1,0,0,0,0,0,0,0,0,0,0,0,0,0,0,1,,,,,1,,,,,,0,0,0,1,0,0,0,0,0,0,0,1,0,0,0,1,0,1,0,1,0,0,0,0,0,0,0,0,0,1,0,0,0,0,0,0,0,0,0,0,0,0,0,0,0,0,0,0,0,0,0,1,0,0,0,0,0,0,0,0,0,0,0,0,0,0,,0,0,0,,0,0,0,0,0,0,0,0,0,0,0,0,0,0,0,0,0,0,0,0,0,0,0,0,1,0,0,0,0,0,0,0,0,0,0,0,0,0,0,0,0,0,0,0,0,0,0,0,0,0,0,0,0,0,FALSE,FALSE,FALSE,,,,,
Blossom Trails  - White,7,6/3/2026,Blossom Trail,Blossom Trail White 7,,Nate,,Nate - Blossom Trails - White - 6/3/2026,Nate – Blossom Trail – 6/3/26,,4,5,,,,,,,checked,154,,9,,,,,,,,,,,,,,,,,,,,,,,25,,2,2,2,,,,,,White,417,1,1,68.3,68.3,117,18 Holes,,,,,0,0,4,1,1,5,4,0,,,Bogey,0,Nate – Blossom Trail – 6/3/26,0,1,0,Nate,1,0%,0,0,0,0,0,1,0,0,0,0,0,0,0,0,1,0,0,0,0,1,0,0,0,0,0,0,0,0,0,0,0,0,0,0,0,0,0,0,0,1,0,0,0,0,0,0,0,0,0,0,0,0,0,0,1,,,,,1,,,,,,0,0,0,1,0,0,0,0,0,0,0,1,0,0,0,1,0,1,0,1,0,0,0,0,0,0,0,0,0,1,0,0,0,0,0,0,0,0,0,0,0,0,0,0,0,0,0,1,0,0,0,0,0,0,0,0,0,0,0,0,0,0,0,0,0,0,,0,0,0,,0,0,0,0,0,0,0,0,0,0,0,0,0,0,0,0,0,0,0,0,0,0,0,0,1,0,0,0,0,0,0,0,0,0,0,0,0,0,0,0,0,0,0,0,0,0,0,0,0,0,0,0,0,0,FALSE,FALSE,TRUE,,,,,
Blossom Trails  - White,8,6/3/2026,Blossom Trail,Blossom Trail White 8,,Nate,,Nate - Blossom Trails - White - 6/3/2026,Nate – Blossom Trail – 6/3/26,,3,5,,,,,,,,190,,6,,,,,100,,,,1,6 Iron,,,,,,,,,,,,,2,,1,2,,,,,,,White,160,5,2,68.3,68.3,117,18 Holes,,,,,1,1,3,2,1,5,3,0,,,Double Bogey,0,Nate – Blossom Trail – 6/3/26,0,0,0,Nate,0,N/A,0,0,0,0,0,0,1,0,0,0,0,0,0,0,1,0,1,0,1,0,0,0,0,0,0,0,0,0,0,0,0,0,0,0,1,0,0,0,0,0,0,0,0,0,0,0,0,0,0,0,0,0,0,0,1,,2,,,,,,,,,0,1,0,0,0,0,0,0,0,0,0,0,0,0,0,1,0,1,0,0,0,0,0,0,1,0,0,0,0,0,0,0,0,0,0,0,0,0,0,0,0,1,0,0,0,0,0,1,0,0,0,0,0,0,0,0,0,0,0,0,0,0,0,0,0,0,,0,0,0,,0,0,0,1,0,0,0,0,0,0,0,0,0,0,0,0,0,0,0,0,0,0,0,0,0,0,0,0,0,0,0,0,0,0,0,0,0,0,0,0,0,0,0,0,0,0,0,0,0,0,0,0,0,0,FALSE,FALSE,FALSE,,,,,
Blossom Trails  - White,9,6/3/2026,Blossom Trail,Blossom Trail White 9,,Nate,,Nate - Blossom Trails - White - 6/3/2026,Nate – Blossom Trail – 6/3/26,,5,5,,,,,,checked,checked,99,,58,,,,,,,,,,,,,,,,,,,,,,,28,,2,6,6,,,,,,White,493,11,0,68.3,68.3,117,18 Holes,28,,,28,0,0,5,0,1,5,5,0,,,Par,0,Nate – Blossom Trail – 6/3/26,1,1,0,Nate,1,0%,0,0,0,0,1,0,0,0,0,0,0,0,0,0,0,0,0,0,0,1,0,0,0,0,0,0,0,0,0,0,0,0,0,0,0,0,0,0,1,0,0,0,0,0,0,0,0,0,0,0,0,0,0,0,1,,,,,,,0,,,,0,0,0,0,0,0,0,0,1,0,1,0,0,0,0,0,0,0,0,0,0,0,0,0,0,0,0,0,0,0,0,0,0,0,1,0,0,0,0,0,0,0,0,1,0,0,0,0,0,0,0,0,0,0,0,1,0,0,0,0,0,0,0,0,0,0,,0,0,0,,0,0,0,0,0,0,0,0,0,0,0,0,0,0,0,0,0,0,0,0,0,0,0,0,0,0,0,0,0,1,0,0,0,0,0,0,0,0,0,0,0,0,0,0,0,0,0,0,0,0,0,0,0,0,FALSE,TRUE,TRUE,,,,,
Blossom Trails  - White,10,6/3/2026,Blossom Trail,Blossom Trail White 10,,Nate,,Nate - Blossom Trails - White - 6/3/2026,Nate – Blossom Trail – 6/3/26,,4,5,,,checked,,,,,110,,58,,,,,,,,,,,,,,,,,,,,,,,13,,2,2,2,,,,,,White,306,12,1,68.3,68.3,117,18 Holes,,,,,0,0,4,1,0,,,1,5,4,Bogey,1,Nate – Blossom Trail – 6/3/26,0,0,0,Nate,1,100%,0,0,0,0,0,1,0,0,0,0,0,0,0,0,1,0,0,0,0,1,0,0,0,0,0,0,0,0,0,0,0,0,0,0,0,0,0,0,0,1,0,0,0,0,0,0,0,0,0,0,0,0,0,0,1,,,,1,,,,,,,0,0,0,0,1,0,0,0,0,0,0,0,1,0,0,0,0,0,0,0,0,0,0,0,0,0,0,0,0,1,0,0,0,0,0,0,0,0,0,0,0,0,0,0,0,0,0,0,0,1,0,0,0,0,0,0,1,0,0,0,0,0,0,0,0,0,,0,0,0,,0,0,0,0,0,0,0,0,0,0,0,0,0,0,0,0,0,0,0,0,0,0,0,0,1,0,0,0,0,0,0,0,0,0,0,0,0,0,0,0,0,0,0,0,0,0,0,0,0,0,0,0,0,0,TRUE,FALSE,FALSE,,,,,
Blossom Trails  - White,11,6/3/2026,Blossom Trail,Blossom Trail White 11,,Nate,,Nate - Blossom Trails - White - 6/3/2026,Nate – Blossom Trail – 6/3/26,,4,5,,,,,,,,120,,52,,,,,,,,,,,,,,,,,,,,,,,11,,1,11,,,,,,,White,296,6,1,68.3,68.3,117,18 Holes,,,,,0,0,4,1,0,,,1,5,4,Bogey,0,Nate – Blossom Trail – 6/3/26,0,0,0,Nate,1,0%,0,0,0,0,0,1,0,0,0,0,0,0,0,0,1,0,1,0,1,0,0,0,0,0,0,0,0,0,0,0,0,0,0,1,0,0,0,0,0,0,0,0,0,0,0,0,0,0,0,0,0,0,0,0,1,,,,,1,,,,,,0,0,0,1,0,0,0,0,0,0,0,1,0,0,0,1,0,1,0,1,0,0,0,0,0,0,0,0,0,1,0,0,0,0,0,0,0,0,0,0,0,1,0,0,0,0,0,0,0,1,0,0,0,0,0,0,0,0,0,0,0,0,0,0,0,0,,0,0,0,,0,0,0,0,0,0,0,0,1,0,0,0,0,0,0,0,0,0,0,0,0,0,0,0,0,0,0,0,0,0,0,0,0,0,0,0,0,0,0,0,0,0,0,0,0,0,0,0,0,0,0,0,0,0,FALSE,FALSE,FALSE,,,,,
Blossom Trails  - White,12,6/3/2026,Blossom Trail,Blossom Trail White 12,,Nate,,Nate - Blossom Trails - White - 6/3/2026,Nate – Blossom Trail – 6/3/26,,3,3,,,,,,checked,checked,164,,8,,,,,,,,,,,,,,,,,,,,,,,30,,2,3,,,,,,,White,125,16,0,68.3,68.3,117,18 Holes,30,30,,,0,0,3,0,0,,,1,3,3,Par,0,Nate – Blossom Trail – 6/3/26,1,1,0,Nate,0,N/A,0,0,0,0,1,0,0,0,0,0,0,0,0,0,0,0,0,0,0,1,0,0,0,1,0,0,0,0,0,0,0,0,0,0,0,0,0,0,1,0,0,0,0,0,0,0,0,0,0,0,0,0,0,0,1,0,,,,,,,,,,1,0,0,0,0,0,0,0,0,0,0,0,0,0,1,0,1,0,0,0,0,0,1,0,0,0,0,0,0,0,0,0,0,0,0,0,0,0,0,0,0,0,0,0,0,0,0,0,1,0,0,0,0,0,0,0,0,0,0,0,0,0,0,0,0,0,,0,0,0,,0,0,0,0,0,0,0,0,0,0,0,0,0,0,0,0,0,0,1,0,0,0,0,0,0,0,0,0,0,0,0,0,0,0,0,0,0,0,0,0,0,0,0,0,0,0,0,0,0,0,0,0,0,0,FALSE,TRUE,TRUE,,,,,
Blossom Trails  - White,13,6/3/2026,Blossom Trail,Blossom Trail White 13,,Nate,,Nate - Blossom Trails - White - 6/3/2026,Nate – Blossom Trail – 6/3/26,,4,5,,,,,,,,97,,58,,,,,,,,,,,,,,,,,,,,,,,15,,2,1,1,,,,,,White,250,2,1,68.3,68.3,117,18 Holes,,,,,0,0,4,1,0,,,1,5,4,Bogey,0,Nate – Blossom Trail – 6/3/26,0,0,0,Nate,1,0%,0,0,0,0,0,1,0,0,0,0,0,0,0,0,1,0,0,0,0,1,0,0,0,0,0,0,0,0,0,0,0,0,0,0,0,0,0,0,0,1,0,0,0,0,0,0,0,0,0,0,0,0,0,0,1,,,,,1,,,,,,0,0,0,1,0,0,0,0,0,0,0,1,0,0,0,1,0,1,0,1,0,0,0,0,0,0,0,0,0,1,0,0,0,0,0,0,0,0,0,0,0,0,0,0,0,0,0,0,0,0,0,0,0,1,0,0,0,0,0,0,0,0,0,0,0,0,,0,0,0,,0,0,0,0,0,0,0,0,0,0,0,0,0,0,0,0,0,0,0,0,0,0,0,0,1,0,0,0,0,0,0,0,0,0,0,0,0,0,0,0,0,0,0,0,0,0,0,0,0,0,0,0,0,0,FALSE,FALSE,FALSE,,,,,
Blossom Trails  - White,14,6/3/2026,Blossom Trail,Blossom Trail White 14,,Nate,,Nate - Blossom Trails - White - 6/3/2026,Nate – Blossom Trail – 6/3/26,,5,6,,,checked,,,,,,,,,,,,,,,,,,,,,,,,,,,,,,11,,2,1,1,,,,,,White,442,14,1,68.3,68.3,117,18 Holes,,,,,0,0,5,1,0,,,1,6,5,Bogey,1,Nate – Blossom Trail – 6/3/26,0,0,0,Nate,1,100%,0,0,0,0,0,1,0,0,0,0,0,0,0,0,1,0,0,0,0,1,0,0,0,0,0,0,0,0,0,0,0,0,0,0,0,0,0,0,0,1,0,0,0,0,0,0,0,0,0,0,0,0,0,0,1,,,,,,,,1,,,0,0,0,0,0,0,0,1,0,0,0,0,1,0,0,0,0,0,0,0,0,0,0,0,0,0,0,0,0,0,0,0,0,0,0,1,0,0,0,0,0,0,0,0,0,0,0,0,0,0,0,0,0,1,0,0,0,1,0,0,0,0,0,0,0,0,,0,0,0,,0,0,0,0,0,0,0,0,0,0,0,0,0,0,0,0,0,0,0,0,0,0,0,0,0,0,0,0,0,0,1,0,0,0,0,0,0,0,0,0,0,0,0,0,0,0,0,0,0,0,0,0,0,0,TRUE,FALSE,FALSE,,,,,
Blossom Trails  - White,15,6/3/2026,Blossom Trail,Blossom Trail White 15,,Nate,,Nate - Blossom Trails - White - 6/3/2026,Nate – Blossom Trail – 6/3/26,,4,3,,,,,,checked,checked,40,,58,,,,,,,,,,,,,,,,,,,,,,,4,,1,4,,,,,,,White,223,18,-1,68.3,68.3,117,18 Holes,4,,4,,1,1,4,-1,0,,,1,3,4,Birdie,0,Nate – Blossom Trail – 6/3/26,1,1,0,Nate,1,0%,0,0,0,1,0,0,0,0,0,0,0,0,0,0,0,0,0,0,1,0,0,0,0,0,0,0,0,1,0,0,0,1,0,0,0,0,0,0,0,0,0,0,0,0,0,0,0,0,0,0,0,0,0,0,1,,,-1,,,,,,,,0,0,1,0,0,0,0,0,0,0,1,0,0,0,0,0,0,0,0,0,0,0,0,0,0,0,0,1,0,0,0,0,0,0,0,0,0,0,0,0,0,0,0,0,0,0,0,0,0,0,0,0,1,0,1,0,0,0,1,1,0,0,1,1,0,0,,0,0,0,,0,0,0,0,0,0,1,0,0,0,0,0,0,0,0,0,0,0,0,0,0,0,0,0,0,0,0,0,0,0,0,0,0,0,0,0,0,0,0,0,0,0,0,0,0,0,0,0,0,0,0,0,0,0,FALSE,TRUE,TRUE,,,,,
Blossom Trails  - White,16,6/3/2026,Blossom Trail,Blossom Trail White 16,,Nate,,Nate - Blossom Trails - White - 6/3/2026,Nate – Blossom Trail – 6/3/26,,4,4,,,,,,checked,checked,168,,8,,,,,,,,,,,,,,,,,,,,,,,21,,2,2,2,,,,,,White,300,10,0,68.3,68.3,117,18 Holes,21,,21,,0,0,4,0,0,,,1,4,4,Par,0,Nate – Blossom Trail – 6/3/26,1,1,0,Nate,1,0%,0,0,0,0,1,0,0,0,0,0,0,0,0,0,0,0,0,0,0,1,0,0,0,0,0,0,0,0,0,0,0,0,0,0,0,0,0,0,1,0,0,0,0,0,0,0,0,0,0,0,0,0,0,0,1,,,0,,,,,,,,0,0,1,0,0,0,0,0,0,0,1,0,0,0,0,0,0,0,0,0,0,0,0,0,0,0,0,0,1,0,0,0,0,0,0,0,0,0,0,0,0,0,1,0,0,0,0,0,0,0,0,0,0,0,1,0,0,0,0,0,0,0,0,0,0,0,,0,0,0,,0,0,0,0,0,0,0,0,0,0,0,0,0,0,0,0,0,0,0,0,0,0,0,1,0,0,0,0,0,0,0,0,0,0,0,0,0,0,0,0,0,0,0,0,0,0,0,0,0,0,0,0,0,0,FALSE,TRUE,TRUE,,,,,
Blossom Trails  - White,17,6/3/2026,Blossom Trail,Blossom Trail White 17,,Nate,,Nate - Blossom Trails - White - 6/3/2026,Nate – Blossom Trail – 6/3/26,,3,3,,,,,,,,200,,7W,,,,,,,,,,,,,,,,,,,,,,,8,,1,8,,,,,,,White,156,4,0,68.3,68.3,117,18 Holes,,,,,1,1,3,0,0,,,1,3,3,Par,0,Nate – Blossom Trail – 6/3/26,0,0,0,Nate,0,N/A,0,0,0,0,1,0,0,0,0,0,0,0,0,0,1,1,1,0,1,0,0,0,0,0,0,0,1,0,0,0,0,0,1,0,0,0,0,0,0,0,0,0,0,0,0,0,0,0,0,0,0,0,0,0,1,,0,,,,,,,,,0,1,0,0,0,0,0,0,0,0,0,0,0,0,0,1,0,1,0,0,0,0,1,0,0,0,0,0,0,0,0,0,0,0,0,0,0,0,0,0,1,1,1,0,0,0,0,0,0,0,0,0,0,0,0,0,0,0,0,0,0,0,0,0,0,0,,1,0,0,,0,1,0,0,0,0,0,0,0,0,0,0,0,0,0,0,0,0,0,0,0,0,0,0,0,0,0,0,0,0,0,0,0,0,0,0,0,0,0,0,0,0,0,0,0,0,0,0,0,0,0,0,0,0,FALSE,FALSE,FALSE,,,,,
Blossom Trails  - White,18,6/3/2026,Blossom Trail,Blossom Trail White 18,,Nate,,Nate - Blossom Trails - White - 6/3/2026,Nate – Blossom Trail – 6/3/26,,4,4,,,,,,,,180,,7W,,,,,,,,,,,,,,,,,,,,,,,9,,1,9,,,,,,,White,493,8,0,68.3,68.3,117,18 Holes,,,,,1,1,4,0,0,,,1,4,4,Par,0,Nate – Blossom Trail – 6/3/26,0,0,0,Nate,1,0%,0,0,0,0,1,0,0,0,0,0,0,0,0,0,1,1,1,0,1,0,0,0,0,0,0,0,1,0,0,0,0,0,1,0,0,0,0,0,0,0,0,0,0,0,0,0,0,0,0,0,0,0,0,0,1,,,,,0,,,,,,0,0,0,1,0,0,0,0,0,0,0,1,0,0,0,1,0,1,0,1,0,0,0,0,0,0,0,0,1,0,0,0,0,0,0,0,0,0,0,0,1,1,1,0,0,0,0,0,0,0,0,0,0,0,0,0,0,0,0,0,0,0,0,0,0,0,,0,1,0,,0,0,0,0,0,0,0,1,0,0,0,0,0,0,0,0,0,0,0,0,0,0,0,0,0,0,0,0,0,0,0,0,0,0,0,0,0,0,0,0,0,0,0,0,0,0,0,0,0,0,0,0,0,0,FALSE,FALSE,FALSE,,,,,
Gardner - White,1,6/3/2026,Gardner,Gardner White 1,,Brent,,Brent - Gardner - White - 6/3/2026,Brent – Gardner – 6/3/26,,4,5,,,,,,,,160,,8,⬆️ Long,20,,,,,,,,,,,,,,,,,,,,,15,,2,1,1,,,,,,White,364,9,1,70.8,70.8,114,Custom,,,,,0,0,4,1,1,5,4,0,,,Bogey,0,Brent – Gardner – 6/3/26,0,0,0,Brent,1,0%,0,0,0,0,0,1,0,0,0,0,0,0,0,0,1,0,0,0,0,1,0,0,0,0,0,0,0,0,0,0,0,0,0,0,0,0,0,0,0,1,0,0,0,0,0,0,0,0,0,0,0,0,0,0,1,,,,,1,,,,,,0,0,0,1,0,0,0,0,0,0,0,1,0,0,0,1,0,1,0,1,0,0,0,0,0,0,0,0,0,1,0,0,0,0,0,0,0,0,0,0,0,0,0,0,0,1,0,0,0,0,0,0,0,0,0,0,0,0,0,0,0,0,0,0,0,0,,0,0,0,,0,0,0,0,0,0,0,0,0,0,0,0,0,0,0,0,0,0,0,0,0,0,0,0,1,0,0,0,0,0,0,0,0,0,0,0,0,0,0,0,0,0,0,0,0,0,0,0,0,0,0,0,0,0,FALSE,FALSE,FALSE,Long,,,,
Gardner - White,2,6/3/2026,Gardner,Gardner White 2,,Brent,,Brent - Gardner - White - 6/3/2026,Brent – Gardner – 6/3/26,,5,5,,,checked,,,checked,checked,49,,60,,,,,,214,4,⬇️ Short,,,,,,,,,,,,,,,12,,2,2,2,,,,,,White,473,15,0,70.8,70.8,114,Custom,12,,,12,0,0,5,0,1,5,5,0,,,Par,1,Brent – Gardner – 6/3/26,1,1,0,Brent,1,100%,1,0,0,0,1,0,0,0,0,0,0,0,0,0,0,0,0,0,0,1,0,0,0,1,0,0,0,0,0,0,0,0,0,0,0,0,0,0,1,0,0,0,0,0,0,0,0,0,0,0,0,0,0,0,1,,,,,,,,,,0,0,0,0,0,0,0,1,0,0,0,0,0,0,1,1,0,1,0,1,0,0,0,0,0,0,0,0,0,0,0,0,0,0,0,1,0,0,0,0,0,0,0,0,0,1,0,0,0,0,0,0,0,0,0,0,1,0,1,1,0,0,0,0,0,1,0,,0,0,0,,0,0,0,0,0,0,0,0,0,0,0,0,0,0,0,0,0,0,0,0,0,0,0,0,0,0,0,0,0,1,0,0,0,0,0,0,0,0,0,0,0,0,0,0,0,0,0,0,0,0,0,0,0,0,TRUE,TRUE,TRUE,,,,,
Gardner - White,3,6/3/2026,Gardner,Gardner White 3,,Brent,,Brent - Gardner - White - 6/3/2026,Brent – Gardner – 6/3/26,,4,4,,,checked,,,checked,checked,176,,9,,,,,,,,,,,,,,,,,,,,,,,35,,2,4,4,,,,,,White,389,13,0,70.8,70.8,114,Custom,35,,35,,0,0,4,0,1,4,4,0,,,Par,1,Brent – Gardner – 6/3/26,1,1,0,Brent,1,100%,1,0,0,0,1,0,0,0,0,0,0,0,0,0,0,0,0,0,0,1,0,0,0,1,0,0,0,0,0,0,0,0,0,0,0,0,0,0,1,0,0,0,0,0,0,0,0,0,0,0,0,0,0,0,1,,,,,,0,,,,,0,0,0,0,0,1,0,0,0,0,0,0,0,1,1,0,1,0,1,0,0,0,0,0,0,0,0,0,1,0,0,0,0,0,0,0,0,0,0,0,0,0,0,0,1,0,0,0,0,0,0,0,0,0,1,0,1,0,0,0,0,0,0,0,0,0,,0,0,0,,0,0,0,0,0,0,0,0,0,0,0,0,0,0,0,0,0,0,0,0,0,0,0,1,0,0,0,0,0,0,0,0,0,0,0,0,0,0,0,0,0,0,0,0,0,0,0,0,0,0,0,0,0,0,TRUE,TRUE,TRUE,,,,,
Gardner - White,4,6/3/2026,Gardner,Gardner White 4,,Brent,,Brent - Gardner - White - 6/3/2026,Brent – Gardner – 6/3/26,,3,3,,,,,,,,142,,9,⬅️ Left,10,,,,,,,,,,,,,,,,,,,,,2,,1,2,,,,,,,White,138,11,0,70.8,70.8,114,Custom,,,,,1,1,3,0,1,3,3,0,,,Par,0,Brent – Gardner – 6/3/26,0,0,0,Brent,0,N/A,0,0,0,0,1,0,0,0,0,0,0,0,0,0,1,1,1,0,1,0,0,0,0,0,0,0,1,0,0,0,0,0,1,0,0,0,0,0,0,0,0,0,0,0,0,0,0,0,0,0,0,0,0,0,1,,0,,,,,,,,,0,1,0,0,0,0,0,0,0,0,0,0,0,0,0,1,0,1,0,0,0,0,1,0,0,0,0,0,0,0,0,0,0,0,0,0,0,0,0,0,1,1,0,0,0,0,0,0,0,0,1,0,0,0,0,0,0,0,0,0,0,0,0,0,0,0,,1,0,0,,0,1,0,0,0,0,0,0,0,0,0,0,0,0,0,0,0,0,0,0,0,0,0,0,0,0,0,0,0,0,0,0,0,0,0,0,0,0,0,0,0,0,0,0,0,0,0,0,0,0,0,0,0,0,FALSE,FALSE,FALSE,Left,,,,
Gardner - White,5,6/3/2026,Gardner,Gardner White 5,,Brent,,Brent - Gardner - White - 6/3/2026,Brent – Gardner – 6/3/26,,4,4,,,checked,,,checked,checked,123,,PW,,,,,,,,,,,,,,,,,,,,,,,25,,2,1,1,,,,,,White,366,3,0,70.8,70.8,114,Custom,25,,25,,0,0,4,0,1,4,4,0,,,Par,1,Brent – Gardner – 6/3/26,1,1,0,Brent,1,100%,1,0,0,0,1,0,0,0,0,0,0,0,0,0,0,0,0,0,0,1,0,0,0,1,0,0,0,0,0,0,0,0,0,0,0,0,0,0,1,0,0,0,0,0,0,0,0,0,0,0,0,0,0,0,1,,,,,,0,,,,,0,0,0,0,0,1,0,0,0,0,0,0,0,1,1,0,1,0,1,0,0,0,0,0,0,0,0,0,1,0,0,0,0,0,0,0,0,0,0,0,0,0,0,0,0,0,0,0,0,0,1,0,0,0,1,0,1,0,0,0,0,0,0,0,0,0,,0,0,0,,0,0,0,0,0,0,0,0,0,0,0,0,0,0,0,0,0,0,0,0,0,0,0,1,0,0,0,0,0,0,0,0,0,0,0,0,0,0,0,0,0,0,0,0,0,0,0,0,0,0,0,0,0,0,TRUE,TRUE,TRUE,,,,,
Gardner - White,6,6/3/2026,Gardner,Gardner White 6,,Brent,,Brent - Gardner - White - 6/3/2026,Brent – Gardner – 6/3/26,,5,4,,,,,,checked,checked,71,,60,,,,,,,,,,,,,,,,,,,,,,,9,,2,4,4,,,,,,White,430,17,-1,70.8,70.8,114,Custom,9,,,9,1,0,5,-1,1,4,5,0,,,Birdie,0,Brent – Gardner – 6/3/26,1,1,0,Brent,1,0%,0,0,0,1,0,0,0,0,0,0,0,0,0,0,0,0,0,0,0,1,0,0,0,0,0,0,0,1,0,0,0,0,0,0,0,0,0,1,0,0,0,0,0,0,0,0,0,0,0,0,0,0,0,0,1,,,,,,,-1,,,,0,0,0,0,0,0,0,0,1,0,1,0,0,0,0,0,0,0,0,0,0,0,0,0,0,0,0,0,0,0,0,0,0,1,0,0,0,0,0,0,0,0,0,0,0,0,0,0,0,0,1,0,0,0,0,1,0,0,1,1,0,0,0,0,1,1,,0,0,0,,0,0,0,0,0,0,0,0,0,0,0,0,0,0,0,0,0,0,0,0,0,0,0,0,0,0,0,0,1,0,0,0,0,0,0,0,0,0,0,0,0,0,0,0,0,0,0,0,0,0,0,0,0,0,FALSE,TRUE,TRUE,,,,,
Gardner - White,7,6/3/2026,Gardner,Gardner White 7,,Brent,,Brent - Gardner - White - 6/3/2026,Brent – Gardner – 6/3/26,,4,6,,,,,,,,60,,60,⬆️ Long,14,,,,,,,,,1,6 Iron,Hazard - Tall Grass,,,,,,,,,,4,,1,4,,,,,,,White,404,5,2,70.8,70.8,114,Custom,,,,,1,1,4,2,1,6,4,0,,,Double Bogey,0,Brent – Gardner – 6/3/26,0,0,0,Brent,1,0%,0,0,0,0,0,0,1,0,0,0,0,0,0,0,1,0,1,0,1,0,0,0,0,0,0,0,0,0,0,0,0,0,0,0,1,0,0,0,0,0,0,0,0,0,0,0,0,0,0,0,0,0,0,0,1,,,,,2,,,,,,0,0,0,1,0,0,0,0,0,0,0,1,0,0,0,1,0,1,0,1,0,0,0,0,0,0,0,0,0,0,1,0,0,0,0,0,0,0,0,0,0,1,0,0,0,0,0,1,0,0,0,0,0,0,0,0,0,0,0,0,0,0,0,0,0,0,,0,0,0,,0,0,0,0,0,0,0,0,0,1,0,0,0,0,0,0,0,0,0,0,0,0,0,0,0,0,0,0,0,0,0,0,0,0,0,0,0,0,0,0,0,0,0,0,0,0,0,0,0,0,0,0,0,0,FALSE,FALSE,FALSE,Long,,,,
Gardner - White,8,6/3/2026,Gardner,Gardner White 8,,Brent,,Brent - Gardner - White - 6/3/2026,Brent – Gardner – 6/3/26,,3,5,,,,,,,,175,,7,⬇️ Short,30,,,,,,,,,,,,,,,,,,,,,4,,2,2,2,,,,,,White,183,7,2,70.8,70.8,114,Custom,,,,,1,0,3,2,1,5,3,0,,,Double Bogey,0,Brent – Gardner – 6/3/26,0,0,0,Brent,0,N/A,0,0,0,0,0,0,1,0,0,0,0,0,0,0,1,0,0,0,0,1,0,0,0,0,0,0,0,0,0,0,0,0,0,0,0,0,0,0,0,0,1,0,0,0,0,0,0,0,0,0,0,0,0,0,1,,2,,,,,,,,,0,1,0,0,0,0,0,0,0,0,0,0,0,0,0,1,0,1,0,0,0,0,0,0,1,0,0,0,0,0,0,0,0,0,0,0,0,0,0,0,0,0,0,0,0,0,0,1,0,0,0,0,0,0,0,0,0,0,0,0,0,0,0,0,0,0,,0,0,0,,0,0,0,0,0,0,0,0,0,0,0,0,0,0,0,0,0,0,0,0,1,0,0,0,0,0,0,0,0,0,0,0,0,0,0,0,0,0,0,0,0,0,0,0,0,0,0,0,0,0,0,0,0,0,FALSE,FALSE,FALSE,Short,,,,
Gardner - White,9,6/3/2026,Gardner,Gardner White 9,,Brent,,Brent - Gardner - White - 6/3/2026,Brent – Gardner – 6/3/26,,4,4,,,,,,,,171,,8,⬆️ Long,14,,,,,,,,,,,,,,,,,,,,,2,,1,2,,,,,,,White,392,1,0,70.8,70.8,114,Custom,,,,,1,1,4,0,1,4,4,0,,,Par,0,Brent – Gardner – 6/3/26,0,0,0,Brent,1,0%,0,0,0,0,1,0,0,0,0,0,0,0,0,0,1,1,1,0,1,0,0,0,0,0,0,0,1,0,0,0,0,0,1,0,0,0,0,0,0,0,0,0,0,0,0,0,0,0,0,0,0,0,0,0,1,,,,,0,,,,,,0,0,0,1,0,0,0,0,0,0,0,1,0,0,0,1,0,1,0,1,0,0,0,0,0,0,0,0,1,0,0,0,0,0,0,0,0,0,0,0,1,1,0,1,0,0,0,0,0,0,0,0,0,0,0,0,0,0,0,0,0,0,0,0,0,0,,0,1,0,,0,0,0,0,0,0,0,1,0,0,0,0,0,0,0,0,0,0,0,0,0,0,0,0,0,0,0,0,0,0,0,0,0,0,0,0,0,0,0,0,0,0,0,0,0,0,0,0,0,0,0,0,0,0,FALSE,FALSE,FALSE,Long,,,,
Gardner - White,10,6/3/2026,Gardner,Gardner White 10,,Brent,,Brent - Gardner - White - 6/3/2026,Brent – Gardner – 6/3/26,,4,4,,,checked,,,,,173,,8,⬇️ Short,2,,,,,,,,,,,,,,,,,,,,,5,,1,5,,,,,,,White,415,10,0,70.8,70.8,114,Custom,,,,,1,1,4,0,0,,,1,4,4,Par,1,Brent – Gardner – 6/3/26,0,0,0,Brent,1,100%,0,0,0,0,1,0,0,0,0,0,0,0,0,0,1,1,1,0,1,0,0,0,0,0,0,0,0,0,0,0,0,0,1,0,0,0,0,0,0,0,0,0,0,0,0,0,0,0,0,0,0,0,0,0,1,,,,0,,,,,,,0,0,0,0,1,0,0,0,0,0,0,0,1,0,0,0,0,0,0,0,0,0,0,0,0,0,0,0,1,0,0,0,0,0,0,0,0,0,0,0,1,1,0,0,0,0,0,0,1,0,0,0,0,0,0,0,1,0,0,0,0,0,0,0,0,0,,0,1,0,,0,0,0,0,0,0,0,1,0,0,0,0,0,0,0,0,0,0,0,0,0,0,0,0,0,0,0,0,0,0,0,0,0,0,0,0,0,0,0,0,0,0,0,0,0,0,0,0,0,0,0,0,0,0,TRUE,FALSE,FALSE,Short,,,,
Gardner - White,11,6/3/2026,Gardner,Gardner White 11,,Brent,,Brent - Gardner - White - 6/3/2026,Brent – Gardner – 6/3/26,,5,5,,,checked,,,checked,checked,31,,60,,,,,,,,,,,,,,,,,,,,,,,15,,2,3,3,,,,,,White,416,18,0,70.8,70.8,114,Custom,15,,,15,0,0,5,0,0,,,1,5,5,Par,1,Brent – Gardner – 6/3/26,1,1,0,Brent,1,100%,1,0,0,0,1,0,0,0,0,0,0,0,0,0,0,0,0,0,0,1,0,0,0,1,0,0,0,0,0,0,0,0,0,0,0,0,0,0,1,0,0,0,0,0,0,0,0,0,0,0,0,0,0,0,1,,,,,,,,,,0,0,0,0,0,0,0,1,0,0,0,0,0,0,1,1,0,1,0,1,0,0,0,0,0,0,0,0,0,0,0,0,0,0,0,1,0,0,0,0,0,0,0,0,0,0,0,0,0,1,0,0,0,0,0,0,1,0,1,1,0,0,0,0,0,1,0,,0,0,0,,0,0,0,0,0,0,0,0,0,0,0,0,0,0,0,0,0,0,0,0,0,0,0,0,0,0,0,0,0,1,0,0,0,0,0,0,0,0,0,0,0,0,0,0,0,0,0,0,0,0,0,0,0,0,TRUE,TRUE,TRUE,,,,,
Gardner - White,12,6/3/2026,Gardner,Gardner White 12,,Brent,,Brent - Gardner - White - 6/3/2026,Brent – Gardner – 6/3/26,,4,4,,,,,,,,124,,PW,⬇️ Short,2,,,,,,,,,,,,,,,,,,,,,2,,1,2,,,,,,,White,357,8,0,70.8,70.8,114,Custom,,,,,1,1,4,0,0,,,1,4,4,Par,0,Brent – Gardner – 6/3/26,0,0,0,Brent,1,0%,0,0,0,0,1,0,0,0,0,0,0,0,0,0,1,1,1,0,1,0,0,0,0,0,0,0,1,0,0,0,0,0,1,0,0,0,0,0,0,0,0,0,0,0,0,0,0,0,0,0,0,0,0,0,1,,,,,0,,,,,,0,0,0,1,0,0,0,0,0,0,0,1,0,0,0,1,0,1,0,1,0,0,0,0,0,0,0,0,1,0,0,0,0,0,0,0,0,0,0,0,1,1,0,0,0,0,0,0,1,0,0,0,0,0,0,0,0,0,0,0,0,0,0,0,0,0,,0,1,0,,0,0,0,0,0,0,0,1,0,0,0,0,0,0,0,0,0,0,0,0,0,0,0,0,0,0,0,0,0,0,0,0,0,0,0,0,0,0,0,0,0,0,0,0,0,0,0,0,0,0,0,0,0,0,FALSE,FALSE,FALSE,Short,,,,
Gardner - White,13,6/3/2026,Gardner,Gardner White 13,,Brent,,Brent - Gardner - White - 6/3/2026,Brent – Gardner – 6/3/26,,3,4,,,,,,,,150,,9,⬅️ Left,25,,,,,,,,,,,,,,,,,,,,,15,,2,1,1,,,,,,White,138,14,1,70.8,70.8,114,Custom,,,,,0,0,3,1,0,,,1,4,3,Bogey,0,Brent – Gardner – 6/3/26,0,0,0,Brent,0,N/A,0,0,0,0,0,1,0,0,0,0,0,0,0,0,1,0,0,0,0,1,0,0,0,0,0,0,0,0,0,0,0,0,0,0,0,0,0,0,0,1,0,0,0,0,0,0,0,0,0,0,0,0,0,0,1,,1,,,,,,,,,0,1,0,0,0,0,0,0,0,0,0,0,0,0,0,1,0,1,0,0,0,0,0,1,0,0,0,0,0,0,0,0,0,0,0,0,0,0,0,0,0,0,0,0,0,0,0,0,0,0,0,0,0,1,0,0,0,0,0,0,0,0,0,0,0,0,,0,0,0,,0,0,0,0,0,0,0,0,0,0,0,0,0,0,0,0,0,0,0,1,0,0,0,0,0,0,0,0,0,0,0,0,0,0,0,0,0,0,0,0,0,0,0,0,0,0,0,0,0,0,0,0,0,0,FALSE,FALSE,FALSE,Left,,,,
Gardner - White,17,6/3/2026,Gardner,Gardner White 17,,Brent,,Brent - Gardner - White - 6/3/2026,Brent – Gardner – 6/3/26,,3,3,,,,,,,,143,,9,⬆️ Long,10,,,,,,,,,,,,,,,,,,,,,4,,1,4,,,,,,,White,144,16,0,70.8,70.8,114,Custom,,,,,1,1,3,0,0,,,1,3,3,Par,0,Brent – Gardner – 6/3/26,0,0,0,Brent,0,N/A,0,0,0,0,1,0,0,0,0,0,0,0,0,0,1,1,1,0,1,0,0,0,0,0,0,0,1,0,0,0,0,0,1,0,0,0,0,0,0,0,0,0,0,0,0,0,0,0,0,0,0,0,0,0,1,,0,,,,,,,,,0,1,0,0,0,0,0,0,0,0,0,0,0,0,0,1,0,1,0,0,0,0,1,0,0,0,0,0,0,0,0,0,0,0,0,0,0,0,0,0,1,1,1,0,0,0,0,0,0,0,0,0,0,0,0,0,0,0,0,0,0,0,0,0,0,0,,1,0,0,,0,1,0,0,0,0,0,0,0,0,0,0,0,0,0,0,0,0,0,0,0,0,0,0,0,0,0,0,0,0,0,0,0,0,0,0,0,0,0,0,0,0,0,0,0,0,0,0,0,0,0,0,0,0,FALSE,FALSE,FALSE,Long,,,,
Gardner - White,18,6/3/2026,Gardner,Gardner White 17,,Brent,,Brent - Gardner - White - 6/3/2026,Brent – Gardner – 6/3/26,,3,5,,,,,,,,160,,7,⬆️ Long,20,,,,,,,,,,,,,,,,,,,,,9,,2,2,2,,,,,,White,144,16,2,70.8,70.8,114,Custom,,,,,1,0,3,2,0,,,1,5,3,Double Bogey,0,Brent – Gardner – 6/3/26,0,0,0,Brent,0,N/A,0,0,0,0,0,0,1,0,0,0,0,0,0,0,1,0,0,0,0,1,0,0,0,0,0,0,0,0,0,0,0,0,0,0,0,0,0,0,0,0,1,0,0,0,0,0,0,0,0,0,0,0,0,0,1,,2,,,,,,,,,0,1,0,0,0,0,0,0,0,0,0,0,0,0,0,1,0,1,0,0,0,0,0,0,1,0,0,0,0,0,0,0,0,0,0,0,0,0,0,0,0,0,0,0,0,0,1,0,0,0,0,0,0,0,0,0,0,0,0,0,0,0,0,0,0,0,,0,0,0,,0,0,0,0,0,0,0,0,0,0,0,0,0,0,0,0,0,0,0,0,1,0,0,0,0,0,0,0,0,0,0,0,0,0,0,0,0,0,0,0,0,0,0,0,0,0,0,0,0,0,0,0,0,0,FALSE,FALSE,FALSE,Long,,,,
Lake Michigan Hills - White,1,6/4/2026,Lake Michigan Hills,Lake Michigan Hills - White 1,,Nate,,Nate - Lake Michigan Hills - White - 6/4/2026,Nate – Lake Michigan Hills – 6/4/26,,4,5,,,,,,,,165,,6,,,,,,,,,,,,,,,,,,,,,,,15,,2,2,2,,,,,,White,416,3,1,69.1,69.1,119,Front 9,,,,,0,0,4,1,1,5,4,0,,,Bogey,0,Nate – Lake Michigan Hills – 6/4/26,0,0,0,Nate,1,0%,0,0,0,0,0,1,0,0,0,0,0,0,0,0,1,0,0,0,0,1,0,0,0,0,0,0,0,0,0,0,0,0,0,0,0,0,0,0,0,1,0,0,0,0,0,0,0,0,0,0,0,0,0,0,1,,,,,1,,,,,,0,0,0,1,0,0,0,0,0,0,0,1,0,0,0,1,0,1,0,1,0,0,0,0,0,0,0,0,0,1,0,0,0,0,0,0,0,0,0,0,0,0,0,0,0,1,0,0,0,0,0,0,0,0,0,0,0,0,0,0,0,0,0,0,0,0,,0,0,0,,0,0,0,0,0,0,0,0,0,0,0,0,0,0,0,0,0,0,0,0,0,0,0,0,1,0,0,0,0,0,0,0,0,0,0,0,0,0,0,0,0,0,0,0,0,0,0,0,0,0,0,0,0,0,FALSE,FALSE,FALSE,,,,,
Lake Michigan Hills - White,2,6/4/2026,Lake Michigan Hills,Lake Michigan Hills - White 2,,Nate,,Nate - Lake Michigan Hills - White - 6/4/2026,Nate – Lake Michigan Hills – 6/4/26,,4,5,,,checked,,,,,49,,58,,,,,,,,,,,,,,,,,,,,,,,25,,2,3,3,,,,,,White,359,13,1,69.1,69.1,119,Front 9,,,,,0,0,4,1,1,5,4,0,,,Bogey,1,Nate – Lake Michigan Hills – 6/4/26,0,0,0,Nate,1,100%,0,0,0,0,0,1,0,0,0,0,0,0,0,0,1,0,0,0,0,1,0,0,0,0,0,0,0,0,0,0,0,0,0,0,0,0,0,0,0,1,0,0,0,0,0,0,0,0,0,0,0,0,0,0,1,,,,1,,,,,,,0,0,0,0,1,0,0,0,0,0,0,0,1,0,0,0,0,0,0,0,0,0,0,0,0,0,0,0,0,1,0,0,0,0,0,0,0,0,0,0,0,0,0,0,0,1,0,0,0,0,0,0,0,0,0,0,1,0,0,0,0,0,0,0,0,0,,0,0,0,,0,0,0,0,0,0,0,0,0,0,0,0,0,0,0,0,0,0,0,0,0,0,0,0,1,0,0,0,0,0,0,0,0,0,0,0,0,0,0,0,0,0,0,0,0,0,0,0,0,0,0,0,0,0,TRUE,FALSE,FALSE,,,,,
Lake Michigan Hills - White,3,6/4/2026,Lake Michigan Hills,Lake Michigan Hills - White 3,,Nate,,Nate - Lake Michigan Hills - White - 6/4/2026,Nate – Lake Michigan Hills – 6/4/26,,3,3,,,,,,,,120,,7,,,,,,,,,,,,,,,,,,,,,,,8,,1,8,,,,,,,White,120,17,0,69.1,69.1,119,Front 9,,,,,1,1,3,0,1,3,3,0,,,Par,0,Nate – Lake Michigan Hills – 6/4/26,0,0,0,Nate,0,N/A,0,0,0,0,1,0,0,0,0,0,0,0,0,0,1,1,1,0,1,0,0,0,0,0,0,0,1,0,0,0,0,0,1,0,0,0,0,0,0,0,0,0,0,0,0,0,0,0,0,0,0,0,0,0,1,,0,,,,,,,,,0,1,0,0,0,0,0,0,0,0,0,0,0,0,0,1,0,1,0,0,0,0,1,0,0,0,0,0,0,0,0,0,0,0,0,0,0,0,0,0,1,1,0,0,1,0,0,0,0,0,0,0,0,0,0,0,0,0,0,0,0,0,0,0,0,0,,1,0,0,,0,1,0,0,0,0,0,0,0,0,0,0,0,0,0,0,0,0,0,0,0,0,0,0,0,0,0,0,0,0,0,0,0,0,0,0,0,0,0,0,0,0,0,0,0,0,0,0,0,0,0,0,0,0,FALSE,FALSE,FALSE,,,,,
Lake Michigan Hills - White,4,6/4/2026,Lake Michigan Hills,Lake Michigan Hills - White 4,,Nate,,Nate - Lake Michigan Hills - White - 6/4/2026,Nate – Lake Michigan Hills – 6/4/26,,5,5,,,,,,checked,checked,99,,58,,,,,,,,,,,,,,,,,,,,,,,18,,2,1,1,,,,,,White,512,1,0,69.1,69.1,119,Front 9,18,,,18,0,0,5,0,1,5,5,0,,,Par,0,Nate – Lake Michigan Hills – 6/4/26,1,1,0,Nate,1,0%,0,0,0,0,1,0,0,0,0,0,0,0,0,0,0,0,0,0,0,1,0,0,0,0,0,0,0,0,0,0,0,0,0,0,0,0,0,0,1,0,0,0,0,0,0,0,0,0,0,0,0,0,0,0,1,,,,,,,0,,,,0,0,0,0,0,0,0,0,1,0,1,0,0,0,0,0,0,0,0,0,0,0,0,0,0,0,0,0,0,0,0,0,0,0,1,0,0,0,0,0,0,0,0,0,0,0,0,0,0,0,1,0,0,0,0,1,0,0,1,0,0,0,0,0,1,0,,0,0,0,,0,0,0,0,0,0,0,0,0,0,0,0,0,0,0,0,0,0,0,0,0,0,0,0,0,0,0,0,0,1,0,0,0,0,0,0,0,0,0,0,0,0,0,0,0,0,0,0,0,0,0,0,0,0,FALSE,TRUE,TRUE,,,,,
Lake Michigan Hills - White,5,6/4/2026,Lake Michigan Hills,Lake Michigan Hills - White 5,,Nate,,Nate - Lake Michigan Hills - White - 6/4/2026,Nate – Lake Michigan Hills – 6/4/26,,4,4,,,,,,,,139,,PW,,,,,,,,,,,,,,,,,,,,,,,2,,1,2,,,,,,,White,343,7,0,69.1,69.1,119,Front 9,,,,,1,1,4,0,1,4,4,0,,,Par,0,Nate – Lake Michigan Hills – 6/4/26,0,0,0,Nate,1,0%,0,0,0,0,1,0,0,0,0,0,0,0,0,0,1,1,1,0,1,0,0,0,0,0,0,0,1,0,0,0,0,0,1,0,0,0,0,0,0,0,0,0,0,0,0,0,0,0,0,0,0,0,0,0,1,,,,,0,,,,,,0,0,0,1,0,0,0,0,0,0,0,1,0,0,0,1,0,1,0,1,0,0,0,0,0,0,0,0,1,0,0,0,0,0,0,0,0,0,0,0,1,1,0,0,0,0,0,0,0,0,1,0,0,0,0,0,0,0,0,0,0,0,0,0,0,0,,0,1,0,,0,0,0,0,0,0,0,1,0,0,0,0,0,0,0,0,0,0,0,0,0,0,0,0,0,0,0,0,0,0,0,0,0,0,0,0,0,0,0,0,0,0,0,0,0,0,0,0,0,0,0,0,0,0,FALSE,FALSE,FALSE,,,,,
Lake Michigan Hills - White,6,6/4/2026,Lake Michigan Hills,Lake Michigan Hills - White 6,,Nate,,Nate - Lake Michigan Hills - White - 6/4/2026,Nate – Lake Michigan Hills – 6/4/26,,4,4,,,checked,,,checked,checked,78,,58,,,,,,,,,,,,,,,,,,,,,,,18,,2,2,2,,,,,,White,367,11,0,69.1,69.1,119,Front 9,18,,18,,0,0,4,0,1,4,4,0,,,Par,1,Nate – Lake Michigan Hills – 6/4/26,1,1,0,Nate,1,100%,1,0,0,0,1,0,0,0,0,0,0,0,0,0,0,0,0,0,0,1,0,0,0,1,0,0,0,0,0,0,0,0,0,0,0,0,0,0,1,0,0,0,0,0,0,0,0,0,0,0,0,0,0,0,1,,,,,,0,,,,,0,0,0,0,0,1,0,0,0,0,0,0,0,1,1,0,1,0,1,0,0,0,0,0,0,0,0,0,1,0,0,0,0,0,0,0,0,0,0,0,0,0,0,0,0,0,0,0,0,0,1,0,0,0,1,0,1,0,1,0,0,0,1,0,0,0,,0,0,0,,0,0,0,0,0,0,0,0,0,0,0,0,0,0,0,0,0,0,0,0,0,0,0,1,0,0,0,0,0,0,0,0,0,0,0,0,0,0,0,0,0,0,0,0,0,0,0,0,0,0,0,0,0,0,TRUE,TRUE,TRUE,,,,,
Lake Michigan Hills - White,7,6/4/2026,Lake Michigan Hills,Lake Michigan Hills - White 7,,Nate,,Nate - Lake Michigan Hills - White - 6/4/2026,Nate – Lake Michigan Hills – 6/4/26,,5,6,,,,,,,,139,,PW,,,,,,,,,,,,,,,,,,,,,,,60,,2,5,5,,,,,,White,451,9,1,69.1,69.1,119,Front 9,,,,,0,0,5,1,1,6,5,0,,,Bogey,0,Nate – Lake Michigan Hills – 6/4/26,0,0,0,Nate,1,0%,0,0,0,0,0,1,0,0,0,0,0,0,0,0,1,0,0,0,0,1,0,0,0,0,0,0,0,0,0,0,0,0,0,0,0,0,0,0,0,1,0,0,0,0,0,0,0,0,0,0,0,0,0,0,1,,,,,,,,,1,,0,0,0,0,0,0,0,0,0,1,0,1,0,0,0,1,0,1,0,1,0,0,0,0,0,0,0,0,0,0,0,0,0,0,0,1,0,0,0,0,0,0,0,0,0,0,0,1,0,0,0,0,0,0,0,0,0,0,0,0,0,0,0,0,0,0,,0,0,0,,0,0,0,0,0,0,0,0,0,0,0,0,0,0,0,0,0,0,0,0,0,0,0,0,0,0,0,0,0,0,1,0,0,0,0,0,0,0,0,0,0,0,0,0,0,0,0,0,0,0,0,0,0,0,FALSE,FALSE,FALSE,,,,,
Lake Michigan Hills - White,8,6/4/2026,Lake Michigan Hills,Lake Michigan Hills - White 8,,Nate,,Nate - Lake Michigan Hills - White - 6/4/2026,Nate – Lake Michigan Hills – 6/4/26,,3,4,,,,,,,,125,,58,,,,,,,,,,,,,,,,,,,,,,,12,,2,2,2,,,,,,White,139,15,1,69.1,69.1,119,Front 9,,,,,0,0,3,1,1,4,3,0,,,Bogey,0,Nate – Lake Michigan Hills – 6/4/26,0,0,0,Nate,0,N/A,0,0,0,0,0,1,0,0,0,0,0,0,0,0,1,0,0,0,0,1,0,0,0,0,0,0,0,0,0,0,0,0,0,0,0,0,0,0,0,1,0,0,0,0,0,0,0,0,0,0,0,0,0,0,1,,1,,,,,,,,,0,1,0,0,0,0,0,0,0,0,0,0,0,0,0,1,0,1,0,0,0,0,0,1,0,0,0,0,0,0,0,0,0,0,0,0,0,0,0,0,0,0,0,0,0,0,0,1,0,0,0,0,0,0,0,0,0,0,0,0,0,0,0,0,0,0,,0,0,0,,0,0,0,0,0,0,0,0,0,0,0,0,0,0,0,0,0,0,0,1,0,0,0,0,0,0,0,0,0,0,0,0,0,0,0,0,0,0,0,0,0,0,0,0,0,0,0,0,0,0,0,0,0,0,FALSE,FALSE,FALSE,,,,,
Lake Michigan Hills - White,9,6/4/2026,Lake Michigan Hills,Lake Michigan Hills - White 9,,Nate,,Nate - Lake Michigan Hills - White - 6/4/2026,Nate – Lake Michigan Hills – 6/4/26,,4,4,,,,,,,,181,,5,,,,,,,,,,,,,,,,,,,,,,,6,,1,6,,,,,,,White,377,5,0,69.1,69.1,119,Front 9,,,,,1,1,4,0,1,4,4,0,,,Par,0,Nate – Lake Michigan Hills – 6/4/26,0,0,0,Nate,1,0%,0,0,0,0,1,0,0,0,0,0,0,0,0,0,1,1,1,0,1,0,0,0,0,0,0,0,1,0,0,0,0,0,1,0,0,0,0,0,0,0,0,0,0,0,0,0,0,0,0,0,0,0,0,0,1,,,,,0,,,,,,0,0,0,1,0,0,0,0,0,0,0,1,0,0,0,1,0,1,0,1,0,0,0,0,0,0,0,0,1,0,0,0,0,0,0,0,0,0,0,0,1,1,0,1,0,0,0,0,0,0,0,0,0,0,0,0,0,0,0,0,0,0,0,0,0,0,,0,1,0,,0,0,0,0,0,0,0,1,0,0,0,0,0,0,0,0,0,0,0,0,0,0,0,0,0,0,0,0,0,0,0,0,0,0,0,0,0,0,0,0,0,0,0,0,0,0,0,0,0,0,0,0,0,0,FALSE,FALSE,FALSE,,,,,
